MeshVersionFormatted
2

Dimension
2

Vertices
12529
-10 0 0
25 0 0
-9.900104225309537 0 0
-9.8002084506190723 0 0
-9.7003126759286094 0 0
-9.6004169012381464 0 0
-9.5005211265476817 0 0
-9.4006253518572187 0 0
-9.3007295771667557 0 0
-9.200833802476291 0 0
-9.100938027786027 0 0
-9.0010422530958181 0 0
-8.9011464784056198 0 0
-8.8012507037156631 0 0
-8.7013549290257064 0 0
-8.6014591543357497 0 0
-8.501563379645793 0 0
-8.4016676049558363 0 0
-8.3017718302658814 0 0
-8.2018760555759229 0 0
-8.101980280885968 0 0
-8.0020845061959047 0 0
-7.902188731505821 0 0
-7.8022929568157249 0 0
-7.7023971821255142 0 0
-7.6025014074353052 0 0
-7.5026056327450954 0 0
-7.4027098580548838 0 0
-7.302814083364674 0 0
-7.2029183086744641 0 0
-7.1030225339842534 0 0
-7.0031267592940436 0 0
-6.9032309846038338 0 0
-6.8033352099136239 0 0
-6.7034394352234141 0 0
-6.6035436605332043 0 0
-6.5036478858429936 0 0
-6.4037521111527838 0 0
-6.3038563364625748 0 0
-6.2039605617723641 0 0
-6.1040647870821543 0 0
-6.0041690123919436 0 0
-5.9042732377017337 0 0
-5.8043774630115239 0 0
-5.7044816883213141 0 0
-5.6045859136311043 0 0
-5.5046901389408944 0 0
-5.4047943642506837 0 0
-5.3048985895604739 0 0
-5.2050028148702649 0 0
-5.1051070401800551 0 0
-5.0052112654898453 0 0
-4.9053154907996346 0 0
-4.8054197161094248 0 0
-4.7055239414192149 0 0
-4.6056281667290042 0 0
-4.5057323920387926 0 0
-4.4069363497832494 0 0
-4.3105730391182489 0 0
-4.2165864981473158 0 0
-4.1249180716461398 0 0
-4.0355106495152366 0 0
-3.948308432876058 0 0
-3.8632570246818938 0 0
-3.7803033823035279 0 0
-3.6993957732628888 0 0
-3.6204837181563061 0 0
-3.5435180041946128 0 0
-3.4684506139371321 0 0
-3.3952347495982411 0 0
-3.32382472746988 0 0
-3.2541760136393161 0 0
-3.1862451621108119 0 0
-3.1199898003077551 0 0
-3.0553686054371059 0 0
-2.992341271283101 0 0
-2.930868484755353 0 0
-2.870911896701561 0 0
-2.8124341368527408 0 0
-2.7553986975228359 0 0
-2.6997700279833761 0 0
-2.6455134042775752 0 0
-2.592595015471272 0 0
-2.540981852652171 0 0
-2.4906197221643489 0 0
-2.440671834819244 0 0
-2.39072394747414 0 0
-2.3407760601290342 0 0
-2.2908281727839301 0 0
-2.2408802854388239 0 0
-2.1909323980937212 0 0
-2.140984510748615 0 0
-2.09103662340351 0 0
-2.0410887360584411 0 0
-1.9911408487133999 0 0
-1.9411929613683581 0 0
-1.8912450740233171 0 0
-1.841297186678275 0 0
-1.7913492993332409 0 0
-1.7414014119882619 0 0
-1.691453524643284 0 0
-1.641505637298305 0 0
-1.591557749953328 0 0
-1.541609862608349 0 0
-1.4916619752633711 0 0
-1.4417140879183921 0 0
-1.3917662005734139 0 0
-1.3418183132284349 0 0
-1.2918704258834579 0 0
-1.241922538538478 0 0
-1.191974651193501 0 0
-1.142026763848524 0 0
-1.0920788765035461 0 0
-1.0421309891585671 0 0
-0.9921831018135876 0 0
-0.94223521446860836 0 0
-0.8922873271236309 0 0
-0.84233943977865167 0 0
-0.79239155243367421 0 0
-0.74244366508869675 0 0
-0.69249577774371929 0 0
-0.64254789039874005 0 0
-0.59260000305376082 0 0
-0.54265211570878336 0 0
-0.49270422836380412 0 0
-0.44275634101882488 0 0
-0.39280845367384742 0 0
-0.34286056632887002 0 0
-0.2929126789838925 0 0
-0.2429647916389133 0 0
-0.19301690429393581 0 0
-0.1430690169489566 0 0
-0.093121129603979114 0 0
-0.043173242258999878 0 0
0.0067746450859793583 0 0
0.056722532430955042 0 0
0.10667041977593431 0 0
0.15661830712091171 0 0
0.206566194465891 0 0
0.25651408181086838 0 0
0.30646196915584939 0 0
0.3564098565008269 0 0
0.40635774384580442 0 0
0.45630563119078182 0 0
0.50625351853576106 0 0
0.5562014058807403 0 0
0.60614929322571776 0 0
0.65609718057069699 0 0
0.70604506791567445 0 0
0.75599295526065369 0 0
0.80594084260562937 0 0
0.85588872995060861 0 0
0.90583661729558784 0 0
0.9557845046405653 0 0
1.005732391985545 0 0
1.055680279330522 0 0
1.105628166675501 0 0
1.1555760540204769 0 0
1.2055239413654559 0 0
1.2554718287104349 0 0
1.3054197160554131 0 0
1.3553676034003921 0 0
1.4053154907453711 0 0
1.455263378090351 0 0
1.505211265435328 0 0
1.555159152780305 0 0
1.6051070401252829 0 0
1.6550549274702619 0 0
1.705002814815241 0 0
1.7549507021602191 0 0
1.8048985895051981 0 0
1.854846476850176 0 0
1.904794364195155 0 0
1.95474225154013 0 0
2.0046901388851102 0 0
2.054638026230089 0 0
2.104585913575066 0 0
2.1545338009200461 0 0
2.2044816882650231 0 0
2.2544295756100019 0 0
2.304377462954978 0 0
2.3543253502999568 0 0
2.4042732376449369 0 0
2.4542211249899162 0 0
2.5041690123348932 0 0
2.554116899679872 0 0
2.6040647870248521 0 0
2.6540126743698291 0 0
2.703960561714807 0 0
2.753908449059784 0 0
2.8038563364047628 0 0
2.8538042237497412 0 0
2.90375211109472 0 0
2.9536999984396992 0 0
3.0036478857846771 0 0
3.0535957731296559 0 0
3.103543660474632 0 0
3.1534915478196108 0 0
3.2034394351645901 0 0
3.253387322509568 0 0
3.3033352098545472 0 0
3.3532830971995242 0 0
3.403230984544503 0 0
3.4531788718894791 0 0
3.5031267592344602 0 0
3.5530746465794381 0 0
3.6030225339244168 0 0
3.6529704212693939 0 0
3.702918308614374 0 0
3.7528661959593528 0 0
3.8028140833043298 0 0
3.8527619706493081 0 0
3.9027098579942852 0 0
3.952657745339264 0 0
4.0026056326842419 0 0
4.0525535200292211 0 0
4.1025014073742003 0 0
4.1524492947191778 0 0
4.202397182064157 0 0
4.2523450694091327 0 0
4.3022929567541119 0 0
4.3522408440990894 0 0
4.4021887314440686 0 0
4.4521366187890479 0 0
4.5020845061340253 0 0
4.5520323934790046 0 0
4.6019802808239838 0 0
4.6519281681689613 0 0
4.7018760555139387 0 0
4.751823942858918 0 0
4.8017718302038954 0 0
4.8517197175488747 0 0
4.9016676048938539 0 0
4.9516154922388314 0 0
5.0015633795838088 0 0
5.0515112669287863 0 0
5.1014591542737664 0 0
5.151407041618743 0 0
5.2013549289637222 0 0
5.2513028163087014 0 0
5.3012507036536789 0 0
5.3511985909986581 0 0
5.4011464783436338 0 0
5.4510943656886131 0 0
5.5010422530335914 0 0
5.5509901403785697 0 0
5.600938027723549 0 0
5.6508859150685282 0 0
5.7008338024135057 0 0
5.7507816897584831 0 0
5.8007295771034624 0 0
5.8506774644484398 0 0
5.9006253517934191 0 0
5.9505732391383974 0 0
6.000521126483374 0 0
6.050469013828355 0 0
6.1004169011733316 0 0
6.1503647885183099 0 0
6.2003126758632874 0 0
6.2502605632082648 0 0
6.3002084505532423 0 0
6.3501563378982198 0 0
6.4001042252432008 0 0
6.4500521125881782 0 0
6.4999999999331557 0 0
6.5499478872781367 0 0
6.5998957746231142 0 0
6.6498436619680916 0 0
6.6997915493130691 0 0
6.7497394366580474 0 0
6.799687324003024 0 0
6.849635211348005 0 0
6.8995830986929816 0 0
6.9495309860379599 0 0
6.9994788733829409 0 0
7.0494267607279149 0 0
7.0993746480728959 0 0
7.1493225354178733 0 0
7.1992704227628508 0 0
7.2492183101078922 0 0
7.299166197452994 0 0
7.3491140847980994 0 0
7.3990619721432047 0 0
7.4490098594883101 0 0
7.4989577468334154 0 0
7.5489056341787686 0 0
7.5988535215241271 0 0
7.6488014088694847 0 0
7.6987492962148423 0 0
7.7486971835601999 0 0
7.798645070905625 0 0
7.8485929582511096 0 0
7.898540845596596 0 0
7.9484887329420779 0 0
7.9984366202875634 0 0
8.0483845076330525 0 0
8.098332394978538 0 0
8.1482802823240235 0 0
8.198228169669509 0 0
8.2481760570149909 0 0
8.2981239443604764 0 0
8.3480718317059655 0 0
8.3980197190514509 0 0
8.4479676063969364 0 0
8.4979154937424184 0 0
8.5478633810879039 0 0
8.5978112684333894 0 0
8.6477591557788784 0 0
8.6977070431243639 0 0
8.7476549304698494 0 0
8.7976028178153314 0 0
8.8475507051608169 0 0
8.8974985925063024 0 0
8.9474464798517914 0 0
8.9973943671972769 0 0
9.0473422545427589 0 0
9.0972901418882444 0 0
9.1472380292337299 0 0
9.1971859165792154 0 0
9.2471338039247044 0 0
9.2970816912701899 0 0
9.3470295786156754 0 0
9.3969774659611609 0 0
9.4469253533066464 0 0
9.4968732406521355 0 0
9.5468211279976174 0 0
9.5967690153431029 0 0
9.6467169026885884 0 0
9.6966647900340739 0 0
9.7466126773795594 0 0
9.7965605647250484 0 0
9.8465084520705304 0 0
9.8964563394160159 0 0
9.9464042267615014 0 0
9.9963521141069869 0 0
10.046300001452471 0 0
10.09624788879796 0 0
10.14619577614344 0 0
10.196143663488931 0 0
10.246091550834411 0 0
10.2960394381799 0 0
10.345987325525391 0 0
10.395935212870871 0 0
10.44588310021636 0 0
10.49583098756184 0 0
10.545778874907329 0 0
10.595726762252809 0 0
10.6456746495983 0 0
10.69562253694378 0 0
10.745570424289269 0 0
10.79551831163475 0 0
10.84546619898024 0 0
10.895414086325729 0 0
10.94536197367121 0 0
10.9953098610167 0 0
11.045257748362181 0 0
11.09520563570767 0 0
11.14515352305315 0 0
11.195101410398641 0 0
11.245049297744121 0 0
11.29499718508961 0 0
11.344945072435101 0 0
11.394892959780581 0 0
11.44484084712607 0 0
11.49478873447155 0 0
11.544736621817041 0 0
11.59468450916253 0 0
11.64463239650801 0 0
11.694580283853499 0 0
11.744528171198979 0 0
11.794476058544459 0 0
11.84442394588995 0 0
11.894371833235439 0 0
11.94431972058092 0 0
11.99426760792641 0 0
12.044215495271891 0 0
12.09416338261738 0 0
12.14411126996287 0 0
12.194059157308351 0 0
12.24400704465384 0 0
12.29395493199932 0 0
12.343902819344811 0 0
12.393850706690291 0 0
12.44379859403578 0 0
12.493746481381271 0 0
12.543694368726751 0 0
12.593642256072229 0 0
12.64359014341772 0 0
12.693538030763211 0 0
12.743485918108689 0 0
12.79343380545418 0 0
12.84338169279966 0 0
12.893329580145149 0 0
12.943277467490629 0 0
12.99322535483612 0 0
13.043173242181609 0 0
13.09312112952709 0 0
13.14306901687257 0 0
13.193016904218061 0 0
13.242964791563541 0 0
13.29291267890903 0 0
13.342860566254521 0 0
13.392808453600001 0 0
13.442756340945481 0 0
13.49270422829097 0 0
13.543110183616699 0 0
13.594777174120789 0 0
13.64775075135565 0 0
13.70206393091912 0 0
13.75775062354181 0 0
13.81484553226775 0 0
13.873384276183851 0 0
13.93340338382805 0 0
13.994940275847879 0 0
14.05803333358476 0 0
14.12272191248212 0 0
14.18904635807097 0 0
14.257048058836499 0 0
14.32676940237473 0 0
14.39825389466494 0 0
14.471546104912051 0 0
14.54669177303354 0 0
14.62373774101831 0 0
14.702732087997671 0 0
14.783724077223029 0 0
14.866764211929439 0 0
14.95190431585184 0 0
15.0391974655643 0 0
15.12869812737245 0 0
15.220462120034069 0 0
15.31454667918821 0 0
15.41101049071019 0 0
15.50990140435785 0 0
15.609797179048821 0 0
15.70969295373979 0 0
15.809588728430761 0 0
15.90948450312173 0 0
16.009380277812699 0 0
16.10927605250367 0 0
16.209171827194641 0 0
16.309067601885609 0 0
16.40896337657658 0 0
16.508859151267551 0 0
16.608754925958511 0 0
16.708650700649489 0 0
16.80854647534046 0 0
16.908442250031431 0 0
17.008338024722391 0 0
17.10823379941337 0 0
17.208129574104341 0 0
17.308025348795312 0 0
17.407921123486279 0 0
17.50781689817725 0 0
17.607712672868221 0 0
17.707608447559188 0 0
17.807504222250159 0 0
17.90739999694113 0 0
18.007295771632101 0 0
18.107191546323069 0 0
18.20708732101404 0 0
18.306983095705011 0 0
18.406878870395978 0 0
18.506774645086949 0 0
18.60667041977792 0 0
18.706566194468891 0 0
18.806461969159859 0 0
18.90635774385083 0 0
19.006253518541801 0 0
19.106149293232772 0 0
19.206045067923739 0 0
19.30594084261471 0 0
19.405836617305681 0 0
19.505732391996649 0 0
19.60562816668762 0 0
19.705523941378591 0 0
19.805419716069562 0 0
19.905315490760529 0 0
20.0052112654515 0 0
20.105107040142471 0 0
20.205002814833438 0 0
20.304898589524409 0 0
20.40479436421538 0 0
20.504690138906351 0 0
20.604585913597319 0 0
20.70448168828829 0 0
20.804377462979261 0 0
20.904273237670228 0 0
21.004169012361199 0 0
21.10406478705217 0 0
21.203960561743141 0 0
21.303856336434109 0 0
21.40375211112508 0 0
21.503647885816051 0 0
21.603543660507022 0 0
21.703439435198 0 0
21.80333520988896 0 0
21.903230984579931 0 0
22.003126759270909 0 0
22.10302253396187 0 0
22.202918308652841 0 0
22.302814083343812 0 0
22.402709858034779 0 0
22.50260563272575 0 0
22.602501407416721 0 0
22.702397182107688 0 0
22.80229295679867 0 0
22.90218873148963 0 0
23.002084506180601 0 0
23.101980280871569 0 0
23.20187605556254 0 0
23.301771830253511 0 0
23.401667604944478 0 0
23.501563379635449 0 0
23.60145915432642 0 0
23.701354929017391 0 0
23.801250703708359 0 0
23.90114647839933 0 0
24.001042253090301 0 0
24.100938027781279 0 0
24.200833802472239 0 0
24.30072957716321 0 0
24.400625351854181 0 0
24.500521126545149 0 0
24.60041690123612 0 0
24.700312675927091 0 0
24.800208450618062 0 0
24.900104225309029 0 0
25 0.5 0
25 0.099856784870241189 0
25 0.19971356974041199 0
25 0.29864681128736731 0
25 0.37675993792146412 0
25 0.43229111447296498 0
25 0.47177106897206911 0
1.5 0.5 0
24.97598054814064 0.5 0
24.951982692719149 0.5 0
24.927984837297661 0.5 0
24.903986981876169 0.5 0
24.879989126454689 0.5 0
24.855991271033201 0.5 0
24.831993415611709 0.5 0
24.807995560190221 0.5 0
24.78399770476873 0.5 0
24.759999849347238 0.5 0
24.73600199392575 0.5 0
24.712004138504259 0.5 0
24.688006283082771 0.5 0
24.66400842766129 0.5 0
24.640010572239799 0.5 0
24.616012716818311 0.5 0
24.592014861396819 0.5 0
24.568017005975332 0.5 0
24.54401915055384 0.5 0
24.520021295132349 0.5 0
24.496023439710861 0.5 0
24.47202558428938 0.5 0
24.448027728867888 0.5 0
24.424029873446401 0.5 0
24.400032018024909 0.5 0
24.376034162603421 0.5 0
24.35203630718193 0.5 0
24.328038451760449 0.5 0
24.30404059633895 0.5 0
24.28004274091747 0.5 0
24.256044885495982 0.5 0
24.23204703007449 0.5 0
24.208049174652999 0.5 0
24.184051319231511 0.5 0
24.160053463810019 0.5 0
24.136055608388531 0.5 0
24.11205775296704 0.5 0
24.088059897545559 0.5 0
24.064062042124071 0.5 0
24.04006418670258 0.5 0
24.016066331281088 0.5 0
23.9920684758596 0.5 0
23.968070620438109 0.5 0
23.944072765016621 0.5 0
23.92007490959514 0.5 0
23.896077054173649 0.5 0
23.872079198752161 0.5 0
23.848081343330669 0.5 0
23.824083487909181 0.5 0
23.80008563248769 0.5 0
23.776087777066198 0.5 0
23.752089921644711 0.5 0
23.72809206622323 0.5 0
23.704094210801731 0.5 0
23.68009635538025 0.5 0
23.656098499958759 0.5 0
23.632100644537271 0.5 0
23.60810278911578 0.5 0
23.584104933694292 0.5 0
23.5601070782728 0.5 0
23.536109222851319 0.5 0
23.512111367429831 0.5 0
23.48811351200834 0.5 0
23.464115656586849 0.5 0
23.440117801165361 0.5 0
23.416119945743869 0.5 0
23.392122090322381 0.5 0
23.36812423490089 0.5 0
23.344126379479409 0.5 0
23.320128524057921 0.5 0
23.29613066863643 0.5 0
23.272132813214942 0.5 0
23.24813495779345 0.5 0
23.224137102371959 0.5 0
23.200139246950471 0.5 0
23.176141391528979 0.5 0
23.152143536107491 0.5 0
23.128145680686011 0.5 0
23.104147825264519 0.5 0
23.080149969843031 0.5 0
23.05615211442154 0.5 0
23.032154259000048 0.5 0
23.00815640357856 0.5 0
22.984158548157069 0.5 0
22.960160692735581 0.5 0
22.9361628373141 0.5 0
22.912164981892609 0.5 0
22.888167126471121 0.5 0
22.864169271049629 0.5 0
22.840171415628141 0.5 0
22.81617356020665 0.5 0
22.792175704785169 0.5 0
22.768177849363671 0.5 0
22.74417999394219 0.5 0
22.720182138520698 0.5 0
22.69618428309921 0.5 0
22.672186427677719 0.5 0
22.648188572256231 0.5 0
22.62419071683474 0.5 0
22.600192861413252 0.5 0
22.57619500599176 0.5 0
22.552197150570279 0.5 0
22.528199295148791 0.5 0
22.5042014397273 0.5 0
22.480203584305809 0.5 0
22.456205728884321 0.5 0
22.432207873462829 0.5 0
22.408210018041341 0.5 0
22.38421216261985 0.5 0
22.360214307198369 0.5 0
22.336216451776881 0.5 0
22.31221859635539 0.5 0
22.288220740933902 0.5 0
22.26422288551241 0.5 0
22.240225030090919 0.5 0
22.216227174669431 0.5 0
22.192229319247939 0.5 0
22.168231463826459 0.5 0
22.144233608404971 0.5 0
22.120235752983479 0.5 0
22.096237897561991 0.5 0
22.0722400421405 0.5 0
22.048242186719008 0.5 0
22.02424433129752 0.5 0
22.000246475876029 0.5 0
21.976248620454541 0.5 0
21.95225076503306 0.5 0
21.928252909611569 0.5 0
21.904255054190081 0.5 0
21.880257198768589 0.5 0
21.856259343347102 0.5 0
21.83226148792561 0.5 0
21.808263632504129 0.5 0
21.784265777082641 0.5 0
21.76026792166115 0.5 0
21.736270066239658 0.5 0
21.71227221081817 0.5 0
21.688274355396679 0.5 0
21.664276499975191 0.5 0
21.6402786445537 0.5 0
21.616280789132219 0.5 0
21.592282933710731 0.5 0
21.568285078289239 0.5 0
21.544287222867752 0.5 0
21.52028936744626 0.5 0
21.496291512024769 0.5 0
21.472293656603281 0.5 0
21.448295801181789 0.5 0
21.424297945760301 0.5 0
21.400300090338821 0.5 0
21.376302234917329 0.5 0
21.352304379495841 0.5 0
21.32830652407435 0.5 0
21.304308668652862 0.5 0
21.28031081323137 0.5 0
21.256312957809879 0.5 0
21.232315102388391 0.5 0
21.20831724696691 0.5 0
21.184319391545419 0.5 0
21.160321536123931 0.5 0
21.136323680702439 0.5 0
21.112325825280951 0.5 0
21.08832796985946 0.5 0
21.064330114437979 0.5 0
21.040332259016481 0.5 0
21.016334403595 0.5 0
20.992336548173508 0.5 0
20.96833869275202 0.5 0
20.944340837330529 0.5 0
20.920342981909041 0.5 0
20.896345126487549 0.5 0
20.872347271066069 0.5 0
20.848349415644581 0.5 0
20.824351560223089 0.5 0
20.800353704801601 0.5 0
20.77635584938011 0.5 0
20.752357993958618 0.5 0
20.728360138537131 0.5 0
20.704362283115639 0.5 0
20.680364427694151 0.5 0
20.65636657227267 0.5 0
20.632368716851179 0.5 0
20.608370861429691 0.5 0
20.5843730060082 0.5 0
20.560375150586712 0.5 0
20.53637729516522 0.5 0
20.512379439743729 0.5 0
20.488381584322241 0.5 0
20.46438372890076 0.5 0
20.440385873479268 0.5 0
20.416388018057781 0.5 0
20.392390162636289 0.5 0
20.368392307214801 0.5 0
20.34439445179331 0.5 0
20.320396596371818 0.5 0
20.296398740950341 0.5 0
20.27240088552885 0.5 0
20.248403030107362 0.5 0
20.22440517468587 0.5 0
20.200407319264379 0.5 0
20.176409463842891 0.5 0
20.152411608421399 0.5 0
20.128413752999911 0.5 0
20.104415897578431 0.5 0
20.080418042156939 0.5 0
20.056420186735451 0.5 0
20.03242233131396 0.5 0
20.008424475892468 0.5 0
19.98442662047098 0.5 0
19.960428765049489 0.5 0
19.936430909628001 0.5 0
19.91243305420652 0.5 0
19.888435198785029 0.5 0
19.864437343363541 0.5 0
19.840439487942049 0.5 0
19.816441632520561 0.5 0
19.79244377709907 0.5 0
19.768445921677579 0.5 0
19.744448066256091 0.5 0
19.72045021083461 0.5 0
19.696452355413118 0.5 0
19.67245449999163 0.5 0
19.648456644570139 0.5 0
19.624458789148651 0.5 0
19.60046093372716 0.5 0
19.576463078305672 0.5 0
19.55246522288418 0.5 0
19.528467367462699 0.5 0
19.504469512041211 0.5 0
19.48047165661972 0.5 0
19.456473801198229 0.5 0
19.432475945776741 0.5 0
19.408478090355249 0.5 0
19.384480234933761 0.5 0
19.36048237951228 0.5 0
19.336484524090789 0.5 0
19.312486668669301 0.5 0
19.28848881324781 0.5 0
19.264490957826322 0.5 0
19.24049310240483 0.5 0
19.216495246983339 0.5 0
19.192497391561851 0.5 0
19.16849953614037 0.5 0
19.144501680718879 0.5 0
19.120503825297391 0.5 0
19.096505969875899 0.5 0
19.072508114454411 0.5 0
19.04851025903292 0.5 0
19.024512403611428 0.5 0
19.00051454818994 0.5 0
18.97651669276846 0.5 0
18.952518837346972 0.5 0
18.92852098192548 0.5 0
18.904523126503989 0.5 0
18.880525271082501 0.5 0
18.856527415661009 0.5 0
18.832529560239522 0.5 0
18.808531704818041 0.5 0
18.784533849396549 0.5 0
18.760535993975061 0.5 0
18.73653813855357 0.5 0
18.712540283132078 0.5 0
18.68854242771059 0.5 0
18.664544572289099 0.5 0
18.640546716867611 0.5 0
18.61654886144612 0.5 0
18.592551006024639 0.5 0
18.568553150603151 0.5 0
18.544555295181659 0.5 0
18.520557439760172 0.5 0
18.49655958433868 0.5 0
18.472561728917189 0.5 0
18.448563873495701 0.5 0
18.42456601807422 0.5 0
18.400568162652721 0.5 0
18.376570307231241 0.5 0
18.352572451809749 0.5 0
18.328574596388261 0.5 0
18.30457674096677 0.5 0
18.280578885545282 0.5 0
18.25658103012379 0.5 0
18.232583174702309 0.5 0
18.208585319280811 0.5 0
18.18458746385933 0.5 0
18.160589608437839 0.5 0
18.136591753016351 0.5 0
18.112593897594859 0.5 0
18.088596042173371 0.5 0
18.06459818675188 0.5 0
18.040600331330399 0.5 0
18.016602475908911 0.5 0
17.99260462048742 0.5 0
17.968606765065928 0.5 0
17.94460890964444 0.5 0
17.920611054222949 0.5 0
17.896613198801461 0.5 0
17.87261534337998 0.5 0
17.848617487958489 0.5 0
17.824619632537001 0.5 0
17.800621777115509 0.5 0
17.776623921694021 0.5 0
17.75262606627253 0.5 0
17.728628210851038 0.5 0
17.704630355429551 0.5 0
17.68063250000807 0.5 0
17.656634644586571 0.5 0
17.63263678916509 0.5 0
17.608638933743599 0.5 0
17.584641078322111 0.5 0
17.56064322290062 0.5 0
17.536645367479132 0.5 0
17.51264751205764 0.5 0
17.488649656636159 0.5 0
17.464651801214661 0.5 0
17.44065394579318 0.5 0
17.416656090371688 0.5 0
17.392658234950201 0.5 0
17.368660379528709 0.5 0
17.344662524107221 0.5 0
17.32066466868573 0.5 0
17.296666813264249 0.5 0
17.27266895784275 0.5 0
17.24867110242127 0.5 0
17.224673246999782 0.5 0
17.20067539157829 0.5 0
17.176677536156799 0.5 0
17.152679680735311 0.5 0
17.12868182531383 0.5 0
17.104683969892331 0.5 0
17.080686114470851 0.5 0
17.056688259049359 0.5 0
17.032690403627871 0.5 0
17.00869254820638 0.5 0
16.984694692784888 0.5 0
16.9606968373634 0.5 0
16.93669898194192 0.5 0
16.912701126520421 0.5 0
16.88870327109894 0.5 0
16.864705415677449 0.5 0
16.840707560255961 0.5 0
16.816709704834469 0.5 0
16.792711849412981 0.5 0
16.76871399399149 0.5 0
16.744716138570009 0.5 0
16.720718283148511 0.5 0
16.69672042772703 0.5 0
16.672722572305538 0.5 0
16.64872471688405 0.5 0
16.624726861462559 0.5 0
16.600729006041071 0.5 0
16.57673115061958 0.5 0
16.552733295198099 0.5 0
16.5287354397766 0.5 0
16.504737584355119 0.5 0
16.480739728933631 0.5 0
16.45674187351214 0.5 0
16.432744018090649 0.5 0
16.408746162669161 0.5 0
16.384748307247669 0.5 0
16.360750451826181 0.5 0
16.33675259640469 0.5 0
16.312754740983209 0.5 0
16.288756885561721 0.5 0
16.26475903014023 0.5 0
16.240761174718742 0.5 0
16.21676331929725 0.5 0
16.192765463875769 0.5 0
16.168767608454271 0.5 0
16.14476975303279 0.5 0
16.120771897611299 0.5 0
16.096774042189811 0.5 0
16.072776186768319 0.5 0
16.048778331346831 0.5 0
16.02478047592534 0.5 0
16.000782620503859 0.5 0
15.97678476508236 0.5 0
15.95278690966088 0.5 0
15.92878905423939 0.5 0
15.9047911988179 0.5 0
15.880793343396411 0.5 0
15.856795487974919 0.5 0
15.832797632553429 0.5 0
15.80879977713194 0.5 0
15.784801921710461 0.5 0
15.760804066288969 0.5 0
15.73680621086748 0.5 0
15.71280835544599 0.5 0
15.6888105000245 0.5 0
15.66481264460301 0.5 0
15.640814789181521 0.5 0
15.616816933760029 0.5 0
15.59281907833854 0.5 0
15.568821222917061 0.5 0
15.544823367495569 0.5 0
15.520825512074079 0.5 0
15.49682765665259 0.5 0
15.4728298012311 0.5 0
15.44883194580961 0.5 0
15.424834090388121 0.5 0
15.400836234966629 0.5 0
15.37683837954515 0.5 0
15.352840524123661 0.5 0
15.328842668702171 0.5 0
15.304844813280679 0.5 0
15.28084695785919 0.5 0
15.2568491024377 0.5 0
15.232851247016219 0.5 0
15.208853391594729 0.5 0
15.18485553617324 0.5 0
15.16085768075175 0.5 0
15.13685982533026 0.5 0
15.112861969908771 0.5 0
15.088864114487279 0.5 0
15.06486625906579 0.5 0
15.040868403644311 0.5 0
15.016870548222821 0.5 0
14.992872692801329 0.5 0
14.96887483737984 0.5 0
14.94487698195835 0.5 0
14.92087912653686 0.5 0
14.896881271115371 0.5 0
14.872883415693879 0.5 0
14.8488855602724 0.5 0
14.82488770485091 0.5 0
14.800889849429421 0.5 0
14.776891994007929 0.5 0
14.75289413858644 0.5 0
14.72889628316495 0.5 0
14.70489842774346 0.5 0
14.680900572321979 0.5 0
14.65690271690049 0.5 0
14.632904861479 0.5 0
14.60890700605751 0.5 0
14.584909150636021 0.5 0
14.560911295214529 0.5 0
14.53691343979304 0.5 0
14.51291558437155 0.5 0
14.48891772895006 0.5 0
14.46491987352857 0.5 0
14.44092201810709 0.5 0
14.4169241626856 0.5 0
14.39292630726411 0.5 0
14.368928451842621 0.5 0
14.344930596421131 0.5 0
14.320932740999639 0.5 0
14.29693488557816 0.5 0
14.272937030156671 0.5 0
14.248939174735179 0.5 0
14.22494131931369 0.5 0
14.2009434638922 0.5 0
14.17694560847071 0.5 0
14.15294775304922 0.5 0
14.128949897627731 0.5 0
14.104952042206239 0.5 0
14.08095418678475 0.5 0
14.056956331363271 0.5 0
14.032958475941779 0.5 0
14.008960620520289 0.5 0
13.9849627650988 0.5 0
13.96096490967731 0.5 0
13.93696705425582 0.5 0
13.91296919883434 0.5 0
13.88897134341285 0.5 0
13.86497348799136 0.5 0
13.840975632569871 0.5 0
13.816977777148381 0.5 0
13.792979921726889 0.5 0
13.7689820663054 0.5 0
13.744984210883921 0.5 0
13.720986355462429 0.5 0
13.696988500040939 0.5 0
13.67299064461945 0.5 0
13.64899278919796 0.5 0
13.62499493377647 0.5 0
13.600997078354981 0.5 0
13.576999222933489 0.5 0
13.55436268231764 0.5 0
13.532151199422071 0.5 0
13.51281691171855 0.5 0
13.49892771077683 0.5 0
13.486928783066091 0.5 0
13.47492985535535 0.5 0
13.462930927644599 0.5 0
13.450931999933861 0.5 0
13.43893307222311 0.5 0
13.426934144512369 0.5 0
13.41493521680162 0.5 0
13.40293628909088 0.5 0
13.39093736138013 0.5 0
13.37893843366939 0.5 0
13.36693950595865 0.5 0
13.3549405782479 0.5 0
13.34294165053716 0.5 0
13.330942722826389 0.5 0
13.31894379511562 0.5 0
13.30694486740486 0.5 0
13.29494593969409 0.5 0
13.282947011983319 0.5 0
13.270948084272559 0.5 0
13.258949156561791 0.5 0
13.246950228851009 0.5 0
13.2349513011402 0.5 0
13.22295237342939 0.5 0
13.21095344571857 0.5 0
13.19895451800776 0.5 0
13.18695559029695 0.5 0
13.174956662586141 0.5 0
13.162957734875331 0.5 0
13.15095880716451 0.5 0
13.138959879453701 0.5 0
13.126960951742889 0.5 0
13.114962024032071 0.5 0
13.102963096321259 0.5 0
13.09096416861045 0.5 0
13.07896524089964 0.5 0
13.06696631318883 0.5 0
13.05496738547799 0.5 0
13.042968457767151 0.5 0
13.03096953005632 0.5 0
13.01897060234549 0.5 0
13.00697167463465 0.5 0
12.994972746923819 0.5 0
12.98297381921298 0.5 0
12.97097489150215 0.5 0
12.95897596379131 0.5 0
12.946977036080479 0.5 0
12.93497810836964 0.5 0
12.92297918065881 0.5 0
12.91098025294797 0.5 0
12.898981325237139 0.5 0
12.8869823975263 0.5 0
12.87498346981547 0.5 0
12.86298454210463 0.5 0
12.850985614393799 0.5 0
12.83898668668296 0.5 0
12.82698775897213 0.5 0
12.814988831261291 0.5 0
12.80298990355046 0.5 0
12.79099097583962 0.5 0
12.77899204812879 0.5 0
12.766993120417951 0.5 0
12.75499419270712 0.5 0
12.74299526499628 0.5 0
12.73099633728545 0.5 0
12.718997409574611 0.5 0
12.706998481863771 0.5 0
12.69499955415294 0.5 0
12.68300062644211 0.5 0
12.671001698731271 0.5 0
12.659002771020431 0.5 0
12.6470038433096 0.5 0
12.63500491559876 0.5 0
12.623005987887931 0.5 0
12.611007060177091 0.5 0
12.59900813246626 0.5 0
12.58700920475542 0.5 0
12.575010277044591 0.5 0
12.56301134933376 0.5 0
12.55101242162292 0.5 0
12.53901349391208 0.5 0
12.527014566201251 0.5 0
12.51501563849042 0.5 0
12.50301671077958 0.5 0
12.491017783068751 0.5 0
12.479018855357911 0.5 0
12.467019927647071 0.5 0
12.45502099993624 0.5 0
12.443022072225411 0.5 0
12.431023144514571 0.5 0
12.419024216803731 0.5 0
12.4070252890929 0.5 0
12.39502636138206 0.5 0
12.383027433671231 0.5 0
12.371028505960391 0.5 0
12.35902957824956 0.5 0
12.347030650538731 0.5 0
12.335031722827891 0.5 0
12.323032795117051 0.5 0
12.31103386740622 0.5 0
12.29903493969538 0.5 0
12.287036011984551 0.5 0
12.275037084273711 0.5 0
12.26303815656288 0.5 0
12.25103922885204 0.5 0
12.239040301141211 0.5 0
12.227041373430369 0.5 0
12.21504244571954 0.5 0
12.2030435180087 0.5 0
12.191044590297871 0.5 0
12.179045662587029 0.5 0
12.1670467348762 0.5 0
12.15504780716536 0.5 0
12.143048879454531 0.5 0
12.131049951743689 0.5 0
12.11905102403286 0.5 0
12.10705209632202 0.5 0
12.095053168611191 0.5 0
12.083054240900349 0.5 0
12.07105531318952 0.5 0
12.05905638547868 0.5 0
12.047057457767851 0.5 0
12.035058530057009 0.5 0
12.02305960234618 0.5 0
12.01106067463534 0.5 0
11.999061746924511 0.5 0
11.987062819213669 0.5 0
11.97506389150284 0.5 0
11.963064963792 0.5 0
11.951066036081169 0.5 0
11.939067108370329 0.5 0
11.9270681806595 0.5 0
11.91506925294866 0.5 0
11.903070325237829 0.5 0
11.891071397526989 0.5 0
11.87907246981616 0.5 0
11.86707354210532 0.5 0
11.855074614394489 0.5 0
11.843075686683649 0.5 0
11.83107675897282 0.5 0
11.81907783126198 0.5 0
11.807078903551149 0.5 0
11.795079975840309 0.5 0
11.78308104812948 0.5 0
11.77108212041864 0.5 0
11.759083192707809 0.5 0
11.747084264996969 0.5 0
11.73508533728614 0.5 0
11.7230864095753 0.5 0
11.711087481864469 0.5 0
11.699088554153629 0.5 0
11.6870896264428 0.5 0
11.67509069873196 0.5 0
11.663091771021129 0.5 0
11.651092843310289 0.5 0
11.63909391559946 0.5 0
11.62709498788862 0.5 0
11.615096060177789 0.5 0
11.603097132466949 0.5 0
11.59109820475612 0.5 0
11.57909927704528 0.5 0
11.567100349334449 0.5 0
11.555101421623609 0.5 0
11.54310249391278 0.5 0
11.53110356620194 0.5 0
11.519104638491109 0.5 0
11.507105710780269 0.5 0
11.49510678306944 0.5 0
11.4831078553586 0.5 0
11.471108927647769 0.5 0
11.459109999936929 0.5 0
11.44711107222609 0.5 0
11.43511214451526 0.5 0
11.423113216804429 0.5 0
11.411114289093589 0.5 0
11.39911536138275 0.5 0
11.38711643367192 0.5 0
11.375117505961089 0.5 0
11.36311857825025 0.5 0
11.35111965053941 0.5 0
11.33912072282858 0.5 0
11.327121795117749 0.5 0
11.31512286740691 0.5 0
11.30312393969607 0.5 0
11.29112501198524 0.5 0
11.279126084274409 0.5 0
11.26712715656357 0.5 0
11.25512822885274 0.5 0
11.2431293011419 0.5 0
11.231130373431061 0.5 0
11.21913144572023 0.5 0
11.2071325180094 0.5 0
11.19513359029856 0.5 0
11.183134662587729 0.5 0
11.17113573487689 0.5 0
11.15913680716605 0.5 0
11.14713787945522 0.5 0
11.13513895174439 0.5 0
11.12314002403355 0.5 0
11.11114109632272 0.5 0
11.099142168611881 0.5 0
11.08714324090105 0.5 0
11.07514431319021 0.5 0
11.06314538547938 0.5 0
11.051146457768541 0.5 0
11.03914753005771 0.5 0
11.02714860234687 0.5 0
11.01514967463604 0.5 0
11.003150746925201 0.5 0
10.991151819214361 0.5 0
10.97915289150353 0.5 0
10.9671539637927 0.5 0
10.955155036081861 0.5 0
10.943156108371021 0.5 0
10.93115718066019 0.5 0
10.91915825294935 0.5 0
10.907159325238521 0.5 0
10.895160397527681 0.5 0
10.88316146981685 0.5 0
10.87116254210601 0.5 0
10.859163614395181 0.5 0
10.847164686684341 0.5 0
10.83516575897351 0.5 0
10.82316683126267 0.5 0
10.811167903551841 0.5 0
10.799168975841001 0.5 0
10.78717004813017 0.5 0
10.77517112041933 0.5 0
10.763172192708501 0.5 0
10.751173264997661 0.5 0
10.73917433728683 0.5 0
10.72717540957599 0.5 0
10.715176481865161 0.5 0
10.703177554154321 0.5 0
10.69117862644349 0.5 0
10.67917969873265 0.5 0
10.667180771021821 0.5 0
10.655181843310981 0.5 0
10.64318291560015 0.5 0
10.631183987889321 0.5 0
10.619185060178481 0.5 0
10.607186132467641 0.5 0
10.59518720475681 0.5 0
10.583188277045981 0.5 0
10.571189349335141 0.5 0
10.559190421624301 0.5 0
10.54719149391347 0.5 0
10.53519256620263 0.5 0
10.523193638491801 0.5 0
10.511194710780959 0.5 0
10.49919578307013 0.5 0
10.48719685535929 0.5 0
10.475197927648461 0.5 0
10.463198999937619 0.5 0
10.45120007222679 0.5 0
10.43920114451595 0.5 0
10.427202216805121 0.5 0
10.415203289094279 0.5 0
10.40320436138345 0.5 0
10.39120543367261 0.5 0
10.379206505961781 0.5 0
10.367207578250939 0.5 0
10.35520865054011 0.5 0
10.34320972282927 0.5 0
10.331210795118441 0.5 0
10.319211867407599 0.5 0
10.30721293969677 0.5 0
10.29521401198593 0.5 0
10.283215084275099 0.5 0
10.271216156564259 0.5 0
10.25921722885343 0.5 0
10.24721830114259 0.5 0
10.235219373431759 0.5 0
10.223220445720919 0.5 0
10.21122151801009 0.5 0
10.19922259029925 0.5 0
10.187223662588419 0.5 0
10.175224734877579 0.5 0
10.16322580716675 0.5 0
10.15122687945591 0.5 0
10.139227951745079 0.5 0
10.127229024034239 0.5 0
10.11523009632341 0.5 0
10.10323116861257 0.5 0
10.091232240901739 0.5 0
10.079233313190899 0.5 0
10.06723438548007 0.5 0
10.05523545776923 0.5 0
10.043236530058399 0.5 0
10.031237602347559 0.5 0
10.01923867463673 0.5 0
10.00723974692589 0.5 0
9.9952408192150557 0.5 0
9.9832418915042229 0.5 0
9.9712429637933848 0.5 0
9.9592440360825503 0.5 0
9.9472451083717175 0.5 0
9.9352461806608829 0.5 0
9.9232472529500448 0.5 0
9.9112483252392121 0.5 0
9.899249397528374 0.5 0
9.887250469817543 0.5 0
9.8752515421067066 0.5 0
9.8632526143958721 0.5 0
9.851253686685034 0.5 0
9.8392547589742012 0.5 0
9.8272558312633667 0.5 0
9.8152569035525286 0.5 0
9.8032579758416976 0.5 0
9.7912590481308612 0.5 0
9.7792601204200267 0.5 0
9.7672611927091904 0.5 0
9.7552622649983558 0.5 0
9.7432633372875213 0.5 0
9.7312644095766867 0.5 0
9.7192654818658504 0.5 0
9.7072665541550158 0.5 0
9.6952676264441813 0.5 0
9.6832686987333449 0.5 0
9.6712697710225104 0.5 0
9.6592708433116758 0.5 0
9.6472719156008413 0.5 0
9.635272987890005 0.5 0
9.6232740601791704 0.5 0
9.6112751324683359 0.5 0
9.5992762047574995 0.5 0
9.587277277046665 0.5 0
9.5752783493358304 0.5 0
9.5632794216249959 0.5 0
9.5512804939141596 0.5 0
9.539281566203325 0.5 0
9.5272826384924887 0.5 0
9.5152837107816541 0.5 0
9.5032847830708196 0.5 0
9.491285855359985 0.5 0
9.4792869276491523 0.5 0
9.4672879999383142 0.5 0
9.4552890722274796 0.5 0
9.4432901445166433 0.5 0
9.4312912168058087 0.5 0
9.4192922890949742 0.5 0
9.4072933613841414 0.5 0
9.3952944336733033 0.5 0
9.3832955059624688 0.5 0
9.371296578251636 0.5 0
9.3592976505407979 0.5 0
9.3472987228299633 0.5 0
9.3352997951191306 0.5 0
9.323300867408296 0.5 0
9.3113019396974579 0.5 0
9.2993030119866251 0.5 0
9.2873040842757906 0.5 0
9.2753051565649525 0.5 0
9.2633062288541197 0.5 0
9.2513073011432851 0.5 0
9.2393083734324506 0.5 0
9.2273094457216143 0.5 0
9.2153105180107797 0.5 0
9.2033115902999416 0.5 0
9.1913126625891088 0.5 0
9.1793137348782743 0.5 0
9.1673148071674397 0.5 0
9.1553158794566052 0.5 0
9.1433169517457689 0.5 0
9.1313180240349343 0.5 0
9.119319096324098 0.5 0
9.1073201686132652 0.5 0
9.0953212409024289 0.5 0
9.0833223131915943 0.5 0
9.071323385480758 0.5 0
9.0593244577699235 0.5 0
9.0473255300590889 0.5 0
9.0353266023482526 0.5 0
9.023327674637434 0.5 0
9.0113287469266439 0.5 0
8.999329819215852 0.5 0
8.9873308915050636 0.5 0
8.9753319637942752 0.5 0
8.9633330360834833 0.5 0
8.9513341083726949 0.5 0
8.9393351806619066 0.5 0
8.9273362529511182 0.5 0
8.9153373252403263 0.5 0
8.9033383975295379 0.5 0
8.891339469818746 0.5 0
8.8793405421079576 0.5 0
8.8673416143971657 0.5 0
8.8553426866863774 0.5 0
8.843343758975589 0.5 0
8.8313448312648433 0.5 0
8.8193459035540975 0.5 0
8.8073469758433554 0.5 0
8.7953480481326132 0.5 0
8.7833491204218674 0.5 0
8.7713501927111217 0.5 0
8.7593512650003795 0.5 0
8.7473523372896338 0.5 0
8.7353534095788916 0.5 0
8.7233544818681459 0.5 0
8.7113555541574001 0.5 0
8.6993566264466544 0.5 0
8.6873576987359122 0.5 0
8.6753587710251665 0.5 0
8.6633598433144208 0.5 0
8.6513609156036786 0.5 0
8.6393619878929364 0.5 0
8.6273630601821907 0.5 0
8.6153641324714449 0.5 0
8.6033652047607028 0.5 0
8.591366277049957 0.5 0
8.5793673493392149 0.5 0
8.5673684216284691 0.5 0
8.5553694939177234 0.5 0
8.5433705662069777 0.5 0
8.5313716384962355 0.5 0
8.5193727107854897 0.5 0
8.507373783074744 0.5 0
8.4953748553640018 0.5 0
8.4833759276532597 0.5 0
8.4713769999425139 0.5 0
8.4593780722317682 0.5 0
8.447379144521026 0.5 0
8.4353802168102803 0.5 0
8.4233812890995381 0.5 0
8.4113823613887924 0.5 0
8.3993834336780466 0.5 0
8.3873845059673044 0.5 0
8.3753855782565587 0.5 0
8.363386650545813 0.5 0
8.3513877228350673 0.5 0
8.3393887951243251 0.5 0
8.3273898674135829 0.5 0
8.3153909397028372 0.5 0
8.3033920119920914 0.5 0
8.2913930842813492 0.5 0
8.2793941565706035 0.5 0
8.2673952288598613 0.5 0
8.2553963011491156 0.5 0
8.2433973734383699 0.5 0
8.2313984457276277 0.5 0
8.219399518016882 0.5 0
8.2074005903061362 0.5 0
8.1954016625953905 0.5 0
8.1834027348846483 0.5 0
8.1714038071739061 0.5 0
8.1594048794631604 0.5 0
8.1474059517524182 0.5 0
8.1354070240416725 0.5 0
8.1234080963309268 0.5 0
8.1114091686201846 0.5 0
8.0994102409094388 0.5 0
8.0874113131986931 0.5 0
8.0754123854879509 0.5 0
8.0634134577772052 0.5 0
8.0514145300664595 0.5 0
8.0394156023557137 0.5 0
8.0274166746449716 0.5 0
8.0154177469342294 0.5 0
8.0034188192234836 0.5 0
7.9914198915127379 0.5 0
7.9794209638019957 0.5 0
7.96742203609125 0.5 0
7.9554231083805078 0.5 0
7.9434241806697621 0.5 0
7.9314252529590163 0.5 0
7.9194263252482742 0.5 0
7.9074273975375284 0.5 0
7.8954284698267827 0.5 0
7.883429542116037 0.5 0
7.8714306144052948 0.5 0
7.8594316866945526 0.5 0
7.8474327589838069 0.5 0
7.8354338312730647 0.5 0
7.823434903562319 0.5 0
7.8114359758515732 0.5 0
7.7994370481408311 0.5 0
7.7874381204300853 0.5 0
7.7754391927193431 0.5 0
7.7634402650085974 0.5 0
7.7514413372978517 0.5 0
7.7394424095871059 0.5 0
7.7274434818763602 0.5 0
7.715444554165618 0.5 0
7.7034456264548758 0.5 0
7.6914466987441301 0.5 0
7.6794477710333879 0.5 0
7.6674488433226422 0.5 0
7.6554499156118956 0.5 0
7.6434509879011543 0.5 0
7.6314520601904086 0.5 0
7.6194531324796664 0.5 0
7.6074542047689206 0.5 0
7.5954552770581749 0.5 0
7.5834563493474292 0.5 0
7.5714574216366826 0.5 0
7.5594584939259413 0.5 0
7.5474595662151991 0.5 0
7.5354606385044534 0.5 0
7.5234617107937112 0.5 0
7.5114627830829646 0.5 0
7.4994638553722197 0.5 0
7.4874649276614784 0.5 0
7.4754659999507354 0.5 0
7.4634670722399896 0.5 0
7.4514681445292439 0.5 0
7.4394692168184982 0.5 0
7.4274702891077524 0.5 0
7.4154713613970067 0.5 0
7.4034724336862654 0.5 0
7.3914735059755223 0.5 0
7.3794745782647766 0.5 0
7.3674756505540344 0.5 0
7.3554767228432887 0.5 0
7.343477795132543 0.5 0
7.3314788674218008 0.5 0
7.3194799397110586 0.5 0
7.3074810120003129 0.5 0
7.2954820842895671 0.5 0
7.2834831565788214 0.5 0
7.2714842288680757 0.5 0
7.2594853011573299 0.5 0
7.2474863734465877 0.5 0
7.2354874457358456 0.5 0
7.2234885180250998 0.5 0
7.2114895903143577 0.5 0
7.1994906626036119 0.5 0
7.1874917348928662 0.5 0
7.175492807182124 0.5 0
7.1634938794713818 0.5 0
7.1514949517606361 0.5 0
7.1394960240498904 0.5 0
7.1274970963391446 0.5 0
7.1154981686283989 0.5 0
7.1034992409176567 0.5 0
7.091500313206911 0.5 0
7.0795013854961688 0.5 0
7.0675024577854231 0.5 0
7.0555035300746809 0.5 0
7.0435046023639352 0.5 0
7.0315056746531894 0.5 0
7.0195067469424473 0.5 0
7.0075078192317051 0.5 0
6.9955088915209593 0.5 0
6.9835099638102136 0.5 0
6.9715110360994679 0.5 0
6.9595121083887257 0.5 0
6.94751318067798 0.5 0
6.9355142529672342 0.5 0
6.9235153252564876 0.5 0
6.9115163975457463 0.5 0
6.8995174698350006 0.5 0
6.8875185421242584 0.5 0
6.8755196144135162 0.5 0
6.8635206867027696 0.5 0
6.8515217589920283 0.5 0
6.839522831281279 0.5 0
6.8275239035705368 0.5 0
6.8155249758597911 0.5 0
6.8035260481490454 0.5 0
6.7915271204383032 0.5 0
6.7795281927275566 0.5 0
6.7675292650168153 0.5 0
6.755530337306066 0.5 0
6.7435314095953238 0.5 0
6.7315324818845816 0.5 0
6.7195335541738359 0.5 0
6.7075346264630937 0.5 0
6.695535698752348 0.5 0
6.6835367710416058 0.5 0
6.6715378433308574 0.5 0
6.6595389156201144 0.5 0
6.6475399879093686 0.5 0
6.6355410601986264 0.5 0
6.6235421324878807 0.5 0
6.611543204777135 0.5 0
6.5995442770663928 0.5 0
6.5875453493556444 0.5 0
6.5755464216449013 0.5 0
6.5635474939341591 0.5 0
6.5515485662234134 0.5 0
6.5395496385126712 0.5 0
6.5275507108019264 0.5 0
6.5155517830911798 0.5 0
6.5035528553804376 0.5 0
6.4915539276696919 0.5 0
6.4795549999589497 0.5 0
6.4675560722482039 0.5 0
6.4555571445374582 0.5 0
6.4435582168267116 0.5 0
6.4315592891159667 0.5 0
6.4195603614052246 0.5 0
6.4075614336944788 0.5 0
6.3955625059837367 0.5 0
6.3835635782729909 0.5 0
6.3715646505622487 0.5 0
6.3595657228514986 0.5 0
6.3475667951407573 0.5 0
6.3355678674300151 0.5 0
6.3235689397192694 0.5 0
6.3115700120085272 0.5 0
6.2995710842977806 0.5 0
6.2875721565870357 0.5 0
6.27557322887629 0.5 0
6.2635743011655478 0.5 0
6.2515753734548021 0.5 0
6.2395764457440563 0.5 0
6.2275775180333142 0.5 0
6.2155785903225684 0.5 0
6.2035796626118263 0.5 0
6.1915807349010814 0.5 0
6.1795818071903348 0.5 0
6.1675828794795926 0.5 0
6.1555839517688469 0.5 0
6.1435850240581047 0.5 0
6.131586096347359 0.5 0
6.1195871686366168 0.5 0
6.107588240925871 0.5 0
6.0955893132151253 0.5 0
6.0835903855043796 0.5 0
6.0715914577936339 0.5 0
6.0595925300828917 0.5 0
6.0475936023721459 0.5 0
6.0355946746614002 0.5 0
6.023595746950658 0.5 0
6.0115968192399123 0.5 0
5.9995978915291701 0.5 0
5.9875989638184244 0.5 0
5.9756000361076822 0.5 0
5.9636011083969356 0.5 0
5.9516021806861907 0.5 0
5.9396032529754494 0.5 0
5.9276043252647028 0.5 0
5.9156053975539571 0.5 0
5.9036064698432114 0.5 0
5.8916075421324692 0.5 0
5.879608614421727 0.5 0
5.8676096867109777 0.5 0
5.8556107590002364 0.5 0
5.8436118312894898 0.5 0
5.8316129035787476 0.5 0
5.8196139758680019 0.5 0
5.8076150481572597 0.5 0
5.7956161204465184 0.5 0
5.7836171927357682 0.5 0
5.7716182650250261 0.5 0
5.7596193373142803 0.5 0
5.7476204096035381 0.5 0
5.7356214818927924 0.5 0
5.7236225541820467 0.5 0
5.711623626471301 0.5 0
5.6996246987605552 0.5 0
5.687625771049813 0.5 0
5.6756268433390673 0.5 0
5.6636279156283251 0.5 0
5.6516289879175794 0.5 0
5.6396300602068372 0.5 0
5.6276311324960906 0.5 0
5.6156322047853457 0.5 0
5.6036332770746036 0.5 0
5.5916343493638578 0.5 0
5.5796354216531157 0.5 0
5.5676364939423699 0.5 0
5.5556375662316242 0.5 0
5.5436386385208776 0.5 0
5.5316397108101327 0.5 0
5.5196407830993914 0.5 0
5.5076418553886448 0.5 0
5.4956429276779026 0.5 0
5.4836439999671596 0.5 0
5.4716450722564112 0.5 0
5.459646144545669 0.5 0
5.4476472168349233 0.5 0
5.4356482891241811 0.5 0
5.4236493614134353 0.5 0
5.4116504337026932 0.5 0
5.3996515059919474 0.5 0
5.3876525782812017 0.5 0
5.3756536505704604 0.5 0
5.3636547228597138 0.5 0
5.3516557951489681 0.5 0
5.3396568674382223 0.5 0
5.3276579397274801 0.5 0
5.315659012016738 0.5 0
5.3036600843059887 0.5 0
5.2916611565952456 0.5 0
5.2796622288845008 0.5 0
5.2676633011737586 0.5 0
5.2556643734630164 0.5 0
5.2436654457522707 0.5 0
5.2316665180415249 0.5 0
5.2196675903307792 0.5 0
5.207668662620037 0.5 0
5.1956697349092913 0.5 0
5.1836708071985456 0.5 0
5.1716718794878034 0.5 0
5.1596729517770576 0.5 0
5.1476740240663119 0.5 0
5.1356750963555662 0.5 0
5.123676168644824 0.5 0
5.1116772409340783 0.5 0
5.0996783132233361 0.5 0
5.0876793855125939 0.5 0
5.0756804578018482 0.5 0
5.0636815300911016 0.5 0
5.0516826023803567 0.5 0
5.0396836746696154 0.5 0
5.0276847469588688 0.5 0
5.0156858192481231 0.5 0
5.0036868915373809 0.5 0
4.9916879638266352 0.5 0
4.9796890361158894 0.5 0
4.9676901084051437 0.5 0
4.9556911806944024 0.5 0
4.9436922529836593 0.5 0
4.9316933252729136 0.5 0
4.9196943975621714 0.5 0
4.9076954698514221 0.5 0
4.89569654214068 0.5 0
4.8836976144299342 0.5 0
4.871698686719192 0.5 0
4.8596997590084463 0.5 0
4.8477008312977041 0.5 0
4.8357019035869584 0.5 0
4.8237029758762127 0.5 0
4.8117040481654669 0.5 0
4.7997051204547212 0.5 0
4.787706192743979 0.5 0
4.7757072650332368 0.5 0
4.7637083373224911 0.5 0
4.7517094096117489 0.5 0
4.7397104819009996 0.5 0
4.7277115541902566 0.5 0
4.7157126264795153 0.5 0
4.7037136987687704 0.5 0
4.6917147710580274 0.5 0
4.6797158433472816 0.5 0
4.6677169156365359 0.5 0
4.6557179879257902 0.5 0
4.6437190602150444 0.5 0
4.6317201325043023 0.5 0
4.6197212047935574 0.5 0
4.6077222770828143 0.5 0
4.5957233493720686 0.5 0
4.5837244216613229 0.5 0
4.5717254939505771 0.5 0
4.559726566239835 0.5 0
4.5477276385290928 0.5 0
4.5357287108183471 0.5 0
4.5237297831076049 0.5 0
4.5117308553968556 0.5 0
4.4997319276861134 0.5 0
4.4877329999753677 0.5 0
4.4757340722646246 0.5 0
4.4637351445538798 0.5 0
4.451736216843134 0.5 0
4.4397372891323919 0.5 0
4.4277383614216426 0.5 0
4.4157394337109004 0.5 0
4.4037405060001582 0.5 0
4.3917415782894116 0.5 0
4.3797426505786703 0.5 0
4.3677437228679246 0.5 0
4.3557447951571824 0.5 0
4.3437458674464331 0.5 0
4.3317469397356909 0.5 0
4.3197480120249487 0.5 0
4.307749084314203 0.5 0
4.2957501566034573 0.5 0
4.2837512288927124 0.5 0
4.2717523011819694 0.5 0
4.2597533734712236 0.5 0
4.2477544457604779 0.5 0
4.2357555180497357 0.5 0
4.22375659033899 0.5 0
4.2117576626282478 0.5 0
4.1997587349175021 0.5 0
4.1877598072067563 0.5 0
4.1757608794960106 0.5 0
4.1637619517852684 0.5 0
4.1517630240745262 0.5 0
4.1397640963637814 0.5 0
4.1277651686530348 0.5 0
4.115766240942289 0.5 0
4.1037673132315469 0.5 0
4.0917683855208011 0.5 0
4.0797694578100554 0.5 0
4.0677705300993132 0.5 0
4.0557716023885666 0.5 0
4.0437726746778253 0.5 0
4.0317737469670796 0.5 0
4.0197748192563338 0.5 0
4.0077758915455917 0.5 0
3.9957769638348459 0.5 0
3.9837780361241042 0.5 0
3.971779108413358 0.5 0
3.9597801807026158 0.5 0
3.947781252991867 0.5 0
3.9357823252811239 0.5 0
3.9237833975703791 0.5 0
3.9117844698596329 0.5 0
3.8997855421488912 0.5 0
3.887786614438145 0.5 0
3.8757876867274028 0.5 0
3.863788759016654 0.5 0
3.8517898313059109 0.5 0
3.8397909035951692 0.5 0
3.827791975884423 0.5 0
3.8157930481736808 0.5 0
3.803794120462936 0.5 0
3.7917951927521929 0.5 0
3.7797962650414481 0.5 0
3.7677973373307019 0.5 0
3.7557984096199561 0.5 0
3.74379948190921 0.5 0
3.7318005541984678 0.5 0
3.7198016264877229 0.5 0
3.7078026987769772 0.5 0
3.695803771066235 0.5 0
3.6838048433554889 0.5 0
3.6718059156447471 0.5 0
3.6598069879340009 0.5 0
3.6478080602232592 0.5 0
3.635809132512513 0.5 0
3.6238102048017669 0.5 0
3.6118112770910251 0.5 0
3.5998123493802789 0.5 0
3.5878134216695372 0.5 0
3.575814493958791 0.5 0
3.5638155662480462 0.5 0
3.5518166385373 0.5 0
3.5398177108265538 0.5 0
3.5278187831158121 0.5 0
3.5158198554050659 0.5 0
3.5038209276943242 0.5 0
3.491821999983578 0.5 0
3.4798230722728358 0.5 0
3.4678241445620941 0.5 0
3.4558252168513448 0.5 0
3.4438262891406031 0.5 0
3.4318273614298569 0.5 0
3.4198284337191152 0.5 0
3.407829506008369 0.5 0
3.3958305782976228 0.5 0
3.383831650586878 0.5 0
3.3718327228761318 0.5 0
3.35983379516539 0.5 0
3.3478348674546439 0.5 0
3.3358359397439021 0.5 0
3.323837012033156 0.5 0
3.3118380843224142 0.5 0
3.299839156611668 0.5 0
3.2878402289009219 0.5 0
3.2758413011901801 0.5 0
3.263842373479434 0.5 0
3.2518434457686922 0.5 0
3.239844518057946 0.5 0
3.2278455903472012 0.5 0
3.215846662636459 0.5 0
3.2038477349257128 0.5 0
3.1918488072149671 0.5 0
3.1798498795042209 0.5 0
3.1678509517934792 0.5 0
3.155852024082737 0.5 0
3.1438530963719882 0.5 0
3.131854168661246 0.5 0
3.1198552409504998 0.5 0
3.1078563132397581 0.5 0
3.0958573855290119 0.5 0
3.0838584578182702 0.5 0
3.071859530107524 0.5 0
3.0598606023967778 0.5 0
3.0478616746860361 0.5 0
3.0358627469752899 0.5 0
3.0238638192645451 0.5 0
3.0118648915537989 0.5 0
2.9998659638430571 0.5 0
2.987867036132315 0.5 0
2.9758681084215648 0.5 0
2.9638691807108231 0.5 0
2.9518702530000769 0.5 0
2.9398713252893351 0.5 0
2.927872397578589 0.5 0
2.9158734698678468 0.5 0
2.9038745421571051 0.5 0
2.8918756144463562 0.5 0
2.879876686735614 0.5 0
2.8678777590248679 0.5 0
2.8558788313141221 0.5 0
2.8438799036033799 0.5 0
2.8318809758926342 0.5 0
2.819882048181888 0.5 0
2.8078831204711432 0.5 0
2.795884192760401 0.5 0
2.7838852650496548 0.5 0
2.7718863373389131 0.5 0
2.75988740962817 0.5 0
2.7478884819174252 0.5 0
2.735889554206679 0.5 0
2.7238906264959328 0.5 0
2.7118916987851911 0.5 0
2.6998927710744449 0.5 0
2.6878938433637032 0.5 0
2.675894915652957 0.5 0
2.6638959879422122 0.5 0
2.651897060231466 0.5 0
2.6398981325207198 0.5 0
2.6278992048099781 0.5 0
2.6159002770992359 0.5 0
2.6039013493884902 0.5 0
2.591902421677748 0.5 0
2.5799034939669991 0.5 0
2.567904566256257 0.5 0
2.5559056385455108 0.5 0
2.543906710834769 0.5 0
2.531907783124026 0.5 0
2.5199088554132811 0.5 0
2.507909927702535 0.5 0
2.4959109999917888 0.5 0
2.483912072281043 0.5 0
2.4719131445703009 0.5 0
2.459914216859556 0.5 0
2.447915289148813 0.5 0
2.4359163614380681 0.5 0
2.423917433727325 0.5 0
2.4119185060165762 0.5 0
2.399919578305834 0.5 0
2.3879206505950878 0.5 0
2.3759217228843461 0.5 0
2.3639227951736039 0.5 0
2.3519238674628582 0.5 0
2.339924939752112 0.5 0
2.3279260120413672 0.5 0
2.315927084330625 0.5 0
2.3039281566198788 0.5 0
2.2919292289091331 0.5 0
2.2799303011983909 0.5 0
2.2679313734876452 0.5 0
2.255932445776899 0.5 0
2.2439335180661542 0.5 0
2.231934590355412 0.5 0
2.2199356626446689 0.5 0
2.2079367349339241 0.5 0
2.195937807223181 0.5 0
2.1839388795124361 0.5 0
2.17193995180169 0.5 0
2.1599410240909438 0.5 0
2.1479420963802021 0.5 0
2.1359431686694559 0.5 0
2.123944240958711 0.5 0
2.111945313247968 0.5 0
2.0999463855372231 0.5 0
2.0879474578264769 0.5 0
2.0759485301157312 0.5 0
2.063949602404989 0.5 0
2.0519506746942469 0.5 0
2.0399517469835011 0.5 0
2.0279528192727589 0.5 0
2.0159538915620101 0.5 0
2.003954963851267 0.5 0
1.9919560361405251 0.5 0
1.97995710842978 0.5 0
1.9679581807190341 0.5 0
1.9559592530082881 0.5 0
1.9439603252975459 0.5 0
1.9319613975868 0.5 0
1.919962469876054 0.5 0
1.9079635421653121 0.5 0
1.895964614454567 0.5 0
1.8839656867438239 0.5 0
1.8719667590330791 0.5 0
1.8599678313223329 0.5 0
1.8479689036115869 0.5 0
1.835969975900845 0.5 0
1.823971048190103 0.5 0
1.8119721204793571 0.5 0
1.7999731927686109 0.5 0
1.7879742650578689 0.5 0
1.775975337347123 0.5 0
1.7639764096363779 0.5 0
1.751977481925632 0.5 0
1.73997855421489 0.5 0
1.7279796265041441 0.5 0
1.7159806987934021 0.5 0
1.7039817710826559 0.5 0
1.69198284337191 0.5 0
1.679983915661168 0.5 0
1.667984987950422 0.5 0
1.6559860602396801 0.5 0
1.643987132528935 0.5 0
1.631988204818192 0.5 0
1.6199892771074429 0.5 0
1.6079903493967009 0.5 0
1.595991421685955 0.5 0
1.583992493975209 0.5 0
1.5719935662644671 0.5 0
1.559994638553722 0.5 0
1.5479957108429789 0.5 0
1.5359967831322301 0.5 0
1.5239978554214879 0.5 0
1.511998927710746 0.5 0
-1.5 0.5 0
1.4880444644194111 0.50003739116205637 0
1.4760889577329419 0.50008242757044852 0
1.464133741366715 0.50017624288718066 0
1.4521789367137581 0.50031324790939413 0
1.4402246413247499 0.50048915492842172 0
1.4282709809862071 0.50070394758796943 0
1.41631808054747 0.50095750867283251 0
1.4043660558081299 0.50124946715902297 0
1.3924150347414239 0.50157995438489855 0
1.380465124837758 0.5019484492957148 0
1.368516444140399 0.50235483418881954 0
1.356569105888574 0.5027989637165019 0
1.3446232030792691 0.50328015423538774 0
1.3326788604750111 0.50379862126187236 0
1.3207361567993721 0.50435358699755672 0
1.308795193854795 0.5049448097458259 0
1.2968560740535131 0.50557214587332089 0
1.2849188507683871 0.50623460264011699 0
1.2729836447398371 0.50693247344479064 0
1.2610505011976401 0.50766475834740643 0
1.249119497489122 0.50843106759739687 0
1.2371907178764689 0.50923129281798751 0
1.2252641670656721 0.51006414173326209 0
1.2133399696488989 0.51092997386183703 0
1.201418123254403 0.51182761161707357 0
1.189498670019989 0.51275649199987539 0
1.1775816903426719 0.51371657544443716 0
1.1656671333038959 0.51470628652772032 0
1.1537551110461941 0.5157260340095654 0
1.1418455812741 0.51677451461775692 0
1.129938548566042 0.51785096619462245 0
1.1180340824987809 0.51895545094676554 0
1.106132076597266 0.5200861347366379 0
1.0942326301526231 0.52124344903559572 0
1.082335667786398 0.5224260243102945 0
1.0704411433263421 0.52363287681627002 0
1.058549126872141 0.52486419554049468 0
1.046659451295531 0.52611792281384884 0
1.0347722052521089 0.52739447591815125 0
1.0228872822323001 0.52869248472404484 0
1.0110045867050319 0.53001072598907584 0
0.99912419003895536 0.53134953040428712 0
0.98724587275693054 0.53270666231599428 0
0.97536970540082435 0.53408247880562765 0
0.96349556388294588 0.53547567663513562 0
0.95162330049562016 0.53688478480489776 0
0.93975299245475896 0.53831027560035816 0
0.92788437718478534 0.53974979262628542 0
0.91601750130642956 0.54120357835235178 0
0.90415223711853554 0.54267046318520451 0
0.892288386184801 0.54414873177190437 0
0.8804260339156208 0.5456389816982059 0
0.86856488799223053 0.5471388029062243 0
0.85670496510410354 0.54864826450094717 0
0.84484614811973791 0.55016639230193198 0
0.83298819400629998 0.55169124323456853 0
0.82113119546613667 0.55322350862247094 0
0.80927484722895782 0.5547607981649243 0
0.7974191305631918 0.55630295031383059 0
0.78556395248010924 0.55784923845913359 0
0.77370903492521292 0.5593975219638474 0
0.76185447503490389 0.56094854229347868 0
0.7499999728491612 0.56250000355169849 0
0.73814547067681036 0.56405146481267698 0
0.72629091077852248 0.56560248513473332 0
0.71443599320603979 0.56715076863037417 0
0.70258081512085824 0.5686970567632238 0
0.69072509845940133 0.57023920888575663 0
0.67886875022423587 0.57177649840973865 0
0.66701175167621396 0.57330876376880413 0
0.65515379755465597 0.57483361466855054 0
0.64329498056534484 0.57635174243624276 0
0.63143505767201658 0.57786120398485463 0
0.61957391173936072 0.5793610251533825 0
0.60771155945881994 0.58085127503039147 0
0.59584770851343671 0.58232954356256084 0
0.58398244432651447 0.58379642834057199 0
0.57211556843412548 0.58525021400121846 0
0.56024695316157147 0.58668973096496713 0
0.54837664510865214 0.58811522169093555 0
0.5365043817055809 0.58952432978541891 0
0.52463024017948368 0.59091752754105453 0
0.51275407281748775 0.59229334394473676 0
0.50087575551983132 0.59365047577488073 0
0.48899535883960271 0.5949892801014246 0
0.47711266329994889 0.59630752127071585 0
0.46522774028142949 0.59760552998248495 0
0.45334049423686018 0.59888208298194945 0
0.44145081864174263 0.60013581015438366 0
0.42955880217120052 0.60136712877194187 0
0.41766427769066988 0.60257398116447314 0
0.40576731530330878 0.60375655632937053 0
0.39386786884690328 0.60491387050753864 0
0.38196586294501372 0.6060445541766204 0
0.37006139688099382 0.60714903880346849 0
0.35815436416638607 0.60822549024886496 0
0.34624483439692172 0.60927397072863931 0
0.3343328109630711 0.61029371817265488 0
0.32241825508042549 0.61128342902171895 0
0.31050127538643191 0.61224351232782914 0
0.29858182214569762 0.6131723925646565 0
0.28665997574393948 0.61407003017775452 0
0.2747357783244605 0.61493586215628593 0
0.26280922751618879 0.61576871092096841 0
0.25088044791627601 0.61656893598818685 0
0.23894944419269609 0.61733524508073745 0
0.22701630063888209 0.61806752982906132 0
0.21508109460895361 0.61876540047268458 0
0.2031438713271087 0.61942785707767323 0
0.19120475151661001 0.62005519304266776 0
0.17926378855837979 0.62064641562375378 0
0.16732108488211531 0.62120138119443025 0
0.15537674226193099 0.62171984805197433 0
0.14343083945833501 0.6222010384003519 0
0.131483501204051 0.6226451677571293 0
0.1195348205036624 0.62305155247578281 0
0.1075849105789997 0.62342004721470079 0
0.095633889495438426 0.6237505342654871 0
0.083681864945317319 0.6240424925711725 0
0.071728964273888085 0.62429605348479678 0
0.059775304144192583 0.62451084596231909 0
0.04782100849193565 0.62468675280794517 0
0.035866203837247687 0.62482375765119735 0
0.02391101466962858 0.62492162198105294 0
0.011955569406863049 0.62498038988911775 0
-4.1829849584118514e-09 0.62499999999999989 0
-0.011955577707212121 0.62498038986189919 0
-0.02391102290340608 0.62492162192711631 0
-0.035866212004542548 0.62482375757095276 0
-0.047821016592473398 0.62468675270189711 0
-0.059775312178367387 0.6245108458310844 0
-0.071728972240577712 0.62429605332866944 0
-0.083681872844362584 0.62404249239089449 0
-0.095633897326866571 0.62375053406152592 0
-0.10758491834326631 0.62342004698756448 0
-0.1195348281993294 0.62305155222636466 0
-0.13148350883292881 0.62264516748551191 0
-0.14343084701955569 0.6222010381074865 0
-0.15537674975727619 0.62171984773830913 0
-0.1673210923104905 0.62120138086051047 0
-0.1792637959204747 0.62064641527057773 0
-0.19120475881039031 0.62005519267035991 0
-0.2031438785528025 0.61942785668728106 0
-0.21508110176749221 0.61876540006473835 0
-0.2270163077311069 0.61806752940397269 0
-0.23894945121640121 0.61733524463982159 0
-0.25088044257163628 0.61656893633920395 0
-0.26280923784604232 0.61576871021368507 0
-0.27473578514078878 0.61493586167079795 0
-0.28665998248960911 0.61407002967874047 0
-0.29858182882801931 0.61317239205286656 0
-0.31050128200173788 0.61224351180342518 0
-0.32241826162409509 0.61128342848623518 0
-0.33433281743797738 0.61029371762657858 0
-0.34624484080635543 0.60927397017198726 0
-0.35815437051143112 0.60822548968289714 0
-0.37006140315669289 0.60714903822849497 0
-0.38196586915336261 0.60604455359359299 0
-0.393867874992883 0.60491386991675655 0
-0.40576732137941662 0.60375655573172338 0
-0.41766428369922459 0.60257398056114109 0
-0.42955880811179947 0.6013671281628441 0
-0.44145082451668982 0.60013580954033541 0
-0.4533405000443248 0.59888208236398777 0
-0.46522774602240519 0.5976055293605349 0
-0.47711266897970162 0.596307520645598 0
-0.48899536445295011 0.59498927947360591 0
-0.50087576106311005 0.59365047514570934 0
-0.51275407829688469 0.59229334331442618 0
-0.52463024559673976 0.59091752690926858 0
-0.53650438705812675 0.58952432915381847 0
-0.54837665039470795 0.58811522105968495 0
-0.5602469583758054 0.58668973033549232 0
-0.57211557358148235 0.58525021337390248 0
-0.5839824494043877 0.58379642771545426 0
-0.59584771353178712 0.58232954293971972 0
-0.60771156441516694 0.58085127441014162 0
-0.61957391662227557 0.5793610245377655 0
-0.63143506249508141 0.57786120337317415 0
-0.64329498532114293 0.57635174182899918 0
-0.65515380224266606 0.57483361406703515 0
-0.66701175630049248 0.57330876317257728 0
-0.67886875478208653 0.57177649781957129 0
-0.69072510296138179 0.57023920830131425 0
-0.70258081956606877 0.56869705618403843 0
-0.71443599758846088 0.56715076805834319 0
-0.72629091508502464 0.56560248457171014 0
-0.73814547490921834 0.56405146425866881 0
-0.74999997700814802 0.56250000300764658 0
-0.76185447912664483 0.56094854175788345 0
-0.77370903895679288 0.5593975214367668 0
-0.78556395645151533 0.5578492379407517 0
-0.79741913447702761 0.5563029498038804 0
-0.80927485107927166 0.55476079766508057 0
-0.82113119924155586 0.55322350813361576 0
-0.83298819771872046 0.55169124275591108 0
-0.84484615176546407 0.55016639183415128 0
-0.85670496868404777 0.54864826404384237 0
-0.86856489150368976 0.54713880246088697 0
-0.88042603737105718 0.54563898126255916 0
-0.89228838957183998 0.54414873134804176 0
-0.90415224044731712 0.54267046277206032 0
-0.91601750456521658 0.5412035779511748 0
-0.92788438038383569 0.5397497922364124 0
-0.93975299558294934 0.53831027522271568 0
-0.95162330357149427 0.53688478443758259 0
-0.96349556690195826 0.53547567627889225 0
-0.97536970835795622 0.53408247846075307 0
-0.98724587564663835 0.53270666198358285 0
-0.9991241928635417 0.5313495300836919 0
-1.011004589471759 0.53001072567963414 0
-1.022887284932698 0.52869248442683703 0
-1.0347722078712169 0.52739447563440944 0
-1.0466594538309291 0.52611792254406176 0
-1.0585491293486149 0.52486419528165384 0
-1.070441145740767 0.5236328765687156 0
-1.08233567014105 0.52242602407385863 0
-1.0942326324621721 0.52124344880842799 0
-1.106132078832136 0.52008613452181107 0
-1.1180340846572021 0.51895545074406768 0
-1.1299385506423341 0.5178509660043944 0
-1.141845583292652 0.51677451443770539 0
-1.1537551129913719 0.51572603384062887 0
-1.165667135189205 0.5147062863687184 0
-1.177581692130071 0.51371657529817016 0
-1.189498671739132 0.51275649186359651 0
-1.2014181249082889 0.5118276114904049 0
-1.21333997123271 0.51092997374467386 0
-1.22526416856483 0.51006414162648561 0
-1.237190715841525 0.50923129295731984 0
-1.2491194988057039 0.50843106751092826 0
-1.2610505024509671 0.50766475826872826 0
-1.2729836459149659 0.50693247337435665 0
-1.2849188518722461 0.50623460257721098 0
-1.296856075091932 0.50557214581721677 0
-1.308795194837729 0.50494480969565259 0
-1.3207361577183541 0.50435358695347132 0
-1.3326788613204541 0.50379862122386809 0
-1.3446232038494459 0.50328015420315753 0
-1.3565691065734979 0.50279896368997312 0
-1.368516444156707 0.5023548341882389 0
-1.3804651254035869 0.50194844927737636 0
-1.3924150352594169 0.50157995436974523 0
-1.4043660562777891 0.50124946714679131 0
-1.4163180807541309 0.50095750866811595 0
-1.428270981354234 0.50070394758075709 0
-1.4402246414135971 0.50048915492697044 0
-1.452178936982125 0.50031324790588072 0
-1.464133741560522 0.50017624288527651 0
-1.4760889578726091 0.50008242756969556 0
-1.4880444645051749 0.50003739116181656 0
-10 0.5 0
-1.511975267877737 0.5 0
-1.523950535755475 0.5 0
-1.535925803633212 0.5 0
-1.54790107151095 0.5 0
-1.559876339388687 0.5 0
-1.571851607266425 0.5 0
-1.583826875144162 0.5 0
-1.5958021430219 0.5 0
-1.607777410899637 0.5 0
-1.6197526787773739 0.5 0
-1.631727946655112 0.5 0
-1.643703214532849 0.5 0
-1.655678482410587 0.5 0
-1.667653750288324 0.5 0
-1.679629018166062 0.5 0
-1.691604286043799 0.5 0
-1.703579553921537 0.5 0
-1.715554821799274 0.5 0
-1.7275300896770109 0.5 0
-1.739505357554749 0.5 0
-1.7514806254324859 0.5 0
-1.763455893310224 0.5 0
-1.775431161187961 0.5 0
-1.787406429065699 0.5 0
-1.799381696943436 0.5 0
-1.811356964821174 0.5 0
-1.823332232698911 0.5 0
-1.8353075005766479 0.5 0
-1.847282768454386 0.5 0
-1.8592580363321229 0.5 0
-1.871233304209861 0.5 0
-1.883208572087598 0.5 0
-1.895183839965336 0.5 0
-1.907159107843073 0.5 0
-1.919134375720811 0.5 0
-1.931109643598548 0.5 0
-1.943084911476286 0.5 0
-1.955060179354023 0.5 0
-1.967035447231761 0.5 0
-1.979010715109498 0.5 0
-1.9909859829872349 0.5 0
-2.0029612508649728 0.5 0
-2.0149365187427102 0.5 0
-2.026911786620448 0.5 0
-2.038887054498185 0.5 0
-2.0508623223759228 0.5 0
-2.0628375902536602 0.5 0
-2.074812858131398 0.5 0
-2.086788126009135 0.5 0
-2.0987633938868719 0.5 0
-2.1107386617646098 0.5 0
-2.1227139296423472 0.5 0
-2.134689197520085 0.5 0
-2.146664465397822 0.5 0
-2.1586397332755589 0.5 0
-2.1706150011532972 0.5 0
-2.1825902690310341 0.5 0
-2.194565536908772 0.5 0
-2.2065408047865089 0.5 0
-2.2185160726642472 0.5 0
-2.2304913405419842 0.5 0
-2.242466608419722 0.5 0
-2.254441876297459 0.5 0
-2.2664171441751968 0.5 0
-2.2783924120529342 0.5 0
-2.290367679930672 0.5 0
-2.302342947808409 0.5 0
-2.3143182156861459 0.5 0
-2.3262934835638842 0.5 0
-2.3382687514416212 0.5 0
-2.350244019319359 0.5 0
-2.362219287197096 0.5 0
-2.3741945550748329 0.5 0
-2.3861698229525712 0.5 0
-2.398145090830309 0.5 0
-2.410120358708046 0.5 0
-2.4220956265857829 0.5 0
-2.4340708944635212 0.5 0
-2.4460461623412582 0.5 0
-2.458021430218996 0.5 0
-2.4699966980967329 0.5 0
-2.4819719659744708 0.5 0
-2.4939472338522082 0.5 0
-2.5059225017299331 0.5 0
-2.517897769607655 0.5 0
-2.529873037485376 0.5 0
-2.5418483053630978 0.5 0
-2.5538235732408201 0.5 0
-2.5657988411185331 0.5 0
-2.5777741089962229 0.5 0
-2.5897493768739142 0.5 0
-2.6017246447516049 0.5 0
-2.6136999126292948 0.5 0
-2.625675180506986 0.5 0
-2.6376504483846648 0.5 0
-2.64962571626234 0.5 0
-2.6616009841400148 0.5 0
-2.6735762520176891 0.5 0
-2.6855515198953639 0.5 0
-2.6975267877730391 0.5 0
-2.7095020556507139 0.5 0
-2.7214773235283891 0.5 0
-2.7334525914060639 0.5 0
-2.7454278592837391 0.5 0
-2.7574031271614139 0.5 0
-2.7693783950390878 0.5 0
-2.781353662916763 0.5 0
-2.7933289307944391 0.5 0
-2.805304198672113 0.5 0
-2.8172794665497878 0.5 0
-2.829254734427463 0.5 0
-2.8412300023051378 0.5 0
-2.853205270182813 0.5 0
-2.8651805380604878 0.5 0
-2.877155805938163 0.5 0
-2.8891310738158378 0.5 0
-2.9011063416935121 0.5 0
-2.9130816095711869 0.5 0
-2.925056877448863 0.5 0
-2.9370321453265369 0.5 0
-2.9490074132042121 0.5 0
-2.9609826810818869 0.5 0
-2.9729579489595621 0.5 0
-2.9849332168372369 0.5 0
-2.9969084847149121 0.5 0
-3.008883752592586 0.5 0
-3.0208590204702621 0.5 0
-3.032834288347936 0.5 0
-3.0448095562256108 0.5 0
-3.056784824103286 0.5 0
-3.0687600919809608 0.5 0
-3.080735359858636 0.5 0
-3.0927106277363108 0.5 0
-3.104685895613986 0.5 0
-3.1166611634916608 0.5 0
-3.1286364313693351 0.5 0
-3.1406116992470099 0.5 0
-3.152586967124686 0.5 0
-3.1645622350023599 0.5 0
-3.1765375028800351 0.5 0
-3.1885127707577099 0.5 0
-3.2004880386353851 0.5 0
-3.2124633065130599 0.5 0
-3.2244385743907351 0.5 0
-3.236413842268409 0.5 0
-3.2483891101460851 0.5 0
-3.260364378023759 0.5 0
-3.2723396459014338 0.5 0
-3.284314913779109 0.5 0
-3.2962901816567838 0.5 0
-3.308265449534459 0.5 0
-3.3202407174121338 0.5 0
-3.332215985289809 0.5 0
-3.3441912531674829 0.5 0
-3.356166521045159 0.5 0
-3.3681417889228329 0.5 0
-3.380117056800509 0.5 0
-3.3920923246781829 0.5 0
-3.4040675925558581 0.5 0
-3.4160428604335329 0.5 0
-3.4280181283112081 0.5 0
-3.4399933961888829 0.5 0
-3.4519686640665581 0.5 0
-3.463943931944232 0.5 0
-3.4759191998219068 0.5 0
-3.487894467699582 0.5 0
-3.4998697355772568 0.5 0
-3.5142045489422928 0.5 0
-3.533998256117977 0.5 0
-3.5573058817534711 0.5 0
-3.581256417508945 0.5 0
-3.6052069532644211 0.5 0
-3.629157489019895 0.5 0
-3.6531080247753711 0.5 0
-3.677058560530845 0.5 0
-3.7010090962863198 0.5 0
-3.724959632041795 0.5 0
-3.7489101677972712 0.5 0
-3.7728607035527451 0.5 0
-3.7968112393082198 0.5 0
-3.820761775063696 0.5 0
-3.8447123108191699 0.5 0
-3.868662846574646 0.5 0
-3.8926133823301199 0.5 0
-3.916563918085596 0.5 0
-3.9405144538410699 0.5 0
-3.964464989596526 0.5 0
-3.9884155253519382 0.5 0
-4.0123660611073504 0.5 0
-4.0363165968627293 0.5 0
-4.0602671326180797 0.5 0
-4.0842176683734284 0.5 0
-4.1081682041287788 0.5 0
-4.1321187398841284 0.5 0
-4.1560692756394788 0.5 0
-4.1800198113948284 0.5 0
-4.2039703471501779 0.5 0
-4.2279208829055266 0.5 0
-4.2518714186608779 0.5 0
-4.2758219544162266 0.5 0
-4.299772490171577 0.5 0
-4.3237230259269266 0.5 0
-4.3476735616822761 0.5 0
-4.3716240974376266 0.5 0
-4.3955746331929761 0.5 0
-4.4195251689483257 0.5 0
-4.4434757047036761 0.5 0
-4.4674262404590257 0.5 0
-4.4913767762143753 0.5 0
-4.5153273119697257 0.5 0
-4.5392778477250744 0.5 0
-4.5632283834804248 0.5 0
-4.5871789192357753 0.5 0
-4.6111294549911239 0.5 0
-4.6350799907464744 0.5 0
-4.659030526501823 0.5 0
-4.6829810622571726 0.5 0
-4.706931598012523 0.5 0
-4.7308821337678726 0.5 0
-4.754832669523223 0.5 0
-4.7787832052785726 0.5 0
-4.8027337410339221 0.5 0
-4.8266842767892726 0.5 0
-4.8506348125446221 0.5 0
-4.8745853482999717 0.5 0
-4.8985358840553221 0.5 0
-4.9224864198106708 0.5 0
-4.9464369555660213 0.5 0
-4.9703874913213708 0.5 0
-4.9943380270767213 0.5 0
-5.0182885628320708 0.5 0
-5.0422390985874213 0.5 0
-5.0661896343427699 0.5 0
-5.0901401700981204 0.5 0
-5.1140907058534699 0.5 0
-5.1380412416088186 0.5 0
-5.1619917773641699 0.5 0
-5.1859423131195186 0.5 0
-5.209892848874869 0.5 0
-5.2338433846302186 0.5 0
-5.2577939203855681 0.5 0
-5.2817444561409186 0.5 0
-5.305694991896269 0.5 0
-5.3296455276516177 0.5 0
-5.3535960634069681 0.5 0
-5.3775465991623168 0.5 0
-5.4014971349176673 0.5 0
-5.4254476706730177 0.5 0
-5.4493982064283664 0.5 0
-5.4733487421837168 0.5 0
-5.4972992779390664 0.5 0
-5.5212498136944159 0.5 0
-5.5452003494497646 0.5 0
-5.5691508852051159 0.5 0
-5.5931014209604646 0.5 0
-5.6170519567158159 0.5 0
-5.6410024924711646 0.5 0
-5.664953028226515 0.5 0
-5.6889035639818779 0.5 0
-5.7128540997372914 0.5 0
-5.7368046354927023 0.5 0
-5.7607551712481717 0.5 0
-5.7847057070037096 0.5 0
-5.8086562427592474 0.5 0
-5.8326067785148261 0.5 0
-5.856557314270427 0.5 0
-5.8805078500260262 0.5 0
-5.9044583857816262 0.5 0
-5.9284089215372271 0.5 0
-5.9523594572928262 0.5 0
-5.9763099930484271 0.5 0
-6.0002605288040272 0.5 0
-6.0242110645596272 0.5 0
-6.0481616003152281 0.5 0
-6.072112136070829 0.5 0
-6.096062671826429 0.5 0
-6.1200132075820282 0.5 0
-6.1439637433376291 0.5 0
-6.1679142790932291 0.5 0
-6.19186481484883 0.5 0
-6.2158153506044291 0.5 0
-6.2397658863600292 0.5 0
-6.2637164221156301 0.5 0
-6.2876669578712292 0.5 0
-6.3116174936268301 0.5 0
-6.3355680293824319 0.5 0
-6.3595185651380319 0.5 0
-6.3834691008936311 0.5 0
-6.407419636649232 0.5 0
-6.431370172404832 0.5 0
-6.455320708160432 0.5 0
-6.479271243916032 0.5 0
-6.5032217796716321 0.5 0
-6.527172315427233 0.5 0
-6.5511228511828321 0.5 0
-6.5750733869384321 0.5 0
-6.5990239226940339 0.5 0
-6.6229744584496348 0.5 0
-6.646924994205234 0.5 0
-6.6708755299608349 0.5 0
-6.6948260657164349 0.5 0
-6.7187766014720349 0.5 0
-6.7427271372276349 0.5 0
-6.766677672983235 0.5 0
-6.790628208738835 0.5 0
-6.814578744494435 0.5 0
-6.838529280250035 0.5 0
-6.8624798160056359 0.5 0
-6.8864303517612377 0.5 0
-6.9103808875168369 0.5 0
-6.9343314232724369 0.5 0
-6.9582819590280378 0.5 0
-6.9822324947836369 0.5 0
-7.0061830305392379 0.5 0
-7.0301335662948379 0.5 0
-7.0540841020504379 0.5 0
-7.0780346378060379 0.5 0
-7.1019851735616379 0.5 0
-7.1259357093172389 0.5 0
-7.1498862450728389 0.5 0
-7.1738367808284398 0.5 0
-7.1977873165840398 0.5 0
-7.2217378523396407 0.5 0
-7.2456883880952399 0.5 0
-7.2696389238508399 0.5 0
-7.2935894596064408 0.5 0
-7.3175399953620399 0.5 0
-7.3414905311176408 0.5 0
-7.3654410668732408 0.5 0
-7.3893916026288409 0.5 0
-7.4133421383844409 0.5 0
-7.4372926741400427 0.5 0
-7.4612432098956427 0.5 0
-7.4851937456512427 0.5 0
-7.5091442814068428 0.5 0
-7.5330948171624428 0.5 0
-7.5570453529180437 0.5 0
-7.5809958886736428 0.5 0
-7.6049464244292428 0.5 0
-7.6288969601848438 0.5 0
-7.6528474959404438 0.5 0
-7.6767980316960438 0.5 0
-7.7007485674516438 0.5 0
-7.7246991032072456 0.5 0
-7.7486496389628456 0.5 0
-7.7726001747184457 0.5 0
-7.7965507104740457 0.5 0
-7.8205012462296457 0.5 0
-7.8444517819852457 0.5 0
-7.8684023177408458 0.5 0
-7.8923528534964467 0.5 0
-7.9163033892520467 0.5 0
-7.9402539250076458 0.5 0
-7.9642044607633657 0.5 0
-7.9881549965190919 0.5 0
-8.0121055322748393 0.5 0
-8.0360560680306889 0.5 0
-8.0600066037865403 0.5 0
-8.0839571395423881 0.5 0
-8.1079076752982395 0.5 0
-8.1318582110540909 0.5 0
-8.1558087468099387 0.5 0
-8.1797592825657901 0.5 0
-8.2037098183216397 0.5 0
-8.2276603540774893 0.5 0
-8.2516108898333407 0.5 0
-8.2755614255891921 0.5 0
-8.2995119613450417 0.5 0
-8.3234624971008913 0.5 0
-8.3474130328567426 0.5 0
-8.3713635686125905 0.5 0
-8.3953141043684418 0.5 0
-8.4192646401242932 0.5 0
-8.443215175880141 0.5 0
-8.4671657116359924 0.5 0
-8.491116247391842 0.5 0
-8.5150667831476916 0.5 0
-8.539017318903543 0.5 0
-8.5629678546593944 0.5 0
-8.586918390415244 0.5 0
-8.6108689261710936 0.5 0
-8.6348194619269449 0.5 0
-8.6587699976827945 0.5 0
-8.6827205334386441 0.5 0
-8.7066710691944937 0.5 0
-8.7306216049503451 0.5 0
-8.7545721407061947 0.5 0
-8.7785226764620443 0.5 0
-8.8024732122178939 0.5 0
-8.8264237479737453 0.5 0
-8.8503742837295967 0.5 0
-8.8743248194854463 0.5 0
-8.8982753552412959 0.5 0
-8.9222258909971472 0.5 0
-8.9461764267529951 0.5 0
-8.9701269625088464 0.5 0
-8.9940774982646978 0.5 0
-9.0180280340205456 0.5 0
-9.041978569776397 0.5 0
-9.0659291055322466 0.5 0
-9.0898796412880962 0.5 0
-9.1138301770439476 0.5 0
-9.137780712799799 0.5 0
-9.1617312485556486 0.5 0
-9.1856817843114982 0.5 0
-9.2096323200673496 0.5 0
-9.2335828558231974 0.5 0
-9.2575333915790488 0.5 0
-9.2814839273349001 0.5 0
-9.305434463090748 0.5 0
-9.3293849988465993 0.5 0
-9.3533355346024489 0.5 0
-9.3772860703582985 0.5 0
-9.4012366061141499 0.5 0
-9.4251871418700013 0.5 0
-9.4491376776258509 0.5 0
-9.4730882133816543 0.5 0
-9.497038749137257 0.5 0
-9.5209892848928561 0.5 0
-9.544939820648354 0.5 0
-9.5688903564037027 0.5 0
-9.5928408921590531 0.5 0
-9.6167914279144018 0.5 0
-9.6407419636697522 0.5 0
-9.6646924994251027 0.5 0
-9.6886430351804531 0.5 0
-9.7125935709358018 0.5 0
-9.7365441066911522 0.5 0
-9.7604946424465009 0.5 0
-9.7844451782018513 0.5 0
-9.8083957139572018 0.5 0
-9.8323462497125522 0.5 0
-9.8562967854679009 0.5 0
-9.8802473212232513 0.5 0
-9.9041978569786 0.5 0
-9.9281483927339504 0.5 0
-9.9520989284893009 0.5 0
-9.9760494642446496 0.5 0
-10 0.47706791484281807 0
-10 0.44658926520669978 0
-10 0.40506886788735358 0
-10 0.3485062988462776 0
-10 0.27144983304171 0
-10 0.1809844525192324 0
-10 0.090492226259616171 0
-0.017883383232610271 0.61491949321005668 0
0.065565785486189285 0.61402931909367131 0
0.1383470950778754 0.61231810971381817 0
0.20854323578641329 0.60967878473371506 0
0.27997053067172811 0.60449044496348114 0
0.35128956614032802 0.59841183390415531 0
0.42256380118844611 0.59164479147373317 0
0.49380991712691569 0.58433029571535333 0
0.56524439755296596 0.5754326630480151 0
0.63605864512844024 0.56684108782093656 0
0.70715726537158119 0.55866503047843885 0
0.7783319886292448 0.5486337946231501 0
0.84949709141097229 0.53940929119140435 0
0.92033269187741729 0.53001821526187587 0
0.99200849346316522 0.52170726874310969 0
1.0634291439688259 0.51391567860729104 0
-0.089737885315578594 0.61332348976157469 0
-0.16089912339987231 0.61109474360263372 0
-0.23236868272420111 0.60768491089656895 0
-0.30373517750620471 0.60236088856798731 0
-0.3750552632371047 0.59626328116006877 0
-0.44634125782798678 0.58951630888175055 0
-0.51750066998900235 0.58132037253057889 0
-0.58864472202642848 0.57278736548248377 0
-0.66006978794524707 0.56353959891207817 0
-0.73091180379886789 0.55483963011789816 0
-0.80164618255440789 0.54508646244582715 0
-0.87319116252804063 0.53608533547358461 0
-0.94372011736418449 0.52639935432774365 0
-1.0161101085343689 0.51880161231180921 0
1.1230265260277219 0.5080557376091035 0
1.184055929160766 0.5032404877017862 0
1.2424649008490809 0.49846596376989788 0
1.302300960863211 0.49517877428992169 0
1.3621626593587031 0.49220177882969052 0
1.4217431163604739 0.49026105816171489 0
1.482015725582962 0.48967568678615297 0
-1.075351300567186 0.51281247496261795 0
-1.1349561313308889 0.50696347274898801 0
-1.194651784540109 0.50194408208707386 0
-1.254419423661512 0.49768746382975487 0
-1.314266404539244 0.49455797341743452 0
-1.3741467587865239 0.49205324708656312 0
-1.4340610983062561 0.49020470617380518 0
-1.4939995965476089 0.48963107544026241 0
1.5419962469876021 0.48950602472294619 0
-1.5538887054498169 0.48959676822098319 0
-1.6137650448384999 0.48991498385945847 0
-1.6733010662840091 0.48940332966369482 0
-1.733517723615877 0.48959823421700299 0
-1.7933940630045631 0.48959952978603027 0
-1.853270402393252 0.4896000144342918 0
-1.913146741781941 0.48959620792661668 0
-1.973023081170632 0.48990698277133993 0
-2.0328994205593078 0.48991176261938801 0
-2.092775759948005 0.48962911380075558 0
-2.1526520993366951 0.48990475168501391 0
-2.2125284387253932 0.48990451101302479 0
-2.27240477811405 0.48991080299342421 0
-2.3322811175027489 0.4899059052149185 0
-2.3921574568914412 0.48959579772206802 0
-2.4520337962801251 0.48960001273734283 0
-2.5119101356688041 0.48959973772859361 0
-2.57212592746761 0.48940605815839622 0
-2.6316628144458281 0.4895968725770119 0
-2.6915391538341988 0.48962911377597768 0
-2.7514154932225749 0.48990418870449909 0
-2.8112918326109502 0.48962911380081009 0
-2.8709179684994131 0.49077173847944211 0
-2.9310445113877228 0.48962884653209382 0
-2.991264121480774 0.48940100691012761 0
-3.0507971901644502 0.48962911380080992 0
-3.1106735295528249 0.48990865296232811 0
-3.1705498689411979 0.48959724618576889 0
-3.2304262083295652 0.48962882378397171 0
-3.290302547717959 0.48969912550770472 0
-3.350518664688281 0.48940474076603901 0
-3.4100552264946851 0.48990899041370578 0
-3.4695901915907039 0.48940427069590892 0
1.601990885541329 0.48953843905695837 0
1.661985524095055 0.48956223538713062 0
1.721625700099453 0.48937589133291731 0
1.7819748012024961 0.48960841237758862 0
1.84232393854098 0.48937797111374359 0
1.9019640783099401 0.48960862374910041 0
1.960692607393915 0.48981074511177491 0
2.0219533554173812 0.48908504273510728 0
2.0819479939710961 0.48948281761519358 0
2.1419426325248239 0.48985665720861049 0
2.201937271078557 0.48954312708748549 0
2.261931909632263 0.48956474417871548 0
2.3232018589656729 0.4898430507675629 0
2.381921186739715 0.48958166097503392 0
2.4419158252934521 0.48957414659631893 0
2.5022716257635431 0.48935817488091932 0
2.5619051024008872 0.48960862246376419 0
2.6223015416091622 0.48928497702493218 0
2.6818943795083401 0.4898440514558996 0
2.7418890180620519 0.48952812839549342 0
2.8022495479873042 0.48934584258810598 0
2.8615228124278089 0.48937173669201972 0
2.9218729337232081 0.48965993913972677 0
2.981867572276927 0.48990676839582392 0
3.0418622108306939 0.48956954262989699 0
3.101856849384379 0.48954953909996579 0
3.1618514879381139 0.48952713288012212 0
3.2215500184117958 0.48935950859423788 0
3.2818407650455521 0.48950525921925891 0
3.3418354035992639 0.48953784728116367 0
3.4018300421529961 0.48955774908949762 0
3.461824680706691 0.48990178374072518 0
3.5221756365885879 0.48937914108631231 0
3.581813957814175 0.48960832378102248 0
3.6421663654458758 0.48936569867282909 0
3.7018032349216128 0.48954229048898551 0
3.7617978734753148 0.48951643173474579 0
3.821378484481166 0.4895172473760695 0
3.881395115371947 0.48930159720333588 0
3.9414113950567211 0.48934007033284699 0
4.0017764276902286 0.48993296596841629 0
4.0617710662439608 0.48957972164985858 0
4.121682981259128 0.48982578085747303 0
4.1804818657974687 0.48983684610442552 0
4.2417549819051148 0.48989543839817112 0
4.3017496204588239 0.48960862378432107 0
4.3621454616248947 0.48928598664050837 0
4.4213276692133716 0.48926917676600878 0
4.481733536119993 0.48960712493127589 0
4.5417281746736906 0.4895507415647643 0
4.6021692684137063 0.49104433232863298 0
4.6617174517811826 0.48993500190917599 0
4.7217120903348917 0.4899347543289323 0
4.7817067288886008 0.48957271826769128 0
4.8417013674423028 0.48955030750535639 0
4.9016960059960244 0.48952137008788232 0
4.9616906445497708 0.48948832249255242 0
5.0220597292382996 0.48809492642037378 0
5.0816799216572663 0.48953725173685991 0
5.1416745602109577 0.48960777842288211 0
5.2016691987646784 0.48989830408588481 0
5.2620200026263149 0.48937917959779398 0
5.3216584758721073 0.48960832784071961 0
5.3820107159041459 0.48936609966298672 0
5.4416477529795069 0.48954690420443991 0
5.5016423915332684 0.48985646001867461 0
5.5616370300869509 0.48960862054627818 0
5.6226315792832517 0.48955445670206638 0
5.6820668687115088 0.48820174368820368 0
5.7416209457481582 0.48960862378432268 0
5.8016155843018904 0.4895795748201362 0
5.8616102228556883 0.48958224675857959 0
5.9216048614093291 0.48957458054201469 0
5.9815994999630009 0.48955796221152997 0
6.041594138516774 0.48960862378432268 0
6.1019893850462363 0.48928699146981858 0
6.1615834156242224 0.48960553291582681 0
6.2215780541778303 0.48960710095501481 0
6.2815726927317321 0.48955024465233149 0
6.3427260904726399 0.48939494242634279 0
6.4015619698391664 0.48958118579261339 0
6.461556608392832 0.48960862378432107 0
6.5219066836520074 0.48937188016392652 0
6.5842215692495589 0.48777951864646552 0
6.6415405240538918 0.48952205687799871 0
6.7015351626077484 0.48948912533178202 0
6.7615298011614913 0.48995502592981832 0
6.8215244397151604 0.48960862378432268 0
6.8811578014932069 0.48935793371425901 0
6.9415137168226204 0.48960862376863079 0
7.0011506642037888 0.48937860125545002 0
7.0611291231919333 0.49054836997574958 0
7.1214976324836332 0.48956820683411689 0
7.181492271037504 0.48954743463495087 0
7.2414869095911918 0.48951341058033981 0
7.3013100770705019 0.49002956647572199 0
7.3614761866987388 0.4895153717695957 0
7.421470825252392 0.48970580033319178 0
7.4814654638061207 0.48960796450053978 0
7.5414601023598138 0.48957918184392912 0
7.6014547409135709 0.4895818135139996 0
7.6614493794672764 0.48957482840272221 0
7.7214440180209367 0.48955840406398671 0
7.7814386565747178 0.48994102309872217 0
7.8414332951284278 0.48960862378432418 0
7.9029405500280951 0.48931795413199208 0
7.9614225722359544 0.48952615650192949 0
8.0214172107894282 0.48954877624995052 0
8.0810560560755 0.48937080675026529 0
8.1414064878971857 0.48958109787691328 0
8.2014011264509339 0.4898162124554773 0
8.2613396150278913 0.49051021080443952 0
8.3213904035581692 0.48955567428177338 0
8.3813850421116882 0.48952467988962539 0
8.4413796806657331 0.48949407690411167 0
8.5013743192194884 0.48971619886988399 0
8.5609911607653792 0.48932653774543161 0
8.6213635963267787 0.48956058873882091 0
8.6810036351985929 0.4893750448288548 0
8.7413528734342592 0.48958198993329632 0
8.8013475119878439 0.48927355508136899 0
8.8613421505418088 0.48957994499858659 0
8.9213367890957116 0.48960777782577031 0
8.9813314276495575 0.48953641964750638 0
9.0413260662035793 0.48948093614677007 0
9.1013207047577609 0.48950757678507789 0
9.1613153433122818 0.4895450287583949 0
9.2209517791783018 0.48936467885588769 0
9.2813046204203449 0.48960862378424502 0
9.3416577559769554 0.48937818517311937 0
9.4012938975287383 0.48960862378424502 0
9.4612885360829235 0.48956282808414309 0
9.5216586534970684 0.48933071824500057 0
9.5818444101768936 0.48873908391542498 0
9.641272451745607 0.48948955576263992 0
9.7012670902995453 0.48952105901199378 0
9.76126172885402 0.48954923994481669 0
9.8225359947823865 0.48986965575708841 0
9.8812510059622021 0.48958100575456209 0
9.9412456445161297 0.48960838646719068 0
10.000343367704559 0.48955186230192882 0
10.06159912902894 0.48935196021583488 0
10.12122956017881 0.4895541227849094 0
10.18122419873294 0.48949072244855529 0
10.24121883728726 0.48950216239930971 0
10.30121347584147 0.48960862378443198 0
10.36120811439552 0.48956016709498013 0
10.42120275294975 0.48957341963298467 0
10.48119739150393 0.49000824221293782 0
10.541192030057911 0.48990377922917427 0
10.601186668612311 0.48957521237986867 0
10.661181307166361 0.48954447335211931 0
10.72117594572061 0.48951925885532632 0
10.7823639562013 0.48980155383471558 0
10.841165222828961 0.48951392615212258 0
10.90115986138313 0.48954034612366498 0
10.96115449993732 0.4895632332812736 0
11.02114913849134 0.48957710453152431 0
11.081143777045559 0.48960862377179359 0
11.139860497425399 0.48983827512506928 0
11.20113305415394 0.4895599413236762 0
11.261127692708129 0.48975917367860089 0
11.32112233126216 0.48950353235088773 0
11.38232583325439 0.48991430299669658 0
11.43883730221218 0.48663164468809722 0
11.50110624692484 0.48987747241935597 0
11.561100885479281 0.48957142745318538 0
11.62109552403318 0.48958112431310141 0
11.68109016258737 0.48958179737004359 0
11.74108480114158 0.48989511693778032 0
11.801079439695339 0.48955659390167777 0
11.86107407825018 0.4895303737447384 0
11.921068716803999 0.48949570184817343 0
11.981063355358341 0.48950137952435258 0
12.041057993912061 0.48994248941431828 0
12.1010526324667 0.49000453983450348 0
12.161047271020751 0.4896644596570644 0
12.22104190957501 0.48958143662140807 0
12.28103654812919 0.48958010146438419 0
12.34103118668296 0.48956920471669102 0
12.401025825237481 0.48993736449727709 0
12.46102046379122 0.48951995664196052 0
12.52101510234583 0.48960862378424502 0
12.581009740900191 0.48951840378783118 0
12.64100437945365 0.48987181342122887 0
12.7009990180084 0.48960862378424419 0
12.76099365656253 0.48990284513640808 0
12.82063124305315 0.48937889208674978 0
12.88098293367046 0.48957554714850549 0
12.940977572225011 0.48956036002136177 0
13.001346871946881 0.4893322039553879 0
13.060966849333861 0.48950427771833771 0
13.12106429500778 0.49065794753527248 0
13.180956126441179 0.48996432379025479 0
13.24079099219432 0.49068740208945261 0
13.30094540354901 0.48989231932775179 0
13.360584843616619 0.48937895162803469 0
13.42093468065694 0.48993408847297731 0
13.480929319210761 0.48957140264819332 0
13.5442656517684 0.48102413467355809 0
13.63699386148722 0.47921724756864542 0
-3.524101402530134 0.48522191710907858 0
13.73298528317317 0.47921724756864542 0
13.82796649687103 0.47059624671889139 0
13.924968126545069 0.47921724756864542 0
14.01855976268884 0.48235830951139452 0
14.119350755459291 0.48233730710977307 0
14.21294239160296 0.47921724756864542 0
14.306534027746601 0.48229884082468921 0
14.40492523497482 0.47921724756864542 0
14.50091665666085 0.47828513255943772 0
14.596908078346781 0.47921724756864542 0
14.69289950003273 0.47921724756864692 0
14.78881673043564 0.48005245474578778 0
14.884882343404611 0.47921724756864609 0
14.97847397954844 0.48233405035205351 0
15.076865186776381 0.47828519253703983 0
15.172856608462521 0.47921724756864692 0
15.268848030148479 0.47921724756864542 0
15.36483391540219 0.46899592710189691 0
15.460830873520401 0.47921724756864542 0
15.556822295206301 0.47921724756864542 0
15.652813716892259 0.47921724756864542 0
15.748804182625911 0.47928984360169918 0
15.847196345806211 0.48234091599650741 0
15.94078798195013 0.47921724756864542 0
16.03437961809394 0.4822925486595902 0
16.135170610864371 0.48233845429356642 0
16.22876224700801 0.47782088018158148 0
16.324753668694019 0.47921724756864842 0
16.418345304837629 0.48234758326966981 0
16.516731781183701 0.47995430682930568 0
16.612727933751831 0.47921724756864692 0
16.709707096389529 0.48131154382706609 0
16.807110562665731 0.48235618805300429 0
16.900702198809441 0.47881512087929229 0
16.99669362049567 0.47921724756864542 0
17.091563830264629 0.47122090278375511 0
17.191076249409601 0.48229972236369428 0
17.284667885553471 0.47921724756864692 0
17.380659307239711 0.4769238517795254 0
17.47449069313403 0.47572748588245523 0
17.57264215061133 0.47921724756864842 0
17.666233786755289 0.48261871189328859 0
17.762225208440881 0.48145764698917209 0
17.86061641566921 0.47921724756864692 0
17.953196520432499 0.47318659954069281 0
18.052599259041148 0.47921724756864542 0
18.148588195999491 0.47993909075909053 0
18.24436071081098 0.47364233704176012 0
18.34297330964112 0.48229558895851121 0
18.438964731326848 0.48261133449001697 0
18.53255636747096 0.47921724756864692 0
18.629022853681821 0.48059526961985449 0
18.72216437785892 0.47587129265655448 0
18.82238790337853 0.47755864684842941 0
18.916334347219099 0.47969972234899322 0
19.014854979916141 0.47586304030155457 0
19.108374980430568 0.47975355721812701 0
19.20449631927265 0.47921724756864542 0
19.30048774095853 0.47898003289145868 0
19.398878948186649 0.4823185142392884 0
19.492470584330469 0.47921724756864542 0
19.588462006016432 0.47921724756864542 0
19.68685321324471 0.48235331495964129 0
19.780444849388061 0.47828884115865677 0
19.877114593098021 0.48136275789404298 0
19.972721588901891 0.48130162601331739 0
20.070818899988129 0.4822891424018102 0
20.166810321674252 0.48232903664253068 0
20.262801743360509 0.48235263254843369 0
20.356393379504201 0.47828894157800589 0
20.454784586732309 0.48234898610665289 0
20.550776008418229 0.48232183677724938 0
20.645325416348651 0.47645660482678343 0
20.741192615685009 0.47649057066672118 0
20.83835030921886 0.47618019153726532 0
20.929942124077201 0.48132170365391241 0
21.02593354576382 0.4811974302855615 0
21.126324574276751 0.47561213306169181 0
21.220316174677709 0.47921724756864542 0
21.3183074176488 0.47608946543301722 0
21.41053603674683 0.48107766974813632 0
21.510485764463439 0.47532946239564622 0
21.606218215068921 0.47529949681280581 0
21.701960326463681 0.47527526021093702 0
21.797687267810989 0.47524625621753303 0
21.890876420987301 0.47634665144644761 0
21.986836032525559 0.47631835496586278 0
22.082794308682761 0.47627765964926638 0
22.178750472802449 0.47622390217772381 0
22.27470461209613 0.47615771513393468 0
22.372213234909101 0.47921724756864542 0
22.465804871052999 0.48105618438040432 0
22.5621962569959 0.47660377566278572 0
22.65778771442378 0.48108430356831883 0
22.756178921652829 0.47921724756864542 0
22.85217034333883 0.47921724756864542 0
22.94816176502485 0.47921724756864542 0
23.046552972253771 0.4823212708164471 0
23.142544393938621 0.48234868359055683 0
23.23613603008285 0.47828891079810809 0
23.332127451768681 0.47921724756864542 0
23.428118873454689 0.47921724756864542 0
23.524110295140488 0.47921724756864542 0
23.6201017168265 0.47921724756864542 0
23.716093138512619 0.47921724756864542 0
23.812084560198951 0.47727390473473591 0
23.90855808294868 0.48060771832636801 0
24.003904994286142 0.47640819726572359 0
24.097659039714141 0.48230328685749541 0
24.198450032484899 0.4823179246329139 0
24.29444145417099 0.48234685426638491 0
24.388033090314121 0.47828864982253388 0
24.484024512000168 0.47921724756864542 0
24.580015933686191 0.47921724756864542 0
24.675465639213641 0.48070131949051742 0
24.774398562599881 0.48231620048111112 0
0.031408815044258923 0.041677626135836032 0
-0.1630345694576171 0.039423357130180928 0
0.22408365834777971 0.040997335006047693 0
-0.36045467526578062 0.048229080447329778 0
0.43133168751829309 0.043256139306113758 0
-0.57613215914090721 0.038738226550604868 0
0.63799770773016606 0.040292361490780172 0
0.78157193211651821 0.040058860559653152 0
-0.76934798872495369 0.040174488943313637 0
0.92890978347220488 0.042934439693995581 0
-0.91726127079611974 0.043256139306113758 0
-1.074829907622554 0.038400492234794067 0
1.079716010718851 0.047291382402544102 0
-1.215482733253554 0.044504622089967062 0
1.229333316668745 0.036779208944885101 0
-3.5956267389622369 0.48244192882129089 0
-3.6913905246070291 0.47591701698794853 0
-3.7864886185384599 0.47867386070525259 0
-3.8806379335150938 0.47997788527227409 0
-3.9742822957612178 0.47618712884947351 0
-4.0722424004957496 0.47925822760162051 0
-4.1646908166080268 0.46861181984971201 0
-4.2638466865385549 0.47925822760162051 0
-4.3598651027845854 0.48027693672667682 0
-4.4533067142087983 0.47575536894011661 0
-4.5512531156027514 0.47925822760161979 0
-4.6470552586241434 0.47925822760162051 0
-4.7428574016455496 0.47925822760161979 0
-4.8362644910913977 0.48238309463430368 0
-4.9344616876883443 0.47925822760162018 0
-5.0335919740145343 0.47336523772924788 0
-5.1260659737311443 0.47925822760161979 0
-5.2221607987491589 0.4828366400724301 0
-5.3176702597739398 0.47925822760162051 0
-5.4134724027953389 0.47925822760161979 0
-5.5141696516771841 0.47403021114057059 0
-5.6074717424136722 0.48265029227958312 0
-5.7008788318595869 0.47925822760158709 0
-5.796680974881478 0.47925822760145748 0
-5.8949186397533184 0.47068175391969852 0
-5.9899542173708094 0.46966972850736483 0
-6.0854509057825954 0.4696912125253162 0
-6.1797565360592728 0.46878912974099379 0
-6.2756916899934296 0.47925822760140357 0
-6.3714938330158351 0.47925822760140357 0
-6.4672959760382431 0.47925822760140291 0
-6.5618136252791679 0.46944906825189409 0
-6.6589455053494602 0.47044723019208923 0
-6.7561711193053053 0.46931558894751468 0
-6.8526111704407473 0.47019549289247331 0
-6.9485061574326448 0.47031197554353071 0
-7.0447089721049476 0.46990444922933389 0
-7.1406649249407694 0.46886710029051282 0
-7.2313180666419283 0.48238334910767339 0
-7.3313622656104593 0.47046907913638208 0
-7.4229223526866646 0.4823826137224167 0
-7.5187244957090478 0.48238483909367041 0
-7.6145266387314638 0.48238386270849992 0
-7.7103287817538693 0.48238364793231342 0
-7.807959091124256 0.4807647204579012 0
-7.9043281213742436 0.47925822760140319 0
-8.0002934574179534 0.47622733582472732 0
-8.0955887234904402 0.48045493873052392 0
-8.1937304284233683 0.47604322041158043 0
-8.2875366934671231 0.47925822760118669 0
-8.3857338900661258 0.48074422533230537 0
-8.4789734845362847 0.48020935402658033 0
-8.5749431225373005 0.47925822760118669 0
-8.6731403191362997 0.48238488125036177 0
-8.7665474085841204 0.47925822760118669 0
-8.8623495516075312 0.47925822760118669 0
-8.9581516946309332 0.47925822760118669 0
-9.0539538376543245 0.47925822760118669 0
-9.1497559806777105 0.47925822760118669 0
-9.2479531772767505 0.48238341838358673 0
-9.3413602667245303 0.47925822760118669 0
-9.4371624097479145 0.47925822760120668 0
-9.5329645527705829 0.4792582276015559 0
-9.628766695792093 0.47925822760161979 0
-9.7251032327120033 0.48072045570462341 0
1.386181939411151 0.046402790838277842 0
-1.366792256900925 0.043256139306113758 0
10.570752818580081 0.043256139306553733 0
8.7726288741425744 0.043256139306550652 0
8.1685486007696966 0.040269324052067922 0
9.3717684604943408 0.043163908815924232 0
-1.7653745041176401 0.040232586466615837 0
7.5738795778514412 0.043256139306441427 0
11.161649810997501 0.041703066573061873 0
9.9704253563553671 0.047633843687285321 0
6.9751497759507117 0.045922435491766 0
-2.371083945447749 0.040821354112478572 0
6.3749647221204588 0.041081045367763039 0
11.770305245270871 0.040377346973769643 0
5.7743142467757451 0.043879376753638392 0
-2.066156806345691 0.042333373911725848 0
-1.5143143970259849 0.042076413512619093 0
12.375697618880221 0.048013109116410352 0
5.1819492631399733 0.044143869219056921 0
1.931053603718738 0.04372001531303412 0
4.6291887170244443 0.039665177092114728 0
12.96288201859767 0.044478324013831637 0
4.0188030243826711 0.038105419479495473 0
2.5293485401821858 0.039855208104721832 0
3.4375884399446091 0.04575845575973967 0
2.8261305871012068 0.051117933690558899 0
3.129673261961563 0.045167549414601799 0
13.26728782036815 0.042254271291595411 0
2.2278920292448769 0.038983075344052973 0
12.66833028445085 0.041749008819535582 0
3.7245891007826581 0.045062867937619433 0
1.630080983797773 0.043256139306114522 0
12.073559505027429 0.038023082384848667 0
13.470598441925659 0.041375245991643952 0
-1.9089201624478509 0.040379967474118567 0
9.6710502283270898 0.039127468191014321 0
12.822497669564189 0.043173166077792008 0
2.3828212008614851 0.040604278489354023 0
1.777729335618671 0.039727889301667187 0
12.218337857783951 0.03900055754092286 0
2.9786739421121888 0.043256139306113758 0
11.626848494541511 0.042777119432774471 0
5.3244385607891997 0.044168481932900627 0
3.571987794126898 0.041725658300683033 0
4.3237185302748937 0.038044151240859948 0
11.46981479079883 0.043256139306553733 0
11.02111099147419 0.040924079292704023 0
5.9272890389476434 0.040993188359451968 0
4.177423238391671 0.043256139306112988 0
10.41751696767999 0.044264289160499133 0
-2.2144902236361981 0.042935602015817198 0
4.7749155278803403 0.038992800021407342 0
6.5328824273292589 0.040972200906168828 0
9.8286615767732446 0.049109127049207862 0
10.86672035106945 0.044251917263999047 0
9.0797985451710321 0.040886357272259123 0
4.9295354299532983 0.040472324565146073 0
7.123608626729113 0.037677524767847963 0
9.22329173351085 0.041574314335756729 0
7.7292593933003628 0.043843820509117629 0
10.275851540895379 0.043509609162982403 0
5.4760683093611018 0.043256139306113758 0
8.6172584625740107 0.041107883080546442 0
8.4742006615397649 0.040960365246886073 0
8.3207602104217493 0.044047856737630772 0
8.0234105639603222 0.043256139306553733 0
6.0704005612102243 0.041154629845056689 0
8.9223313943772276 0.042126688146957247 0
7.4232626974696494 0.049616023521608522 0
7.8706196408423992 0.044399075667305533 0
6.6764178932049489 0.040705270008902152 0
9.5223044344285057 0.045865755703650847 0
6.8246612676755127 0.043256139306113758 0
7.2819024801977621 0.049224111835486493 0
10.12133172971053 0.042077677454565268 0
4.4771105624615366 0.043256139306113758 0
6.2252866195357814 0.043256139306113758 0
-2.5159572439629589 0.041708633489511773 0
10.715468286602659 0.040124374244279462 0
3.8778240665640582 0.044239163393512623 0
5.621911116866408 0.04028543284323783 0
11.321429134828159 0.042358215049724673 0
3.2726551134007491 0.046448257627158471 0
11.91874714686392 0.043095544126405753 0
2.687661526582926 0.038852919763157627 0
13.118095073199839 0.043256139306552192 0
12.51736877034875 0.047473058314399817 0
2.0796119699025781 0.043256139306113758 0
-2.672567413095019 0.047826431643712621 0
-2.8330533843671768 0.052607778471966522 0
1.027705313021648 0.51771738271714784 0
-0.98011295898503792 0.52307754861563427 0
0.95633524055772501 0.52586697535606108 0
-0.90881184856311414 0.53165132863150699 0
0.88638493484995973 0.53465558609493113 0
-0.83759193095431317 0.54062659047385619 0
0.8138684044417881 0.5436930025484521 0
-0.76774956112052051 0.54994831149460754 0
0.7423637086127739 0.55283205443920702 0
-0.69531368406940297 0.55917130098600953 0
0.67160988843810243 0.56224524147092148 0
-0.62420195006511281 0.56831032288888106 0
0.60051667576367374 0.57145660078023575 0
-0.5533049890899655 0.57767552453964333 0
0.52939564414818296 0.58023462640581225 0
-0.48190935034171672 0.585330984646387 0
0.45819083882159489 0.58806609571092783 0
-3.0193189564957321 0.05175192895622558 0
-0.41068937158248048 0.5928374302840691 0
0.38693766511488942 0.59517177287505085 0
-0.33940380532104619 0.59944380363974858 0
0.31565323321973338 0.60175470809432396 0
-0.26806096201085577 0.60516831601604859 0
0.24481391947738529 0.60523532853961681 0
-0.19663004554472041 0.60937974260447791 0
0.17246451288137399 0.61038325074906807 0
-0.12515655689477251 0.61247887022575132 0
0.1013227073371764 0.61321369233509493 0
0.029463099694832941 0.61430699928280119 0
-0.053645453073172561 0.61422380019299339 0
13.62118454212667 0.044509653780343411 0
-9.8214433045247382 0.47683351372516941 0
13.78906536841497 0.056794479980005398 0
24.845992164608049 0.47660788831590711 0
-3.2158845154486349 0.062328777353024049 0
13.96417182983798 0.052635291845730792 0
-3.4318426817676859 0.062624845862742168 0
14.15643396678586 0.05295101950121571 0
14.36067540470448 0.060095585897620707 0
14.5865349473198 0.065518069124450157 0
-3.660423571279328 0.067598174793403604 0
14.825023939481881 0.070963795013353509 0
-3.9023412718886328 0.085106513412884569 0
-9.8922225891009621 0.47925822760162051 0
15.07610268972503 0.074739947711520982 0
-4.1716444855786081 0.074060387802454247 0
15.2703770517927 0.093741204845210757 0
24.92333667375372 0.24918019051388959 0
-4.3580976678513519 0.082102810502887341 0
15.470689688102841 0.080953420279890234 0
-7.9521366188508518 0.086512278612330198 0
19.156097180578239 0.080963804992666977 0
-5.6528925153247904 0.086471414630105825 0
16.755679705620199 0.080243866683115644 0
24.0539912989484 0.087977518371258626 0
21.553595773161561 0.086512278613104385 0
-5.4499329232172684 0.084017943266448319 0
-7.752345069470624 0.086512278612398658 0
-8.1519281682309437 0.086512278612227517 0
24.250781689817781 0.086512278613104385 0
23.851198591053851 0.086512278613104385 0
16.55880703861305 0.086512278613104385 0
-5.8360159322495901 0.102092005066445 0
19.35588872996021 0.083641131207533317 0
21.753387322543439 0.083692036238612155 0
16.958390137376881 0.086512278613104385 0
21.350877001597521 0.088031831281751322 0
16.362047726811621 0.079025257521163544 0
21.956097417331449 0.087998943055010173 0
-4.5523117868093728 0.083957325810018385 0
18.956305631196301 0.079711732864477927 0
-5.2679308654940318 0.078724174118168441 0
24.450573239199642 0.086512278613104385 0
-8.3517197176108589 0.086512278612227517 0
-7.5525535200901972 0.086512278612448271 0
18.751732183304039 0.078917003216353962 0
-6.0541168997370454 0.086512278612448271 0
19.55568027934212 0.083802534616534086 0
23.651407041671799 0.08366196526062615 0
22.152970421307391 0.086512278613104385 0
21.15401267439773 0.086512278613104385 0
-9.7502605632738426 0.086512278612667484 0
-5.0680388697139733 0.085128170357741673 0
19.755246571426959 0.084081416118513483 0
-8.5515112669907722 0.086512278612229043 0
-7.3527619707097793 0.086512278612448271 0
16.159917113904012 0.095326726217957111 0
17.264596470106191 0.094506936521453935 0
18.547295521244411 0.083417903110183295 0
-6.2512507690956989 0.088020797653062893 0
20.95422112501565 0.086512278613104385 0
23.448656707506611 0.087979916332481173 0
17.45818333014055 0.08519623538995065 0
-9.5504690138929167 0.086512278612667484 0
-4.8627709495347817 0.087970662599727703 0
24.650364788581701 0.086512278613101304 0
-8.7513028163706856 0.086512278612229043 0
-7.1564975693200008 0.087607220538508168 0
23.25182394290805 0.086512278613104385 0
-6.450341393848122 0.08791048021792594 0
-9.3506774645119854 0.086512278612667484 0
15.87421903908521 0.090672087067700996 0
-8.9510943657507198 0.086512278612333654 0
19.95258524028414 0.077766494370027722 0
-6.9531788719489382 0.086512278612448271 0
22.554653947090301 0.091037777641967799 0
-6.6576299856045988 0.08414049222909227 0
-9.1508859151311643 0.086512278612471336 0
15.659745066394301 0.086512278613104385 0
18.047393449358431 0.086024050605759586 0
20.354846476869952 0.086512278613104385 0
20.753048521359961 0.091391558775774054 0
22.751247836953731 0.090701768851576839 0
22.352761970689361 0.086512278613107452 0
18.24735859480268 0.079922521956710763 0
20.155054927488031 0.086512278613105925 0
17.65766056021371 0.08383559433450441 0
20.556373242211521 0.091398520667266836 0
17.85745210959568 0.086512278613105925 0
23.049691287217339 0.091693688479315819 0
-9.942141260697257 0.3099780659439938 0
24.91841100243575 0.47557253211299871 0
1.458044170590433 0.4898565506927961 0
-1.4580377927766439 0.48985145617921549 0
-1.4100827565231391 0.49071758592268833 0
1.3981117908660441 0.49131245380805499 0
-1.350498932010723 0.49245405696282812 0
1.3381952473232801 0.49315807684852841 0
1.2786620589204489 0.49600321247247903 0
-1.290311444631639 0.49552627897002799 0
-1.2305094785417201 0.49943302529450451 0
1.21819702750481 0.49996516042823608 0
-1.1707599880156569 0.50385869793508165 0
1.1588249972792231 0.50486256965358445 0
1.505991757467217 0.48962485081181262 0
-1.1110999897713529 0.50917553910711399 0
1.099175671402453 0.51034925696639299 0
-1.0515285914101691 0.51532064092946328 0
13.369495329750441 0.040463816502720067 0
5.0766227922831204 0.04070560482630646 0
-1.6168126533410709 0.042506610545002411 0
0.12950124663882381 0.041765798380252198 0
1.471314336417044 0.036168731743814193 0
-0.072683276594895097 0.045005388984470013 0
0.52930246811696469 0.042705053677877192 0
-0.27493261234857458 0.036432676547886803 0
-0.46707612874359122 0.043116986020472273 0
0.33425922344723419 0.040792838352141911 0
-0.66567568895637153 0.04664930523332695 0
-1.517961671014564 0.48959970419140392 0
13.50304883570039 0.48635736090154991 0
12.79699043969482 0.48990673069338958 0
12.84498615053837 0.48958054855465488 0
11.057145921623979 0.48958122991644509 0
11.105497410446 0.48937909840736632 0
9.3670214466586614 0.48760228401203681 0
9.3173014035529533 0.48958132255480868 0
7.6254525963350197 0.48958019278748621 0
7.5774568854920776 0.48958191530542178 0
1.757976945781009 0.48958135189846291 0
1.805972656623986 0.48977351854708578 0
5.8856080782770883 0.48958003948074852 0
5.8376123674340983 0.48960842592359632 0
3.5458171746819152 0.48993327519133723 0
3.497821463838974 0.48958000350723552 0
4.1461189320171714 0.48937902425585278 0
4.0977678493761784 0.48958217560404049 0
5.2376659818968818 0.489579870357571 0
5.2856616927398408 0.48993317271498571 0
2.4059190421612069 0.48960836642542171 0
2.357565728145933 0.48937864152848742 0
7.0255062107978379 0.48960840800529559 0
6.9775104999548576 0.48990575309676732 0
8.7653507288558004 0.48968512091657429 0
8.7173550180128334 0.4895809721198468 0
10.45719953608222 0.48958086686639102 0
10.5048389360215 0.48937914281612499 0
12.19704405415338 0.48957929597408423 0
12.24503976499626 0.4895822508234689 0
13.397294344914551 0.4893786898278959 0
13.444932536078291 0.48957976457681868 0
11.705088018009119 0.48957806367591927 0
11.65709230716589 0.48958202199901751 0
9.9172477890946471 0.48958223578185839 0
9.9655980496939094 0.48937813961564952 0
8.2253989818722921 0.48957773605129501 0
8.1774032710292577 0.48974560112417242 0
6.4379170487694282 0.489378296874312 0
6.4855544638142337 0.48957941750212031 0
2.945870789144724 0.48958205867779497 0
2.8978750783017322 0.48967363113528373 0
4.7457099457563601 0.48957926228895488 0
4.6980727356890988 0.48937818306774378 0
4.6377195963596893 0.48957720169158447 0
3.0058654276984398 0.48957714762519988 0
6.3772096897231627 0.48937758772586187 0
8.117408632475442 0.48957885980607763 0
9.8568987534641437 0.48937730118013051 0
11.59709766861161 0.48957636130854443 0
13.33694218668183 0.48990055209280209 0
-1.7694435272490949 0.48977630080434348 0
-1.8173445987600381 0.48959101915937708 0
-2.4879595999133408 0.48959064377119288 0
-2.5358606714242389 0.48959511018275448 0
-3.3142530834732891 0.48991155831805022 0
-3.2663520119626028 0.48959426180571392 0
-3.2064756725742121 0.48991186454529562 0
-2.595458810177977 0.49080877976813542 0
-1.8772209381487319 0.48959174590334947 0
-1.7095671878604051 0.48959781272106462 0
12.305034403550829 0.48957716194974871 0
10.565189885479761 0.48957452122960221 0
-2.428083260524649 0.48994459427157899 0
8.8253453674094544 0.48957674450338767 0
-3.3738069742291459 0.49087041471456899 0
-3.1465993331858262 0.48991512901709922 0
7.0855008493515594 0.48957652969111137 0
2.297928692764506 0.48970034798813927 0
5.3456563312936147 0.48957631082505138 0
-2.6556133502011829 0.48959894369758489 0
4.0377732108224702 0.48957354777655199 0
3.6058118132356358 0.48957608790845519 0
5.7776177288804718 0.48957327926850253 0
1.8659672951777071 0.4898971584878864 0
7.5174622469384609 0.48957544465889391 0
-1.937097277537418 0.48959515274663079 0
-1.6496908484717161 0.48990882184614892 0
9.2573067649988001 0.48957281381406759 0
10.99715128306975 0.48957253498294862 0
-2.3682069211359722 0.48959560337857039 0
12.737350366698889 0.4893716344154358 0
-3.4336653884579169 0.48940319741727661 0
-3.0870632576093642 0.48940345949457581 0
-2.7154896895895502 0.48959669925828009 0
12.90498078909271 0.48957043029869463 0
-1.9966337923150701 0.48940460303155242 0
11.165136271021611 0.48957011838983011 0
-1.589814509083034 0.48962885413706481 0
9.424936306521797 0.48936894320324392 0
7.6854472348888088 0.4895694824118309 0
1.697982307227283 0.48960862378432268 0
5.9456027168308161 0.48956915835030629 0
-2.308670212928253 0.48940520954685401 0
3.438182596468121 0.48936804270938478 0
4.2057581987728554 0.48956883024572712 0
5.1776713433431896 0.48956867159957029 0
2.465913680748586 0.48960829217644791 0
-3.4926995362486521 0.49169432651663247 0
6.9175158614010641 0.48956867138145249 0
-3.0271861642078042 0.48940569677876661 0
8.6573603794589484 0.48989216348142878 0
10.39720489752813 0.48956765726890961 0
-2.7750265664270031 0.48940597234393202 0
12.137049415599 0.48960862378424419 0
-2.056849956314784 0.4895989633787079 0
-2.248454242358576 0.48959929786757428 0
11.76508265656296 0.48956472847988852 0
10.02523813849208 0.48956420354780372 0
8.2853936204260208 0.48956734002731761 0
-2.966970315020701 0.48965712227667257 0
6.5455491023680823 0.489888474265603 0
2.83788043974802 0.48988832609804212 0
4.8057045843101163 0.4895666339660516 0
4.5780835722652533 0.48936106514864491 0
-2.834902682039087 0.4894068331133048 0
3.065860066252164 0.4895627950236886 0
6.3179282983970646 0.48936059277060201 0
8.0574139939220082 0.48978170688852762 0
9.797258511986362 0.48956163392676671 0
-2.116386407153164 0.48940686458601212 0
11.53710303005735 0.48956183762937699 0
13.2769475481279 0.48960816973820259 0
-2.1889180706046911 0.48940680562388311 0
-2.9070939756323568 0.48959818295808039 0
12.36502904210443 0.48955886909898721 0
10.625184524034029 0.48955792621972671 0
8.8853400059633554 0.48963153146694238 0
7.1454954879052899 0.48955756191562622 0
2.2379340542107902 0.48955681739684148 0
5.4056509698472741 0.48988323711089898 0
3.97777857226873 0.48955615522595908 0
3.6658064517893618 0.48988291502917658 0
5.717261193758941 0.48935664293160841 0
1.9263239616027139 0.48935637163488932 0
7.4571054587377699 0.48935612065969147 0
9.1976533029661542 0.49090612420428648 0
10.93715664451555 0.48955450815592472 0
12.677364895758149 0.4893501560987617 0
12.96497542764655 0.48960796939791212 0
11.22513090957562 0.4896079581488868 0
9.4852863915044132 0.48960862330746902 0
7.7454418734424886 0.48954953537365298 0
1.637987668673561 0.48955378780818198 0
6.0055973553845217 0.48954902284422203 0
3.3778321867315229 0.48977402966173528 0
4.2653856246709223 0.48934325449988653 0
5.1176767047894574 0.48955282102961328 0
2.525908319268654 0.4898774584663973 0
6.8575212228474323 0.48987729798043722 0
8.5973657409052784 0.48955183860709772 0
10.337210258973981 0.48955134154148661 0
12.0770547770448 0.48954614685449771 0
11.825077295117429 0.48954817456493688 0
10.08523277704629 0.48987352447307642 0
8.3453882589796038 0.48954200211080928 0
6.6051047351571066 0.4901356599064069 0
2.77788580119429 0.48962121298525818 0
4.8656992228638174 0.489607695090365 0
4.517730319252248 0.48960768756636869 0
3.125854704805882 0.48953937855572233 0
6.2575748373101998 0.48960767168267361 0
7.997419355368212 0.48953851514529562 0
9.7372638734321164 0.48953792681198238 0
11.477108391503229 0.489537334762914 0
13.21732805343269 0.48932828869758932 0
12.425023680659169 0.48953841446541391 0
10.685179162588071 0.48953238724089237 0
8.9453346445172848 0.4895372268317626 0
7.2054901264589839 0.489532315858762 0
2.1779394156570659 0.48953082930359409 0
5.4656456084010374 0.48953170241709998 0
3.917980393642996 0.49072909280336108 0
3.7258010903430989 0.4898178398036418 0
5.6572814836934509 0.48888034980745898 0
1.9859565722851491 0.48952922216272748 0
7.3974729698309698 0.48953451249657159 0
9.1373174878904955 0.4896789160178916 0
10.877162005961599 0.48908763053643839 0
12.617006524032449 0.48952696611721069 0
13.02497006620116 0.48986281833415751 0
11.28512554812972 0.48952169962133713 0
9.5451651589323685 0.49062874253915623 0
7.8054365119961844 0.48952678999362681 0
1.577993030119839 0.48960862378432418 0
6.0655919939382423 0.48952612887205182 0
3.317837548177768 0.48952581079116753 0
4.3257474758803216 0.48952546408756298 0
5.0572962992006483 0.48931244808325958 0
2.5859029578223618 0.48951822011277768 0
6.7979149744708547 0.48930455636599129 0
8.5374701344413015 0.49061006671696228 0
10.276643422732571 0.4885776724951208 0
12.017060138490949 0.48952244161984132 0
11.885071933671581 0.48951748386805449 0
10.14522741560034 0.48951042439312098 0
8.4053828975334675 0.48950968376057857 0
6.6655383794754242 0.48950893965978742 0
2.7178911626405569 0.48951056527295178 0
4.9256938614175123 0.48950819209606672 0
4.4577356806985318 0.48951427379053908 0
3.185849343359592 0.48951389587230171 0
0.0059609033528333112 0.61499924470465517 0
6.197580198756496 0.48951354734555619 0
7.9370296447756399 0.48929639586487689 0
9.6772692348780449 0.48950556430951481 0
11.41671755442278 0.48929447450987051 0
13.15735755822741 0.48928568927955568 0
12.485018319213459 0.48950164004813662 0
10.74517380114205 0.48950088411388981 0
9.0053292830711715 0.48949692836119257 0
7.2654847650127259 0.48949688383910828 0
2.1179447771033471 0.4894965005476194 0
5.5256402469547732 0.4894960830380497 0
3.8577892951612949 0.4898488805780844 0
3.7857957288968258 0.48949783064060981 0
5.5976338132192378 0.48949489236632249 0
2.0459512108388771 0.48950134681709723 0
7.3374783312771088 0.48949668952534059 0
9.0770298441595152 0.48922966756105968 0
10.81676190745964 0.48927881952435309 0
12.557011885478451 0.4894916358372956 0
13.084964704755111 0.48960565653427568 0
11.345120186683941 0.48948570352432269 0
9.6047533565504377 0.48944982323079478 0
7.8654311505500161 0.48948400827850291 0
6.1255866324919186 0.48996089322118491 0
3.25784290962407 0.48948995518589611 0
4.3869258332891468 0.49028748907838843 0
4.997687427682056 0.4896323646577459 0
2.6455146552435438 0.49102943728930959 0
6.7375319457399883 0.48948828288959628 0
8.477376463797853 0.48947922976468999 0
10.21722098186563 0.48948280651333659 0
11.95706549993691 0.48948574930954492 0
13.585860505342101 0.47467113822691681 0
20.404780857032449 0.48382854377449641 0
19.73157799475954 0.48114744007426352 0
20.884346198777092 0.47921724756864542 0
21.457894943350091 0.48237462447503071 0
21.556286150578259 0.47921724756864542 0
22.130634582276961 0.46948746241966549 0
22.034770900454021 0.4695191473533088 0
22.612191789124669 0.47886332807975579 0
22.710183032094019 0.47529986462970042 0
23.190540104781331 0.48235612176454118 0
23.284131740925289 0.47921724756864542 0
16.85270648796654 0.47828892339328077 0
23.86008027104144 0.47828811944928828 0
16.276757957851121 0.47921724756864542 0
16.373730453491909 0.46889992164354283 0
24.436028801156819 0.47921724756864542 0
15.12486089761955 0.47921724756864381 0
14.64481124810707 0.47981155170804213 0
13.972963837388219 0.47913319836867141 0
13.87697241570217 0.47921724756864542 0
14.54891236750373 0.47921724756864542 0
15.02886947593359 0.47921724756864542 0
15.700809427735409 0.4782890326146515 0
24.532020222842981 0.47921724756864542 0
17.43049462486108 0.47572708216676302 0
17.33266359639655 0.47921724756864542 0
18.00300123767131 0.48112413835774592 0
17.908612126512178 0.47628578709228442 0
-4.2159456150278656 0.47925822760161979 0
-4.3117477580492478 0.47925822760161979 0
-5.8445820463926319 0.47925822760141212 0
-7.5694259308799019 0.48054071617557231 0
-7.3750212811754512 0.48238361408462632 0
-7.2840092453042562 0.48238390683703158 0
-9.1018549091660219 0.47925822760118603 0
-4.4093973986572959 0.47575592655717341 0
-4.5050045294203098 0.47867359175472129 0
18.486927637666511 0.47586921851718861 0
18.579782997780761 0.48100517997250858 0
-8.7186463370724834 0.47925822760118669 0
-8.8120534265201798 0.48238322773846798 0
-7.6654339216750236 0.4808268044756428 0
-7.7630199604162016 0.48238547699266582 0
-7.0918435365716999 0.47577459195232369 0
-7.1858120487062056 0.47925822760140291 0
21.652277572264421 0.47921724756864542 0
-5.4592175179347464 0.47658924467714742 0
-4.6949563301348389 0.47925822760161979 0
-6.3217996223298636 0.47522922400579332 0
-6.2261812345555407 0.47530467661580789 0
-7.9522291928855111 0.47925822760135128 0
19.156500608429859 0.47828687365403061 0
-6.8984056196390604 0.47925822760140357 0
-9.4826684276839348 0.48238635046507738 0
-9.5808656242813477 0.47925822760162051 0
20.979387464270442 0.48303165420462141 0
-4.8855355287518627 0.48436824073589668 0
-4.7899352004361626 0.48409639446351582 0
-6.417881124568428 0.47501510158289811 0
-8.3330902681519738 0.47591463752127949 0
-8.4336349615778925 0.4823860498641212 0
-8.1438334789319828 0.47925822760118819 0
-6.8026034766166124 0.47925822760140291 0
-6.7082801515807349 0.47626635854226068 0
-9.6790628208783751 0.48238458268750339 0
-5.0781649022204629 0.47925822760162018 0
-4.9823627591990549 0.47925822760161979 0
-9.7724699103242134 0.47925822760161979 0
20.30905998468474 0.48403092261785252 0
-6.6095799762911618 0.47635040634364639 0
19.925773160315369 0.47350625032726829 0
19.827439529972921 0.48132688691505499 0
-8.2396356219554097 0.47925822760118603 0
-6.5137632428627992 0.47632926247694929 0
-3.6435278104731852 0.48264859834177942 0
20.7878065830505 0.48323573328004399 0
19.346083666259201 0.48155788830096252 0
19.252492030115711 0.47921724756864542 0
-5.1739670452418496 0.47925822760162051 0
-5.2721186597805696 0.47591465508327979 0
-8.0480313359085418 0.47925822760118753 0
18.676543500000069 0.47921724756864542 0
-8.5270420510256137 0.47925822760118603 0
-3.7369348999195342 0.47925822760151132 0
-3.8327370429414289 0.47925822760151132 0
21.938905969687799 0.46954069170741292 0
-5.3655714586460057 0.47997772389555787 0
18.19658639156976 0.47921724756864842 0
18.10059496988417 0.47921724756864542 0
-9.389261338236226 0.47925822760118603 0
-6.9942077626614463 0.47925822760140319 0
-7.8571595933465588 0.47349434771635468 0
17.618284944780431 0.47586574983326868 0
17.524644909977621 0.47993571763476928 0
-8.6228441940490494 0.47925822760118669 0
-6.1333444815015241 0.47643754902434232 0
-3.9285391859633392 0.47925822760151982 0
-4.0242056342997667 0.47978787448712867 0
-4.5991541070404791 0.47997781971825582 0
16.95269755222272 0.47630633464105782 0
-5.5547805637518914 0.48238282136395572 0
-5.6553312074179987 0.47591569508069809 0
-9.1956611742097731 0.47506351924989498 0
-9.2934591952127565 0.47925822760118819 0
23.668097427669512 0.47921724756864542 0
23.76168906381303 0.48235222894038537 0
16.47114058676539 0.48232786761627389 0
-8.9118275000649838 0.47613194288351141 0
-6.0375896990399429 0.47637338613038438 0
-5.9418621161801148 0.4762681051556521 0
-4.1201434720064576 0.47925822760161979 0
24.342437165013362 0.48235507064918642 0
15.794401063878841 0.48235494539463403 0
-5.7511749569459862 0.48238659518180887 0
-9.0053757850649774 0.48091788823843978 0
-7.4734305813745259 0.48027185862699801 0
15.220852319305511 0.47921724756864459 0
15.316843740991439 0.47921724756864692 0
14.740895210875699 0.47921724756864542 0
14.066555473531951 0.48235307507002761 0
14.16366586412447 0.46989111123054078 0
14.453076241519261 0.48015104599503222 0
14.9328824091172 0.47995095804821197 0
15.60719208413475 0.47587108472290662 0
16.17518859783624 0.4749108664024087 0
16.08237532893736 0.4816348651467981 0
23.956071692727999 0.47921724756864542 0
16.754315280738268 0.48234352976585609 0
23.38012316261181 0.47921724756864542 0
17.239071960252559 0.48231984215331219 0
22.801493943400128 0.47023290991511879 0
17.815020490368649 0.48231815664897743 0
22.22649763778853 0.46944597037876079 0
22.321980425931521 0.47042514257485057 0
19.060509186743541 0.47921724756864542 0
21.075188239313938 0.48294442219894562 0
19.6357219253544 0.48096528496106289 0
20.59877171926097 0.48313855238150621 0
20.500517010686512 0.48365109525222372 0
20.11766939959184 0.4845290909520894 0
20.21335567773944 0.4842626196792349 0
19.446874659030119 0.48231891983661668 0
21.268311885520699 0.47921724756864542 0
21.360906879788601 0.47333377401610532 0
18.774934707227899 0.48233356785524689 0
18.86749305982762 0.4768054492718366 0
21.844260580264539 0.46868031689872042 0
22.422608731294279 0.48295896974594349 0
22.518200188722709 0.47524684812103513 0
23.094548683095841 0.4823370420612908 0
17.043650029804489 0.47462498142770521 0
23.574505791526171 0.48299459028280572 0
16.56473222290882 0.47921724756864542 0
24.246445743327911 0.48233444621435118 0
24.150454321642119 0.48229739058998428 0
15.8937101101743 0.48122008228280538 0
15.98878369279303 0.47921724756864692 0
14.839010518516931 0.47689181436078121 0
13.68498957233024 0.47921724756864542 0
13.78338077955833 0.48232923597338601 0
14.26093810244608 0.47921724756864542 0
14.35908479775782 0.47655380432148059 0
15.412835162677441 0.47921724756864542 0
15.51082640564832 0.47520896523570533 0
24.628011644529138 0.47921724756864542 0
24.726402851757111 0.48229530290606482 0
24.05542127197117 0.46848263655556732 0
16.660152948723351 0.48074538895921248 0
23.476114584297971 0.47921724756864542 0
17.139739754479429 0.47149030554492949 0
22.89740121549027 0.47017816433846371 0
22.99855726141077 0.48230146690785058 0
17.714229497598271 0.48230301781489371 0
18.29497759879807 0.48229392098106499 0
18.390969020484182 0.4823164371213472 0
21.748268993950589 0.47921724756864542 0
18.962117979515291 0.48230457004682598 0
21.170320642549431 0.47663621603242901 0
19.542866080715839 0.48257251674539048 0
20.69203083548674 0.48335736823595632 0
20.021180331792891 0.47340278686850451 0
-9.9397640443516497 0.480755018366128 0
24.956522968113521 0.40634677391687951 0
-9.975104539673211 0.4273265336857045 0
24.963981620430712 0.47921724756864542 0
-9.9218836241442308 0.13724804254140879 0
24.849948017728341 0.08551915624160833 0
-9.976653673106167 0.45969641838555447 0
-3.504774045978456 0.48702792715042431 0
-3.508137002394073 0.4648103482091771 0
-3.5380595205623502 0.45976786934399883 0
-3.5189134466658598 0.42751871245276912 0
-3.5682348625863471 0.42430662029378891 0
-3.5305688906182899 0.3721628066181667 0
-3.5934151632012958 0.3590779063773184 0
-3.5469031155784649 0.30380365953558969 0
-3.4737793206610461 0.33141748579468638 0
-3.6205738182425549 0.28976041929769469 0
-3.668293383150345 0.35161767456049903 0
-3.6982521850731631 0.27827404968005942 0
-3.750928939282768 0.35090479756929549 0
-3.7782913417947159 0.26770331184942958 0
-3.828320187985824 0.32993928098607972 0
-3.4938017206467098 0.25160846900851702 0
-3.421057681767822 0.27160003116670689 0
-3.4011218083858319 0.34048984796559528 0
-3.3503331487751931 0.28959305844122712 0
-3.3371220201143168 0.36602359297033787 0
-3.284744401046265 0.30968976052619912 0
-3.3001043067200579 0.24011467104762621 0
-3.2329002775522371 0.25861117267826012 0
-3.2214459890565008 0.33694163177936498 0
-3.1677119325984511 0.27866652477583792 0
-3.1508920562133258 0.3436773824983288 0
-3.101884104637135 0.29494942251325512 0
-3.0868027834691132 0.36231681899251528 0
-3.0397082468992052 0.31348014667594271 0
-3.1182792818524079 0.2307284354657711 0
-3.0281067592392792 0.38176385152720232 0
-2.981125617032554 0.33134706757451171 0
-2.994648038690396 0.26927362536683808 0
-2.9347777765419671 0.28636161273417587 0
-2.9247041111766481 0.35572310947463232 0
-2.8756622337765938 0.30291483715784467 0
-2.862677799075303 0.36206899122757358 0
-2.8197480666925641 0.3189652247125695 0
-2.8332889535391552 0.26171643759948221 0
-2.777308567911517 0.27786209707388781 0
-2.7637909587011782 0.33357131683472352 0
-2.7225066661106281 0.29354528851464462 0
-2.7085944762403882 0.34918337865690768 0
-2.6691578009809782 0.31019311846100472 0
-2.6824472407949931 0.25547703231785279 0
-2.630083437054263 0.27083030159180438 0
-2.6169296805413929 0.32428099531922111 0
-2.5782855440395269 0.2847309128005201 0
-2.5652387792389151 0.334288699400972 0
-2.5284015929300852 0.29935703934469959 0
-2.5149753085200088 0.3571321019229079 0
-2.4794687355114409 0.31478018332532542 0
-2.491788902689557 0.26474787435843272 0
-2.4436181648823792 0.27863543243346961 0
-2.4312664772006669 0.32729415235085868 0
-2.3955266737860752 0.29212280966098481 0
-2.383294355544459 0.34045624744367742 0
-2.3474507701068679 0.30560969237054642 0
-2.3596849397072819 0.25721343251731471 0
-2.3116125398921858 0.27073888721633538 0
-2.2993442100711969 0.31918821830876809 0
-2.2635063536934998 0.28432362557066221 0
-2.2503651830601328 0.34307681009449559 0
-2.2152491198799011 0.29963658828018819 0
-2.1988919723496689 0.34970879903839169 0
-2.1664545195044971 0.31202013471492918 0
-2.17939583485389 0.26342237767544341 0
-2.1312784361867552 0.27679909802861008 0
-2.1189031003158911 0.32488932343250332 0
-2.0832572675426539 0.29024082358870779 0
-2.0709944643095679 0.33868323616762919 0
-2.035198615442813 0.30385019708870442 0
-2.0474776898242921 0.2553843316351469 0
-1.999374972413426 0.26898818356362098 0
-1.987096180667812 0.31745677198198541 0
-1.9512624600350179 0.28258999231259391 0
-1.9399021142044099 0.33011528900753401 0
-1.9033012221875121 0.29603394520420689 0
-1.8915875085644029 0.35350686813099558 0
-1.8551108847249731 0.31132190937563559 0
-1.8673505088341891 0.26155211559121672 0
-1.819216871766087 0.27521756602116831 0
-1.8068673259159611 0.32377856753239298 0
-1.771077640118248 0.28863865816718859 0
-1.7587951597178011 0.33707763184374351 0
-1.7229685448698979 0.30212675360630531 0
-1.7352460025370959 0.25367661271423531 0
-1.687132211431023 0.26726202717086323 0
-1.6748539711208721 0.31572838789918589 0
-1.6390177849535199 0.2808606093440188 0
-1.628164483160877 0.32786454534197912 0
-1.5911407668789519 0.29421713999491422 0
-1.582222607226391 0.34755272755069683 0
-1.54342791887579 0.30879199951975289 0
-1.555213201020174 0.25967421231008347 0
-1.506952535443274 0.27319435530619668 0
-1.4947807024792079 0.32178496187963462 0
-1.4588557425372639 0.28681573800230031 0
-1.4481791258616961 0.3336449027900304 0
-1.41099631528169 0.30013003265161992 0
-1.4006054344277901 0.34361012556741088 0
-1.3626986068370019 0.31196012140809593 0
-1.374947688769478 0.26514469303990901 0
-1.326797732841563 0.27872622513674372 0
-1.3141976420663151 0.32607470060888949 0
-1.278612880390142 0.29240965106791877 0
-1.266379792930876 0.34119991066797162 0
-1.230536064457346 0.30627849778119842 0
-1.219746975139882 0.3549458702857734 0
-1.1830399524448501 0.32124025833742281 0
-1.194807986255374 0.27167310502204478 0
-1.1467114550458319 0.28531796159430561 0
-1.13480128399489 0.33508611479470762 0
-1.098579222767595 0.29896715448080052 0
-1.08820915340667 0.34869960861479338 0
-1.050715463288199 0.31257834298013409 0
-1.039207317232584 0.37007658275309502 0
-1.002494831677633 0.32747711080130948 0
-1.0146271476212929 0.27771953293816698 0
-0.96647057683426141 0.29132215329662459 0
-0.95418520657728223 0.33979138167525191 0
-0.91829850453969875 0.30460186875398088 0
-0.90586667410412636 0.35255178177242202 0
-0.87015837872177171 0.31811646919091779 0
-0.85771386538729244 0.36599835590967561 0
-0.82203319063099178 0.33167740566818521 0
-0.81177404377147755 0.37806256874939542 0
-0.77427932334490557 0.34501567126925142 0
-0.76687365473401503 0.39744044748631591 0
-0.72676058162266055 0.35953576937381759 0
-0.73832613297358896 0.31056065715055692 0
-0.69019208306915447 0.32423057682955903 0
-0.67791046629260698 0.37271102176161008 0
-0.64195168986175288 0.33777217955559352 0
-0.63021602292414447 0.3856519108117622 0
-0.59388618476412214 0.35125333556652688 0
-0.58309526751774099 0.39759165692671822 0
-0.54594544234512965 0.36455755996907763 0
-0.55800486835251506 0.31639421127162481 0
-0.50988279744136555 0.32999677925459342 0
-0.4976031771636989 0.37846599890397298 0
-0.46170975260067498 0.34367502581562792 0
-0.44944092649169187 0.39213118720153012 0
-0.41359679417051243 0.35727400098047452 0
-0.40131869263967679 0.40574262182683279 0
-0.36548065559571491 0.3708772479603345 0
-0.35320259823355482 0.41934580947592881 0
-0.31736615862335621 0.38447828981346288 0
-0.32964448222447651 0.33600937066520731 0
-0.28152993515338881 0.34961047981480442 0
-0.26925156884906593 0.39807945632528802 0
-0.23341537663116291 0.36321160434645161 0
-0.22113701008827469 0.41168058117739448 0
-0.18530082812868279 0.37681271541880501 0
-0.1730224615857946 0.42528169224974788 0
-0.13718627962620281 0.3904138264911583 0
-0.149464646169091 0.34194484966021532 0
-0.10135009766661091 0.35554596073256872 0
-0.089071731123722672 0.40401493756351159 0
-0.053235549164130848 0.36914707180492201 0
-0.040957182621242663 0.41761604863586499 0
-0.0051210006616507911 0.38274818287727541 0
-0.017399367204538961 0.33427920604633249 0
0.0307151812979411 0.34788031711868578 0
0.04299354784082926 0.39634929394962881 0
0.078829729800421133 0.36148142819103929 0
0.091108096343309186 0.40995040502198232 0
0.1269442783029012 0.3750825392633928 0
0.13927354244775619 0.4233714635144048 0
0.1750673097390423 0.38865364157242438 0
0.16278187408476999 0.34020967204424968 0
0.21089665822429621 0.35380994953984418 0
0.22317506404002521 0.40227878744132739 0
0.25901011363270099 0.36741492748216281 0
0.27128829799324328 0.41588454879143327 0
0.30712426086129158 0.38101745807913601 0
0.29484585780314621 0.33254861042257489 0
0.34296033334076848 0.3461499796114289 0
0.35523868772284689 0.39461899946178858 0
0.39107484940895132 0.3597512054215824 0
0.40343390550036418 0.40831973058179871 0
0.43920283738488808 0.37336893895817869 0
0.42691326249615541 0.32488614114973069 0
0.4750281828532375 0.3384877191365408 0
0.48730661137189241 0.38695677378655963 0
0.52314099757890509 0.35208669532064168 0
0.53541174085812182 0.40058350067438292 0
0.57124635298167203 0.36571990421837169 0
0.55897505910031309 0.31722345460035151 0
0.60708925419642901 0.33082533651242152 0
0.61882559063404474 0.37877432592204779 0
0.65511452532283043 0.34433546116328179 0
0.64291161756814164 0.29593798449897601 0
0.69102386297264151 0.30953584786218707 0
0.70330184566586595 0.35800428340827323 0
0.73915612462318137 0.32315321012162912 0
0.75159244607783093 0.37104994570353628 0
0.78729699894428817 0.33665894765247728 0
-0.29380829477788112 0.30114151227718328 0
0.018436814755052971 0.29941134028774291 0
-0.47399786853326559 0.29519319306990333 0
0.7749966942192118 0.28826944877278943 0
0.82311197399443137 0.30186791058010198 0
0.83539046241610815 0.35033644586687129 0
0.87122313020392428 0.31548131129862278 0
0.88350093136464669 0.36395233640392699 0
0.91933643339858273 0.32908693388945509 0
0.055294882846813817 0.44477273405526319 0
-0.88245805969419921 0.26971958455615641 0
0.90705795353475316 0.28061836759919889 0
0.95517227559910511 0.29422029901474689 0
0.96745060440230435 0.34268941256955532 0
1.003286723445437 0.30782177474559058 0
1.015293367802965 0.35854764567971797 0
1.051355957654923 0.32179913360066148 0
-0.70232956777972977 0.27568321455896372 0
0.99100834641647328 0.25935283590375219 0
-0.076793364580834508 0.45248391439445462 0
0.23545208566992701 0.45075252196307741 0
-0.25624330218776509 0.44769333095217179 0
-0.48526756801737841 0.42701186840516048 0
0.36782750044759183 0.44242644501172462 0
1.0623365239478451 0.37347722504334108 0
1.099515779557245 0.33502414503857841 0
0.71436350897024092 0.41419421184179739 0
0.67875768904479028 0.2610782464408265 0
1.087229867447717 0.28661785148004082 0
1.1353507039223969 0.30016672649205689 0
1.147929834907865 0.34779048861924228 0
1.1835640367635969 0.31367453178103522 0
1.1712041883347371 0.26527634496152708 0
1.219321620579342 0.27887370340522538 0
1.231648286281245 0.32739658294002072 0
1.2674172404813899 0.292490635666111 0
1.279706811650851 0.34096595941627472 0
1.315533656421632 0.30609280455833587 0
1.30325373368061 0.25762294621083248 0
1.3513683340563609 0.27122408666707282 0
1.3636467092447939 0.31969306839533129 0
1.399482641924499 0.28482506143084912 0
1.412498138335093 0.33068624326300311 0
1.447719963752558 0.29799149375099349 0
1.4602871153543371 0.34543876093983689 0
1.495800712562096 0.3117120594653936 0
1.4834512764314269 0.26349448191487979 0
1.5315656521829299 0.27709619674124147 0
1.543843989933986 0.32556527419785308 0
1.5796682933718149 0.2907394257159488 0
1.590290568451078 0.3375153790496348 0
1.6275028623244641 0.30407238873526687 0
1.637513177775263 0.35877953832416132 0
1.6758914439179351 0.31796268165541769 0
1.6635674051932161 0.2694455078498415 0
1.7117200138472219 0.28308678306772328 0
1.7241308000311479 0.33111645334438777 0
1.7598617069767439 0.29662003160043332 0
1.7721445976241399 0.34507769800810167 0
1.8079639877654841 0.31026985451473688 0
1.7956828225862189 0.26181088139466652 0
1.843794860030348 0.27542177839248649 0
1.8560728080635129 0.32389238621100669 0
1.8919080353223621 0.28902809055640027 0
1.9041861729968419 0.33749793423593583 0
1.9400221576949059 0.30263080796943959 0
1.9544193861645649 0.35127792299360061 0
1.988608223214086 0.31584288101861541 0
1.9759368219253679 0.26769849351244918 0
2.024064450806327 0.28128886313506568 0
2.0364634746731149 0.32933693103021089 0
2.0721379631979788 0.29487034045566762 0
2.0844094903890649 0.34333604499465209 0
2.1202175835508998 0.30853451305140822 0
2.1079345355417169 0.26007659185635679 0
2.1560424824415558 0.27369005578858752 0
2.1683197487173378 0.32216109142951033 0
2.20415386678759 0.28729747022187901 0
2.215339617158957 0.33352426650438671 0
2.2520854412538518 0.30052664252147482 0
2.262073443392258 0.35430490997173769 0
2.300381656781104 0.31450232934455569 0
2.2880730124007509 0.26597092322182631 0
2.3362127924344498 0.27962405870400159 0
2.3486097119866831 0.3276971958932573 0
2.3843504639759838 0.29316613309071687 0
2.3966326843587131 0.341625270474055 0
2.4324536036298969 0.30681189863353853 0
2.4201726933056089 0.25835200412226911 0
2.4682849163697602 0.27196207132631622 0
2.480562895339594 0.32043254084587608 0
2.5163982011670538 0.28556793027728211 0
2.5274191960722381 0.332745624757186 0
2.5643028310903651 0.29895516146922918 0
2.5758430722538841 0.34467208399795618 0
2.6125411598470549 0.31236786816309969 0
2.600299232172218 0.26419981541259657 0
2.6484629451722781 0.27790428743054879 0
2.6608342565584389 0.32643223433066848 0
2.6965929844819692 0.29151522684776571 0
2.70887393282606 0.33998584173618701 0
2.744697636079843 0.30511005869979102 0
2.732414590388176 0.25663811312182438 0
2.7805293089129028 0.27023933206701017 0
2.7928077037928341 0.31870832687675438 0
2.828643138954174 0.28383998730226251 0
2.8414272843907842 0.342416824421657 0
2.8768417397290311 0.29912558681385149 0
2.8919333145082828 0.34823645999283848 0
2.9254624686820749 0.31137944929998917 0
2.9127060060388841 0.26291003238922611 0
2.9608252352664128 0.27628652868389902 0
2.9731979733994778 0.3243869856426721 0
3.0088773899255559 0.28975127483835178 0
3.0211009666492412 0.33824419917838738 0
3.0569462802453611 0.30337234216827058 0
3.0446694356418851 0.25490270012874811 0
3.0927733305684071 0.26850846766118991 0
3.105053219050729 0.31697677928354212 0
3.1408881327274618 0.28210946786543523 0
3.1533170809395599 0.33004588627417147 0
3.1890276090704299 0.29562189311281339 0
3.2014606696465151 0.34354354902873863 0
3.2371511522470708 0.30919098182803623 0
3.1767283002227531 0.2472268950480658 0
0.1986167751216408 0.30534633760799601 0
0.33068194855119448 0.29768106732896632 0
-0.11362846420949919 0.30707698390162569 0
0.46274720015118931 0.29001552051844948 0
0.63064517264481634 0.2474790312700697 0
0.81082890098100424 0.25341598441602597 0
0.49958162265545369 0.43542782018259812 0
-1.471119312749759 0.2383298681515631 0
-1.1589077690154821 0.23667324626594061 0
-1.2909365260166481 0.24426195700608441 0
3.2492325252740408 0.35858121979902419 0
3.2850115917544671 0.32395278065675448 0
3.272922198593335 0.27459711006229831 0
3.321025891160263 0.28824388680012342 0
3.333103955752275 0.33764707277487788 0
3.369134932922706 0.30186813899101261 0
3.3813047576111099 0.35090074998951609 0
3.417155315130088 0.31597497858797141 0
3.404986968578243 0.26693657350207101 0
3.4531041593633831 0.28052706795269089 0
3.465275342222236 0.3295540526611479 0
3.501220061344585 0.29412273675488892 0
3.5136223039977792 0.34007467701889299 0
3.5493735709723642 0.30720952632977738 0
3.4889597843288178 0.24555985156600879 0
3.5623966548939099 0.36032743835443232 0
3.5975452004494661 0.32122739634752018 0
3.5852116074511011 0.27265918599075067 0
3.6333197783116491 0.28631402714357862 0
3.6457392359502281 0.33431192805416687 0
3.681453198435316 0.29983718749115179 0
3.693646056738014 0.34878078219085451 0
3.7294476174118052 0.31405754027631011 0
3.71725213416501 0.26512505776315631 0
3.765360474962514 0.27875212484059142 0
3.7775491533775138 0.32771303732860552 0
3.8134718200913742 0.29236662624376941 0
3.825749652738673 0.34083783479652002 0
3.8616071889390229 0.30585144856725521 0
3.8493253523385889 0.25740185319446018 0
3.89744279255568 0.27098681305167838 0
3.9097216410510192 0.31945309801343552 0
3.9455578069455188 0.2845853219838046 0
3.9585154304183972 0.33065123754996462 0
3.993785639906712 0.29778550411013538 0
4.0070314480034677 0.34291522837230759 0
4.0420858447127834 0.31074366671304737 0
4.0295773165814657 0.26307734750211198 0
4.0776844475364857 0.27670507676620082 0
4.0900614418681682 0.32482521635900141 0
4.1257746012231999 0.29039069729943578 0
4.1363566539292949 0.33694602886954228 0
4.1735818611828286 0.30375917685496479 0
4.1841349314520588 0.35706799126588618 0
4.2217131231946876 0.31796976292010071 0
4.2096011181858239 0.26923428729970089 0
4.2577461791955402 0.28289256107258731 0
4.2701536045861266 0.33093250337855279 0
4.3059201352640564 0.29639680415936281 0
4.3182084030679793 0.34484963632604332 0
4.3540346266907761 0.31003444087996229 0
4.341754063922397 0.26158283570512342 0
4.3898687733773478 0.27518433639083928 0
4.4021471667456762 0.32365337815733469 0
4.4379830139639793 0.28878848343290198 0
4.4502613291875894 0.33725796625878368 0
4.4860974468037274 0.30239068000503277 0
4.5004654858101976 0.35103696723384881 0
4.5346773093956614 0.31560749632783319 0
4.5220111511105063 0.2674590426222761 0
4.5701386200041973 0.28104952509056769 0
4.5825362052922056 0.32910260650422313 0
4.6182127131375648 0.29463119791289261 0
4.6304843371189746 0.34309693503549471 0
4.6662927829659164 0.30829460552003879 0
4.6540097937375551 0.25983655139629558 0
4.7021178253467832 0.27344986567562052 0
4.7143951057408291 0.32192087637438582 0
4.7502292500791334 0.28705720391277417 0
4.7614028908991894 0.33329138992748109 0
4.7981588173959118 0.30028758659269572 0
4.8081178424738988 0.35408825837862129 0
4.8464570567362628 0.31426203117287699 0
4.8341480750537027 0.26573083209063542 0
4.882288136172563 0.2793837950390598 0
4.8946832514671286 0.32746345184147518 0
4.9304255444825076 0.29292693302346012 0
4.9427077209933126 0.34138624767308301 0
4.9785288897901872 0.30657199604102958 0
4.9662480210535023 0.25811195489781219 0
5.014360285324555 0.27172188057565932 0
5.0266382711622146 0.32019232650753859 0
5.0624735919333919 0.28532766398127912 0
5.0754202591160507 0.33143254344209511 0
5.1106991733621578 0.29853607141952893 0
5.1235390469305004 0.34483947661256509 0
5.1589027990430933 0.311792217799293 0
5.1464758290535979 0.26387382656245079 0
5.1945804565113951 0.27750920778507421 0
5.2069270346856156 0.32573674520447921 0
5.2426782993631118 0.29117326660460319 0
5.2529195026730511 0.3381122895382116 0
5.2904363835046322 0.30458060784503299 0
5.2303825648390259 0.24276676454772669 0
5.300635791814126 0.35806131334920221 0
5.3385518720669882 0.31875910565308768 0
5.3264934278926974 0.26999937558130299 0
5.3746447867999319 0.28364825890279588 0
5.3870560157572216 0.33167689402651401 0
5.422830402901166 0.29714344490017602 0
5.4351206140438588 0.34559476755195451 0
5.4709484709674694 0.31077969553553308 0
5.4586689030565161 0.26233270203089021 0
5.5067836517870044 0.27593014921550812 0
5.5190620517012654 0.3243985153984919 0
5.5548980723660453 0.28953360110498111 0
5.5679796353706017 0.33516154866639059 0
5.6031464387424332 0.3026620893460909 0
5.6164249104447723 0.35577066320910661 0
5.6514604896694198 0.31692057281330338 0
5.6389266109871103 0.26821974958780681 0
5.6870318245371374 0.28189178166017148 0
5.6994307136048761 0.32994072094614352 0
5.7351207631197143 0.29540788574257482 0
5.7473948613426531 0.34386269474183379 0
5.7832059765080803 0.30904830610378381 0
5.7709234321661533 0.2605882421263086 0
5.8190323951831022 0.27419739022234019 0
5.8313090004465549 0.3226691086204288 0
5.8671440920106646 0.2878031227059753 0
5.879421473036003 0.33627372485079798 0
5.9152578192484953 0.30140558820652819 0
5.9295404534590848 0.3500527176591699 0
5.963818948320939 0.31463808353694811 0
5.9511683218011138 0.26647646708136091 0
5.9992952570691074 0.28006736892595607 0
6.0116883335335629 0.32813615578295668 0
6.0473710094841957 0.29364960532260381 0
6.0596429100125437 0.34211543637424929 0
6.0954524299682022 0.30731059886879442 0
6.0831696197579639 0.25885212674673441 0
6.1312779063128282 0.27246496901617989 0
6.1435552291977977 0.32093590104662473 0
6.1793894529452196 0.28607206713892852 0
6.1922253755747292 0.34592483865547541 0
6.2275961007817617 0.30157214714240921 0
6.2439710926011873 0.3531113789408778 0
6.2764345606841774 0.31405499330544612 0
6.2634907084048983 0.26525359442836088 0
6.3116149945179814 0.27861292434142487 0
6.3239983507529516 0.32667593971250353 0
6.3596393728832874 0.29201037777630662 0
6.3719027110700512 0.34044541166768061 0
6.4077038616653512 0.30560560605619891 0
6.3954196565617032 0.25714130591644208 0
6.4435203633751454 0.27074300645415278 0
6.4558009482787728 0.31921129104705659 0
6.4916342199234762 0.28434418760820312 0
6.5039536631596899 0.33266745748038301 0
6.5397550141633491 0.29792115292096738 0
6.5537536065247828 0.34639138501341998 0
6.5882489485417146 0.31119399024967231 0
6.5756496628991421 0.26301481077835531 0
6.6237739558643298 0.27660950912000232 0
6.6361513922602571 0.32473269830201867 0
6.6718547776466091 0.29019915090053561 0
6.6841275230695141 0.33866621618283382 0
6.7199406354135274 0.30385375155895272 0
6.7076584239346584 0.25539400825048553 0
6.7557675498252374 0.26900557317420459 0
6.7680450125995382 0.31747629231370411 0
6.803879499339665 0.28261199816881011 0
6.8161757382703776 0.33101710392983758 0
6.8519963108722068 0.29620394498545582 0
6.8658373741150216 0.34484981830939759 0
6.9004515320456674 0.30955046706973077 0
6.8878870472222928 0.26130123815524398 0
6.9360106881232184 0.27489654238225603 0
6.9483730176748626 0.32307288924235361 0
6.9840945748799061 0.28848357083036041 0
6.9963678311319324 0.33695020055724889 0
7.0321840572505332 0.30212836817235877 0
7.019902364734051 0.25366706357042729 0
7.0680121812189984 0.26727673439245542 0
7.0802897590923992 0.31574713784833047 0
7.11612446660848 0.28088221519028622 0
7.1273283368041884 0.32824797176219239 0
7.1640593094603604 0.29430067502373719 0
7.1758526214935268 0.35113940821974171 0
7.2122713474877704 0.30948898142966141 0
7.2000309205150286 0.25982032811758637 0
7.2481680405333941 0.2734860256652531 0
7.2605093200979001 0.32203501655133931 0
7.29630692163982 0.28692205515832148 0
7.3085893436168021 0.33536351839271272 0
7.3444179081889089 0.30042062192720942 0
7.3321401353048588 0.25196873581363671 0
7.3802541890915743 0.26555560462151467 0
7.3925324731819417 0.31402220774163708 0
7.4283686578898882 0.27915442110667288 0
7.4414748851119557 0.3246943737402288 0
7.476621170346279 0.29226699223547392 0
7.4896268850238137 0.33816283416093262 0
7.5247649547426576 0.30576457154190112 0
7.5123326102225656 0.25784027859978992 0
7.5604639943148619 0.27138183166035401 0
7.5727451667894794 0.31984088215597301 0
7.6085589593397174 0.28505221632094069 0
7.6206285053808607 0.33158982270129711 0
7.6566317089440936 0.29835617790342389 0
7.6672480568189609 0.35439541930209473 0
7.704498449578133 0.31341239565226359 0
7.6924474600431409 0.26395367516934393 0
7.7405586034022367 0.27763234674569798 0
7.752844727213267 0.32608480099743758 0
7.7887282935850228 0.29102480215701421 0
7.7993298029785381 0.33785182112380158 0
7.8365633658959526 0.30435225358524481 0
7.7764407367620061 0.24259060126960111 0
7.8465596297820008 0.35907361878333222 0
7.8849573905900394 0.31822702430150018 0
7.8726324446817717 0.26971243752992341 0
7.9207858093219956 0.2833515568860363 0
7.9331998495576546 0.33136980221954121 0
7.9689281455916419 0.29688261381321651 0
7.9812111434291602 0.34533991495329353 0
8.0170301162834914 0.31053354947152251 0
8.0047488815563188 0.26207482268673887 0
8.0528608557263546 0.27568594619766262 0
8.0651387932139258 0.3241565917683713 0
8.1009739965780927 0.28929238121378348 0
8.1132521285126487 0.33776224536867322 0
8.1490881082715152 0.3028951366979804 0
8.1611977683956791 0.35940444522756398 0
8.1972964420607006 0.31740508906497328 0
8.1849398146104821 0.26817914473840271 0
8.233056950509603 0.28180556811045132 0
8.2454577578101631 0.32984714941967241 0
8.2811667465154724 0.29522378188773912 0
8.2934572992463078 0.34365621672807412 0
8.3292743133614024 0.3088230103420404 0
8.3169927521776046 0.26035981007327341 0
8.3651056046305747 0.27396157013612599 0
8.377382324488682 0.32243231560295021 0
8.4132187808956278 0.28756415507158672 0
8.4254969187324313 0.33603337754633089 0
8.4613331083154506 0.30116550359953342 0
8.4755838665780985 0.34979067254961937 0
8.5098891575693099 0.31439363430157091 0
8.4972428381569749 0.26623551265707418 0
8.5453696446398411 0.27982626953200251 0
8.557762858554181 0.32789447006204619 0
8.5934460948861418 0.29340894235270742 0
8.6057181117197956 0.34187484614167968 0
8.641527744456468 0.30707019121755669 0
8.6292449530430027 0.2586117495257812 0
8.6773532809117402 0.27222463941994057 0
8.6896306106824515 0.32069557938782328 0
8.7254648455958446 0.28583175981215903 0
8.7363619565753758 0.33213216533560869 0
8.7733483630270204 0.2990731182503073 0
8.7827944689016064 0.35299816669255141 0
8.8212472783417208 0.31345997074463172 0
8.8093018050253367 0.26457772040185051 0
8.8574358968676776 0.27824090945905311 0
8.8698207319874562 0.32635511776783033 0
8.9056301867840322 0.29173470618724101 0
8.9179218435627252 0.3401857972941732 0
8.9537557860343231 0.30535619294447042 0
8.9414770462432731 0.25689359301504328 0
8.9895933743290968 0.27049916285165049 0
9.0018720374693935 0.31896888280996127 0
9.0377085032509257 0.28410294685010629 0
9.0506070213451313 0.34280718743254268 0
9.0859265543855585 0.29941070233506262 0
9.1022187348595818 0.34950493881448053 0
9.1347350726768788 0.31181366543306321 0
9.1218095402620119 0.26320614942632209 0
9.1699318894173842 0.27658447930683011 0
9.1823054145840324 0.32468429717783548 0
9.2179570369294908 0.29002671362581511 0
9.2302205033074856 0.33846921099782151 0
9.2660176286305482 0.3036344638963861 0
9.2537385659879554 0.25516852197574591 0
9.3018416897063183 0.26877201188259009 0
9.3141204680859957 0.31724061870267062 0
9.3499542710463253 0.28237375412556082 0
9.362251239841104 0.33077722173039098 0
9.3980716230551788 0.29596405849287011 0
9.41190524972086 0.34460603249611721 0
9.446525466210737 0.309310353494614 0
9.433962188250355 0.26106103935847469 0
9.4820858006254909 0.27465629153478238 0
9.4944479283197047 0.32283332698109141 0
9.5301698453745125 0.28824340319338698 0
9.5424431279586344 0.33671004678868482 0
9.578259418440858 0.3018881158192297 0
9.5659777366516145 0.25342679478662422 0
9.6140875700403949 0.26703644875080662 0
9.6263651507311394 0.31550684939697238 0
9.6621998633219413 0.28064192072254152 0
9.6734471590602524 0.32805230598577839 0
9.7101419459254004 0.29406781619748212 0
9.7215207133199399 0.35125820369612087 0
9.7582783727490074 0.30930751888783931 0
9.7460961307729121 0.25959107577068941 0
9.7942303464234133 0.27325737439832593 0
9.8065694458357182 0.32180421226642753 0
9.8423779267175568 0.28665497537024281 0
9.8546614653894 0.33512033892849807 0
9.8904933081440607 0.30018032374920522 0
9.878214802780505 0.25172397403377922 0
9.9263294669668856 0.26531456250990021 0
9.9386078527903905 0.31378178557481001 0
9.9744440341073428 0.27891397827512798 0
9.9837971627195028 0.32892094907683112 0
10.02207104595391 0.29277114886794481 0
10.03003727592295 0.34829526366921659 0
10.06979193246389 0.3073771371137618 0
10.05816664501805 0.25789978348314352 0
10.10650931757074 0.27124792544936738 0
10.11864081692233 0.31992712659797817 0
10.154599388208011 0.28488407390810799 0
10.16628330800663 0.33152697353391258 0
10.202631180829901 0.29815748052223262 0
10.213495418523109 0.34261026172634113 0
10.25058153035458 0.31128433703835767 0
10.23851148545717 0.2634056837190667 0
10.28668914503781 0.27718339290840849 0
10.298922272793259 0.32552454946796938 0
10.334796153742371 0.29076320060231292 0
10.34541299195234 0.3375222477316851 0
10.38263880738794 0.30409352564359698 0
10.32252407036461 0.24231197658665779 0
10.39269424192311 0.35873034256549818 0
10.43103279054511 0.31798672612593643 0
10.41870785155997 0.26946906772662749 0
10.466861210431111 0.28311074677283282 0
10.47927346113816 0.33113574585750982 0
10.515003247676759 0.29664327061750129 0
10.52728619567665 0.34510081624380401 0
10.56310540864237 0.31029361037099762 0
10.550824213934019 0.26183474352101282 0
10.598936226486011 0.27544574437051922 0
10.611214170370291 0.32391636949765251 0
10.64704938786763 0.28905211174825512 0
10.659327523223491 0.33752196463010159 0
10.69516350590837 0.30265484621498201 0
10.70955183502714 0.35131269116253327 0
10.74374674037527 0.31587347599442078 0
10.73107769723941 0.26772362869726318 0
10.779205247303731 0.28131418114322121 0
10.791602911264629 0.32936704376769088 0
10.82727889979763 0.29489560856144081 0
10.839550450338891 0.34336130478340421 0
10.87535879739394 0.3085589640154815 0
10.86307579170048 0.26010090801618718 0
10.911183791860109 0.273714213290984 0
10.92346106701229 0.32218522248904868 0
10.95929520249137 0.28732154796412401 0
10.972248567673081 0.34717323709980819 0
11.00752138670831 0.30282151355983811 0
11.02418367801322 0.35438513093815188 0
11.05640340010339 0.31527767683546909 0
11.04341019161518 0.26649865595885469 0
11.09153351060877 0.27985726839101971 0
11.10392543753389 0.32788927477019503 0
11.139550769014409 0.29325304416726239 0
11.151812920540859 0.34168779844885128 0
11.187611258251451 0.306852834791495 0
11.17532658433398 0.2583893416439863 0
11.22342783545359 0.27199198798861779 0
11.235707222041761 0.32046037929886412 0
11.271539672893489 0.28559377667247038 0
11.288057698638161 0.34291622498970142 0
11.320360391223909 0.30067059889065351 0
11.336854023961511 0.34903090569521811 0
11.367768109839769 0.31279619766447891 0
11.35560754827827 0.26457313954995748 0
11.403623925963091 0.27796931835884131 0
11.415988015599581 0.3260430098510485 0
11.45173967220545 0.29147722423981959 0
11.46401823837145 0.33993066687219098 0
11.499840366042781 0.30511055877186549 0
11.48755965711868 0.25664954155056879 0
11.53567150611336 0.27025734980122401 0
11.547949422738091 0.31872744282865739 0
11.583784689396641 0.28386220590084837 0
11.59515940604849 0.33140329558848269 0
11.631748249497191 0.29730973142590789 0
11.643731176736029 0.35471381137487379 0
11.67998839446815 0.31259405494585629 0
11.667705643049571 0.26282585375009199 0
11.71584039348406 0.27649096283647662 0
11.72814570514927 0.32476970685937129 0
11.763963946733551 0.28979926682468798 0
11.77624530333893 0.33828533936832278 0
11.81207899357983 0.30340322718258261 0
11.79980021175054 0.25493187594713779 0
11.847914774095861 0.26853306616643058 0
11.86019314294586 0.31700205618845051 0
11.896029234206191 0.28213367185605648 0
11.908853105161411 0.32867298944767459 0
11.94423469443864 0.29541314062527241 0
11.957103268361809 0.35193174316846798 0
11.99245230358569 0.31064783224971038 0
11.980027439680301 0.26103193406422381 0
12.02813474872978 0.2747141550029023 0
12.04047721493699 0.32327423063941729 0
12.07623315113155 0.28816633227262389 0
12.08848741970788 0.33653806750087262 0
12.124327617995281 0.30168640867622859 0
12.11204992084037 0.25322013300085061 0
12.160159783627259 0.26680233598387648 0
12.172438819557909 0.31527401397059401 0
12.20827444369438 0.28040389724905351 0
12.219494322639189 0.32778504712343232 0
12.25621250322072 0.29382340370036752 0
12.26763224893609 0.35089445304312611 0
12.304357901587631 0.30904452547912181 0
12.29217141176545 0.25934630934531228 0
12.340306414698681 0.27301254898505428 0
12.35264455870804 0.32155794291251377 0
12.38845337205804 0.28641342739414538 0
12.400736825061459 0.33487883726598072 0
12.43656870809912 0.29994002558802052 0
12.424290210299869 0.25148346757007128 0
12.472404868182689 0.26507422963163879 0
12.484683252955451 0.31354148162746381 0
12.520519434307509 0.27867367336347071 0
12.53286074956962 0.32691969873902471 0
12.56864447709899 0.29223735755238039 0
12.57965745080033 0.33670573859164521 0
12.617056902914969 0.30337182764315351 0
12.604523311920531 0.25698306791057962 0
12.65264496923338 0.27051977500328511 0
12.665440290055191 0.31715345987355897 0
12.700805508977391 0.28414023893916712 0
12.71309154072679 0.33261244124763162 0
12.74885050638157 0.29805422053925029 0
12.761117281074331 0.3465753424584489 0
12.79693866167505 0.31176777505636349 0
12.784657828239281 0.26330884795068599 0
12.8327675667246 0.27693037455206859 0
12.84504513159778 0.32540275397140728 0
12.880879967127591 0.29054053285330772 0
12.89210495239298 0.33704015110580521 0
12.928818369662251 0.30381586614091749 0
12.86860137617998 0.2420724967952258 0
12.93929478447045 0.35828399890764828 0
12.97710819050012 0.31774642796566338 0
12.964800611901531 0.26922254267591628 0
13.01293950378388 0.28286941079743078 0
13.025346182913911 0.33090645483006992 0
13.06107868350151 0.29640463401007339 0
13.07336115524676 0.344862629531068 0
13.109180741178211 0.31005394104399941 0
13.09689960863088 0.26159482709164822 0
13.14501161432819 0.27520561463744381 0
13.15728955707003 0.32367620421398152 0
13.1931247835946 0.28881186380503099 0
13.209897408564879 0.34669337597859817 0
13.24198798605642 0.30398317467543973 0
13.258159261761641 0.34419196582197531 0
13.29044895984485 0.31538343184105239 0
13.27738241381239 0.26770314397468992 0
13.325423336614209 0.28106889422366238 0
13.33788653105043 0.32971984391559728 0
13.373304027393839 0.29474949712561982 0
13.38561275118993 0.34353440975662602 0
13.4213842117559 0.30870211979300333 0
13.409083350996109 0.25988397101126542 0
13.457200360550599 0.27346896785060859 0
13.467450730693271 0.3242934775429287 0
13.50501243774309 0.28802241294899722 0
3.9332794377250901 0.23611636010771089 0
13.180846257812821 0.2403434745323019 0
10.634770860581201 0.24058373625210749 0
8.0886954669358566 0.24082401358354291 0
3.6210378311476399 0.23783665722785521 0
5.5426196500718037 0.24106564444384129 0
5.6747093168122387 0.23339598393016101 0
8.2207659717147941 0.233214648746913 0
10.76686393492245 0.23289663279678161 0
11.07913746549039 0.23129620111233809 0
3.3087772108584068 0.23963473861950921 0
8.5330319956153353 0.2314073761992895 0
1.8315156085383351 0.2269560998342687 0
5.9869569116576429 0.23164791728628931 0
10.947016494868601 0.23885326967195419 0
4.3775899382543022 0.22671989728062211 0
5.3624092090525934 0.23513878523990819 0
8.4009404600938637 0.23909512911185271 0
4.2455006249928449 0.2343886948934987 0
-2.4556706194524809 0.22987187639933801 0
4.1134710593164083 0.24201029908695409 0
5.8548655437351567 0.2393344591823964 0
1.5673879470753009 0.24227745176445301 0
1.699440378632616 0.23461646743192899 0
-0.97871759789651913 0.24263866117466559 0
0.84766465517469336 0.39882054354157581 0
7.908506148907728 0.23488131311232721 0
13.49298476876983 0.2385624387588389 0
13.541519194479051 0.25222429947565628 0
13.553928112894781 0.30190623044134179 0
13.5904947471513 0.26558231260867782 0
13.60426059993072 0.31347250905262752 0
13.641266560632429 0.27834404700065341 0
10.4545815502095 0.23464041767605939 0
13.00066032579528 0.23439890873152039 0
11.52339229925574 0.22179081576819459 0
-0.66838948880413207 0.42758231758903392 0
8.9773152421752336 0.22203199196508211 0
-0.38903883172326781 0.45421360601529381 0
6.4312432420994456 0.22227411683373349 0
-0.94113436735177081 0.38517704146629211 0
-2.0116530317266901 0.22051933688299991 0
7.5962768612285254 0.23659643947732531 0
10.142341419886341 0.23638589925515241 0
4.6898376022074144 0.224984743163722 0
11.25926131815573 0.23712481947069891 0
11.391348831781039 0.22950717260331521 0
8.7131861545451486 0.23736345734510539 0
6.1671107600336548 0.23760376228316701 0
12.688420899485759 0.23613976153028371 0
2.1437622353871801 0.2252249803736083 0
8.8452162697523669 0.22971340004031129 0
6.2992273366207563 0.2300482469762492 0
4.5577977749027809 0.23263219734652421 0
-2.2757844348588572 0.2358551932664022 0
2.0117227585355431 0.23287219428329789 0
-2.1436668191693329 0.22827125937614851 0
0.54757606881410836 0.44908588573692487 0
-2.5036938784615881 0.2158137147654742 0
1.387204152903055 0.23635601522128821 0
3.753094887684798 0.23021022306346811 0
0.97896154296800786 0.39245142166420788 0
11.835636340645809 0.22006370679254589 0
13.31300133587324 0.23269213874949229 0
9.2895636189833102 0.2203031708592196 0
2.504119688602144 0.23709949597800509 0
5.0501950818591146 0.236859221022344 0
6.743487638690981 0.220539877572247 0
11.703564663117399 0.2278161149470205 0
4.8700089192091003 0.23091308981225131 0
9.1575469620044956 0.2280552824147011 0
2.3239335848405189 0.2311533477260645 0
-1.699410552727362 0.2187935735604439 0
6.6114437268818982 0.22818776306056229 0
2.8163644942336221 0.2353708339778767 0
-1.8314855998090951 0.22654250959091279 0
7.1038458543249199 0.23241372887615119 0
9.649921251884237 0.23217343340567739 0
12.195995984181 0.23193454525746851 0
2.636176384546451 0.22941808377533929 0
7.416090291805002 0.2306854574631664 0
12.01583075938435 0.22606754292389539 0
9.9621656674574837 0.2304450111871649 0
9.4697614594917034 0.2262229486703643 0
13.654950746036841 0.32747646577061829 0
13.69298049990277 0.2933212364849952 0
13.67924321765674 0.2405319176027044 0
13.731821456536981 0.25513709925147859 0
13.74572699848944 0.3092336539432794 0
13.78573315980455 0.26972137982799921 0
6.9236861505999272 0.2264632223965436 0
12.508241067663439 0.2302047061132361 0
1.2070301543458131 0.23041589947141169 0
1.158909776933543 0.21681943669045861 0
13.79981974322784 0.32436459914575372 0
13.840873076404391 0.28447305562519942 0
9.9446525977129259 0.36429564411222332 0
12.494230872234951 0.36199699618631098 0
12.18148982888783 0.36158235830143048 0
7.4075055143375419 0.36307250339758679 0
2.948467966160973 0.2277800427100454 0
9.6354739897929029 0.36259862001496768 0
-1.6672827769861021 0.3627796050962902 0
7.0893455878011942 0.36087379639153683 0
-1.1220361474234379 0.38200324388503681 0
7.2358997591713656 0.22482786716672301 0
9.7819712784996575 0.22459135111223491 0
12.32804677001451 0.22434955369817941 0
0.66648334154100219 0.21261283611181989 0
-1.975545235144361 0.36203230841032791 0
1.3759247040292371 0.36816183464176361 0
3.1183833049368652 0.37316673102995029 0
9.3264233253458446 0.36264291344299943 0
11.874793756856951 0.36926949449641022 0
6.7803300636571748 0.36288774037309302 0
1.244196806433548 0.37581936932372612 0
11.55571687866979 0.37386393030034409 0
3.0804967396215042 0.22003871475356579 0
-0.85075695818508135 0.41567981913402841 0
-2.2946815519127308 0.36987540706960459 0
2.8026674157287079 0.36235566486196252 0
0.61836970049382189 0.19901252370176409 0
2.4877990459406321 0.3677836139610105 0
12.67429825318772 0.36985363891152612 0
6.4680755039396107 0.36768123829812099 0
3.9220001039844101 0.36792153647053222 0
9.0047553636004807 0.37277911060740881 0
11.243737275855541 0.37301343310347301 0
7.5852078086480699 0.36915439406248712 0
13.529091575036061 0.20331236717429729 0
8.7007070812648255 0.37071035668232999 0
10.13108253306323 0.37014891853005022 0
6.1545147081021812 0.36511036468070401 0
5.038915250746193 0.36866647546224818 0
12.3652862760554 0.36972847492757371 0
9.8192186771881964 0.36996971586398009 0
-1.485770516445875 0.37433581987801179 0
10.934244739365541 0.36642476361916038 0
4.7250195219668667 0.37367994287766998 0
2.1864480731783091 0.3648923369580111 0
7.2731584887298251 0.37020852465449572 0
5.8435212215300849 0.3760970100995869 0
-1.7941622239481589 0.37192035884099811 0
9.5070820123176887 0.37118683435872307 0
4.4141940758549243 0.37712024465556959 0
-1.29964415255696 0.3794117694493026 0
8.3896078253669284 0.37581543387705169 0
6.9610090036873844 0.3714257577181318 0
10.623186606683779 0.3773215612581261 0
12.0531175527657 0.37144254634601731 0
1.8680677484828301 0.37734550996560279 0
8.0770506576212124 0.37751936270866993 0
11.740925980356669 0.37313471089164041 0
9.2003770939123299 0.37877655609881139 0
13.16472259193481 0.37662103321841728 0
2.9858308944223362 0.37262752880111322 0
-2.9496243902671671 0.22622965328194661 0
-2.1062797462895921 0.37308955251144149 0
5.5340292559805278 0.37457886664397128 0
4.099241494348834 0.37773139097583691 0
12.85839757782605 0.37661409741294161 0
2.6736420968311898 0.37485450435264611 0
7.7650603885449492 0.36767513452603051 0
6.6488457093444264 0.37307305762898879 0
5.215031653417455 0.37957319841377207 0
8.8826972392263919 0.37455734687198461 0
10.304416728866791 0.36848007498288338 0
1.5532340993946201 0.36824399560396642 0
6.3366762980360889 0.37481303721923998 0
-2.418468538654539 0.37541167470584758 0
11.428777193110889 0.37430992009294262 0
-2.597583959508778 0.37723367288639881 0
13.826194302657511 0.22893439835700949 0
13.88232179294579 0.2437047904321667 0
13.897315580610551 0.30059105948455911 0
13.939847565834469 0.25867557602355967 0
13.95513610872756 0.31716215824046468 0
13.998852824613991 0.2739039623943505 0
-2.6429642774072728 0.21895335578407379 0
-2.6952724624111051 0.2024745749820237 0
3.786229614207175 0.37369792091596149 0
2.3614630408696571 0.37594726536833473 0
11.116640558823869 0.37601295737258172 0
4.9075298101398586 0.37571644402218968 0
6.0244876482220402 0.37644005864406888 0
3.4785786369409442 0.38043189591785159 0
8.5705502980827255 0.37620214322335882 0
5.7123034756610664 0.37813841172857232 0
8.2583629254975079 0.37792988239736452 0
4.595363574355857 0.37739827465164399 0
13.34997388172855 0.37812233075107438 0
14.013703396993471 0.33518385112942578 0
14.058866551833381 0.29059042823966702 0
10.804434557727189 0.37766118680502569 0
13.480648934537269 0.18971052336016969 0
2.049297686677253 0.37763046850998211 0
4.2831534296993308 0.37911017410847297 0
1.73710037057733 0.379329185932962 0
10.49224436118894 0.37934728119440259 0
5.400092986966766 0.37983916384620242 0
13.03830183499147 0.37912395841808821 0
14.04283133871621 0.22944850684984169 0
14.104450295703179 0.24587496593249619 0
14.12099673273328 0.30904372875470149 0
14.167549195362071 0.26252923382017079 0
14.184486356142891 0.32667188558796562 0
14.231637501699691 0.28081838439015272 0
7.9461762432829026 0.37957871057502618 0
9.4216261896619979 0.2126381898573321 0
11.65545224803731 0.21416565655044309 0
9.109414653356982 0.2144441346656277 0
6.5633056832753676 0.21460866419131011 0
4.8218942289698514 0.2173116906739419 0
0.15050235150657709 0.29174478474073179 0
0.1863383407936183 0.25687760057004638 0
0.13822378099361579 0.24327652946319181 0
0.17405991429610859 0.20840883583130179 0
0.12594537046327861 0.19480770823984911 0
0.22217446935115909 0.22200992372363951 0
-0.34192284212729518 0.28754040275371712 0
-0.30608665906102511 0.25267253848170279 0
-0.35420120718688108 0.2390714279152599 0
-0.31836502498007219 0.20420356248875121 0
-0.27025047643638922 0.2178046736164512 0
-0.36647957337857878 0.19060245155606309 0
1.963579817263736 0.21929455183810201 0
1.999420731351546 0.18442277464165091 0
-1.879598541894929 0.21290705191867759 0
-0.7504394650434858 0.26207453688871007 0
-0.71456474433048411 0.22720135791610821 0
-0.7626831275088537 0.21360055618396451 0
-0.66645480571034721 0.24080403942831971 0
-1.026826922152227 0.22900179755380881 0
-0.99097764152397594 0.19409247203631741 0
2.275818896162864 0.2175519476292152 0
4.50965521721883 0.21905425366665079 0
4.5454960673753213 0.18418252667595819 0
6.875550789706864 0.21287848803553161 0
11.967711940414761 0.21243682597679581 0
-2.4675706619699849 0.18122420845093079 0
3.6587846396996961 0.38256715295229682 0
11.6912908978593 0.17928095621150791 0
13.396313749835789 0.39186072540731121 0
13.566173114562771 0.35390511126012231 0
9.1452172651897445 0.1795005002552468 0
6.5991457810855971 0.1797371297321961 0
3.3410683848614671 0.3939917508885642 0
-1.8437573043549831 0.1780098383531519 0
4.3289639529660846 0.39305605526728332 0
4.8577344976725998 0.182452130817707 0
10.53801431679833 0.39330884053331461 0
2.3116591198399532 0.18269241541034301 0
1.7805057323988529 0.40071095703368631 0
7.9919263475581142 0.39354579623745628 0
5.4458378672623073 0.39378626835796232 0
0.51417507980479449 0.48501449562919341 0
-1.039089136207217 0.1804784922460623 0
-0.67872674223493779 0.19233317770203459 0
-0.63061189037646503 0.20593423636513969 0
12.0035419335873 0.1775479383422047 0
13.717730107694621 0.2020288279568776 0
3.7041874992325261 0.39702808501098652 0
9.4574658251761008 0.17776759872218359 0
6.9113904403981756 0.178007892825013 0
3.3908814326648189 0.40048058462783748 0
3.2148240302049289 0.39174586742829348 0
13.66508843046379 0.1898392614250673 0
14.249367706739729 0.34510961405631002 0
14.297598492657279 0.2983433972613595 0
-2.7473011910958829 0.3870006211704346 0
1.1947469303781 0.18195079621663621 0
1.146631572304817 0.16835033074030989 0
-2.5156385565412962 0.1671532537766936 0
13.867274746119421 0.18709427711678861 0
1.951302239408879 0.17082492310085121 0
4.4973776287087404 0.17058463329702939 0
-1.0032502621663091 0.1456015717413397 0
-0.95513526498361057 0.1592011736893385 0
2.2635452215945251 0.16909264509053309 0
4.8096206066711851 0.1688523560514377 0
14.222540232143411 0.2208904603542689 0
3.2589687916386509 0.40636403295236478 0
6.5510279693742364 0.16613907591031249 0
13.51606598299295 0.15645795526144621 0
9.0971083117082898 0.16591201729167809 0
11.64317811664368 0.1656590910174254 0
-2.6994780256113651 0.40718518233458922 0
6.8632730012858589 0.16440905629591601 0
-1.89187022279277 0.16439449874091411 0
9.4093483987114599 0.16416875879688519 0
-0.16174301271197919 0.2934758728292724 0
-0.12590683075238721 0.2586080070706826 0
13.91156326651662 0.3578949585856549 0
11.95542564187579 0.1639383893112174 0
13.75919894963539 0.36409819227033952 0
0.2098960939079291 0.1735409783780604 0
0.25801064201911422 0.18714209083463859 0
0.56490403655617361 0.49444726616785362 0
0.6542061272366132 0.1641448652416391 0
0.70232071653629302 0.17774601086373709 0
0.60609187069521575 0.1505440080472556 0
0.57025563747447139 0.18541182990099711 0
6.5868642601074479 0.13127110824335481 0
6.6349788267388323 0.1448722023309458 0
-0.33064339136045512 0.15573458587609779 0
4.8454575793381318 0.133986097327568 0
4.8935726875695709 0.14758834599378881 0
1.987138552816474 0.13595694869120681 0
2.0352531232269588 0.1495580416550468 0
9.1329398311501286 0.13103362810911151 0
9.1810536025663545 0.14463298527729529 0
2.2993821855498688 0.13422639171398279 0
2.3474972876144942 0.14782864416548039 0
4.5332139403404428 0.13571666028197921 0
4.5813285104549557 0.14931775347820789 0
11.679014004055849 0.13079468427938851 0
11.72712850346676 0.14439637185550611 0
-1.8560334462908661 0.1295229830632702 0
-1.807918798697997 0.14312348581577791 0
14.313042821128739 0.36249747105297919 0
14.364863178028831 0.31453310482899349 0
14.340776648470881 0.23784712422581389 0
14.41500280468164 0.26217028033218642 0
14.43240173098456 0.3346913296779554 0
14.48554361459164 0.28363425588622337 0
14.46700992619272 0.21104130126046319 0
14.53909777779252 0.2302773652824722 0
14.55810584715074 0.3040404896051056 0
14.61271472366573 0.2493198800690751 0
14.63410816892921 0.32374770483531878 0
14.68839221352758 0.26848617926151069 0
14.71091269749059 0.34253863967782422 0
14.765773224920499 0.28784005551105302 0
-0.64261070370690332 0.15647997439339459 0
-0.5944495124430158 0.16991686254073851 0
-0.69095709099071079 0.14369961138761261 0
-3.195871964231062 0.38967912057210541 0
0.69004254883268823 0.1292772074512116 0
0.73815713727458232 0.14287835318492589 0
-3.8587247548100758 0.25012560067888923 0
-3.9108902098226732 0.31815351789146312 0
-3.9418825579964141 0.23627439250111859 0
-3.995457975568256 0.30667424938084531 0
13.812445976679131 0.37876350865440911 0
11.99126050183615 0.12906561358023311 0
12.03937483000537 0.14266590632412149 0
13.70511950672951 0.14795937811216281 0
9.4451846766031231 0.12930081733340221 0
9.4932992410943182 0.1429019157883514 0
6.8991092795990561 0.12954111471917831 0
6.9472238441605194 0.14314221315514769 0
-2.893018734435123 0.40992971064246808 0
-0.37875793983585099 0.14213347484012609 0
-0.4145941217909288 0.17700134060477929 0
-4.0271104970728206 0.22686351796093099 0
-4.0815378753880154 0.29531306323280038 0
-2.65532929656439 0.16739624615728291 0
-2.707928653587317 0.14992128200706059 0
-2.8476197443031879 0.41440946171101473 0
14.13879306369455 0.37107052542086327 0
14.087773906116629 0.1840133958351321 0
14.65997283837798 0.19255876209199621 0
13.46754368519465 0.14345518607660401 0
14.79036397997516 0.37127183332116642 0
14.846473468349769 0.30954521789436501 0
0.59513562719650526 0.46161520846606952 0
-3.009712272336079 0.20848311585904569 0
-2.9647476589267741 0.16647862876142139 0
-2.9054868067668558 0.18445853748141369 0
13.43230083792837 0.17661521665382099 0
14.02680244678769 0.16760204178850949 0
9.7338599464336735 0.2109573989640427 0
9.7697031587605405 0.17606208320949451 0
9.7215903180586771 0.1624509236251912 0
9.7574279563795656 0.1275768081152692 0
9.8055427476089623 0.1411768775623905 0
11.78499220247051 0.39408656177611467 0
11.74607414802191 0.41979640837965848 0
11.70810866221882 0.40686310635229828 0
8.9267907004031226 0.39603878650317359 0
8.888062202495794 0.42114615867218541 0
8.84957685208696 0.40706159523800822 0
12.9525456420519 0.22079754345292779 0
12.988385723460571 0.18593700729606399 0
12.94027180232624 0.17233707545580751 0
13.08174326520381 0.40050621162935179 0
8.3018669052812779 0.39928850868264693 0
10.40646678609391 0.22103908122578439 0
10.44230918489977 0.1861777138558017 0
10.39419563660285 0.17257764828495531 0
11.475036445463591 0.38823289079007489 0
11.440117084023919 0.42232886532634623 0
11.396542045348889 0.40718407332992268 0
8.4848908703671633 0.21782871832679609 0
8.5207314817842956 0.18295711036818041 0
8.4726132420671174 0.16935911779588611 0
8.5085342675907221 0.13457822138614181 0
8.5565782361636629 0.14810675405099469 0
13.264862848337749 0.21910639790288039 0
13.3006258968746 0.18422558015048909 0
13.252528103230629 0.17061652923699111 0
5.9388154704122629 0.21806901650262539 0
5.9746561344956692 0.1831974490292595 0
5.9265378508899982 0.16959942271920639 0
5.9624062426539766 0.13476443047769349 0
6.0104940741562487 0.14833804412709051 0
6.6927995833306504 0.39445443631667287 0
6.6537780218273674 0.41994148181641339 0
6.6152770188500343 0.4060148031561972 0
12.09709051573827 0.39240497669474911 0
12.05803148831907 0.41827839196446198 0
12.0200448624818 0.40525707350936002 0
12.115770406504391 0.43173232326173733 0
5.3143017920160318 0.2215309246955659 0
5.3501590940218842 0.1866619308820151 0
5.3020425891695302 0.17306072260098909 0
4.9511981667730209 0.39710197267427311 0
4.9148654059596026 0.41338289663085093 0
4.8791103306778112 0.41185954465916258 0
6.0698624038197266 0.39281564523180162 0
2.719298182699307 0.39071765751387699 0
2.6831256455678729 0.42767182472365939 0
2.636697118721584 0.40914367534217561 0
8.6142095950395703 0.39760455885794399 0
8.5781311402300187 0.41414662850235301 0
8.5423997502405253 0.4124540051640585 0
10.849672940297401 0.39405263123960488 0
3.2606676100627658 0.2260102656555433 0
3.296507755024412 0.1911227553009848 0
3.2483946916400841 0.17751447648069699 0
3.02982996037673 0.39399297738487549 0
2.9907678649476961 0.41972816077908442 0
2.9521393847967921 0.40577507007037472 0
6.383128901141502 0.2086730202964788 0
6.4189630182881867 0.17380526973971019 0
6.3708481602409606 0.16020418029019509 0
1.290996964189024 0.38942524122087352 0
1.2578315215102509 0.42544216799234641 0
1.210295726225411 0.40883108541987923 0
-0.58244180308996119 0.21934343114088409 0
-0.5465963646663663 0.18444357933285879 0
1.242861640794741 0.19555177816978381 0
1.2305824916667421 0.14708342541500161 0
1.2786969367240639 0.16068461898017969 0
0.89541025942530539 0.41251746105530113 0
0.86355445329215663 0.45110120173276141 0
0.91025558053369482 0.45335009643633639 0
2.4051821038896608 0.39734480200245459 0
2.3663200641323892 0.42254380325548341 0
2.32834352777241 0.40861216709326748 0
0.090109189281961682 0.22967557124525539 0
0.077830815537544604 0.18120661989004849 0
0.041994632507410312 0.21607448943573021 0
0.029716264585843689 0.1676055174819252 0
-0.0061199177819517489 0.20247338468455309 0
-0.018398284622653499 0.15400440890713951 0
-0.054234466699914982 0.18887227508199031 0
-0.066517009261451335 0.14041807110678919 0
-0.10234971129436191 0.17527362646660241 0
-0.077792282249907169 0.27220911814303611 0
-0.17402137925486741 0.24500689599832939 0
0.41463302569946892 0.27641486859154452 0
0.45046889595009459 0.24154662021174789 0
0.40235435783791351 0.22794552189343439 0
0.43819047855128812 0.19307758095541749 0
0.39007593259926132 0.1794764730137324 0
0.3542397510647447 0.21434433929409979 0
0.34196137481007549 0.16587535054199329 0
0.4985833925010803 0.25514766751390061 0
-0.02866796945276644 0.46608237029254612 0
-0.063014943368565696 0.50584028434859363 0
-0.0124091261722975 0.5141630041076688 0
0.4700666840818073 0.47630449617888071 0
0.47088445559033199 0.5219018286407624 0
0.43044180074475569 0.5040315112485434 0
0.2835662903532295 0.46435484931139631 0
0.24904751598167499 0.50574471875511418 0
0.29783915796031879 0.51841878294650012 0
0.2001234837939834 0.48646820987539091 0
0.20863284749846539 0.533230492807103 0
0.16604460398083759 0.51949649925638564 0
0.81330179297375849 0.43357667132531658 0
-0.1122171845319687 0.48804694891164713 0
-0.1032462030057292 0.53499011578996991 0
-0.14762171873346749 0.5289430134365376 0
-0.34062092958994389 0.4694491260847502 0
-0.37733531094129308 0.50231228739082889 0
-0.3328755467823733 0.51757309014670616 0
-0.42355752338805308 0.48936768402884401 0
3.0323824870516871 0.2064374743351147 0
3.068217238670055 0.1715702337493959 0
3.0201025010994802 0.15796920531485001 0
3.055151148076344 0.1233008908502046 0
3.101934000478745 0.1355971656247543 0
1.1107952554167571 0.20321830409823571 0
1.0985168933714859 0.15474932368064831 0
1.134353076080681 0.1198814573242863 0
1.0626806896734169 0.1896172067746863 0
1.051073792479061 0.13877286873571729 0
1.6513256186848511 0.22101513322543301 0
1.687167897316864 0.18615370116793231 0
1.6390543296855731 0.1725536251900705 0
1.674891691235767 0.13768700423074451 0
1.723006436336679 0.15128832276964119 0
2.5880604703634882 0.2158141015656086 0
2.6239032531121 0.18096011297101211 0
2.5757895771277162 0.16736083623642711 0
2.611627004638494 0.13249558906146569 0
2.65974239404609 0.14609846801007551 0
-1.207008642089088 0.22304284544401559 0
-1.1711595083446329 0.18814809922757961 0
-1.219269618978156 0.17453762645398849 0
-1.1834305387429269 0.1396637203355528 0
-1.1353155071945089 0.15326382468126681 0
-1.147592570538972 0.1047921130523691 0
3.829232252887866 0.39139629653831581 0
3.8097809378181759 0.43136054392859952 0
2.9003402672314 0.21417268011388091 0
2.0928399104937481 0.39902418898435738 0
-1.7476215428187769 0.3854027247886771 0
-1.780331183054958 0.42010764685809199 0
-1.825640493559451 0.40580192404295629 0
1.01467804623247 0.17562020734837039 0
1.003089802755178 0.1247098856256075 0
0.9666039083700122 0.1618761362107308 0
5.6265825407416576 0.2197929141223682 0
5.6624126427885546 0.18492956051030279 0
5.6142927902327937 0.17132986680069559 0
4.3294754410230949 0.2131179649859358 0
4.3653115802566038 0.17825078357929319 0
4.3171970331783323 0.16464964969522769 0
3.7049832427252221 0.21659186660082991 0
3.740820230203278 0.18171838968626841 0
3.692706677466735 0.16811102265806879 0
2.936151318518069 0.17923615761322809 0
2.8880409584610689 0.16564648933122991 0
3.7889349129588412 0.1953185655659434 0
3.7766571869683441 0.1468456234451864 0
3.8247718646050788 0.1604459177704336 0
3.572922685874977 0.22423414730805161 0
5.3982704975968554 0.20026406965769719 0
5.3859963154847481 0.1517939511894747 0
5.4341110372377699 0.16539504327285179 0
4.6413064965343489 0.39135424378641798 0
4.1973915452137343 0.22078176892980919 0
4.2332462927468564 0.18591656406362919 0
4.1851286499821114 0.1723150095092274 0
4.2209674104935644 0.13744751331901239 0
3.6087563476832281 0.1893760542858049 0
3.5606420406729531 0.175773889149967 0
3.3446229640272311 0.20472059227401129 0
3.3323461926858839 0.15624390201191549 0
3.3804611171386738 0.16984318182919081 0
8.1726457639355363 0.21955889448334501 0
8.2084828891077937 0.1847001359231572 0
8.1603675545946412 0.17109143551884459 0
9.8640406926622664 0.39122816983774172 0
9.8251996459531128 0.41735329495427892 0
9.786221433375804 0.40399331691557638 0
9.5536151681646651 0.38507852871328252 0
9.5209194186221584 0.42203782316622412 0
9.4730473759973162 0.41131369091072228 0
-2.0526731021584941 0.388603076228272 0
-2.094833270361999 0.42365343826491908 0
-2.138739495797958 0.40654741341316952 0
7.3198543546257664 0.38372146383650169 0
7.2870822451857098 0.41875848520213488 0
7.2416399616991516 0.40463349880235022 0
5.7105261779722776 0.19853142360703821 0
5.6982445912960751 0.15006299768202799 0
5.7463584342232519 0.16366432590932209 0
7.1877868915324097 0.21119522581652919 0
7.2236287964186037 0.17630133914618831 0
7.175516066942393 0.16268740730600831 0
7.2113529208328728 0.12781629683706319 0
7.2594675813238734 0.14141686712456239 0
7.0052367374066513 0.39294730714055581 0
6.9665777724970512 0.4184801309822182 0
6.9258214901191639 0.41099531934126488 0
6.2510945728925549 0.21643118581491999 0
6.2868967588033069 0.18147097458842251 0
6.2387878763089839 0.1678852544274845 0
6.2746193365950056 0.13300456290940399 0
7.8603913847600193 0.22127999088299 0
7.8962337844897199 0.18641821348827489 0
7.8481202363413818 0.17281808195050061 0
7.9443493692872709 0.20002033928783161 0
7.9320721758142607 0.15155251111261711 0
7.9801870925442842 0.16515398274868751 0
8.9292007327375735 0.20843118188358209 0
8.9650372568699002 0.17356441040814119 0
8.9169227719070019 0.15996353188161619 0
5.7581804487701591 0.39209000439223279 0
8.7971115111544727 0.21610253353685149 0
11.03100330389203 0.21767974163182011 0
11.06680245228265 0.1827205543973838 0
11.01869407604179 0.1691346635707657 0
11.114926441895911 0.19633944378396481 0
11.10264020776091 0.14785565169126391 0
11.150755018516319 0.16145725660598231 0
6.38286627333573 0.38871600118726568 0
6.3484718143250483 0.4247604105377436 0
6.3046188860381607 0.40785123841888338 0
10.49042476954323 0.19977990799314951 0
10.478147575896211 0.15131215717473759 0
10.52626249257143 0.16491365309352721 0
8.2565975948124368 0.19830276486183049 0
8.2443184684591007 0.14982645167648001 0
8.2924329165270159 0.16342659300059861 0
12.27993534182186 0.21071610621627079 0
12.315778573214811 0.17582136940824511 0
12.267665719669539 0.16221039042571869 0
12.303828205796041 0.1261872413018105 0
12.35199713832626 0.13959580514578429 0
11.16031581461263 0.39737437548266258 0
11.121633100353019 0.42241614272319278 0
11.083649443305911 0.4083938797987674 0
8.8329651681399319 0.1812327880979803 0
8.7848523675452945 0.16763058251507221 0
8.8206927519660745 0.1327619656406259 0
10.71872116389121 0.2193185963099249 0
10.754562049605701 0.18444688478716159 0
10.706443581307679 0.17084897851816269 0
10.802677382067269 0.1980473548989167 0
10.79039522638867 0.14958147604471511 0
10.83850927402834 0.1631829966198107 0
9.2466242738776891 0.38647496186874247 0
9.1998922582793536 0.4242969418235103 0
9.1622472099246881 0.40752230532032713 0
11.4752776107009 0.20819011182874311 0
11.511112837678681 0.17332473463083681 0
11.46299844833997 0.15972320879822119 0
12.409892313730079 0.39083929701102738 0
12.371032902529571 0.41704275491530102 0
12.332255559261011 0.40381426686272998 0
11.34323482867214 0.21590720004323641 0
11.379049569961451 0.18099457673641239 0
11.33093725407274 0.1673981262602795 0
11.36677023468966 0.13252357767659689 0
13.03650218787709 0.1995417196180175 0
13.024223502015539 0.15107214257877161 0
13.07233831661712 0.16467375382484831 0
-2.0597675290240041 0.2069182475024938 0
-2.0239332591741088 0.17205086386015939 0
-2.0720481178268808 0.15844983675588689 0
-2.1917997029802421 0.2146603378053189 0
-2.1559994813897529 0.17971675395431039 0
-2.2041080360785368 0.16612826245683041 0
-2.168276848963036 0.13124988038570981 0
-2.374464487355286 0.39637473951047841 0
-2.4131205724174118 0.42180092092152 0
-2.4510454309932799 0.40859874471351709 0
0.11366699629688171 0.14633875837741511 0
2.923873650049416 0.1307690879140069 0
6.0360550192382156 0.42599514009538619 0
5.9927380635695622 0.4092438287573173 0
0.60748273876139947 0.51047152862930834 0
0.63881332942244884 0.47471324787815278 0
0.37779755515103741 0.1310074827965434 0
-2.4196211223915531 0.19515553768957891 0
-2.4314379622328608 0.14662685987797919 0
-2.3836289150468288 0.16037946874568651 0
9.8837557272026011 0.43179165740242248 0
12.431773393838119 0.43107781198351047 0
2.05428186491207 0.42376342018082658 0
2.0166533975532479 0.40976755888025751 0
-2.7916303437833339 0.2221693379336043 0
9.5633954638201928 0.43073273893354341 0
-3.808577513223891 0.19075744389224711 0
3.59646682970028 0.14094643604238821 0
3.5483504226244511 0.12735188473463721 0
3.5125249440583879 0.16218188424845589 0
4.6073653905618626 0.42685509674285832 0
4.5638411998168582 0.41008396678606768 0
7.3317444001458441 0.42911588300066228 0
13.360521655067791 0.42888387584306331 0
13.320356604056309 0.41196265830686662 0
8.2657514074749052 0.41543003247718119 0
8.2303380566376685 0.4136457704854356 0
-2.0531335382099418 0.43272603254975139 0
2.424626305686449 0.43571456031192368 0
-1.7356839416106049 0.4307154904540712 0
1.30273969032707 0.43453754640916131 0
7.0191851354574784 0.43220096113680201 0
13.043220556282931 0.42493748092147188 0
13.0059203991086 0.41104493446868962 0
5.7241550781533732 0.42734767559705578 0
5.6808519242461317 0.41076538702823978 0
10.814979716938669 0.43184865168733361 0
10.77272594316962 0.41110997629966489 0
13.81127135585205 0.1736728896047918 0
13.851240343201381 0.13354978489379229 0
0.55814391355808257 0.13711410991663339 0
1.7419822794305651 0.42502917179143529 0
1.7040401125050459 0.41491667575137481 0
0.82649357682146063 0.4817074577649923 0
0.78120701368611378 0.46547814869305681 0
3.0478569724741251 0.4375255468610062 0
6.0020614297291894 0.092219800778153754 0
3.3681719966248118 0.12141181905143469 0
3.4162848154571739 0.13501889392347921 0
4.2946381254614288 0.42826144821831802 0
4.2519074372284162 0.41154119142834361 0
6.7121077949993744 0.43384035547347688 0
-2.3549457869157608 0.43526040939398791 0
3.5002461528301332 0.113714425112661 0
8.5485933956605624 0.092154066412031263 0
11.481036272820139 0.43066763240323641 0
11.804074251781559 0.4379301877454852 0
6.0744379044870032 0.4399403656483758 0
9.2558596767253825 0.42981483204330312 0
13.565028636801539 0.1679227259491021 0
13.553865067871509 0.1229441463111527 0
10.503704072133109 0.42852579086053738 0
10.460993466955619 0.41183071281906952 0
13.419817877265711 0.12818735767432329 0
11.179703563518061 0.43592366391000348 0
-0.1146323698019788 0.12681983265593039 0
-0.15046451115184431 0.1616734045739924 0
7.9558786442590117 0.43292800233760631 0
7.9146276546599683 0.41277935333246341 0
5.4115532722231361 0.42900638720996859 0
5.3689872521549669 0.41218651066079032 0
0.24565696276269139 0.1389395361503086 0
0.19752986214128879 0.12538282876905729 0
2.7250143268814022 0.43449020482105888 0
-3.2497557997433959 0.19108765151239179 0
-3.3172940477966391 0.17187090052176271 0
14.57828381806007 0.38046966245130243 0
6.3942065394176781 0.43515936737297373 0
13.908371206300369 0.14492514450986829 0
4.3408437713725414 0.43783653497873559 0
-3.3852035217052361 0.40458863943002471 0
-3.3161178388552499 0.40571006048524211 0
13.28835437926397 0.13574145555991771 0
13.243047592780639 0.12196934172465131 0
13.204873260125879 0.15698091110507201 0
13.19267151114974 0.1085061830973077 0
3.8123613698021752 0.112444007457701 0
3.8604539184503728 0.12612282682521 0
8.9463162328258647 0.43486368148677002 0
8.633544443606656 0.43628453713326421 0
3.8420071631998729 0.43168631946096819 0
13.406100190175859 0.43691715309134682 0
13.438730354478579 0.40573235385676337 0
10.85546135699026 0.4373444537702692 0
-3.0637033799299629 0.41617254560077549 0
-3.0076454807587472 0.43618547067103369 0
4.9702020776414768 0.43611743491801258 0
-1.2317062415875031 0.12663445838576939 0
-1.26740690557125 0.16102321619870111 0
-1.2798514388287681 0.11314310563668779 0
-1.3155303518786301 0.14745484831640299 0
4.6465036483607038 0.43247342903523478 0
1.7099600040579801 0.1030144296814937 0
2.1118978653300662 0.43707258020847678 0
-3.4744459480061818 0.44083516708564702 0
-0.42722092800627398 0.12976498502283401 0
13.101096915285209 0.43838951044139041 0
14.81765791748246 0.2240112007458562 0
14.90024168318617 0.2443102821091227 0
14.925691862510529 0.3298657852184893 0
14.985152158119 0.26947081277778689 0
15.005763096169719 0.34824643634116581 0
15.069454432363671 0.29194781942583392 0
14.96079765704944 0.18867959455750261 0
3.3636293325832711 0.4325568714550071 0
5.769222012135228 0.43811167764925968 0
1.7996761896194331 0.43823631287421239 0
10.547637561092049 0.43798566251378712 0
3.6701479125982348 0.43172180052933451 0
3.628164229918085 0.4145881897561523 0
13.05991308204125 0.1167242812856316 0
8.3207334378896736 0.43759495736671838 0
-1.0516060329457759 0.13285352925589819 0
-0.55858708764458498 0.13598764090195389 0
-3.6445452993817411 0.20654881304781789 0
4.3536651402346056 0.1304313755693863 0
4.4012530776061869 0.1434912705377823 0
4.3897561427825504 0.095206813381249616 0
10.51382775218172 0.1169990329291245 0
10.56191629973843 0.1306926009204889 0
8.002845656728196 0.43938916784805387 0
7.9677434338156496 0.1172708948074354 0
8.0158304949918158 0.13096971412194189 0
5.4574612887571403 0.43843773399459152 0
-2.9207778101790258 0.1138803573479555 0
6.4074019833374409 0.12607431481502199 0
6.4549181018329067 0.13906044845526139 0
15.09063031316429 0.37176290798523087 0
15.154627128261509 0.31306157604353879 0
5.4216597860696263 0.1175400294718954 0
5.469745549342985 0.13124346455110189 0
-2.8618802071453331 0.14334276287717251 0
8.9535326909169033 0.1258910422821021 0
9.0010025261628286 0.1388295610264412 0
-0.41157978689946689 0.53365213955624879 0
-0.45430439041294418 0.52144304586569934 0
-0.3682356089663667 0.54729392434390978 0
-3.4397844662144821 0.2002192404224577 0
-3.5130408602300629 0.18345114200467749 0
15.13125360035823 0.23035629099984209 0
15.21930949794185 0.25132777207474022 0
15.248237268868801 0.34774060522535633 0
15.31002754029446 0.27704594151816858 0
15.34094670927376 0.35891693507964778 0
15.401556110937049 0.29983201147192751 0
3.7149609340773551 0.44192969780497632 0
11.49966283696507 0.12570703180232029 0
11.5470870806099 0.13859874787293031 0
13.603885142659911 0.1314747881687619 0
-4.0533320050729484 0.38020541719866169 0
-4.1338761719591366 0.35987993480773578 0
-4.1700080390222256 0.28168303616008189 0
-4.2191079651723618 0.356985166313459 0
-4.2611928933706116 0.26982861287004001 0
-4.3126091007682836 0.33856329689715869 0
-4.357065717589867 0.25362870960976608 0
-4.4003045754706376 0.34104068721934983 0
-4.4504846179705986 0.24391777931264269 0
-4.5058827578260336 0.332266333319375 0
6.4419620396491322 0.089501980588006791 0
0.52129948620015321 0.52959474745003354 0
8.9885260790570811 0.089385286696235022 0
-2.0353402031383352 0.1244783876435942 0
-1.9879524689537791 0.13733257919136219 0
11.535221795462929 0.091212169360888787 0
-2.0001824208173939 0.088351923943063071 0
4.3049186566660378 0.1161808325463871 0
3.4024515895460259 0.44338829769913618 0
4.1725120466935746 0.12505173547239359 0
4.1369597915301899 0.15891514455729519 0
4.1243316439832576 0.11168505429108611 0
4.0888252156681588 0.14538664615354571 0
8.4601344088254589 0.12204926966267481 0
8.4244647902862084 0.15595161063991381 0
8.4118819375424678 0.1085720458356918 0
1.6264289102978711 0.12531943499454309 0
1.590883282111424 0.1591597292052977 0
1.578246906544212 0.1119584500761442 0
1.542748074555135 0.1456331750065317 0
-2.552721092456621 0.20128228984893801 0
-2.564910013678618 0.15176190172942469 0
5.9139834062796854 0.1222766832330604 0
5.8783767913624994 0.15618976250597341 0
5.8657776393267884 0.1088600649327079 0
1.758843256710938 0.1164211307177646 0
2.8752491830646019 0.11897256607897851 0
2.8398380495193321 0.15233692532844489 0
14.07072525724903 0.117697618858803 0
0.65137912870842729 0.51936763692137822 0
0.682831272532895 0.48955849879798091 0
13.108003196887919 0.13041205976890821 0
9.3735117370915226 0.1990370030801088 0
9.3612333865370516 0.15056801363158229 0
11.607341228825421 0.2005332215595246 0
8.3763216041072575 0.1424034147612363 0
5.8302392879474478 0.14265130870546461 0
9.0612730622523117 0.20078198773517411 0
9.241449119784086 0.20670208242174101 0
9.2772834551334071 0.17183463954222039 0
6.5151912435464947 0.20100745121069541 0
4.7737845342951193 0.20372044452773769 0
4.7615074086050404 0.1552539896077314 0
-1.7475251487173971 0.20519147833519771 0
-1.7116890450020621 0.17032199100823861 0
-1.6635745095402901 0.18392283181919861 0
-1.6758528992119299 0.13545337565781351 0
-1.627738356737696 0.14905436179819451 0
-1.724317505749517 0.1230905172676286 0
-1.693573390081438 0.087633308965491888 0
3.872860874891991 0.17413689151433681 0
3.9086928004822998 0.13928400286768089 0
-0.53437596617617367 0.23311796407554841 0
-0.51075426615630093 0.1497268232526642 0
0.75043551047403945 0.19134733579276311 0
0.78627175545659023 0.15647952494256459 0
2.0956473734661158 0.21162451953725081 0
2.1314812781878869 0.1767610424656163 0
-1.615459991199514 0.19752331780714211 0
-1.5796238170315251 0.16265529057194911 0
0.27028900849678639 0.23561106789628569 0
0.52216893511340401 0.1718393238641964 0
0.51116545667456603 0.1244369837668118 0
-0.20985756121445931 0.279874761756919 0
-0.39003738908370239 0.27393929375816789 0
1.9154654002092619 0.205693332114703 0
1.903187055574368 0.15722433717525339 0
-1.074924809196937 0.21534421321833361 0
-0.79851994858109299 0.24846847349925619 0
-0.81079263762983644 0.19999867128212981 0
-0.77495550942122127 0.16513066795917569 0
-0.82306906048528117 0.15152940498784881 0
-0.85890507620513445 0.18639724542994321 0
-0.87118309109349323 0.13792821613569431 0
-0.83619767395415201 0.1032758758287351 0
-1.927706652806767 0.19926360588160821 0
2.2277091480111171 0.2039607343078802 0
2.2154320086499451 0.1554942877793809 0
4.641722744272192 0.2113842744778992 0
4.6775566781429623 0.17652074429405301 0
1.783400912544336 0.21335553847403849 0
1.819236258221431 0.17849088709585259 0
6.8274363375580371 0.1992773011451181 0
6.8151579870739862 0.15080831167780179 0
4.4615407983884836 0.2054530353378832 0
3.4285739762179941 0.1834496598868052 0
8.0282698293823209 0.17886933830680549 0
8.0641007093977564 0.14402051329581089 0
5.4821927292531463 0.1791153389154676 0
5.5180234351315711 0.1442673372519318 0
6.6953728327566058 0.2069393133714782 0
6.7312071441994039 0.17207515481867849 0
11.919589169381339 0.19880484874349341 0
11.907309432416669 0.15033072755226351 0
10.574346963481871 0.17862289904780959 0
10.61017813250967 0.14377305576961991 0
13.120424350317871 0.17837596020419219 0
11.787521762150471 0.20646242423524369 0
11.823357949109051 0.1715945870577221 0
13.348646075790059 0.1977933722855616 0
0.86507932297731893 0.4897133752591476 0
-1.014653291125994 0.096869386574186533 0
6.0482433026950932 0.11530669468993569 0
6.058923303872044 0.16224206849192621 0
6.0944497952776198 0.12870576587259611 0
6.1067722899234456 0.175859991798066 0
6.1425642114745518 0.14099492807849681 0
6.1306101036466334 0.093417588374073129 0
8.5944346113349877 0.1151883233428421 0
8.605019482283172 0.1620235928040055 0
8.6405388214085068 0.12852181219442491 0
8.6528534239837001 0.17563272145292061 0
8.6886428381429468 0.140766191957089 0
10.825924083254939 0.1157974796834273 0
10.87398741090851 0.1295792356553821 0
10.886563349874031 0.17699544465496669 0
10.922389453057599 0.1421628017236107 0
4.5685728823647587 0.102535422076431 0
4.6164450014643039 0.1169938664442714 0
-2.7361436589086439 0.43430459067863669 0
8.676789877472455 0.093203065047959915 0
2.5642842465972731 0.1199479019330804 0
2.5278052589315139 0.15393865655859329 0
2.5983103759032051 0.084819720897741313 0
8.2798473137432289 0.1160425867902002 0
4.484619655925199 0.1238109380563284 0
5.7337722697853284 0.11628201156732861 0
2.90445933619996 0.084593791304677868 0
5.686523122876828 0.1003846950148618 0
1.2665725913321759 0.1139737057181153 0
1.3145586239629179 0.12610989532670461 0
1.3268155711938501 0.1743347185803534 0
1.362649978149276 0.13944712075174481 0
2.022482903079482 0.1028273068314348 0
2.07019809848182 0.1178408721305273 0
-2.682368600783458 0.44258047227187908 0
8.7240453591022558 0.10757452963610679 0
3.2262070477865041 0.43944855880431782 0
3.1841936851157602 0.42583196739206453 0
6.1779461635076602 0.10782934282581449 0
-0.32828616891283352 0.55717417113009204 0
-0.29572057714827271 0.53565037096710455 0
8.232451468837283 0.1003224852132257 0
3.2669008329412872 0.4457331237735791 0
11.318167386944401 0.1206489391736133 0
11.28273795956555 0.15407774075251759 0
11.269957330900651 0.107382361123497 0
11.23459336880531 0.14057917277770821 0
7.162921246499252 0.11589715860082241 0
7.1273497512252204 0.14936070274978119 0
10.778661739349859 0.10012807975885619 0
-0.52150224812309909 0.10172515216495891 0
-3.0222656022018932 0.15333902488950549 0
9.7092015370265585 0.115638755647401 0
9.6734591081361092 0.14911802285836101 0
12.255536625656511 0.1151911042339781 0
12.2195777898133 0.14884312664801441 0
7.1948244331805 0.082598132724274437 0
11.45275289794003 0.1139374260524794 0
0.32916431598403761 0.11924125486039271 0
-2.216917550126253 0.1195109977896263 0
-2.2523151046020211 0.15282735684870419 0
-2.265135210742085 0.1062702923730776 0
-2.3002862379630051 0.13940415722448549 0
9.7414374486010367 0.0823988251559407 0
12.28980360217604 0.079866860891326968 0
8.9064025152415098 0.11411482737670391 0
13.448041569963619 0.44619145541251509 0
13.47691708168866 0.41796995182401808 0
-4.5486445142749847 0.23254681625621471 0
-4.6147685275842312 0.32417274145865982 0
-4.649144078940509 0.22418943877683689 0
-4.7102342182540209 0.30021982057754981 0
-4.7437760352777847 0.20020125470964931 0
-4.8053545523092556 0.28332868518528498 0
-4.7678074173825236 0.37117376551950709 0
-4.8630033658398082 0.36316426483977099 0
-4.9026245868799254 0.2726980037681509 0
-4.9526572220456906 0.34579548831630552 0
-5.0009153006945928 0.26578655905202547 0
-5.0535548428867001 0.35946486400291061 0
-5.0997356373039233 0.26066516420048641 0
-5.1600960658621027 0.33536844503772811 0
-5.2006525116202544 0.25222896732694527 0
-5.2526257406076597 0.32654706240563641 0
-5.2993901639423466 0.2444941007643622 0
-5.3558581065899649 0.32562180748927499 0
-4.6894414793222321 0.37459413613726072 0
-5.3996397417797901 0.239537304206731 0
-5.4555928669825517 0.31834351174208952 0
-5.4994603414995904 0.23264585793194181 0
-5.5600837479182452 0.30990260738057512 0
6.3600512537200391 0.11429491734600709 0
0.17713905458530721 0.56300485443908488 0
0.13481470935147341 0.55502436576558722 0
0.119335338551254 0.50674657192192796 0
0.0929875746476021 0.54120405908474745 0
6.5381396981586102 0.1198265801893582 0
-0.12789606932315711 0.56491947236323237 0
-0.17883522587717099 0.55372961038334001 0
-0.19045293292729601 0.51278748497431925 0
-0.2226655595804525 0.54363784684792016 0
1.222299124405118 0.45131426987575141 0
1.182584029987459 0.43837195199687351 0
9.0842120984747829 0.1196025844899791 0
11.7148504805636 0.095923359500975414 0
-1.5903274926665241 0.11580476429809571 0
-1.543525186587287 0.1280571665728692 0
-1.531465527114938 0.1763013586042195 0
-1.495701684479525 0.14172267885897669 0
-0.030448708264421649 0.10901001420439251 0
-2.7794567875257181 0.42885607776863821 0
-3.880273716531498 0.39243892783336559 0
11.63028362946336 0.119370071781322 0
1.2539082195748139 0.46349551416730428 0
1.29924737719992 0.081256277211863834 0
-0.096551482706243141 0.57274765155665697 0
11.762290599893159 0.1119106301207043 0
0.72587884041122208 0.09440943703926713 0
-2.082381371108271 0.1128217298394206 0
9.1687750806059611 0.096163657665529284 0
9.2165032467448498 0.1111316686072911 0
-3.3587446956886611 0.44365216175845951 0
3.3194116002156888 0.1100953528639011 0
3.2984768041460431 0.4198234028323119 0
15.375337667989591 0.21526073724724321 0
15.469299435945461 0.23938203022870139 0
15.49891725395057 0.33894306565102589 0
15.56508367364691 0.26528826274694378 0
15.59702853162047 0.34954176869057291 0
15.65857600076777 0.29021947612914389 0
15.66754884695686 0.37066124918859988 0
15.741393954190951 0.33027997412193122 0
15.72949491296608 0.23131568733114621 0
15.8220479548641 0.26143328670662641 0
15.838275937196761 0.35742731861867849 0
15.91218001303152 0.29410837967713738 0
0.44207404564831709 0.54623902067281571 0
0.40373571398474639 0.5319177106636912 0
-1.8201965595439471 0.094649735210178179 0
11.137906974463309 0.1149951603047993 0
11.08835984195332 0.10118001268269371 0
-1.904798980576913 0.11822309564837261 0
5.3725967478417553 0.1066898187988526 0
6.6226996806515928 0.096403955843166717 0
6.6701060675453654 0.1125104621364918 0
-2.8875345728764459 0.44584855101962162 0
-2.9199790931442502 0.43993786396138712 0
-2.9774482103975739 0.39091699974465738 0
0.79088795454426264 0.50939448426847056 0
0.75495850745786441 0.49940147931313472 0
-3.813728606112297 0.40019431180914211 0
0.9559668801990685 0.1150633305676588 0
0.91866136596526449 0.14891029112989779 0
0.93063608058495895 0.19726366275541271 0
0.88255835432239338 0.18369461615344279 0
0.87028612481949175 0.13523098340089709 0
0.99000939834032775 0.07907814981151054 0
0.6887978621887596 0.52493138960428953 0
7.9186686825132293 0.1064217717111106 0
2.9633805568971741 0.44761490029396572 0
2.9231974109624201 0.43829311643890212 0
-2.6562788886238722 0.41897562671395472 0
15.425375057145679 0.39707570678319631 0
-5.6001018914886433 0.22660557104276091 0
-5.6590754251819186 0.31821290306854477 0
-5.6990574111155814 0.21744030549485799 0
-5.7530685761744529 0.29903437996445947 0
-5.7263844266108928 0.37908749673036529 0
-5.8032201061154547 0.37538784374018552 0
-5.8473187024219602 0.28704234059601352 0
-5.8962832255829367 0.37066032990788528 0
-5.9411100485554913 0.28300122155982271 0
-5.989975165790014 0.36741911894091839 0
-6.0352545735065961 0.28161692140124489 0
-6.0841883857389014 0.36588426648190642 0
-6.1298644025939533 0.27977727068832892 0
-6.1788725831118061 0.36548288242844462 0
-6.2249585306164059 0.2791464336372308 0
-6.2740378573196462 0.36442371419251329 0
-6.3204627712904298 0.27773010148532079 0
-6.3695988636014436 0.36398757856369113 0
-6.4163684086569512 0.27714203160223522 0
-6.4655461762034339 0.36341504089224541 0
-6.5126211038543538 0.27599791544261643 0
-6.56187509527836 0.3622331338465164 0
-6.6186528478424727 0.25715378483007179 0
-6.6585303591685197 0.36115333842431868 0
-6.7190383936157048 0.27174786586475003 0
-6.7554789952475511 0.36016390449704661 0
-6.8089594552945663 0.2762335251856099 0
-6.8530141724516902 0.35930055393124538 0
-6.9016896015039766 0.2733411308361362 0
-6.9504044813240604 0.35847422673608942 0
-6.9985426375625881 0.2721144383859665 0
-7.0479698982877927 0.35787203785652688 0
-7.0962284735171339 0.27219539116436819 0
-7.1458234857649616 0.35754283762550237 0
-7.194264772419495 0.2714962665526286 0
-7.2438997416538911 0.35719766376010642 0
-7.2924826075666012 0.27081592923530218 0
-7.3421536210490039 0.35691179088844782 0
-7.3908656252278258 0.27023269766567931 0
-7.4405659988484176 0.35670971469679258 0
-7.4893836709158554 0.26971113003902941 0
-7.5391206536589426 0.35659256501612818 0
-7.5880466934832711 0.26925263297721591 0
-7.6378086276912889 0.35656357243651338 0
-7.6868350861195553 0.26891942627800203 0
-7.736636731062184 0.35651457479213128 0
-7.7857377690850393 0.26856319498946019 0
-7.835572695681412 0.35604463467759839 0
-7.8847411983638063 0.2682125488261024 0
-7.9408077325674657 0.35476898836142912 0
-7.9848711798257419 0.26769740664321112 0
-8.0369229543532157 0.34279691158998937 0
-8.0837237015229793 0.26543848641921891 0
-8.1287233286557647 0.34999772152533482 0
-8.1816924271409963 0.26605914746924042 0
-8.2379562888157984 0.35322787089268259 0
-8.2822117406029943 0.26647371414750981 0
-8.3361422260770262 0.34343253350967667 0
-8.3818613474134853 0.26482015122004549 0
-8.4281705889233702 0.35055435838439591 0
-8.4801240167621579 0.26560756780633449 0
-8.534542739434011 0.35091134776438387 0
-8.5799245888580256 0.26552195763899328 0
-8.628068250147777 0.34176764953508099 0
-8.6791832650779082 0.26401766619329259 0
-8.7225299030465209 0.35131881223387729 0
-8.7778797901442989 0.2652418075341299 0
-8.8325416462292665 0.35062387815805829 0
-8.8787077755616721 0.26494893694146721 0
-8.9269213422759073 0.34092928659381411 0
-8.9780948143866759 0.26348401282109402 0
-9.0214898706357953 0.35090976611138608 0
-9.0769022847847971 0.26483499463384169 0
-9.1335035210344184 0.35247374936159492 0
-9.1783356711690569 0.26503315194623323 0
-9.231122920801937 0.34117495031747602 0
-9.2782334992074009 0.26333372595731008 0
-9.3234117866124038 0.3486860058305587 0
-9.3770844588211091 0.26426045386669961 0
-9.4273565992405679 0.35066708596579049 0
-9.4771477319089907 0.26467404696855229 0
-9.5220387160027897 0.35068544677752977 0
-9.5761681936412018 0.2646900751464985 0
-9.620470843620792 0.34325945154946019 0
-9.6756520625864741 0.26341828997688849 0
-9.7189992383485624 0.35078823063716857 0
-9.7722876873110032 0.26613057285105729 0
-5.6096644846359469 0.38463567166990981 0
-6.850997291915756 0.18841078656320229 0
-5.5318078466954246 0.39243193456534931 0
-2.8444940070131088 0.45056215777076281 0
14.51801775709456 0.16083702055347771 0
14.450287906946031 0.13833727082995839 0
15.92701644654489 0.39532262011124408 0
15.99928622531001 0.32956193080093821 0
15.98965103754543 0.2300051912159988 0
16.079520118138401 0.27157320779944139 0
16.081826035927939 0.36789297363942502 0
16.164855200307841 0.31606062908087601 0
-2.394256357304835 0.1152995685682551 0
-2.439221422505061 0.091680835465908328 0
10.464743397920421 0.10614909130802649 0
0.57718337509549522 0.53377285114272566 0
2.3408612546450072 0.45188734509554901 0
2.3009458541292789 0.4405458063314181 0
-6.5565168207272482 0.19224000317960471 0
-4.5676446588874171 0.38757663897017919 0
-2.5279869319537069 0.11956343859335621 0
-2.5751875851371051 0.1022646187179915 0
13.010821144954541 0.10587169945331761 0
7.2512128756538026 0.44673079057072712 0
7.2157518715894753 0.43485007655199931 0
7.2831460221319979 0.45280377035187042 0
0.21375787149578809 0.57107727514294149 0
0.90460806086882162 0.49855325076982548 0
3.3506152728673819 0.078625938816354213 0
13.773342204874069 0.41707617149080262 0
13.72000096778363 0.40426335718119299 0
11.719248033408061 0.44464568325007298 0
11.68441755815674 0.43594558498020769 0
-0.16342784107298591 0.1156275168208524 0
-0.19869258867491249 0.14847390757114201 0
-0.21098131243089341 0.1017619490868952 0
-0.2468963929573027 0.13547527274877899 0
1.5314875414538449 0.096785409712398296 0
1.4946067183189731 0.13266415886787969 0
1.506960206459379 0.18041995926163351 0
1.4588537102675381 0.16680533460536279 0
1.4456557324299251 0.1179027532682148 0
3.3002418378359222 0.45862761354123099 0
0.24172724276713251 0.54977105210731159 0
0.29446990095275072 0.5587791817357507 0
3.0093204381022232 0.1112066869179958 0
3.044240401490605 0.078683199391587008 0
12.34329582432818 0.44463815103156068 0
12.30774973411863 0.43392549708647582 0
12.379486572471921 0.45530170260276681 0
4.8806189840246859 0.1015078848870348 0
4.9286210696483312 0.11550727151235519 0
4.9415559360919312 0.16165392227895239 0
4.9773702347214774 0.12686346738913259 0
4.989754370692868 0.17495829168750079 0
5.0256045336688384 0.14004096898492191 0
5.0124223341269856 0.087224288702168987 0
6.6268628425653198 0.44819895278095712 0
6.5866797561390644 0.43757804246165188 0
12.02913300153272 0.44612504731080938 0
11.99576982451379 0.4350729357745427 0
9.7974250960990013 0.44603650920062321 0
9.7618761415511717 0.43421054851457858 0
9.8316252739182826 0.45725107064316561 0
15.176105186270959 0.39874047755495712 0
4.8794383870608229 0.44877626691371048 0
4.8461585621896024 0.43977573642667123 0
14.266926246872529 0.41091015259909192 0
4.0776729236539184 0.096544245093418329 0
4.0406946367469523 0.1324442642774932 0
4.0530379830196264 0.18018202324026741 0
4.004931592735633 0.16656883072264411 0
3.9923992553415122 0.11900108375651521 0
-6.3700879112810673 0.19189319959081069 0
2.334538183280078 0.1017672916021691 0
2.3825393677443318 0.11576986361564071 0
2.395479485812023 0.1618979361059486 0
2.4312936093874491 0.1271081004920421 0
2.443678591453788 0.1751999316236722 0
-3.043011526903352 0.44614432226401479 0
12.06448170824414 0.45558995362335042 0
9.1732489280828986 0.44856611204074731 0
9.1327493687998427 0.43915893216531432 0
-2.1313926089157911 0.44246197332144133 0
-2.1676517575018068 0.43815033216263233 0
11.74747005545667 0.4520052674214915 0
2.2887634321174768 0.087981471986303905 0
-2.441389410171253 0.44831896968626689 0
-2.4742381409008281 0.43776044012126841 0
-2.4075593338702541 0.45800717707013788 0
-7.046443369712593 0.18642712321883351 0
-3.2829256111785039 0.37440992315397481 0
-3.2629870301510402 0.44016497138666821 0
-3.297916247913891 0.45690758974925461 0
0.47648123022134042 0.55368491243747142 0
-1.815709659229521 0.44697599657569392 0
-1.850603655627721 0.43567504713354382 0
-1.7860463555279149 0.4544700678927116 0
9.491309382397386 0.44579412289706111 0
9.4392652929414087 0.43471764283653969 0
6.943763412449508 0.44514089029045512 0
6.8931179178546138 0.43496132835032941 0
-0.34559769080243918 0.1035495635557315 0
11.22253492376408 0.092063146329933843 0
-2.312315876242077 0.091369561557599163 0
8.2299399676059668 0.4508479408564966 0
8.199207986252544 0.44177334154484782 0
14.140421192732109 0.14458425952326651 0
8.5409906155377389 0.44962593345866569 0
8.5100829699955529 0.44082801898626522 0
8.5810862950020166 0.46290593252561701 0
13.37890768972675 0.45912195669934969 0
13.3432342306126 0.46067839142770972 0
13.29973162810108 0.44351334971127138 0
4.8349432600975124 0.087844393713178759 0
-6.1852308568617786 0.1825582754825297 0
11.093366837779961 0.44802348152194171 0
11.055805379706159 0.43903963158940029 0
2.9968971685512091 0.45834461941855992 0
11.406683458306761 0.44717818009271709 0
11.368552642977949 0.43924483135650122 0
-0.068656487640309238 0.5489162827579761 0
-0.01534706041852288 0.56111392937167437 0
0.59329443897585954 0.1028614234858304 0
13.48062975953246 0.45555964386516651 0
13.50920010474846 0.43295721115545921 0
2.7055284283964478 0.4577946900959341 0
2.6662726984159568 0.45573163703892539 0
2.621743908407661 0.4485408482661129 0
9.2052999662382469 0.4566201443993041 0
5.4024258611800722 0.076869361211858306 0
5.0626594102682789 0.107650900301167 0
5.073944486521528 0.15397620183296001 0
5.1107428641031039 0.1200801034330686 0
5.1220914199710768 0.16743768187781879 0
5.1578964969189887 0.13240245028004571 0
5.1700171229133636 0.18076499383380651 0
5.2058559210498503 0.1458888947967277 0
11.12339765828415 0.45718928462583741 0
-2.077656290202162 0.45683483298021749 0
13.88005533442966 0.094037682903581971 0
7.9196644656825654 0.44755158326065869 0
7.8877426631859793 0.44307830083871252 0
7.9487866182769142 0.076610149375714781 0
5.6890257166004812 0.44655593562720819 0
5.6523272719402051 0.44160025918768431 0
-7.2394502969779673 0.1838897526162287 0
10.469858096452199 0.45092103378330861 0
10.434140604876029 0.44286758092631251 0
11.456664527314389 0.45631077919094182 0
3.7503802327639479 0.41087280368821488 0
3.7489731885068172 0.45270274412876232 0
8.8616002039296564 0.4484643518407424 0
8.8210194066010228 0.43883724477182362 0
-5.4613642364496791 0.40278032357775101 0
-2.652954757001301 0.45350639324290509 0
-2.6250713454226942 0.43720172838031512 0
6.313378548587842 0.4486000568004655 0
6.2751559210624102 0.43880043357558057 0
-3.43641729570821 0.39126619092959147 0
10.495149047416851 0.076346574986340898 0
6.9686201466887221 0.4524254320247732 0
-5.9908774934676243 0.188425152361755 0
-3.7161694667889771 0.40766815812261759 0
10.9055045061345 0.086534647498968678 0
10.958294988734821 0.107049355420774 0
13.04151336082813 0.076078634230415929 0
6.001433190081384 0.44406586190175917 0
5.9647638283860642 0.4407327360469554 0
2.5164915152045202 0.1087913161791739 0
2.3692727786820229 0.45730593005423231 0
2.0285336800634459 0.45024637471201162 0
1.9951766629948069 0.4404317473997677 0
9.516313495434888 0.45854378490368541 0
10.520187625395341 0.4577922450326129 0
-2.759076104811653 0.45581468778141782 0
-2.8015856609799119 0.45481511468646879 0
2.0572179983122449 0.45763351485188558 0
4.5731117754117907 0.44985789436357998 0
4.5351773821746058 0.44043830382951438 0
4.6243726878079281 0.45739326766740629 0
6.3665321384466136 0.45707686625190191 0
13.015872531044611 0.44425142193122841 0
12.97999135566673 0.44136483990852848 0
1.7175705286535039 0.45067827961801271 0
1.6765895616612529 0.44033585444438578 0
6.6587201777169378 0.45855324687864779 0
-1.331399687042101 0.089845633718619727 0
-1.364390539794091 0.13285114341673571 0
-1.351466078556248 0.18206838512230289 0
-1.399597217845064 0.16842488589116619 0
-1.412843483773019 0.12266411701411831 0
-0.65444912341482175 0.10450645361087819 0
-0.70264083531171251 0.09292539119360263 0
-3.1368129579348851 0.40667462403990923 0
-3.1778642533658852 0.43508117909533522 0
-3.1286845336278688 0.44632593870433152 0
-4.9405902721630666 0.18258407823894121 0
16.16246758364197 0.22043879879655051 0
16.249145379768379 0.26768560088940802 0
16.25139051161398 0.36814266222132508 0
16.33300937279758 0.31700753750167832 0
16.247200361498699 0.16918892745701461 0
8.8940448500721878 0.45716508134197448 0
4.2622242216162656 0.45148696736167437 0
4.2257632896618142 0.44209101721089011 0
-0.066202158916357487 0.58328521020222857 0
-7.439546795862392 0.18339343521541299 0
10.78168644319746 0.44853438647296889 0
10.74322094325818 0.43985768794417818 0
5.3784129720916658 0.45205052953147679 0
5.3408598257849711 0.44245514068883512 0
13.514173723023349 0.3886813657858289 0
-0.29900178959798979 0.57161559567395137 0
12.026270169059719 0.097115685324508011 0
12.074246965106139 0.11120311931428729 0
12.087328119718769 0.1568320330901192 0
12.123137425213869 0.1220583366137392 0
12.135545110357389 0.17006966448241401 0
11.9808093129424 0.083470623657280252 0
4.9216260780015544 0.46350121835702163 0
-3.6338386783769838 0.41215929897458109 0
-4.2006056884944387 0.20019218828536159 0
3.6380127244153422 0.45316152514421049 0
3.6009023686640069 0.44416194278993132 0
6.0512969321874319 0.45700079676455269 0
3.687675216000482 0.46179474408382198 0
5.4282233038227874 0.46111580393627188 0
7.9764942512372139 0.4595847641303249 0
0.1061609747949088 0.57971807197295533 0
0.072161520047095778 0.57438973126833626 0
0.054522026345642502 0.54022074830629652 0
0.035211847190170349 0.57218654228131216 0
3.7608620589161208 0.089608229246223137 0
9.4823210993445954 0.091929950605174809 0
9.5302596797491557 0.10533393699782349 0
9.5416007073705345 0.1560533697232718 0
9.5774680422925602 0.1211105611082125 0
9.5895622053086171 0.17002174321989899 0
9.433505755090863 0.081275294468758058 0
-5.3615519125027813 0.39991314768879421 0
-7.6369676670720841 0.18224254146084851 0
5.8131206481786259 0.086935284301322954 0
1.1944914682980909 0.4714886774597935 0
1.160510563391473 0.47128988330604221 0
1.1478571585053361 0.43986717078087528 0
1.1243212158792559 0.46514652569906773 0
1.1099840516619981 0.43129522280348698 0
1.0859187685474969 0.46238122946003801 0
0.82310903027350968 0.51778296689203229 0
13.048379477419299 0.46022293851662088 0
-4.5077137107215552 0.41108132046084273 0
0.15126430648397249 0.58205016788882769 0
6.9358218119570836 0.092156527509709624 0
6.9839337559716279 0.1055413450966729 0
6.99548355394856 0.15628818608620251 0
7.0313439294556659 0.12134446397068541 0
7.0434714377779084 0.1702850163592772 0
6.8868302385804903 0.081072668615044419 0
3.5886226691819352 0.40883075755863968 0
3.5674658510429489 0.43732102833045627 0
1.7459303289255039 0.46093390052549371 0
-4.4421880807421399 0.4026183756551448 0
8.3593513359608469 0.086731279510011708 0
13.55436842148659 0.41651915973019737 0
13.607211001650651 0.39277728678572782 0
-7.8348435821847247 0.18128694132576931 0
3.1986959030254711 0.45665965115251378 0
3.1588649639628561 0.45043681776779232 0
3.1466130284944311 0.41733527926098779 0
3.130918791678301 0.4455883621854444 0
4.314355585806144 0.45707268377003041 0
8.2693022119364148 0.46044511352854262 0
7.2248971859174613 0.4633035961423303 0
7.1946636303242411 0.46351795602999141 0
7.1815446902910409 0.43165395951334168 0
7.1635785786875683 0.46056737482831672 0
7.1479320436329523 0.43565868732698632 0
7.1311036618835653 0.45894797732740278 0
7.1153767199307829 0.43515416335571028 0
7.0981264843460057 0.4578149434905896 0
7.0786875473464006 0.4369316853800192 0
7.0631401924077926 0.45684909070344731 0
14.9530331570173 0.39647694041736808 0
-0.39855825921762411 0.56670596617766777 0
-0.42635280650141488 0.56540477625613694 0
-0.35363689880694521 0.57326486414251743 0
15.770037107616499 0.40098857377867142 0
-3.968237795571393 0.15414246722680061 0
-4.0557699093482977 0.1461181748789124 0
-0.2385789549211505 0.49637562817449482 0
10.83517088737368 0.46048794396708681 0
-1.291935443685716 0.063987160754667538 0
10.820364515228819 0.069715707265988525 0
10.85906683845722 0.46421254728935912 0
10.88524263929698 0.45782445687175871 0
10.887172383378831 0.41542690121141029 0
10.915692068915019 0.43979800697373722 0
-9.8104633803858139 0.34368641252521293 0
3.8209128610753398 0.45685413757201648 0
-8.0330915073085585 0.18048900108805169 0
1.5660727347400749 0.061371190387247698 0
-4.6864285783376776 0.12560584960137219 0
3.8013392676392441 0.062539580830503094 0
0.62855639272282948 0.54117875720715458 0
3.4349917923779469 0.41177505274482068 0
3.437006163521263 0.45307774893363362 0
3.4713161992905199 0.43255213330288461 0
3.5107648071851791 0.41385151873516729 0
3.5014825126541229 0.44606349484793439 0
3.4778179052231089 0.46062299641849141 0
5.32677111473342 0.40365236435975688 0
5.3064347491872814 0.43439128893112522 0
4.1124604626560188 0.061776388257100551 0
5.7426180498104138 0.45649728673345169 0
1.969371849048521 0.082847926460884055 0
-8.2316543615218212 0.17982697036144871 0
-2.80608978931707 0.38266669035534878 0
-0.20453130863947031 0.57840096262347862 0
-0.2352325957575532 0.57470558717776399 0
-0.17622715894016741 0.5845702265163556 0
1.6630302977609801 0.40414344634927729 0
1.641188822653844 0.4352973582925182 0
10.418585358677349 0.40405206172672931 0
10.396543740445219 0.43582291845231352 0
7.8716466664439722 0.40400799885019589 0
7.850834624258745 0.43564474107349582 0
4.2112362016407214 0.40486938696934921 0
4.1897097830823959 0.43444677764229811 0
16.16551807660861 0.39842910609931909 0
16.071746251950099 0.165683879986881 0
15.975473425887239 0.1347533490794795 0
12.96441911111228 0.40369642625354962 0
12.94223259063118 0.43963204656717092 0
8.2739265069343642 0.069839425088365215 0
-8.4304800268821793 0.179274784130351 0
2.8276438549701939 0.1035649586376146 0
2.7917936443449878 0.13848332270619959 0
2.780500365523646 0.089794449771537943 0
2.743852629573182 0.12481189674325301 0
2.7559957371176069 0.17330580377637289 0
5.5041655215466117 0.087200331258700428 0
5.5534143788745531 0.1079263359715876 0
14.510090974564561 0.078109961439148501 0
2.0024371529188332 0.46492823672539152 0
-3.15850816779052 0.46146250214996759 0
2.729528068417951 0.075281630444299183 0
-0.61445220854324512 0.071271049092946154 0
5.6398160232593826 0.40363328839183937 0
5.6189127894204756 0.43434951689861101 0
-8.6295193540730821 0.17881568372092349 0
8.1843761914172894 0.40308208776956939 0
8.1638871054385653 0.43404550066574199 0
1.0695260703638421 0.42483270268037432 0
1.048084146013486 0.45619224125955382 0
10.719266276162911 0.40097379555807822 0
10.703962521954731 0.43461499234270939 0
1.965051332725301 0.4069179789868419 0
1.944906991174536 0.43869487221894271 0
-5.1353113677829842 0.17161803619863511 0
12.317895421779671 0.46300779371466899 0
12.28794146761618 0.46132259443604029 0
12.27286831546043 0.4328267852182438 0
12.257090276045149 0.46319950153010431 0
12.2404172608938 0.43419177510141549 0
12.22671627143375 0.46165095802966583 0
12.20988056618646 0.43468795236192792 0
12.25414285387841 0.3989125910036514 0
12.19957598064518 0.46252014629026561 0
12.177755823846979 0.4356193308358195 0
3.24157799493599 0.46445988873993721 0
4.5173201095742943 0.39725472548011181 0
4.4962705617276626 0.42933395951677411 0
5.4905171685641934 0.40632844080263941 0
5.4989924442810496 0.44524172961238878 0
8.0362029148138916 0.40697133519600132 0
8.0434787508235317 0.44643865088372747 0
-8.8287374128488079 0.17843389603998039 0
5.5309513069251874 0.4216087175593668 0
5.567592591656771 0.40849162689141177 0
5.5571843552540727 0.44330109335684531 0
5.5307614337383963 0.45330044564759858 0
7.162533846204667 0.39878534443026997 0
1.8253804428220519 0.40889537070766729 0
1.832528994783496 0.4463118223539731 0
5.5459622145920484 0.057833939141984272 0
10.58206691705519 0.4065113007605704 0
10.588844200304729 0.44586514657045712 0
6.0830334591783313 0.46600389115201152 0
6.1062006551389008 0.45509412508824282 0
6.1075438019033701 0.41447740084893248 0
6.1367635880306821 0.43830716683424881 0
12.17351166482351 0.46440181020579679 0
16.32693252758261 0.39801319803665691 0
16.40949201351901 0.36371305428565232 0
16.415283329355859 0.26936166222525659 0
16.49679627896062 0.32128234388194821 0
16.502872347142269 0.22939720421362589 0
16.583025234471432 0.28408961319445042 0
16.566088575396009 0.38859729831653378 0
16.661127919445079 0.35163114311805282 0
16.675776669189212 0.25056178417655928 0
16.747534664056051 0.31004673780500452 0
16.735602847108979 0.39817254971818961 0
16.80787881636719 0.36453929166421101 0
16.839675129514681 0.28248623400196149 0
16.892997205576879 0.35666416081917779 0
16.933107966178039 0.2607506216036754 0
16.997672408840291 0.33855533112650882 0
17.031645859587361 0.23918746747313821 0
17.099599910283398 0.30858866869168622 0
17.129692486777401 0.2139903422831696 0
17.19680774068684 0.2870933282102987 0
17.162053126653991 0.37612877372197878 0
17.25274893469847 0.35086196280944898 0
17.292075531199089 0.26829873682130889 0
17.342006099749941 0.35026255093599051 0
17.38609676122854 0.25383042611238149 0
17.447554426627018 0.33758696480875511 0
17.48258898599347 0.2408232443592431 0
17.551686796956151 0.31294762284904271 0
17.580714293671669 0.22649098727422531 0
17.646017306288741 0.29874414081006939 0
16.870025247224081 0.18199431340249919 0
17.616406841473669 0.38010537344169659 0
17.70162634491486 0.36289012782554542 0
17.741365278779931 0.28480873856087668 0
17.792119245312559 0.36305456832736499 0
17.836870255973629 0.27568373329478751 0
17.87821788880105 0.35234410981526032 0
17.93445960643043 0.28267727948968119 0
18.014558313954549 0.34854918666616919 0
18.037990072631349 0.26428582589205413 0
18.096394346621619 0.33827616175895242 0
18.13555534825921 0.25474732196365801 0
18.197534966379461 0.33638314557408988 0
18.233479357011539 0.24698762162359261 0
18.288823361757931 0.32130275364630012 0
18.333323199641661 0.24106520957887989 0
18.389093205219179 0.32304143045209072 0
18.433269641004561 0.23701716167148471 0
18.49501214478741 0.31419076542141361 0
18.533186842587519 0.22845188710272479 0
18.591281036441519 0.30709269034182202 0
18.632678372314071 0.2229137133295388 0
18.685279192007449 0.30210396140772922 0
18.389528219349049 0.1616147946578633 0
18.64009072334246 0.38102810076850879 0
18.734020955969569 0.37575903574815889 0
18.77849928108267 0.29756633366847318 0
18.824552799558841 0.37317609904483612 0
18.871251527380291 0.30016603409594039 0
18.916988927676659 0.37416425370015333 0
18.963682752717101 0.29994331554936349 0
19.009594841772909 0.37154937209187228 0
19.056922121591558 0.28794253771250389 0
19.106332069591751 0.36978621901435033 0
19.150213322923811 0.28543444685991742 0
19.20003863576212 0.35919934994889002 0
19.242732654930961 0.28872343081362722 0
19.29011300170832 0.36884201251242671 0
19.33567805130151 0.2907453575463031 0
19.382895909588239 0.37035380092782599 0
19.428954008330571 0.2908121447018176 0
19.476246320867439 0.37047618592958342 0
19.52249050562892 0.29032233317072281 0
19.569838004726059 0.37036367143132248 0
19.616220202417541 0.28978490083504371 0
19.663604760424011 0.3702468672566262 0
19.710104532963999 0.28924008709135057 0
19.757522181518048 0.3701585715174332 0
19.80413154857229 0.28876989591568492 0
19.851594195662511 0.3699276484771668 0
19.898286099110361 0.28828961319678947 0
19.945775942877191 0.36943242136045851 0
19.992556816157322 0.28782317668295598 0
20.040066027542991 0.36892697165252047 0
20.08691161862075 0.28309914515936552 0
20.1344566022882 0.36785505294010939 0
20.181379972941151 0.28188022389306439 0
20.22893802405833 0.36801789544383351 0
20.2759397155599 0.28118874175774872 0
20.323514572113631 0.36770096083574771 0
20.37058256037702 0.28081051429371928 0
20.41817270819389 0.36739539936812482 0
20.465301529030668 0.28005028102638629 0
20.512905588185671 0.36707748612963648 0
20.56009067370368 0.2796967061780285 0
20.607707765582902 0.36682279888729669 0
20.65533357855378 0.2791900303924949 0
20.70263390956098 0.36570213672085561 0
20.750145222952071 0.27918220259188792 0
20.797553306945471 0.36540509632361179 0
20.844713698549729 0.28348564883655503 0
20.892470894835458 0.36659749875144798 0
20.93981939718315 0.28033999283488548 0
20.987488571093781 0.3662798381458563 0
21.03487613055189 0.27965590754393382 0
21.08253656412203 0.36606981507909941 0
21.129951557487558 0.27986032553955209 0
21.177610465114029 0.36803100043712939 0
21.225052841843461 0.28012900008986058 0
21.272720644447482 0.3661110227016986 0
21.320184996540611 0.28007744531588841 0
21.367857440351472 0.36583093983996329 0
21.415344944785101 0.27994362909932502 0
21.463022852463769 0.36571860310728099 0
21.510536828077019 0.28383639154945939 0
21.55821921945034 0.36541179469778751 0
21.605756179780119 0.28381256592923748 0
21.653442958161222 0.36532101987355808 0
21.701002841130091 0.28372675733349101 0
21.748695328984951 0.36525949381999162 0
21.79627732164553 0.28365131204956862 0
21.843973960517811 0.36521068010033741 0
21.891567266037399 0.28024469305304811 0
21.93926948719567 0.36545701745068099 0
21.986870656716668 0.27967806847123372 0
22.034574314013089 0.36539490151981041 0
22.082181435257159 0.27929846454658253 0
22.129885345717959 0.36532304312481562 0
22.177498916726311 0.27918630153840462 0
22.22520453969338 0.36528075916481417 0
22.272826619333092 0.27876576040631118 0
22.320534303493041 0.36521368686203692 0
22.36816638310167 0.27865156394630902 0
22.415876806123119 0.36517934003924518 0
22.463520903397459 0.2781146575190091 0
22.511231845738202 0.36708578764266692 0
22.558891194828931 0.27831604314401931 0
22.606608146901099 0.3653175735740975 0
22.654354274492881 0.27752732427578269 0
22.70199795950262 0.36703576785568098 0
22.749491438325482 0.27785898325472957 0
22.797382500926862 0.36526560789570961 0
22.844772165791792 0.2818674989086023 0
22.892791574870088 0.36644734228654929 0
22.942748461718189 0.27841838280508108 0
22.89828202641203 0.18422915738828791 0
22.98842988583711 0.36526583828565329 0
23.039345430306131 0.27867984039791133 0
23.08397451406211 0.36517526011615409 0
23.132649095976419 0.28279744065846008 0
23.179248473942501 0.36505946855112531 0
23.22695562449762 0.27957967769435121 0
23.27448194752893 0.36460177663781068 0
23.322159348395271 0.27895252028346151 0
23.36983944942514 0.36515927937681192 0
23.417542988516448 0.27918118097400058 0
23.46525862828447 0.36571782174894663 0
23.512974543464551 0.27930472502616532 0
23.560700661205662 0.36577934954739239 0
23.608416255120769 0.28301754000646989 0
23.660196267883268 0.36361234917578861 0
23.704529249378179 0.28279203275730802 0
23.750564247811639 0.35591312815061898 0
23.799230749722689 0.28146640622079749 0
23.844576572973729 0.36538725553813822 0
23.894302872944561 0.28281606162152778 0
23.946328951917629 0.36379952433070067 0
23.9907293216468 0.2795738161661217 0
24.036853620070101 0.35536599913135281 0
24.085514794083021 0.27761926768153461 0
24.1308856937687 0.36503929377638972 0
24.180618642247939 0.27867091905134422 0
24.228474634255711 0.36535183649854092 0
24.276375974543932 0.27889329010125902 0
24.324209534519941 0.36630489532747362 0
24.37193441717606 0.27873922692387199 0
24.419692400171051 0.36634866651204617 0
24.467413817059569 0.27872060450133751 0
24.515151475255159 0.36635631772450072 0
24.562870016912079 0.27824214288178878 0
24.61060068090827 0.3663442493953325 0
24.658316570076678 0.27815625994926702 0
24.706046158887951 0.36678365159691961 0
24.756205568887101 0.28555470344257911 0
24.802895711783119 0.37195750484403173 0
18.55385700720587 0.39722916203065489 0
21.65330279390259 0.202529244215956 0
19.851343798913181 0.21094197388713751 0
23.751591501096659 0.20160239429073071 0
19.661491111440561 0.20942514620651079 0
21.462832754864461 0.19868337776777709 0
23.942421516550169 0.197579415680704 0
21.843854057710061 0.19829372920067531 0
23.560688247298099 0.1976132405979821 0
19.468889427223001 0.21419483280000681 0
20.03930937573665 0.2023334861980757 0
17.07414184840653 0.38284244550732321 0
18.834687726106711 0.22685289517916651 0
21.282503473596069 0.1829071957211523 0
18.471781068837551 0.39728886675652619 0
24.122937547086099 0.18232193027456881 0
23.37994806661867 0.1826022976702206 0
22.02452688311374 0.1827074655253354 0
17.52465470235677 0.39309101199231838 0
19.277505505816279 0.21346610853878289 0
17.780565021868849 0.18023235803639931 0
20.22065964578394 0.18258500632530569 0
21.089583144233899 0.18187646856842421 0
24.31636844106994 0.1817175033350909 0
23.185138121661371 0.18984021772784351 0
22.21773157077978 0.18165433474386089 0
18.992740831643442 0.2177501707630905 0
20.41466334920446 0.18683866347466191 0
18.393639911516981 0.40114547218275382 0
18.318054373751231 0.40046279095820292 0
20.896059408782509 0.18620343443416801 0
24.511660979352381 0.18556587076158809 0
22.412693793302669 0.185541529160204 0
17.989044710986551 0.17952268629196269 0
17.453076291169349 0.40594147881825909 0
20.607244268029131 0.19034482289938809 0
24.705246440100961 0.18527954342216771 0
22.606090344769569 0.1888281390773271 0
24.823015814666661 0.19308164801157901 0
16.484251794203399 0.3977073823064779 0
13.12753991619911 0.40813294100522102 0
13.130631228549101 0.44900277085979962 0
4.373343794859851 0.40620007204248598 0
4.3808747316095271 0.44197632913384172 0
-9.0281070715773595 0.1781164464811871 0
8.0727272403871577 0.42222742402776009 0
8.0775112556723823 0.45575161061546432 0
8.1016806398500361 0.43933119044170948 0
8.1003666031917927 0.46503914183579348 0
8.0505321691365754 0.086952777201870723 0
8.0996140299754966 0.1076646408417529 0
8.0925273384489156 0.057585579537515807 0
2.729607273809064 0.46556083177636221 0
2.7566544187255779 0.45280349485980032 0
2.7567661464766 0.41154149539200008 0
2.7910580688788622 0.43691676906363508 0
5.7273915790704102 0.069909876933346687 0
5.9463917154198693 0.39653993805429122 0
5.9253785178395626 0.43024338660702061 0
10.618942587876541 0.42083057571386911 0
10.62268951688727 0.45574161581729777 0
10.64939026006587 0.4359730187292335 0
5.8026528227000584 0.40549558304152289 0
5.8096641557432616 0.44758364145316482 0
-9.227602835483772 0.17785336315147771 0
15.52350039389318 0.16972555963062769 0
-1.842133490499126 0.46400742817080892 0
-1.8702894534849031 0.46239355258869758 0
-1.8854311327938249 0.43567763465141318 0
-1.895875604503112 0.46282666940875239 0
-1.9149318747168349 0.44095637543114052 0
-1.903901486984676 0.40265518900759428 0
-1.9318412918398 0.46473106329987962 0
-1.9458689318365601 0.44092140598924318 0
-1.955683751585684 0.46648361205180999 0
-1.9740320023073741 0.4459391817406152 0
1.9790444086275489 0.46478568276310889 0
1.9509724965059929 0.46307748131730397 0
1.863262969914689 0.42142150502989451 0
1.861765842106571 0.45885906243266461 0
1.8901237486639439 0.4412468755449831 0
8.3470296943428561 0.40735725720772692 0
8.3562723255172937 0.44868376800038029 0
4.4099313171362304 0.42174560126592842 0
4.4125162811229561 0.45844556562875088 0
4.4384487138643616 0.43988225185189589 0
4.4408202229511096 0.46514014766657408 0
13.165278115883471 0.42803565372005148 0
13.20532619970467 0.40199550561362618 0
13.203874603415571 0.44590753954932982 0
13.23860278751231 0.42619354161524509 0
13.17561880425553 0.46012164002807171 0
13.23522737033551 0.45803915642786308 0
-9.4272012674160024 0.17763413799560041 0
2.1373278292303999 0.41289088673496038 0
2.1421283370412461 0.44525928720916369 0
4.6813187290716529 0.41027458429367403 0
4.6923205162842514 0.44035588559406491 0
8.492877319996591 0.39690212520329288 0
8.4708574763750981 0.43005062442855102 0
3.375999585748485 0.46240710449881373 0
3.3480151190686849 0.46121955377863411 0
-9.6268854345234782 0.1774516787605572 0
11.04195994000936 0.40017444320931589 0
11.01871350516732 0.4320467042211491 0
11.029965438173329 0.46110941192390098 0
11.003757009475381 0.46143456119780901 0
10.98382491541364 0.4362637552051723 0
10.97133040799325 0.4612683361436633 0
12.20698128400227 0.10469034138137499 0
-2.7382764035370122 0.46497974195723552 0
-2.666038909589612 0.11234360422101899 0
-2.7182058511241691 0.094935045337634721 0
-2.76208881258456 0.13180598958698059 0
-2.7742790287390662 0.080420131062303016 0
9.6606523311233037 0.1036951704442567 0
2.2866820229255489 0.40039254234945493 0
2.2631220787803819 0.43697217111973058 0
2.27823448526556 0.4616956356699613 0
2.2426764936550239 0.4619145430229824 0
2.2276392439251191 0.43280838908281399 0
2.213364328138645 0.46337917152153829 0
2.1959810098734169 0.43300089213569021 0
2.184983802180736 0.46150056086296282 0
4.8331844170157519 0.40049129256440458 0
4.8087187038225423 0.43672671489775911 0
4.8229374175928861 0.46162323624842849 0
4.7872180009945424 0.46167850389455922 0
4.7736323039257824 0.43266299611683229 0
4.7627890845906364 0.46171157265337598 0
4.7414204687539794 0.44378606994031439 0
4.7298511249703887 0.46599551016705532 0
7.1145384280758783 0.1030251142361969 0
17.050896825017201 0.1488260568499141 0
10.40757476811104 0.46392924089902632 0
10.378798023411701 0.46363683362406127 0
10.362979198895029 0.43691703847409252 0
10.35382486302162 0.46340394983807148 0
10.33425236449216 0.44296624934051881 0
10.318938480551161 0.46539476863714557 0
10.30388502559515 0.44594850800589941 0
10.377613606510581 0.40410364926144132 0
8.6610388094257473 0.4026575818883294 0
8.668306547803784 0.44378873607196118 0
8.6423185040572577 0.46329058156855513 0
8.6154821583991819 0.4623688458110905 0
11.206952871878761 0.4047570096535682 0
11.21519380459968 0.44588661452407302 0
11.188912636882611 0.46291413122417291 0
11.16149385870296 0.46202976751183189 0
6.1739856571676093 0.052493773711960019 0
2.452109617362793 0.40356931906647803 0
2.4605876850362089 0.44517852253708901 0
4.9967759245156307 0.40501648197873658 0
5.0091805400654668 0.44536566058801369 0
4.9799259885694527 0.46362967388478349 0
4.9506273781145786 0.4641911723865082 0
10.59689989706248 0.086702171772091371 0
10.645814931029539 0.1074020668090548 0
10.639093654687629 0.057337565482072403 0
8.3859497323695233 0.42034963898852068 0
8.3913118979996106 0.45596901334745171 0
8.4151882448578341 0.44030305177471613 0
8.4172876680380284 0.46642329743660899 0
9.7715748600916488 0.46360588897393529 0
9.7430630117717865 0.46149498654765458 0
9.7266189847655333 0.4338634691041966 0
9.7126248923999903 0.46351860359674207 0
9.6948129729901105 0.43527241650686588 0
9.708030938404983 0.39963012527051323 0
9.6823751117586792 0.46252709838259648 0
9.6648318437952501 0.43720521922618399 0
9.6557731200664509 0.4637337994635094 0
9.6357766323940091 0.44236558382251162 0
5.8397400435592113 0.42059986684398931 0
5.8435725242557179 0.45895835910297839 0
5.8686522618431987 0.44084899103585268 0
5.8675599592966439 0.46629035731183288 0
6.2615172828266434 0.39904896424707148 0
6.2372144299028447 0.43603473909746288 0
0.41584203362641381 0.56435410074172299 0
0.38373415096804442 0.56111900449590157 0
0.37021888440652723 0.53328696250054364 0
0.35144015353726432 0.5556617688757699 0
8.8072668387189115 0.39900222066050223 0
8.7837956439225433 0.43088399968720958 0
3.8778811163472469 0.40769222074273193 0
3.8965305627234779 0.44209061912007819 0
10.649379866226971 0.46557015944281988 0
0.67776429190874199 0.080808325966913688 0
11.69387387128239 0.46290623563945948 0
11.66467894727818 0.46242800123910982 0
11.650125315837849 0.43627688799073328 0
11.637012323335661 0.46257858148874048 0
11.62357493675766 0.44185010043578549 0
11.621656334853331 0.40901511053434803 0
11.60823145434969 0.46603969628410191 0
11.594159643092819 0.44027145274763368 0
11.57954800187931 0.46500641408565629 0
11.56335870766898 0.44295253692559561 0
-2.464468416307795 0.4639386848851903 0
-2.4922681304882111 0.46325729474948951 0
-2.507065624229659 0.43835255180061689 0
-2.3241320007039552 0.40628229329671872 0
-2.3195538613679019 0.44705743610929449 0
-2.3468412534629159 0.46361920312501043 0
-2.3733329682420972 0.46215675609223272 0
6.4269161515511799 0.3987992686772609 0
6.436184231796739 0.44621997916207629 0
6.4099071377627697 0.46075985071083042 0
12.00510634299275 0.46308861466696349 0
11.9764355212307 0.4617273278331433 0
11.961275773392749 0.43510320280466402 0
11.94890568508449 0.46182715535754648 0
11.930306885193239 0.43473802635662839 0
11.94332897120527 0.39870744467552188 0
6.2515874452338931 0.46017452085089361 0
6.2155851337981307 0.46165850888988758 0
6.2020429329591371 0.43242860830524538 0
6.1900046069362258 0.46025321137258129 0
8.9706288859565131 0.40394952936169709 0
8.9823795821093508 0.44608307116103518 0
8.9559290647645771 0.46315585529889791 0
8.9274205681092216 0.46137900459654663 0
13.7952953143324 0.11573372470284909 0
0.76575217784531835 0.52229862834403495 0
0.734484930592745 0.52150102100182349 0
11.35469149113097 0.39697060173726018 0
11.326485056065851 0.42385926922212219 0
8.7935390259343134 0.45729152019199992 0
8.7701931833278319 0.45997959234443919 0
8.7503712629032702 0.43613108617848911 0
8.7340722774920874 0.46167434199747859 0
8.718112406685842 0.43569671894449252 0
8.7087217196608577 0.4629923504736333 0
10.76194025408356 0.46551482442565623 0
10.73359930267687 0.46563303671482331 0
10.70025723265325 0.46319828811725411 0
8.7207222324283329 0.052324925858207513 0
11.51303751366871 0.40315474209378421 0
17.01120863453653 0.41031551024103119 0
11.00046799321783 0.39496391475074422 0
11.92241193160813 0.46287637925012648 0
11.895650809306851 0.43880423470728669 0
2.4356907685940739 0.46275152830052008 0
2.410865173229789 0.46283014563104158 0
6.2198364420844969 0.39421872062274382 0
5.8538658222810547 0.059060974937410943 0
4.6486749020381541 0.46308928490742979 0
11.24665294653119 0.42003806630597212 0
11.24586356003225 0.45391896658211028 0
11.285777835814219 0.40339564329777888 0
3.844654688740301 0.46218825143637687 0
5.036641949738657 0.41739786873691409 0
5.0449636650242944 0.45029701967154773 0
5.0697592718446352 0.42898639492401169 0
5.0735451028199083 0.46189829242948438 0
5.1030680683084633 0.44437645045607332 0
5.1002824839882814 0.40737174415731597 0
5.1342829566743093 0.42437141301915632 0
5.1313640630055746 0.45738959324223682 0
5.1645721081958014 0.44457035927513028 0
5.1708595278765399 0.40407172855624701 0
5.2069196106989262 0.43553449806341998 0
5.2457822858252943 0.41375794762368678 0
5.2431643503280254 0.44947550474714509 0
5.1879121298245447 0.46089909102911197 0
2.492387387678269 0.41268900168170891 0
2.4958598438464858 0.4564996613117151 0
2.5245830779411609 0.43092334536827392 0
2.5259885643920961 0.46275823484131112 0
2.5514354874783458 0.44435634498799598 0
2.5578779519951969 0.41308394312857771 0
14.728507161084689 0.4162446108784234 0
14.65827140103376 0.39824788447215043 0
8.4842589793048351 0.46247332173805139 0
8.4592766796159271 0.46125235811151211 0
8.837277109660981 0.46357708337506509 0
8.3307912362061796 0.46229326694154771 0
8.3030125359238163 0.46391036479591391 0
5.0982729744844377 0.46766895201983988 0
-2.049263708993688 0.46259439308398581 0
-2.0224049654239402 0.45005370264989841 0
-2.019599518657849 0.41670846544010232 0
6.7506519594885868 0.40172546795685382 0
6.7483249150080624 0.44194175365489941 0
6.7222957723444363 0.46188332884614819 0
6.6912145502936831 0.46362538926680802 0
8.765914795418615 0.39867433089963727 0
-2.5171126263013388 0.46410679638504521 0
-2.538803710246091 0.44528613065870409 0
-2.527483471150755 0.40589914275911149 0
0.1908141864657277 0.58677342285931455 0
11.8310196435866 0.40167098378023142 0
11.840474717184501 0.440339043873473 0
11.818260154426721 0.46182405941811627 0
9.2974834196815124 0.39983273819449983 0
9.2940959139988877 0.44124200131590652 0
9.2669040472911206 0.46239770173859729 0
-2.1823586049126238 0.39509256585312552 0
-2.206476302434631 0.43335631712238931 0
-2.1880383456249999 0.46004605758488432 0
-2.2248899153650288 0.45825721124039809 0
-2.2419585570756628 0.43261284984215043 0
-2.2593119115566078 0.45851126348374371 0
-2.2714271846409142 0.43245851649478351 0
-2.1693101749386492 0.46651712107749438 0
8.3999412222355012 0.058820676761743677 0
3.9205884204589272 0.41611800483166228 0
3.9244817302939232 0.4529162991760507 0
3.9514678081017678 0.43381024912945709 0
3.9583166706012571 0.46158158537533889 0
3.984817406448443 0.44252946540133742 0
3.9833367337359848 0.40716509562202918 0
4.0188007526440597 0.4231760060730404 0
4.0165425770026086 0.45769541060853419 0
4.048630649754891 0.44344632360843977 0
4.0550572644919072 0.402604216853785 0
4.0871663445566364 0.43008567820042348 0
4.1294144371456092 0.41179156061627931 0
4.1231635848352202 0.44565635491151467 0
4.0750801271046484 0.46239004179406901 0
3.0759060809381769 0.40164087985314972 0
9.1186038215126679 0.39531373809543968 0
9.0949341353218038 0.42799313230291991 0
9.1077742427476469 0.45782071516889938 0
9.0773054794130488 0.45581037146554509 0
9.0582175015377686 0.42985169022076158 0
9.0465927616210156 0.45883199812380632 0
9.0307639829550919 0.43839215743817739 0
9.0115525254924265 0.45964926626695962 0
6.5697004836288464 0.39305079752538752 0
6.5458700364456144 0.42964949951651138 0
6.5613924162275552 0.45972828793427062 0
6.5284862790879101 0.45689399469382191 0
6.5100515016599836 0.4318921410075145 0
6.4913048153140576 0.46008822143164391 0
6.478885898710411 0.42955718601112569 0
13.263332594744449 0.44663874919192498 0
11.25704346930099 0.059199239344724507 0
12.96004013918275 0.46456149296446703 0
12.922558607818109 0.46328973467352569 0
12.908179591811949 0.43792331749247881 0
12.897926917446609 0.46323041972062878 0
12.879816003131319 0.44017819290359828 0
12.923285505088669 0.4047346130856706 0
5.9405199188531794 0.4624306910301621 0
5.9147716951391258 0.46138036972978419 0
5.9628875547625499 0.46752458305344191 0
2.9094623219177538 0.39530482721997728 0
2.8855200156672951 0.4275527257045118 0
2.8957796207189528 0.46052485200838222 0
2.8661508164201939 0.45761594837959158 0
2.8500304136234589 0.42732035723833112 0
2.8409976096477818 0.46037719120780279 0
1.2180843276368529 0.1033679701549283 0
-2.5632575558385349 0.4144530018800171 0
-2.5695250825652729 0.45337875190796068 0
13.10804278910846 0.46060692430867611 0
13.08509674908975 0.46376856225416402 0
9.1497902340124995 0.46572015217906831 0
1.060007329287554 0.48635783100895252 0
1.0311925008706031 0.48794612245589258 0
1.0129773427447211 0.45848803276771438 0
1.005086216658752 0.49092765020229262 0
0.9791547172954761 0.46719965070439978 0
0.96886546988680655 0.49619306467317331 0
1.025863423845685 0.41588904891013262 0
3.4168504603957381 0.46660226715678088 0
6.8805039199110896 0.39255690232890761 0
6.8564374478663774 0.42867529116358472 0
6.8757271569183898 0.45775872849342691 0
6.8402424565948809 0.45736664611367722 0
6.8231778748272536 0.42852343352025268 0
6.8059345279966941 0.45616924759238542 0
6.7824417142096456 0.43478900261918713 0
6.901271054567772 0.46531880793641223 0
9.4267672886668947 0.39240679222889419 0
9.4024730227468325 0.42483807321915618 0
9.4170242385703347 0.45877178090925391 0
9.3836656687404574 0.45607321766119102 0
9.3653650447307619 0.42333959307453811 0
9.3559763058211498 0.45271172748082622 0
9.3297627003685211 0.43351843390422062 0
9.4462598614174134 0.46440796637260789 0
12.980702974611351 0.46821755414149541 0
0.67065459762335833 0.44294239343336572 0
10.946016622192049 0.058580378589779318 0
-1.7028927341301561 0.39770809430015402 0
-1.6925605137796891 0.44146258799831622 0
-1.718929716365978 0.46039433307009242 0
11.341644635331489 0.46067169329114621 0
11.31387549140792 0.46006379535467851 0
-3.2670921060655589 0.1217623561365673 0
-3.2001802815191578 0.13717709453770099 0
-3.146144508285833 0.089353885318796317 0
-3.3339764003215429 0.1082336082057602 0
-3.1251757911951801 0.1575300484150923 0
-3.0934653455580801 0.10760162058947439 0
9.597515515954214 0.40010964725015002 0
15.494712920474489 0.41074512968156868 0
15.19680661017019 0.16556924822601571 0
4.5112014520427914 0.46139544764688017 0
4.4858142293560777 0.45967326254326302 0
12.149952362209831 0.40328808239641772 0
1.336597273397329 0.40182265525455058 0
1.3457450923786649 0.44484914849403401 0
1.3197913284702281 0.46520338915855441 0
2.245285976065444 0.3998962459433425 0
4.79137760016184 0.39977607203610799 0
15.244045526374411 0.41165527148265713 0
5.6288498237494826 0.46012441571992752 0
5.603224523928243 0.46249038266470921 0
1.6558277686699729 0.46361257098119002 0
1.6258522370668349 0.46455376821708638 0
1.605492460860364 0.43638668119169188 0
1.679022315958886 0.47039907465650038 0
1.6183842523347141 0.40327701471167843 0
1.596025797871117 0.46365936506289768 0
1.575540798290868 0.44253884879217459 0
11.485660563767199 0.46288236523165499 0
11.51245093114283 0.44676703218413483 0
7.365972405875703 0.39636928278523698 0
7.3751307502796521 0.44210782884961941 0
7.3475001572508987 0.46202718755183581 0
8.5238708129095393 0.46318178365701818 0
9.9112785353760842 0.39815480030083822 0
9.9221412863806133 0.43963358843754968 0
9.8949726716130488 0.4594660489200621 0
-2.2679359299711339 0.051673531416256337 0
12.456276978320741 0.39804202723078907 0
12.46804664222851 0.44019788154592959 0
12.443015062535761 0.46116499513065767 0
3.1414452945569362 0.46712149207014692 0
-2.9062864112427058 0.46286291640356392 0
-2.5505262479393331 0.46736319284073269 0
5.7846973079821238 0.46202155294059721 0
13.461036399076001 0.47134814593077029 0
8.1740311107982269 0.46312934864675293 0
8.1458954090427582 0.46094077527619498 0
-1.65756808286131 0.41297029469865743 0
-1.659061018604346 0.44863051214242228 0
-1.6261613241748329 0.42471700873306473 0
-1.618546620809584 0.45903382897522621 0
-1.5962592111145939 0.43599690062087421 0
-1.593195762505474 0.39637316695034208 0
-1.56324182632144 0.4213301256944027 0
-1.5550640621150971 0.45780306225553108 0
-1.5276917909270129 0.44097387251302211 0
-1.534714266773229 0.4668434532722161 0
-1.49943382676723 0.45416555064890962 0
-1.496770199516283 0.4247188564472375 0
-1.470991741099809 0.44734095490841669 0
0.43896763548998208 0.57181260622343189 0
2.9390981821891078 0.46330482309045978 0
12.14823250075821 0.44426082495869729 0
12.12440108698406 0.4618761960761289 0
12.87299014175448 0.46470208873927132 0
12.85565057357123 0.44825867877023251 0
1.899068626426603 0.46609776569602351 0
4.2017408839856794 0.46358755115288319 0
4.1718927752589616 0.46239588524139608 0
4.2244058984956689 0.46793710316066622 0
8.2135529027442349 0.46614356703473092 0
6.2914175078702694 0.46318100341398433 0
5.1936561884043666 0.096478393925216205 0
5.2416797906265602 0.1108436250590262 0
5.2328968387847716 0.064651593208469957 0
5.2816900294201874 0.078301684439552197 0
9.0763388851407374 0.38802750091666188 0
11.364127398083779 0.46709530081419881 0
-2.2246839256779749 0.38819372655030271 0
-2.6761311753010242 0.46684571671844499 0
-2.6981285153155912 0.46467740931401552 0
0.73922304204064182 0.45613500333851342 0
-0.88651050543225396 0.083220138684667433 0
1.1375479973864879 0.48463746674204239 0
1.375593036832931 0.41669823957819768 0
1.3857635548566329 0.45562797004445038 0
1.4106141026466541 0.4278346452577112 0
1.4161803685307821 0.45928961210859048 0
1.4459788927388979 0.44206344473765691 0
1.440457514530336 0.40449331936728561 0
1.477228873558295 0.41987657557146252 0
1.479480764710374 0.45518622599438568 0
1.508626114857905 0.44135546881285342 0
1.439907339451441 0.46763507940716509 0
7.4067997750269132 0.41000028532772059 0
7.4147289648256391 0.44691202782520029 0
7.4419699228312632 0.42169570363382042 0
7.449915989929659 0.45595349415957781 0
7.4736289931577966 0.43343318516491641 0
7.4715217390831032 0.39610290756033811 0
7.5067153279476324 0.41865515112822982 0
7.5141763178803744 0.45025451936353078 0
7.5434267185527073 0.4313036440949547 0
7.5398912843142032 0.4599640236642622 0
7.5710941958185698 0.44999286715915182 0
7.4771573930765953 0.46440061238314467 0
7.4998063761949556 0.47124896272161743 0
15.99914172976457 0.40520846435669999 0
11.89710770950655 0.46663713895228598 0
11.07154457313742 0.46364482256497241 0
9.9512299055338289 0.41075618559869997 0
9.9612923859341951 0.44606420540473279 0
9.9880153446285966 0.42150467365257832 0
9.9941079884861992 0.4535393613423932 0
10.022653806682889 0.43785425665018091 0
10.02186505577151 0.39648131391302011 0
10.05655239123735 0.41376291202897503 0
10.05861884299604 0.44973652531333952 0
10.089124052581759 0.43070303010162769 0
10.08719501364202 0.46305138674029639 0
10.11746757520898 0.45572819270410569 0
10.032260605500509 0.46285031189023562 0
2.589202960380836 0.43233760649613051 0
2.5950708362563328 0.46059389423038988 0
2.5698567434803299 0.46503685114732057 0
12.497263331582049 0.41079458392992729 0
12.50766674333498 0.45064535545453399 0
12.535594021944769 0.42207134249186068 0
12.53979339789403 0.45740782278532183 0
12.56448706426626 0.43869939623978582 0
12.576960756042039 0.46535664584676367 0
12.59921432057771 0.44706259653516578 0
12.595808471921501 0.41169356717353273 0
12.628462296393719 0.42730911827070678 0
12.62799576314219 0.45805694199660479 0
12.65555070666306 0.4485463171333135 0
2.8671319731539211 0.38750982362259578 0
0.23930907147510311 0.57755362174176283 0
10.123440021896879 0.41562400862020948 0
10.1478587659263 0.44029890886648981 0
5.3177804942098348 0.46142627088781119 0
5.2882425642967474 0.46470980593187122 0
13.422755115184669 0.46600624095771398 0
17.393856594370352 0.41132343228856583 0
18.18836640802548 0.16783825210100459 0
5.4539849882618094 0.46769472723216421 0
4.2062773060870731 0.082873877044013902 0
1.9217205970293529 0.45252032910115719 0
-0.26519479617825331 0.5594175422582407 0
14.319564328133049 0.41176184289066547 0
-5.351551424500844 0.15101843719811739 0
4.3377209525002156 0.46660110213932682 0
6.8315295150559052 0.38337933956764397 0
0.36553419255479758 0.57805716223570303 0
5.3571697499282589 0.46539890899221192 0
2.1236347562042361 0.46386503269132617 0
2.098650373284082 0.46334359020277749 0
9.6292714956721426 0.46721471572240603 0
9.608289380478471 0.4489325105580616 0
9.5806875020191118 0.45805543033692758 0
9.37462157455397 0.37891915186481773 0
-0.29021401813599051 0.4888607490833124 0
13.999805447460581 0.1072625719605857 0
14.878181522735501 0.39671974937709831 0
-0.46931010254317368 0.47773997499505533 0
-0.49620933363953551 0.51073942573909736 0
-0.483643804028077 0.54520080066312582 0
-0.52135548835235623 0.544075081786209 0
-0.5353907610198938 0.50671355266247664 0
-0.55006132170873667 0.53849611776265904 0
-0.57432769699075337 0.51249791304388559 0
-0.5532805577869031 0.4727019816144567 0
-0.59751746205331602 0.47363336996729039 0
-0.61883592669968601 0.51254793669073084 0
-0.59353250468514474 0.53796914307011756 0
-0.64245038853331915 0.47247407797511898 0
-0.66214177391883389 0.51199894214083363 0
-0.68573843313976413 0.4765402826429288 0
-0.70314498270719583 0.50980486543566728 0
-0.72603693188860075 0.48026114112150597 0
-0.74645308774128127 0.51361232830223358 0
-0.76526361846402458 0.48126501052396459 0
-0.7814960307649681 0.51208890760068626 0
-0.80117231708220049 0.48673407064038537 0
-0.81801865982596544 0.5131589074192634 0
-0.83533034824938091 0.48928566778880023 0
-0.85189743512653038 0.51263627511708765 0
-0.86619646737540212 0.49300197901031639 0
-0.64069982181101581 0.53701730784076585 0
-0.78521595814350864 0.44465023977355078 0
-0.68260973728294205 0.53763948883848545 0
-0.70840781706275646 0.53844070250887432 0
8.0185658807774338 0.46586126522382032 0
8.0396413731665959 0.47338231646056089 0
7.8629145985766629 0.46362676605994507 0
7.8352421276179713 0.46265915564022109 0
7.8161740380288451 0.4371803949821188 0
7.829170237261053 0.40547211085145157 0
7.8096365947764479 0.46376639969488098 0
7.7881049107684941 0.44414489528571011 0
7.5603805234124284 0.47262392692295419 0
0.053256578398330333 0.59303088934461301 0
-0.1269057484214593 0.078333210819263865 0
10.562318721579141 0.4655071551145521 0
10.42907271632127 0.46850137529168401 0
5.6685593954072457 0.46463522161836668 0
6.6026435151491309 0.46478341645931198 0
6.6237158539998857 0.47314131579662377 0
1.80925452942131 0.4621223022276203 0
1.782852267011318 0.4631989897442822 0
7.0260485081468786 0.072119309233764764 0
4.5494512413956851 0.4651321484132615 0
17.323889753502979 0.17609463204634929 0
-1.458418274186849 0.41035291571997451 0
-1.435998453385104 0.43716135841638232 0
-1.4470593605507951 0.46557935328712879 0
-1.417028285287341 0.46294668276419421 0
-1.403253712344505 0.43080346209326559 0
-1.390786087260758 0.46269157864802463 0
-1.3709643725641949 0.43411523764469823 0
-1.353204745265298 0.46103929912294139 0
-1.338009323144425 0.4366734865163171 0
-1.3197103445990961 0.4652261352504326 0
-1.3562404043813481 0.39917208703292423 0
-1.305361599989626 0.43491304711970258 0
-1.2799676242343201 0.45960497884918339 0
-1.270627809097379 0.42558012688938129 0
-1.25601396051643 0.46213398052929311 0
-1.2341148394315311 0.43279109787248299 0
-1.208045637479868 0.45764960696032869 0
-1.1945876039809951 0.4248777364998057 0
-1.17554415568661 0.45914523196664009 0
-1.4262166259959519 0.40728852589844761 0
-1.1534801057976229 0.4230902915625997 0
-1.13934497612177 0.45760639024275662 0
-1.1546054115614079 0.48060134549356232 0
-1.2687478815832709 0.47753175007527432 0
7.5768613243910954 0.41721515741805421 0
7.601579048186367 0.43902428103554708 0
6.5180929490428881 0.38258297467621161 0
0.65096561907864992 0.54363201457326737 0
-1.5937999906985669 0.46536078086587718 0
-1.5742890464790611 0.47188576353325251 0
3.079919368324739 0.44013781072264518 0
3.0618723780397641 0.46431123560765142 0
3.0831286653362069 0.46742569649288751 0
3.5367980983574761 0.079428177482342918 0
3.4888367129057518 0.06724168590820237 0
2.3155802409756281 0.46327864953766429 0
-0.3211718443773432 0.57935617231406145 0
-5.2157032285752818 0.40403686347909318 0
-5.295574245936816 0.40092705028241121 0
-5.1403653143827217 0.40952138002068511 0
9.1295944682379702 0.46764060908762972 0
1.1039870600869259 0.4836697731189511 0
3.57859361928959 0.462241796583923 0
3.5555984295414591 0.46128753878438211 0
10.676641807655679 0.45135056622526359 0
-3.2192356364478392 0.43531005744576451 0
-3.2002297704819731 0.46208321359553961 0
-3.2368906108173761 0.46152908608975263 0
-3.2605753640524529 0.46615404751697298 0
13.82307588453827 0.42816912021283798 0
0.13081785401056259 0.5881591808321931 0
-2.9322869758894829 0.46545355736030453 0
-2.9521997178599979 0.44526891067538699 0
-2.6189792653088491 0.079386287712265913 0
-0.84522476087061638 0.05410595387839752 0
7.8855525933525197 0.46671848813471278 0
-3.4148157154780598 0.43795130370237828 0
3.6171261446914902 0.46631782978115471 0
-1.13056876557459 0.48280870238657009 0
-1.1073594724277569 0.46931276322474069 0
-1.114149282886421 0.42996798532556701 0
-1.079122554168449 0.44390807203763571 0
-1.07952555084038 0.47447966273912001 0
-1.046449433488696 0.46367210717249457 0
-1.0455836926143589 0.42155650091431779 0
-1.010569189899341 0.44318492564303869 0
-1.011642751587456 0.47942386236722279 0
-0.97725611136452761 0.46882584408843808 0
-0.98513075722756993 0.49342677565597121 0
-0.94681679002345798 0.48627739022624977 0
-0.94246542277124923 0.45441083280136402 0
-0.92091541176736591 0.47921457624108432 0
-0.90212947051319947 0.44347849336451001 0
-1.0364845008896071 0.49313832746399078 0
-0.93117424516328107 0.50316242077260365 0
-0.91055531417738922 0.50488354000241709 0
2.3299275492687119 0.04993299883211761 0
-1.6967767861848539 0.46822965643344538 0
11.34705643284998 0.085621405866793732 0
-2.628659976194053 0.46293289846808738 0
4.8614116106298297 0.46491307249437153 0
-1.9732542343199 0.40899842070524328 0
7.3916758162085916 0.46411514984253888 0
2.4100261315318439 0.081636389016984279 0
3.9014710638423371 0.46490526403347421 0
14.375987090665729 0.38425657380891798 0
14.43820590115085 0.40048307809174921 0
-2.6530308624627579 0.3697823958706114 0
-2.188318903505639 0.084889104202718627 0
16.948136526349721 0.4071519694706135 0
12.48458569549304 0.4636393249477167 0
5.8189111621483054 0.46803217615912568 0
9.9373753581835143 0.46321773859358822 0
4.8765223671578548 0.049819623931381743 0
9.5727759421932639 0.071989882628872126 0
11.8685624277441 0.41522706941308651 0
0.94797718817775611 0.42935768698204729 0
4.8823772489521708 0.4733675546342595 0
5.1515956175906981 0.46679419612972162 0
-1.5529057915232081 0.081785120182397197 0
7.5938200161175891 0.46394696389343337 0
7.6198991739355586 0.46283017680050492 0
7.635139340993252 0.43717935948330272 0
7.6496982508288678 0.46423471923805559 0
7.6686565239019711 0.43543355629742542 0
7.6490589120197168 0.40474540773891232 0
7.6969675841092524 0.40271460162970651 0
7.7025160811067943 0.44258600777767049 0
7.680589181324927 0.46402408311682369 0
7.7040059096393572 0.46719030590421251 0
7.7303412020767928 0.45941389901384061 0
7.7278141081091416 0.42730486199487999 0
2.7804129257013219 0.46626040350150172 0
5.6499865729760943 0.4718400936851912 0
13.596406863949721 0.43765811470985838 0
13.641439156661709 0.42095864238023611 0
-1.0615058926803951 0.49396864951230401 0
-3.9693645833318478 0.3855641531638781 0
1.5008711593789119 0.46648517553812968 0
1.532424200239531 0.46097645745629451 0
1.542235972513712 0.43496608043393398 0
-2.9575940606773701 0.46747553858451513 0
-2.9781296270691109 0.45614625038559742 0
-0.87330048878398814 0.51370514816506319 0
-0.1207691498086769 0.58723232849114315 0
-0.14261689965410149 0.58892654232837549 0
12.149409475818199 0.46928906748302329 0
9.4982553874743498 0.46828567349044292 0
9.4739041517780258 0.4681429931182331 0
2.010695448097124 0.052620866659032602 0
13.25751238527419 0.46773770007044291 0
3.7300834043137741 0.46356325022948119 0
-2.84762854525952 0.2041352100623714 0
-2.886548009812723 0.46703193700517948 0
-3.280042368173246 0.46725371569069868 0
0.089307157819672439 0.59313038885136327 0
10.584813797619359 0.4727897820857479 0
3.295294142946565 0.37513122219919109 0
10.90988134455082 0.46488597807373838 0
10.93165469872624 0.46251234522374107 0
-0.26101844804820828 0.58457660202670814 0
-0.28143577684011012 0.58709083791497985 0
2.7619558362046939 0.47439925563788371 0
9.0617139338750299 0.47486077604124838 0
18.1458153465165 0.4034039247087457 0
18.21336143574467 0.40895513068137568 0
18.074461349257049 0.4123470463895062 0
12.62904727358387 0.39081587347916208 0
8.1944202633501568 0.4691500200024995 0
-0.50413650095292639 0.56242055251911771 0
9.8117440639609725 0.4662624998397612 0
0.3584218554380264 0.08435726298136155 0
0.41337503751215149 0.091143618927124206 0
12.59711351850315 0.46857317110852642 0
3.9941045466426539 0.46693360896926972 0
14.50116214908607 0.36193270373544001 0
14.521571499764759 0.41978999618361867 0
12.50366990033368 0.4737169367124795 0
11.83744419476859 0.46866345409085169 0
11.86304627500142 0.46091436922744 0
8.782556570620315 0.47530404095521139 0
2.9174029582293999 0.46819483876209422 0
10.10293121055024 0.47603461053801099 0
12.53935287913311 0.37732723399524548 0
15.01746774374435 0.41588070610398742 0
6.9202541777066218 0.042793757893771711 0
-5.0787668041679659 0.42666420707426528 0
11.5567756413369 0.46651982739126979 0
12.111046317456371 0.072926428660358505 0
10.140477519118461 0.46468276345705217 0
10.168071475683959 0.46512817248402571 0
10.181186929454499 0.43790233081708702 0
10.198147506883529 0.46257273884410077 0
10.21115645165656 0.43017900149875538 0
10.228720599419249 0.46243231498838572 0
10.24231880640936 0.42681798194334408 0
10.25837989576717 0.45862257689150993 0
10.189509848751509 0.40520452553901748 0
1.234438740546357 0.4752734998357932 0
2.8824359871498491 0.47319279553047211 0
-3.1833845090666828 0.20915923552975399 0
-4.2803182816033098 0.41142689940447968 0
-4.3442982473332759 0.40043046280705591 0
1.362772216433507 0.4669391728412145 0
0.94574542844540699 0.47560176470984372 0
0.93588722869960361 0.50240481421869532 0
-1.1749090181917869 0.37665277889270721 0
13.192275684654771 0.46768482812648587 0
6.129619336095554 0.46726083250739042 0
6.153639967910169 0.46288669927637499 0
-1.194669324566396 0.47628675361854161 0
16.413540956222089 0.1665427798878763 0
9.4673135487427764 0.042728576980109567 0
-1.251906791264751 0.38904420230473019 0
5.5514668693793769 0.46700116161542848 0
17.149609361714859 0.1014133587030087 0
10.012975426022111 0.46430958189528582 0
-5.5494673835124351 0.1455937378014307 0
13.29693980925027 0.36884987048988549 0
4.0539770221435987 0.46725182876383359 0
9.239291515315859 0.46120726373080728 0
0.22355101429640159 0.59205482058819825 0
13.729907277230391 0.047631341863127119 0
-3.814288822323515 0.069312303084238164 0
14.99075067451593 0.068764152968819381 0
14.291344443557881 0.059819567204548153 0
14.322802284639369 0.11960390817306869 0
14.25617991443821 0.115347856511163 0
14.28502541772683 0.18115302803382979 0
-3.5821536762813508 0.064359073179934639 0
-3.6212123404520828 0.13520719777094989 0
-3.6953930929281609 0.13551510578818091 0
-2.9616048780192279 0.054133112427707762 0
14.742836752457229 0.06785289745932882 0
14.782717627648889 0.14124163638959469 0
14.87793597374549 0.1520274790058026 0
14.09037762303346 0.055331071731201727 0
13.56938572546513 0.040641743049567892 0
2.2952571308750889 0.46873585165848269 0
7.0505668494374216 0.40132489904356827 0
12.357429983554381 0.46620646163324181 0
16.634320722639309 0.4157812913290817 0
3.8952244646496732 0.091618611357587559 0
6.9523248074219124 0.46771931301442748 0
6.9263091407033279 0.46655539180199329 0
11.580007899598851 0.41046215200698039 0
2.471059101397326 0.46725235253427061 0
-1.8025748686072069 0.46726821656400058 0
5.1456258375608286 0.084913143696319818 0
1.5744045597808149 0.46327280682665911 0
-1.098436014189395 0.48855386695945402 0
18.008590923272969 0.41345822852878922 0
13.455355181819829 0.089288764614121663 0
13.401289743032249 0.080727151596910379 0
13.368088323236041 0.1184959426046413 0
13.49790968036624 0.072606232861163647 0
3.4280312128245241 0.36485288575485753 0
8.3693305552273003 0.46858523648504741 0
-0.6053612247438056 0.1192030232352576 0
16.597478276052271 0.17804600900175219 0
-1.4840406393897949 0.46769660026057619 0
24.9437013456043 0.33770337460441568 0
-3.56526537318629 0.2342634501020863 0
11.78411182324086 0.46190477713200467 0
8.8734727139349143 0.46903498245436498 0
-0.54063163857303764 0.55732052972379487 0
8.5056746592658357 0.467914952237799 0
-2.464075401857782 0.36435133176229689 0
-0.20667262767855399 0.46117725842895202 0
3.0247710663208851 0.46256625132044582 0
-4.2637167814398707 0.074849552054185378 0
-4.2941406589231397 0.16777696690474589 0
15.37491220418268 0.080679557365333832 0
-3.5043317526741049 0.062522757396947626 0
14.222495465022959 0.057265649947701718 0
-3.9935982981635059 0.074598453828080488 0
-3.8851764193179208 0.1748716332345607 0
-2.900890190728457 0.051079355969580249 0
14.662948896182931 0.064417360290066394 0
13.67459872457011 0.045985975229578042 0
13.64081153291267 0.090006033617440764 0
13.84875493578164 0.046984025597880348 0
-4.4524893936018266 0.08267048348562836 0
3.7402400289551641 0.36202502823515542 0
-2.5719556958925991 0.047811881425990368 0
14.204666896369741 0.3977205392393941 0
14.155980964310981 0.42442449286488709 0
14.09623845593136 0.41932568811656012 0
2.6252179186678108 0.35904587542934702 0
-5.7983613371397631 0.20649640976422459 0
7.8231030561073416 0.47740123239169102 0
0.72013359084824224 0.48970812587068713 0
9.1848390890838552 0.46771051097550398 0
13.227961464219151 0.073671367655853165 0
13.188198582023629 0.057545993285642083 0
0.39935801324367598 0.5768262591544 0
-0.72012995802931234 0.044142057468459908 0
12.02091329179418 0.047495742277621329 0
13.983485572183669 0.21369068745114431 0
14.075641925069799 0.35372739882345089 0
14.02838896582649 0.40249857746707618 0
8.9925564260615314 0.46546978366182679 0
13.627711614090741 0.2285158765962261 0
13.28210825087597 0.46593639508612972 0
8.1600291965252438 0.47673594515670659 0
-2.4654901820274349 0.043647180437509023 0
13.444814637001009 0.2249504132884507 0
14.400928256257879 0.19022468138042911 0
-1.21160878324643 0.47939549508272428 0
10.9492902561776 0.43825426173516352 0
17.2274304645176 0.1917222181769396 0
13.429931572922181 0.35891024639742303 0
0.41611573904322741 0.4572863809353544 0
11.69519997152152 0.36227318628999639 0
-1.8398020753324029 0.36109366941286741 0
12.007469451793879 0.36038410305913571 0
7.2276448202237704 0.35952290250825919 0
9.7732038725458992 0.35914740855153032 0
12.319304630115109 0.35892972876778112 0
1.1964556889432789 0.36106572418949617 0
0.58277252296813398 0.41337430517042217 0
13.144544646391561 0.086066354380501739 0
12.904435833132251 0.2072046823871613 0
12.892158398764311 0.1587380764589881 0
12.927895203915419 0.12422127892106639 0
12.87986356515778 0.110327817624934 0
12.844041201488521 0.14514695834590141 0
12.919963556121379 0.077591184025020951 0
12.83240315744867 0.095350132411135352 0
12.79617426415737 0.1308262617435586 0
12.80824814964323 0.17988843783626421 0
12.76014078949339 0.16626626238531789 0
12.74800265017773 0.1173019528253067 0
12.712017928136939 0.1526744409417492 0
12.70061744870681 0.10646761294115149 0
12.66402355199749 0.13953600667162341 0
12.733921758020109 0.074833630014192187 0
12.651581555366301 0.08905271199658403 0
12.61525526087714 0.12721665696668041 0
12.62797215586977 0.17439470012019839 0
12.579821738339589 0.1607920603286194 0
12.567299621854371 0.1131804445075283 0
12.53172769657929 0.1471181775713275 0
12.62113649609211 0.043894712959729382 0
12.51952052089419 0.098398474645606415 0
12.483672473791099 0.13330812808600201 0
12.47375831557196 0.084799620304849888 0
12.435959870104361 0.11967257006744079 0
12.44791119272846 0.1681423942347107 0
12.42674470575956 0.071444921340209105 0
12.571253994734279 0.042884827484025209 0
12.38745524192948 0.106064118257252 0
12.34052238018962 0.086792539696612964 0
12.59219180248019 0.208937539381293 0
12.640306350982311 0.2225386504547309 0
12.77238757920998 0.21482507240995241 0
10.93471589437619 0.19046187019248609 0
12.676166327986291 0.1877592425814221 0
12.87356451809705 0.064318394077955338 0
12.78357656019161 0.083208928160372397 0
11.666735932061419 0.082322248427928846 0
13.216773053039191 0.205478258781534 0
12.82049747673455 0.22843858028363581 0
11.94498411043695 0.1175189489686745 0
11.898088275771149 0.093662183044429817 0
10.898890294255869 0.22529644308715099 0
9.7914446728057509 0.091383782919145409 0
9.8410029366850651 0.10463087649191199 0
9.8535952389001338 0.15449523583045749 0
9.8894210779912726 0.1195802446044406 0
9.9017727570178522 0.16837450432865911 0
9.9375967202305517 0.1334524247543131 0
9.879554807119451 0.071480328762995107 0
11.58218131050219 0.1063594031912148 0
11.57405148055871 0.052129926176772812 0
9.3253977305097298 0.1854357937564807 0
9.3131190029058324 0.13696691098555319 0
9.3513897238236794 0.093497278621183968 0
9.2956759865935084 0.088042452746231126 0
12.7255198537468 0.38158889517132799 0
12.77637295943631 0.40031948532884459 0
12.73753436565578 0.43001566885446307 0
12.776668412992381 0.44078771796427563 0
12.81990791593967 0.40616887572030569 0
12.69812082878147 0.41450044362001109 0
12.704401985715361 0.44798377778401999 0
12.75523483886375 0.46289348505464051 0
12.779189670807931 0.46623259477200851 0
12.80185724927161 0.46033922004985128 0
10.358359411905189 0.2074450965330811 0
10.346082890266651 0.15897839834753261 0
10.381822722554141 0.12445078666893861 0
10.33378863354414 0.110566321338275 0
10.29796586149968 0.1453869613869852 0
10.373799034030069 0.077719510272770798 0
10.28620105438155 0.095718139505676716 0
10.25004608730033 0.13119982858117329 0
10.262163963532149 0.18015089825702121 0
10.21405512902848 0.1665324657030039 0
10.201885074276159 0.1176808129997971 0
10.16593378877225 0.15294215029875899 0
10.154325634336219 0.10674299633859349 0
10.11791062640461 0.13978672090618149 0
10.187434970758391 0.07532772969368845 0
10.10499029786798 0.089548899923037245 0
10.069054911404219 0.1276170843406691 0
10.081869676722331 0.17466342249739811 0
10.03372100026626 0.16106378406352351 0
10.02120516271118 0.11347341051208309 0
10.07418857763421 0.044245943623310247 0
10.024418051299319 0.043220665855917939 0
9.9856428606149947 0.14736345566913631 0
9.9734451209378641 0.098638772811075581 0
9.9979783222152268 0.19564947032203259 0
9.9286455609538606 0.084954450603516696 0
10.17819229145009 0.20147767898086791 0
10.32693581898366 0.064536547892862006 0
10.237299778450421 0.083671556230627581 0
8.1227078115732532 0.38626256513385798 0
9.9498679085161381 0.18202139123682681 0
12.55636622457475 0.24372879543814391 0
9.3858002447175171 0.24749649824305309 0
10.67236884875447 0.38215639426941728 0
13.22916289044219 0.25423771894531277 0
10.850777725470349 0.21169066095532371 0
5.1341974133707637 0.21562101201646869 0
8.4367709707640159 0.20425960935705559 0
8.3886532700747942 0.19066650756216821 0
8.3528250591227398 0.22550027547706331 0
12.17135334573166 0.1359424170419555 0
12.18369763245235 0.1836982861749468 0
11.05432840653239 0.13469421462999939 0
11.00623067139721 0.1218706554463057 0
11.163032761689699 0.2099235931935573 0
5.7821934583619239 0.12879670645456781 0
9.8300921593391806 0.23818521733611181 0
5.2180961605440412 0.19432714666911469 0
12.063944628124521 0.23967192471478491 0
9.9140478629661732 0.2168536355639166 0
12.8096299212582 0.36114138832471848 0
10.37058218017566 0.25585365805301008 0
13.120187058013279 0.35961731165458638 0
9.0356605214683174 0.1042252641974344 0
10.19042866597068 0.24990402023173691 0
9.6980351141341146 0.2457758794597473 0
5.8906935530432882 0.20449938958822839 0
5.9029908000418292 0.25293134054451899 0
9.0131744347355038 0.1871902249910464 0
8.9626207695044258 0.35621304992014741 0
4.9539364922872826 0.20976122271899769 0
5.8425760802097138 0.19090714276244161 0
12.231830497004591 0.19715633933674129 0
8.4490661714321824 0.25269143802064981 0
6.4892953869225218 0.1043870002155247 0
8.3405354585081213 0.17707440832486721 0
4.9562695908441166 0.080733048791874221 0
3.956783261904059 0.15300973441450491 0
10.094178432451891 0.22288099184832799 0
8.1245313138771138 0.2059577637911994 0
12.16078850986076 0.088577207698651683 0
6.3229802318141513 0.14703014213224819 0
6.3100805838358713 0.090734026951910074 0
6.253824187043481 0.084586599755453351 0
11.619604655322579 0.2490057882054742 0
5.2662107090465886 0.20792825774151341 0
5.1822599785844741 0.2291950124277593 0
7.728316033790013 0.2290171353807112 0
7.6802089831559517 0.21538585589553319 0
7.7160518133914424 0.1805015163963746 0
7.6679396225796532 0.1668926316319036 0
7.7038544299140916 0.13174789363365369 0
7.6557533785891856 0.1180993415728006 0
7.7519049582652793 0.1455756903334017 0
7.6198423217788127 0.15323213150083809 0
7.6080312272708799 0.1070321647525118 0
7.5717960474239447 0.14004344462749899 0
7.6410098666948798 0.075827617089512328 0
7.7400270319935336 0.096018206202119982 0
7.787800037397151 0.11055452757852199 0
7.7796570270628926 0.064381492780456268 0
7.8281110002501482 0.078159969565914825 0
7.5583379647722042 0.090174482091115143 0
7.5228441238880821 0.12804001962335321 0
7.5357651823356147 0.1749368977833918 0
7.4876181866449798 0.16134005127741419 0
7.4751102055721859 0.1137673912993435 0
7.4395616686421926 0.1476277314243051 0
7.5271574767032394 0.044764780677330938 0
7.4273697209813614 0.098879070989849507 0
7.3915191358748764 0.13379355068249979 0
7.3817998662153554 0.085541665049798779 0
7.3438407056177084 0.12019754552082661 0
7.3557652423876876 0.1686311914702642 0
7.3328349001413411 0.071964365001256178 0
7.4775318758033409 0.043887394149479612 0
7.6910955641012846 0.084157346493314966 0
7.3076642955083084 0.15502575736315069 0
7.7641702261134364 0.19409114846559081 0
7.8365206410949444 0.12502432566225791 0
11.21114975177165 0.2235234458230273 0
5.2903845877603217 0.1252397693449108 0
3.944295933543033 0.1046993975109889 0
3.9329627058276722 0.048612061007802861 0
3.9821783928291121 0.071527631375664091 0
11.57150575272391 0.2353948225339165 0
7.2840204430587949 0.23842815154380451 0
5.4832256361423664 0.3592706556928022 0
2.4657518338784432 0.089144797143280802 0
5.3377098393590714 0.13917116160854409 0
4.9181263612195716 0.24452571971938339 0
11.931865407657639 0.247265757452544 0
4.2557168038586539 0.1017358253054889 0
4.2476460914365273 0.053457770986653441 0
12.72427816205014 0.2012342754083844 0
6.7326491295931641 0.35317731745035169 0
2.4078608660985772 0.21000232230280591 0
-1.772633885557116 0.11020337382498931 0
10.814979830210319 0.24649089106197861 0
7.5374958638981626 0.34995457679369801 0
5.2784171961103477 0.25632986616929082 0
5.0020684307157488 0.2233007083521894 0
6.467097221135039 0.18742688023420451 0
6.5026116034949677 0.15297457270255951 0
-1.4833926893202389 0.18992125913951829 0
10.25760743390342 0.35463679505776319 0
12.916680300009251 0.25560894405090939 0
5.5784579798297074 0.20619692650878271 0
3.2125594637322248 0.212378677960153 0
3.2002814576859602 0.16390709134651099 0
3.236117699728319 0.12903879062414569 0
3.186802940061392 0.1140984665340757 0
3.2238396918639158 0.080568027795855271 0
3.179980180666667 0.066511037975036102 0
3.1396014222542301 0.1001847083707193 0
3.164446201349798 0.19877144177366579 0
3.8851600166132969 0.22253369216545071 0
6.3350618437449038 0.19516127112919371 0
2.372051009135423 0.24476591449038121 0
2.3597468922234981 0.19639009670017049 0
-1.79564199266555 0.1916073001519204 0
4.6293228656025631 0.16334265085630931 0
4.6649757512411103 0.1291223674478178 0
4.713342433376047 0.14183131186621131 0
4.7050208413058252 0.088207990070620843 0
-1.506066898382723 0.093746882923772507 0
-1.4654011108445939 0.065856555018199772 0
9.5889453951737345 0.35031530133054778 0
1.3749269349715261 0.18790001346612739 0
-0.47515187808432802 0.1157844284895833 0
8.5811484063908701 0.24499656266046091 0
10.010157019546339 0.24414287161338849 0
2.707887567737151 0.15969712858927079 0
2.7595303557939528 0.36130920068114292 0
9.3970694565757942 0.11570023619506629 0
6.3473486842450217 0.2436078577393492 0
3.128610641745837 0.23363776869559499 0
1.0874832879712519 0.10304851320507689 0
1.1204687421852271 0.077416698081553159 0
1.0378346430195979 0.089328666391940939 0
-1.5673625118000909 0.21114528182168971 0
9.3376782153424536 0.23390303865783549 0
-0.4627464532948794 0.1635714456953786 0
-0.45043660090165938 0.21189774241171519 0
1.818355886192812 0.36103196274013361 0
4.989127370663426 0.35648925005615151 0
1.4711548833651189 0.2150892605350519 0
0.83440649408601608 0.17008581638337611 0
-1.197146234370754 0.092158533271330195 0
-1.1604330556571461 0.048868564200574748 0
-1.110746625158199 0.071636483596675155 0
6.5274817961035172 0.24946194759786619 0
4.7860274164970136 0.25211643166584907 0
-0.57021841133730233 0.26795582546109592 0
-1.783365542602245 0.24014568749677051 0
-1.759911324188832 0.15710306212810621 0
-0.96762258002385659 0.11194337854350959 0
-0.98046165167399901 0.061467982999101917 0
4.6059145989558727 0.24622020753408699 0
4.5935970935939476 0.19784660172816429 0
-0.52212439958784596 0.28156584088108388 0
1.3278101555267581 0.35456072356940949 0
2.6843004957115442 0.24303528532165 0
0.77328140487119135 0.110529187448133 0
0.82166459793420521 0.1232333104049788 0
0.85293075658822226 0.087533397682814068 0
1.2909760601220579 0.20916177082087409 0
1.349046746390907 0.089904312270506603 0
1.397430966519813 0.1014134040548955 0
1.4353018951123899 0.069386241685996108 0
1.2551434083339921 0.24401945562403971 0
1.939023084177947 0.1223565981762187 0
1.89043037653991 0.1104470660659089 0
3.440842626644117 0.2319708379284911 0
0.76271472954857211 0.239813460084253 0
-0.60608202631390107 0.30285010849824279 0
-0.23446732907107051 0.18317220917540231 0
1.0391140732341679 0.27302714456851263 0
1.659808447117467 0.083150703649565796 0
1.701192258229439 0.053849466123451963 0
-0.98665502784710735 0.37524819467627568 0
0.29374782311531078 0.15262444994438959 0
0.28156845501508498 0.1038052568085593 0
2.0598396048789138 0.2464600510699165 0
-1.6512961564485029 0.23239152988361289 0
-1.5320298473632781 0.35464565703708251 0
3.2248386095329589 0.26084282404728132 0
-0.1381853370293194 0.2101395245552708 0
-0.041956100176638533 0.23734125198231029 0
1.5192709298902261 0.22869997601101349 0
-0.53577859109024051 0.42032408899574047 0
1.339090797821243 0.22276659182775799 0
-0.29725117512812482 0.1190401159434242 0
0.1040735448568781 0.45813521837741739 0
0.067623011951655723 0.49302995830523411 0
0.021128243942301141 0.47670535928070479 0
-0.65422365623098166 0.28929047243971701 0
0.5948088577826357 0.28234924546460949 0
0.054272998871874638 0.2645434668978553 0
-0.93059011095219102 0.25620186817299567 0
0.37879692044046132 0.31128276007949912 0
3.981424369882792 0.24961022455985879 0
0.36651825970625529 0.26281345741482209 0
0.31840358810066671 0.2492121992440996 0
0.066551363617071327 0.31301245008821332 0
0.24673160027460311 0.31894647001669663 0
0.72687474865763368 0.27467757829023798 0
0.71459778930038831 0.22621257793060631 0
0.53442417064049397 0.2202845275189749 0
-0.18632784548989359 0.1966452878000188 0
-0.22214945019726989 0.2314629131719477 0
-0.25797436414351249 0.2662831711366187 0
0.065787415200001503 0.13297914506767919 0
0.1062686569895125 0.090953579161351827 0
-0.090070788033754845 0.22374063388331539 0
2.0475305477258048 0.19802779715186031 0
0.102387599338519 0.27814439414461622 0
-1.4230319090625509 0.25187429167234421 0
-0.3777592889737974 0.32240791269582308 0
-0.43672916983070159 0.44082803607680249 0
-0.029677733728480982 0.28581022914836668 0
0.93210615995610047 0.3783425420940823 0
0.0061584484366494548 0.25094236266267572 0
0.018019203688409129 0.121192093977321 0
0.30610869793444972 0.20080158295925099 0
2.5399749627190218 0.20225785550117109 0
2.4918576365746481 0.18869313055902889 0
2.552192564352382 0.25064906003398207 0
0.42586898922014349 0.14377593017630391 0
0.46415805671189658 0.11163564129460569 0
-0.065513915703861336 0.32067809496280858 0
0.14950317605053279 0.1114709004224419 0
0.1617669021926699 0.15999166833635431 0
0.18727101084060821 0.078261568982393212 0
-0.40231680492095367 0.22547507324534671 0
-0.43815478662785301 0.26034158911598482 0
7.4642300311502634 0.2441970516300164 0
0.28256747123467901 0.28407972614937449 0
-0.19757919467157101 0.32834373858786192 0
0.2344529442120811 0.27047852099400638 0
0.18748298044853559 0.43707746696871952 0
-0.39399312612808868 0.093659655242305878 0
-0.30934614773179259 0.070320389090585106 0
-0.41678666326657737 0.046953458723691693 0
-0.24569412109866259 0.3147442113199731 0
0.64118804742142388 0.1181188047872737 0
0.48631042029689442 0.2066842368603686 0
-0.2829789649889024 0.1692384033081509 0
0.1146661994417099 0.32661254474537382 0
0.31945431270565211 0.4293763768398714 0
0.47464372276136552 0.15857494948628401 0
-0.42587597999830101 0.30880516923933021 0
-0.61833876550982625 0.25436301888889978 0
-0.73911759474174388 0.13026253996103279 0
-1.303214892559537 0.19579298017514221 0
0.007445086982380722 0.43071233151521382 0
-0.7268341348713252 0.17870465185165471 0
0.330547402138818 0.47808491253711372 0
-0.12481535430159441 0.4389143587760172 0
-1.519230901986161 0.22472537847525659 0
1.5072874882566241 0.35537960168722421 0
-0.30448309593661271 0.43465112695581898 0
0.45261790000627211 0.42294402343722831 0
0.51086212713299772 0.3036183038203496 0
-0.71571836499512398 0.40583230000598841 0
7.9924609020417208 0.21363905231862371 0
0.54669795328839554 0.26875068316530182 0
0.6651166375901153 0.39378628029558371 0
0.85894430803675237 0.26701398510967239 0
-0.78632430577528212 0.2968553097572843 0
0.58253411257285315 0.2338809000736245 0
1.9173878442671599 0.38342905691107021 0
0.79998750662732188 0.38451951047517052 0
1.9277568865362169 0.25415109708590689 0
-0.78735094017998886 0.1168704881381276 0
1.0749563297858331 0.2381088149458094 0
1.1230743536401639 0.25170124644468811 0
-1.255109760454808 0.20942028222606199 0
-1.2428219775141689 0.25786306807844023 0
2.4447253022885409 0.35530566256162283 0
-0.49854485222934281 0.19826809532279471 0
-1.975795028668208 0.18567865661928121 0
-0.942863393357529 0.207699208428546 0
4.7989814693440707 0.12215478072484801 0
4.7539678357967201 0.10963661734678549 0
-1.0872413000521239 0.16701001867987761 0
1.615445381496555 0.25582892070202018 0
3.5370821765655829 0.2590715198350631 0
-0.83435333733730888 0.28328389665143389 0
8.6537912489607418 0.35557000520524851 0
-1.435310881677698 0.20343328111234049 0
-0.48627241234269009 0.24673073747950511 0
1.6032003621468169 0.20744289432268259 0
3.115978691635116 0.1849865139850011 0
2.9965813968445092 0.24133254823028991 0
0.90847429344240604 0.092576280009223286 0
-1.0627383772626451 0.26396807760596741 0
2.4559957320674211 0.22355149265201621 0
-1.3872341417383609 0.21693439712863199 0
-1.339099510080306 0.23048810626813571 0
-1.1108161163968331 0.25033318346649419 0
1.1824312706457589 0.1342745995201915 0
-1.123060835033419 0.2017954309232487 0
1.8673509605101579 0.1920915526011486 0
-1.6032484020501261 0.24596868186024351 0
-1.7124024549406009 0.35013719958905931 0
-0.84662829142842755 0.23485548293056199 0
1.026861239134812 0.2244350297955191 0
0.79855367684136369 0.20494862241080811 0
4.473832019040386 0.25391108390295131 0
2.2399524263082369 0.25235647471186401 0
-0.89474237726631012 0.22127176781963909 0
2.0832188887889291 0.1636840564291602 0
2.1187125129014128 0.13002715631229811 0
2.1672357270235452 0.14218235848662991 0
2.1582387757621322 0.089894404092255437 0
2.20723531392068 0.1097667539918573 0
0.97878023137427417 0.21071661783406001 0
-1.0995993638613779 0.1197033405895168 0
1.55507513370638 0.1939388642619353 0
1.879631958524447 0.24055699176415241 0
0.94290568441900091 0.24572041783756501 0
1.747565212646895 0.24820794587934719 0
-1.8683111080464261 0.081048624137835493 0
2.9722371514540802 0.14465295357822261 0
8.1961618011174373 0.13644380173159659 0
1.4105221882343031 0.15264318927681469 0
3.067869968699517 0.35456565148302921 0
0.8466784922119952 0.2185516247319241 0
5.5907718821231258 0.25457848751897849 0
0.89479178556196592 0.23214576328463599 0
4.7256630416358254 0.19015034427612751 0
6.8397250073239828 0.2477363688686757 0
2.191869330937676 0.23881531149029911 0
1.435342208873216 0.2498740770526271 0
2.645484168442306 0.099543549839083284 0
3.8724296560819811 0.35493521134545558 0
2.9603718647590509 0.089241633640342002 0
5.0379163330771721 0.18839167921082281 0
-0.90702110418580828 0.17280411400095411 0
2.1371303493610001 0.36465320344481628 0
4.2689011730321287 0.15090801001095269 0
-0.9192974222087722 0.12432707250256381 0
3.356881339667324 0.25328554081025628 0
3.392728165378931 0.21836773103847101 0
1.1671598028640511 0.081802730735981863 0
-1.9400641987178211 0.15120130248426991 0
4.9058224823416747 0.1961490718901801 0
3.8012063173148878 0.2438271479689357 0
1.4230006797691259 0.20144464835954529 0
11.12725125550552 0.2448431487153547 0
1.735283743455202 0.19975201387859859 0
12.544068004175021 0.19536667771387531 0
3.8370432231204479 0.20894401136325999 0
-1.915443766078949 0.2477337084029054 0
-1.96353931862151 0.23412891394383489 0
1.8549927405387101 0.1439050767933025 0
1.8432908880760619 0.095707109544353533 0
1.8815307427034029 0.055830139743096502 0
1.82674746395148 0.046070862169197868 0
2.8644789545988938 0.24897188913041671 0
1.7711216232538209 0.1648901075487037 0
10.99513008836318 0.25245628591424302 0
2.1795816213662249 0.19040645248390239 0
7.6443717090409926 0.25018280947931859 0
3.6691528021951698 0.25144713727892659 0
-1.6379309694965309 0.092640274594845542 0
6.9595299907483943 0.1915325115107456 0
2.8040737284775821 0.18696157751235479 0
2.9843204701881332 0.1929013969636251 0
3.2841220299434601 0.14303073602497771 0
4.3657177244062382 0.35884540438154622 0
2.2535189425077311 0.12278338757553341 0
3.6445904703899452 0.1545154665126329 0
3.6335466507013749 0.10365395956178181 0
3.656871228601323 0.20297970076068639 0
3.5248037387366469 0.210643975349351 0
6.7916029542399654 0.2341412308033273 0
8.136812410701431 0.2544512224180423 0
4.2813266287942486 0.1994945892693524 0
1.807612252959389 0.13076239102100781 0
4.4257067772063863 0.2403181446445343 0
5.0983453285264382 0.25036843088084021 0
4.2936205121986966 0.24797890834764341 0
7.6321052051359999 0.20174020817034941 0
2.8521894087536488 0.20057673256570061 0
2.47947974090506 0.14047932209263189 0
4.4690958060982577 0.38979332902091041 0
6.971798995936342 0.24005350708857939 0
9.6857513229559373 0.1973635749782392 0
-1.447773944098252 0.1555181195193801 0
-1.9532497949940191 0.1032729623403925 0
4.6764694955664314 0.35810353131461348 0
3.727788358689907 0.1323779005734757 0
3.6803396315483381 0.1196955851466889 0
3.6741364646871379 0.071717001865681668 0
6.0228259568292506 0.19685001507842759 0
9.0735449012707168 0.24923623177265139 0
-2.0212228329270929 0.34905715127745351 0
11.5092664774924 0.3548367052761528 0
4.1615192912344652 0.25555992470346051 0
3.2724571732401149 0.095224355650134804 0
7.151959714178882 0.24601617763818201 0
6.1110858615848862 0.36384033326867438 0
6.0350721983304911 0.24525254511932401 0
8.0284383880421064 0.35949278671178581 0
4.7379432783435478 0.23857983887030509 0
7.9566298761177787 0.248474949684129 0
5.7586382536166356 0.21213095830796441 0
10.22629371898895 0.21503086049479911 0
10.27440489063928 0.22865489371408371 0
5.2540449596994812 0.1595480693687136 0
5.8067501914476649 0.22573466011665719 0
6.2152243948842409 0.25120670610561008 0
7.1396708462228773 0.19760322202027761 0
7.2450016017903707 0.091529036300828731 0
3.464409126219373 0.1485853382477782 0
3.4766856993675561 0.19706525787114831 0
8.3397697270145734 0.35956212374008167 0
7.0423318036866904 0.35166195152559981 0
7.8245070557810479 0.25610800749872059 0
10.890782220630699 0.36513929212066659 0
5.4105357226534441 0.24873183098856991 0
4.1492955622847996 0.2071833187498977 0
4.1011557406069956 0.19368791753735501 0
6.6595600218035678 0.24177860903468351 0
8.5689109585948415 0.1966090784659193 0
3.1515074522442061 0.1495908979391212 0
8.26888184310498 0.24679997075820931 0
2.7682521947035559 0.22178070272814041 0
9.8178068596944392 0.1896255225229764 0
5.794459284301106 0.17731418370940291 0
5.7228249613706934 0.246991045895703 0
9.5178772051489346 0.23981556993325759 0
10.31025018136793 0.1938213708042269 0
12.376167694765959 0.23794367173787651 0
12.41202110938193 0.20301779541510689 0
12.46012652351593 0.21660318299837031 0
6.4793549528132708 0.2358754188776665 0
9.0254349196689638 0.23564042436095181 0
9.0487384924670042 0.15275693995529219 0
10.98285553546995 0.20401736053890229 0
5.4463806624689681 0.21388397018963351 0
10.742248067555231 0.13625231927832579 0
8.3047109373754822 0.2119106370826403 0
8.7490166282718711 0.20249795927000369 0
9.8659216134497143 0.2032096816026501 0
7.883790312909257 0.13894617800282141 0
8.8933411399409206 0.24330759634484109 0
4.4134440789809029 0.19186954952391611 0
10.57474845976939 0.35910571772819899 0
4.4492031958733413 0.15728743594756781 0
7.3564786666377771 0.34882826634681408 0
6.7793219196780612 0.185675900146241 0
6.7670433827237142 0.13720721336012309 0
6.8049347429808744 0.093606785773328177 0
6.7507714869034032 0.087610470950889502 0
2.6720207605889428 0.19456744484101829 0
5.6501281793972922 0.136462350068804 0
6.4188775749734477 0.35340980282226392 0
2.720135309091448 0.2081685559134035 0
4.5154702568246794 0.082796608389206106 0
4.5567708480521221 0.052380568487571867 0
12.85633040599047 0.1935815386845294 0
6.6472564137373027 0.1933419095050368 0
7.8001337013689493 0.15929195559297049 0
10.082440033801401 0.35206647708806532 0
9.2291042359219997 0.15846147783087899 0
3.4518863786183749 0.099509587201925181 0
8.7612382179366151 0.25090775810271287 0
4.4365805173133888 0.1106098693068929 0
4.4270497203566794 0.056847441052160171 0
4.3732500665774774 0.045884710119736903 0
8.4444417419678608 0.38987671549980363 0
6.8509940566208574 0.1159405343735499 0
5.4944978106021756 0.22748746255151181 0
7.8122938901878074 0.2076966309433956 0
9.2056592313026044 0.24160644851205981 0
5.7949129088880458 0.3578823017969891 0
6.2029527909594808 0.20275537987960349 0
8.0405754337621911 0.22724164090540069 0
2.6941837929299579 0.11413224218893089 0
4.0653448318227943 0.22845007343616991 0
7.583990194829231 0.18826139472588019 0
9.9027716746868908 0.348649300580125 0
7.0076528267198457 0.2051067066848247 0
5.8986784196598423 0.39022110837894369 0
11.751683031813981 0.24139365965891799 0
7.09155948988586 0.1839922897339018 0
10.68289820514611 0.25417506740997609 0
11.823220507129779 0.3539529437986853 0
3.9209874968560738 0.1877000843913264 0
10.50270605470315 0.248232035905226 0
7.0557306171738219 0.21881395549371621 0
6.6829750104390024 0.15889087002504529 0
12.736566747390681 0.24961706946295389 0
12.135631094016169 0.35179565125671541 0
10.62248111762241 0.19215498743939921 0
7.0683334803952009 0.088139373306913169 0
4.017230283320206 0.21484896236385809 0
11.439443465673749 0.24306142325816019 0
5.5303281756372842 0.1926436357377756 0
9.6376439563266274 0.18374787441722221 0
10.130071039281249 0.1880228106311144 0
5.6020136308948816 0.1228612389964736 0
6.5745851321491608 0.082802844770930237 0
3.969108834046009 0.20129155234042609 0
12.244110514089501 0.24553558129802869 0
7.0794327528026217 0.1360244933927926 0
13.361021282648551 0.24627487258193359 0
7.5481449742501496 0.2230724963283898 0
9.2801482698215114 0.35138248451718662 0
11.199299934945881 0.3558575942251081 0
10.53853672986005 0.2133945799140044 0
10.586649351994261 0.22700611509080881 0
11.87147297946297 0.18519753487413551 0
6.1190071342072674 0.2240534734892099 0
9.6253118515317162 0.1357435349904299 0
8.6170413203549785 0.21027298178231951 0
10.67060719623248 0.20572164572263391 0
9.193338402794879 0.1931597961186538 0
11.307516764579301 0.25102111125944271 0
6.0709617504867426 0.2105183701206147 0
5.086115010554348 0.20210903780687581 0
9.5056159844846722 0.19128899151345691 0
11.427166944521851 0.19459983428509789 0
5.5661138414339897 0.15759228484280119 0
11.883751317574969 0.23366643098086759 0
13.156514071952429 0.14203625742673889 0
10.970530103179589 0.1557827844821407 0
8.8690999814482812 0.14679978905054339 0
8.881124343987679 0.1949080478831457 0
6.7177936503406857 0.12507945851131089 0
8.6650976687720522 0.22383364492537841 0
9.1206605321035408 0.082562546593616268 0
10.429818811268071 0.13838824080929299 0
9.2636550198171967 0.12501881571981199 0
6.1548458080661392 0.1892560479954177 0
7.500041002570101 0.2094181357235973 0
12.36395748236227 0.18921021508349331 0
9.6151744222827755 0.088472827831664144 0
11.295096828252291 0.20225713292963909 0
8.1122528488900709 0.15748880658032 0
8.0764042670408838 0.1924003460771799 0
10.658281564917941 0.15704689615112299 0
8.7009232959115277 0.1890204048696657 0
12.975892243740899 0.13815250670694729 0
12.44819756677901 0.34894256961977382 0
11.859703995642329 0.13536138834374251 0
11.84372016863508 0.087113034985311019 0
12.05163118990032 0.1912529322459311 0
10.046063059079071 0.20928270987130451 0
6.1906001156791293 0.15468697331536491 0
12.495957826408871 0.18179054445292031 0
8.1477784892014604 0.1228573333568392 0
11.415223911597391 0.14657202653391271 0
6.2244996517982969 0.12159263930405011 0
8.3282688583169513 0.1285564082790891 0
11.40234717768057 0.090652285679586969 0
13.04878284099471 0.24799205515649719 0
10.69393281397932 0.1226125970306492 0
11.24696640213921 0.18871393779209661 0
9.5537399760155512 0.20486335441537301 0
12.147881417084269 0.2183333591531125 0
7.4519019733500098 0.19588633336441549 0
11.19884777793777 0.17513055669096539 0
8.8567443824508647 0.090577358917670908 0
8.8004254697708042 0.084431793623881271 0
11.739405375669319 0.19289049571878331 0
8.7706816358337214 0.1212709505187161 0
7.4038023392775214 0.1822846739571129 0
13.08461309821994 0.21315370960968241 0
8.7363603541346038 0.15479343646110891 0
7.2717493290757877 0.18988994377910201 0
11.186112085894401 0.12839927262665929 0
13.168693713021691 0.1916598006354551 0
11.55925046120568 0.18695005371842699 0
9.6018060171289399 0.2185736573157282 0
13.13273128488197 0.22674394176289131 0
7.3679855621616444 0.21710138859856989 0
7.2953044420172608 0.1065447146043588 0
11.5949734676649 0.1524935844919186 0
12.09973006433761 0.20489667444786869 0
11.775130627976081 0.15839668177238531 0
7.3198875012495126 0.20350752809475459 0
-2.0955554457726531 0.24182193752657871 0
11.810189199027651 0.1242743110631684 0
12.39988367247213 0.15428381636729799 0
-2.107866782102223 0.1933378205519112 0
-2.1198357112272319 0.14532598880889391 0
-2.1331169256721321 0.089819197711769633 0
-2.2880051449596581 0.18746257783583009 0
-2.2276718432338511 0.24945248494313699 0
-2.2399473777855272 0.20106436885937051 0
-2.3237602554040571 0.22230837564683911 0
-2.3357128455965248 0.35463778458034229 0
-2.4787714187948691 0.1319143450880467 0
13.317280200884751 0.042128277568237178 0
21.051441312045551 0.087701716145922537 0
24.154100440986451 0.087643098017415239 0
20.05430478694414 0.099697842426105743 0
11.419866903453199 0.043256139306553733 0
21.85628437510217 0.095199386851810994 0
18.644765383380971 0.080586118258892794 0
24.554020972049539 0.089085294963661604 0
11.71535680176529 0.047218318859272808 0
23.150491020585012 0.088811462451431747 0
9.3225314382452229 0.045366067221922941 0
9.2726598075246773 0.043109763151768038 0
20.65503588696237 0.091041620222308606 0
20.7038748178717 0.17886501926906051 0
19.0562014058873 0.078744479901405012 0
19.10413248684447 0.17666356321022689 0
21.450648479758129 0.095561209129756519 0
15.761364293554729 0.083182179423556268 0
17.557802204488091 0.080524805599354751 0
9.169626553990776 0.046322313243385503 0
19.455784504651241 0.083470350783663466 0
23.954272285125619 0.095414249096153841 0
19.65556628131257 0.083710613852119087 0
23.75130281636298 0.08651227861281309 0
17.757556334904649 0.086512278612943111 0
11.0764242697998 0.050297396929896702 0
11.12008345230311 0.036944335771303113 0
19.255992955269111 0.083183879012147965 0
8.5707753983727866 0.042104806647097537 0
9.0271440195745303 0.051369187248686589 0
11.819875860135539 0.042002677560762959 0
8.5226711621309406 0.04362742950096108 0
8.2232021133422784 0.04325613930659912 0
16.654395236080589 0.084615288225987961 0
23.348556526269839 0.087652903446434338 0
18.447639676463261 0.079752256728409854 0
22.056177129381449 0.087651407005284898 0
8.8725246488335934 0.043256139306530279 0
22.255624980788919 0.087698079229383261 0
11.86987120508851 0.044312239952818237 0
22.850309622048659 0.093398815208561442 0
18.85561287342027 0.077779731696621945 0
21.653491547852639 0.08651227861272652 0
19.85440385511583 0.078567213864398924 0
24.353627935088621 0.087739878914392555 0
20.457961104956802 0.089978154933460189 0
20.851345148857369 0.094386208043459902 0
22.45609785394139 0.089739879897539565 0
21.250817779276339 0.087662377238339639 0
20.25781359137747 0.087788836796977826 0
22.653214650074279 0.090467342509240004 0
24.750260563272249 0.086512278612734014 0
22.95213661883551 0.086512278612508153 0
23.000246315080489 0.17679675656911301 0
23.548439132518968 0.095105614542835643 0
-6.763857313330714 0.1050757829635674 0
-6.7034394352234079 0.17311481899089209 0
-6.5518782825092599 0.10086079195782779 0
-7.056909459227203 0.08775232667098945 0
-2.4174164865285288 0.041896560091166768 0
-6.3451633226619624 0.090157316441763793 0
-5.9468673425458727 0.092340332700210317 0
-6.1512729599618332 0.087608187285805855 0
-5.7484929812721592 0.069334785602394963 0
-6.8577772599213347 0.088469607291690483 0
-2.1160105670760641 0.043256139306199613 0
-1.961590682369182 0.050787936492382127 0
-1.8201713194242031 0.04667193114089347 0
6.4246596656978081 0.043065141267718522 0
4.6778143982957188 0.042361578220197323 0
2.1798646399507762 0.041514625460538447 0
2.130309226384731 0.043537459854049783 0
6.480237898503419 0.051437799920531622 0
0.27859741874182092 0.051049254166639767 0
-1.71610476099419 0.041880085720806717 0
-0.21771630374254969 0.049480611760590952 0
0.58505324343270404 0.050919561510566411 0
2.6353189007197919 0.049046004576529467 0
6.6218488714259438 0.047583539597326092 0
-1.4178011918859399 0.043416007820982601 0
0.08087592683753167 0.043352440824618962 0
0.72658435997519655 0.046485665231839501 0
-0.52255166056327207 0.0503292402907322 0
0.48103832510754302 0.041960705082761791 0
-0.019011942649446119 0.039193519790021683 0
0.83083210398003982 0.041787884454935427 0
6.0238125508344371 0.042104657965920507 0
6.7260154261072049 0.042265905195059288 0
2.8795486901457319 0.042396227416756173 0
5.6774391273940257 0.045159578447782553 0
5.9755471828108666 0.043256139306080202 0
4.7272124514522726 0.039954527541857167 0
6.3251823942257621 0.043256139306064541 0
5.0272052372641438 0.041680132786324188 0
9.2899228028442344 0.46710517466957219 0
9.3117367973772929 0.46294061968041722 0
2.4797033874451611 0.042163068726495771 0
13.38428266575732 0.16270800851395681 0
16.852875404546509 0.083542972293970813 0
14.90854313540112 0.072071719774233337 0
-0.075726725767200881 0.095038130743025695 0
9.6437619582563148 0.40625268970484579 0
1.4700305561436671 0.48973911300189821 0
1.4627228210584851 0.48076407894634582 0
-1.470031287340928 0.48971426106418098 0
-1.463893891666495 0.47927193694450898 0
16.77088869293841 0.21896442074520059 0
-2.4076575149414889 0.2436553038536152 0
1.4460504271885231 0.49003515584844759 0
8.9716397711599587 0.043778282405079437 0
-1.446049164482001 0.49002562653268428 0
1.4340005129275959 0.49017732019963572 0
1.427590123347398 0.4777041002810235 0
1.413570931563493 0.47798634204577167 0
1.409869280559626 0.49069339952456431 0
-1.3981079284313269 0.49102357185033041 0
-1.403942983317906 0.47807269881284292 0
-1.422073903889495 0.49043888127932139 0
-1.4293144508960971 0.47819479858757152 0
1.3861200043634749 0.49138415104684813 0
1.392595797013312 0.4782287804100247 0
6.7747133803305468 0.043097110433926708 0
-1.3861202915122921 0.49138742659767531 0
7.7186274212996322 0.3600285662792011 0
1.374133192004293 0.49177151279205561 0
1.350176817049086 0.4926302782263588 0
1.342530746606347 0.48334039297126308 0
1.2544198025060549 0.49767809754464648 0
-1.337916800332571 0.49294277799558911 0
-1.344366400986043 0.47942521348748701 0
-1.3578222111025211 0.47953537623873888 0
-1.330863396948367 0.48065899539377538 0
1.266433359067042 0.49688555193696382 0
1.273446257416283 0.48688979999940168 0
1.2848533057306939 0.48262928409378653 0
-1.2660218302313311 0.4959118084470262 0
1.3142536614150759 0.49430802126318818 0
1.3076734184243479 0.48088523475460021 0
13.51280595974948 0.3393578316678541 0
-1.362367747009205 0.49214476013734509 0
-1.30228049566812 0.49488368325972593 0
-1.3087476977089041 0.4824583294543181 0
-1.218575767127805 0.50045991951319801 0
1.3262265376311759 0.49373012803299859 0
-1.3262252057246049 0.49369706451890633 0
-1.242459376158819 0.49846607492428202 0
-1.2351874888333021 0.48901370957147478 0
1.2903118042015571 0.49553022852718159 0
1.2304449553704191 0.49924653643001649 0
1.2242147361847759 0.48776249390158172 0
1.209321122203076 0.48772782546099619 0
1.2054580329754441 0.50087072249035858 0
1.1916500030716439 0.4920197124590257 0
1.17735820239689 0.48430101120831293 0
13.396669569223871 0.21146136209600039 0
-1.206622916832965 0.50134368282603226 0
13.33561026486143 0.1509824696722937 0
3.3618521372186212 0.47524985514191509 0
-1.158829366865519 0.5048725246072685 0
1.171005438664811 0.5041231481818782 0
1.165951047437302 0.49233351623839089 0
-1.1827037524208679 0.50285895610754605 0
-1.177236224777358 0.49448453665495001 0
1.1469056829415141 0.50603729224679062 0
-1.278344857645662 0.49621284405281341 0
-1.2856333267709299 0.48059177242301582 0
-1.1468879887285479 0.50587855956975647 0
1.0753404759857259 0.51269525157001872 0
1.087255930791452 0.51149279285920157 0
1.0816130369037169 0.5028498818167878 0
-1.087253280197658 0.51149933224890298 0
-1.0802255579248421 0.50163085024714371 0
-1.0396439560581709 0.51675119926493895 0
1.111102142834814 0.50920004111327444 0
-1.0634513666213961 0.51416731257174952 0
-1.123027079836824 0.50806335670038361 0
-1.114676543761641 0.4935154625862479 0
1.0515139827940549 0.51514565433782211 0
1.0575435214462741 0.50477524070937807 0
1.039606657873299 0.51644242796584894 0
3.585776768450359 0.089346976351255158 0
1.134964294474982 0.50709129935193809 0
1.128686711600914 0.49623037706693751 0
3.4015076615248629 0.086662833230131492 0
-1.003953094945315 0.52031714743896229 0
-1.008047060852022 0.51039521572215107 0
-1.0200593657385091 0.50431669374467014 0
1.015799583715342 0.51901372038400428 0
1.020166936656981 0.50529192980296833 0
-1.0277034246786061 0.5177305707775014 0
-1.0991776305839049 0.51033425989431802 0
-0.99201632355691738 0.52171680059321701 0
10.298313572692329 0.46783960008745701 0
0.98011286079525117 0.52307207836781766 0
0.98537802349107695 0.51296354016785328 0
1.0039025829280559 0.52037847215952815 0
13.70644057612521 0.34609692793734131 0
-0.96786714690962672 0.52430815038054246 0
-0.97369715820768665 0.51097748170718593 0
-0.96158543001407681 0.51419121885194574 0
0.93250831991907979 0.52869037363439253 0
0.92583341148691245 0.51738359100510478 0
0.91245895126373944 0.51772291502710055 0
5.9468982448788168 0.085469425475206889 0
-0.9206872165957114 0.53016006142329952 0
0.94444246006468691 0.52729707591654063 0
0.90792323403523956 0.53145749025614442 0
0.89675587226842213 0.52200502845484731 0
0.96821898988452859 0.52445394553254454 0
-0.95633911177462083 0.52589854871363717 0
-0.93244715482891904 0.52856138084633919 0
-0.89693700482871908 0.53310235977014742 0
13.38499748413782 0.48954367968680079 0
13.39034824296211 0.47643635693711262 0
13.40518979516145 0.47766048657716559 0
11.645093379454771 0.48957758836846188 0
11.651010440642651 0.47709971821592118 0
9.9052488613837006 0.48957763976808127 0
9.9124879631873579 0.48033415520697642 0
9.929246716805423 0.4896041862148488 0
8.1654422634508812 0.48952580093278131 0
8.189402198739959 0.48987498047701378 0
12.832927714150269 0.4895389623570135 0
12.82756823674533 0.47712047501808491 0
12.81384535367164 0.47687052419403447 0
6.4256195412269239 0.48954366883877759 0
6.4308344483160713 0.48011155574137981 0
6.445330390238456 0.47769242688933222 0
6.466224641228675 0.45646573740812818 0
2.9582281234582362 0.4893738081326614 0
2.9511606811201232 0.47730119347387417 0
2.9651128287447261 0.47752652872387669 0
2.9338718614339729 0.48958548458345691 0
11.09320200108619 0.48954329983572648 0
11.10084094995908 0.47991856071847488 0
11.113239059121909 0.47654469148173623 0
4.6854165524181983 0.48933977392837008 0
4.6905432029594616 0.47957396650987683 0
4.7028166168555838 0.47722233256844582 0
4.678194751095754 0.47827286423315052 0
4.6737163794919523 0.48960862378441139 0
9.3293600807641397 0.48953910309020071 0
9.3356477508661779 0.47947164183726171 0
9.3497209166925828 0.47475600679845442 0
9.3661079308863435 0.47228775290208852 0
9.380608274455458 0.48023965887181369 0
6.4135708502108866 0.4895657999422407 0
7.6134536686242571 0.48957260511030209 0
7.6072560015214501 0.4773939412545678 0
7.5894558132028402 0.4895729955138749 0
1.793973728913234 0.48960862378432779 0
1.769975873491755 0.48957655997855942 0
1.7644283923175379 0.47242549528037409 0
12.257038692707409 0.48960400085679417 0
8.1535157884736567 0.48914936805544751 0
3.5098797777710642 0.48953872259047621 0
3.5142701829122571 0.47727091618002643 0
3.5284565767964899 0.47797794320780201 0
10.51749131386503 0.48934077460809278 0
10.51020873114828 0.47514601309061799 0
10.49705791764597 0.47800046430630189 0
10.524864358893611 0.47631273489507148 0
9.8932499336728803 0.48957125417406139 0
4.1097529898305014 0.48972150112442608 0
4.1056367462772556 0.4777945252814747 0
5.2497242704922833 0.48953865275909969 0
5.2573619683532931 0.47990030983858678 0
5.2698002930213992 0.47800099170889909 0
5.2615998298742443 0.46336669683702247 0
5.2738141958572928 0.48965888171221411 0
8.753351801145044 0.48959030048057239 0
8.7473523372905415 0.479058636757904 0
8.7772175649330268 0.48904586805167449 0
11.633094451744149 0.48957117027715102 0
2.3939201144504558 0.48957732281303029 0
2.3881382953528232 0.47988788921489001 0
2.3698626585002618 0.48953917691076398 0
2.3633835217170192 0.47633264811494108 0
2.350081020800602 0.47603413652648441 0
7.0134476678916648 0.48954383744063718 0
7.0084163733110687 0.4773868987616024 0
6.9946982143875873 0.47780432488903851 0
7.0035498928454061 0.4593961361572928 0
7.0221943608752166 0.4637414237465276 0
6.989509427665701 0.48960862378455072 0
7.0375051385086369 0.48958081742981557 0
0.87319536663028596 0.53610726112881435 0
0.8793458946384245 0.52243562053779535 0
0.86416325547406392 0.52375256751960453 0
0.88416228750741599 0.50343089751310743 0
0.84933581685695925 0.5118071006711219 0
13.3728897011685 0.48953172409513612 0
13.36753514737152 0.47624971799506027 0
13.354052969208899 0.47655374198109679 0
2.344833151462943 0.48930449400271242 0
2.3320585838681769 0.47715260154982447 0
5.2976606204506007 0.48963484198523188 0
4.0857689216653856 0.48960397853561799 0
10.46919846379309 0.48971759621852862 0
10.464800276576989 0.47498455491616431 0
10.493044826483169 0.48966344340115159 0
3.5578161023926929 0.48963475196595252 0
3.533818246971173 0.48960862378433889 0
5.849611295144852 0.48957761977621428 0
5.8555959199255669 0.47714031515005251 0
5.8256134397233783 0.48972292569831799 0
12.20904298186416 0.48957200817742419 0
12.214410339159709 0.47695943585035783 0
12.23304083728573 0.48957312636248218 0
12.239994625340589 0.4770731908433965 0
1.81769234018508 0.48924450387868468 0
7.5656116293623779 0.48850508578243412 0
9.3053024758420477 0.48957676122828891 0
-0.86132405633286491 0.53758568955184605 0
-0.8850621085775936 0.53457949731331311 0
-0.88907100731441957 0.52319812482023298 0
11.04514699391313 0.48957687429131541 0
11.051395353670721 0.4794174369965884 0
11.069144849334871 0.48960384808304441 0
12.808989367405699 0.48960862378424419 0
12.784991511984289 0.4896565743114033 0
10.529193102346881 0.48960862378533071 0
1.4939977752532621 0.48962624031390578 0
1.4887160301498701 0.476597180882397 0
13.409094342945931 0.48963856512858223 0
13.432933608367611 0.48962919882411982 0
13.43893307222196 0.47904548874213421 0
7.0494417544296688 0.49018213649818959 0
7.0450867381431319 0.47969405435476759 0
11.66909123487666 0.48957269444464752 0
9.9533036638530668 0.48954102476357902 0
9.9585106680706232 0.48014846418348012 0
9.9714414376884495 0.4781231134817634 0
1.8299705120454659 0.48960862378432779 0
1.837003685729069 0.47884588787370141 0
1.849495101652407 0.47691059891527221 0
12.856985078249471 0.48957606891900129 0
12.85001742763872 0.47760909841542981 0
6.4495576806823207 0.48960862378449788 0
6.4733033223447389 0.48931850836812563 0
6.4782806360613234 0.47456729651550889 0
-1.4820238297931521 0.48966363372197819 0
11.11827142008509 0.48938759837549861 0
11.12981959271182 0.47840504760778768 0
9.2933035481312203 0.48962898848516451 0
4.7337110180456037 0.48962847909537183 0
4.7397104819009543 0.4790410788171679 0
4.7096233991012451 0.4896184615388029 0
4.6497185240704173 0.48965750797087459 0
9.3532981866858886 0.48960862378503212 0
2.9698686445662061 0.48960862378437209 0
6.3895039713460102 0.48953573550511059 0
6.3842995134649767 0.48005550225989913 0
6.3703928155319378 0.47765819338962978 0
7.6374515240458054 0.4895756555991394 0
12.772992584273871 0.48964539208064572 0
1.74597801807026 0.48960379792794823 0
5.8976070059878412 0.48957550379294962 0
5.8913472156154718 0.47960627028246572 0
5.8736091505663568 0.48959923515499681 0
3.4858225361282078 0.48957520648761049 0
3.4930642378516188 0.4803424152022473 0
9.8691930120719764 0.48953532016194662 0
9.8638366467082736 0.47751242424784701 0
9.8483062764697529 0.47614931928097948 0
9.8543260051845163 0.46282043804098932 0
4.1337273503464811 0.48968875796553191 0
4.1388629448930256 0.47870095636196719 0
4.1547390771571209 0.47720156161889121 0
4.144642692059084 0.46234251322843939 0
4.1586743316522314 0.48952860706940621 0
4.1698482508008547 0.48095045069759779 0
5.2253123935306727 0.48937360717137968 0
5.2299721398199184 0.48001889352355359 0
5.2180539382947462 0.47833031473466492 0
2.4179179698719491 0.48957820925546242 0
0.86132769446110047 0.53762253919554315 0
6.9655115722440497 0.48960862378432352 0
6.9701453316788671 0.47513688289389688 0
13.3489411143927 0.48960862378444342 0
8.7053560903020575 0.48960371939705322 0
8.7293539457234317 0.48957172584314562 0
8.7227019874374641 0.47704211552040099 0
10.445200608371399 0.48960399759726858 0
12.185045126442279 0.48957437430090611 0
12.86898400596006 0.48959738086121513 0
-1.805369330882304 0.48961758916242942 0
-2.9790027946825002 0.48956209243603338 0
-2.985220375480897 0.47620766976837731 0
-2.9983086730495629 0.47746305704064668 0
-2.9549950471430479 0.48966906934769022 0
-2.847501398683121 0.48936939428930443 0
-2.8400132320014668 0.47993571794726109 0
-2.8260508589463988 0.47606638034761162 0
-2.852685940811126 0.47424261926688399 0
-2.8229657772056198 0.48949853793964349 0
-2.2364789744808431 0.48959432854537638 0
-2.242542797934028 0.47998348844427458 0
-2.260429510236301 0.48962911380077973 0
-2.4999348677910751 0.48958843004495672 0
-3.2783272798402838 0.48967076494610973 0
-1.5059781916615951 0.48959488291635889 0
-1.5001636449971021 0.47493458817863882 0
-2.1289852907702369 0.48936954667557298 0
-2.121601277396401 0.47630981539629969 0
-2.1073936931960162 0.47713236992034053 0
-2.135829633988962 0.47739817967408371 0
-2.0691659084908611 0.48940058836934891 0
-2.0634425250498021 0.47596368059469041 0
-2.0784387006355849 0.4768000688686525 0
-3.2424014762072351 0.48959427995364913 0
-0.81380574669505612 0.54366094509624685 0
-0.80720120155092367 0.53151072511298691 0
-0.7929935061790252 0.5322308377810574 0
-2.5598677825813811 0.48956150230386419 0
-2.5642799062086721 0.47617785551779401 0
-2.5800051911445752 0.47389097353750698 0
-2.5934346986873149 0.46090100930417482 0
-2.6117326246862911 0.47360544888521899 0
-2.1766593296979631 0.48956291988896639 0
-2.181691244122844 0.4771479188522032 0
-2.1956412860849319 0.47718820550583307 0
-2.2005531708476371 0.48962911380077839 0
-2.78762562862337 0.48936796144375527 0
-2.7812642830884449 0.47909273499189697 0
-2.7672562223134212 0.47468218017108499 0
-2.795335117449206 0.47510697185588141 0
0.83759574645366053 0.54065280189890652 0
0.84069741058437586 0.52845128049345236 0
-7.2528661960195437 0.085916788359700347 0
-3.0149279714978552 0.48987708064671898 0
-3.020550864826292 0.47768127575611469 0
-3.0348713471402369 0.47810095918336032 0
-3.0088727263595691 0.46687117960555591 0
-1.841295134515518 0.48962402687458839 0
-1.7458341322831441 0.48939955751350328 0
-1.741176312178023 0.47999588828053119 0
-1.7535274701696539 0.47809544869562243 0
-1.7438719318873399 0.46312059208695588 0
-2.895118707754671 0.48966732901659499 0
-3.4819068337607408 0.48962911380080992 0
-3.4749328959646739 0.4776779955486371 0
-3.4618179786773049 0.47779034538484161 0
-0.78913814739306987 0.54651987489190434 0
-0.77768625653789658 0.53734364771613841 0
12.26903762041837 0.48957457725653342 0
12.27419668012619 0.47701809013278568 0
12.29303547583992 0.48956693722458761 0
12.30032944136304 0.4769846029382695 0
0.82573118684093472 0.54217833392786341 0
0.80164833210727127 0.54507971985306991 0
0.80676216466674566 0.5305842052392522 0
0.79210011714092854 0.53296412314672914 0
-2.2960705051687231 0.48936688105335968 0
-2.3029814864247329 0.47733933352754082 0
-2.316376663072619 0.47793267852825772 0
-2.2891536707568529 0.47751698378959329 0
-2.296373567730559 0.46362718644062628 0
-2.3204515055146708 0.48966591683612393 0
-2.464009064157878 0.48962402656456061 0
0.76643817383592661 0.54990394484700256 0
8.8133464396986501 0.4895152984632703 0
8.8193459035539892 0.4790259722225006 0
8.7891944773712964 0.48847200467251939 0
-0.82571802017602836 0.54213910840356916 0
-0.82946357934449688 0.52922393360765851 0
-3.3379185207087758 0.48936623922659489 0
-3.343057079193374 0.47889959192041698 0
-3.3576326069938158 0.47446094660388882 0
-3.330745539766057 0.47702910008972071 0
-2.164636816315396 0.48962584215793159 0
13.45661570902778 0.48829206424030719 0
-1.5782454810740669 0.48840032649260579 0
-1.6017897769607521 0.48962911380076762 0
-2.0092340681652292 0.48936605272923939 0
-2.0017578265554601 0.47972140153849818 0
-1.9894578452235441 0.47791169849195902 0
-2.0152464870782292 0.47419064652281639 0
-1.9970373611571901 0.46194498565478392 0
-1.984998349048378 0.48962911380077362 0
-3.1585746010635418 0.48962911380081853 0
-3.1828670050960288 0.4893980765410052 0
-3.178172244629268 0.47943899385470679 0
-3.1897625995375471 0.47709088246686382 0
-0.84945981834309547 0.53912419169889669 0
0.79003413093017627 0.5467716132117677 0
2.3101401722718671 0.48963242983570232 0
11.71744133253064 0.48937188303715828 0
11.70963876978583 0.47725619998210439 0
11.72419628476043 0.47765497280488212 0
11.69308909029837 0.48959879885481561 0
8.6932980626442884 0.48953627711430259 0
8.6856531947851359 0.47991518576649428 0
8.6737349304413343 0.4779208499289157 0
5.3096595481613509 0.48958528819037189 0
5.3034438992884159 0.477298232987524 0
-2.6193596652443039 0.48864962373110882 0
4.0737699939546852 0.48957389325047251 0
4.0497721385332186 0.48959761926101192 0
9.9780549006690613 0.48964908470868013 0
9.9872165300099649 0.48073545085486202 0
-2.1406768314589359 0.48962911380075069 0
-2.7035144217118749 0.48962341832565898 0
-2.7274649574672361 0.48959129683452968 0
-2.72147732352839 0.47906549848096652 0
10.4332016806606 0.48960164144307461 0
3.5698150301034359 0.48958516705864508 0
5.8136145120126574 0.48970811858159091 0
5.8084599533439603 0.4783213286382651 0
5.7896166565911731 0.48959754489103308 0
8.2377523042838554 0.48937149141646902 0
8.2315491314891975 0.47362229114528298 0
8.2458179584893028 0.47762524778169041 0
8.2134000541620136 0.48960862378472852 0
-3.0744618419866812 0.4893645296393293 0
-3.081939685552177 0.47971952314079652 0
-3.0942543225819259 0.47761367455764958 0
-3.0685117505915351 0.47547980753233438 0
-3.0834730161757919 0.4652051197597773 0
7.5535505012498021 0.48893672754416961 0
7.5294611746490929 0.48956507190809267 0
7.5222159504706534 0.48052130837229728 0
6.4975533915251278 0.48960340393819551 0
-1.901171473904204 0.48959072361426298 0
-1.6855599324477379 0.48955884248172871 0
-1.681083491989066 0.47803125558409248 0
-1.6669785939141151 0.47798409554120869 0
2.8863027006600359 0.48870967045983321 0
2.909874006012465 0.4896771126876952 0
-2.8599013784561271 0.48816403613852449 0
-3.4459243011623641 0.48987304680648142 0
-3.4399841755215221 0.47714016730386088 0
-3.4263815048528738 0.47736132267241982 0
-3.4501091346767252 0.46679435876899927 0
-0.7545836232131955 0.5514579724071903 0
-0.75985539755782583 0.53635687736264803 0
-0.74450933625850957 0.53771742177739812 0
-0.72685965422173826 0.52772579012184184 0
9.2693056927095547 0.48957133789114538 0
4.757708873467128 0.48960337268188647 0
13.2903934875012 0.086863485183692316 0
4.625366240069221 0.48937095034501049 0
4.6329078533008623 0.47610930203301682 0
4.6170450508076879 0.47514198553043868 0
4.6019543503609066 0.46054262988329542 0
11.033148066202299 0.48959780216622523 0
2.993866499987706 0.48960862378428349 0
2.9876734469451698 0.4769356945850044 0
3.0178643554091682 0.48957212690789298 0
3.0115213001812209 0.47641554798949592 0
-2.94301977926539 0.48964269173082658 0
-2.356231653258217 0.48959001830819537 0
-2.361508561748892 0.47724571376456099 0
6.3645906136219574 0.48957134748894809 0
6.3544819394591459 0.47717030709687408 0
6.3416839070472646 0.46012469802182931 0
-2.4044759623453631 0.48939550917116442 0
-2.399075782330792 0.47647001680774498 0
-2.4131274929183162 0.4769607288928302 0
-2.3801821890137078 0.48961766322901862 0
8.1294075601863405 0.48956909949100008 0
8.1236818772446266 0.47906022962696099 0
8.1054097047646856 0.48960329172344808 0
-3.3977363220299299 0.48944704913561887 0
-3.4044038769110609 0.47805471372054581 0
-3.389415712004316 0.47705613316263368 0
-3.397674768298887 0.46006812356644039 0
-3.4220304943723541 0.48962911380082341 0
9.843983727703737 0.48931978071385862 0
9.8340333562012532 0.47946960248226822 0
-2.224503706603147 0.48962911380081942 0
-2.2178433810908178 0.47732448483637768 0
0.75451842134142022 0.55139766251791367 0
0.74591188864569147 0.53936833014249919 0
0.73208500584636671 0.54095286289002731 0
0.71488975632925333 0.53107739410183996 0
-1.661666116349453 0.48962911380075208 0
-1.6373718374466999 0.48944684609120109 0
-1.6444360790151269 0.47804228885024352 0
-1.6305936631080911 0.47681895417410258 0
-1.9251220096596811 0.48961766747669888 0
-1.9490725454151501 0.48962911380076601 0
-3.1229926488319362 0.48944664060301701 0
-3.116357047100935 0.47743289250407378 0
-3.129903663523891 0.4780826640009706 0
-3.1064222420541299 0.46215164046798729 0
-3.108612849259603 0.43227671176453619 0
-3.0986982616751519 0.48962911380085189 0
11.5850987409006 0.48957098422916162 0
11.609096596322299 0.48959837366001641 0
13.46893039149972 0.48960862378506759 0
0.73057796057496804 0.55448597562103108 0
13.32458868106235 0.48942381533670659 0
13.331616918423389 0.4766007779657162 0
13.31776889069913 0.47724671268986879 0
-2.6795638859565218 0.48971490577969168 0
-1.5299379645606721 0.48959408127720577 0
-2.6436380823235028 0.48958854180975331 0
-2.6483873686178629 0.48062691387862189 0
-0.74272917880671563 0.55300987457768092 0
10.6815473611919 0.073997467514037379 0
-2.5478453685355809 0.48961191902956791 0
-1.961047813292887 0.48962911380076102 0
-2.7993165647332621 0.489629113800851 0
-3.3621541549840051 0.48962911380084911 0
0.68377569878502342 0.56047257214639989 0
0.67557088367837892 0.5522277171817892 0
0.68601027897653044 0.54605659553470931 0
0.69577961209782235 0.55771490761762865 0
7.6494504517564694 0.48959717906190608 0
0.71778987721936516 0.55583250080260782 0
-0.71846606207788588 0.5547629672028731 0
-0.72382976434001756 0.54454958763940131 0
1.7339200132679651 0.48953729695916759 0
1.728813174776475 0.47462508421254418 0
1.712790999382517 0.47399659176562609 0
1.709981234938031 0.48960862378432352 0
12.31703333126173 0.48960295087065803 0
-0.706837762697482 0.55684624563299168 0
-2.440058528402385 0.48964774263857158 0
-2.4456418193678342 0.4738755777802986 0
-2.4163928882069952 0.48960179085976319 0
-1.829319866637783 0.48958382223254238 0
-1.822083948005143 0.48070770603436608 0
-1.7575718614089839 0.48965687260674501 0
8.0933514781761744 0.48953148915318268 0
8.0874955433174129 0.47615264061345219 0
8.0727786342695964 0.4761149820206152 0
5.9096059336985771 0.48959710786414201 0
5.9336037891200526 0.48956232909590047 0
5.9276181525085292 0.47689643355323391 0
-2.3442563853804761 0.4896291138007845 0
-2.7360073527832158 0.23968743896874689 0
3.4738236084174212 0.48960862378433462 0
10.5774597332861 0.48849784625122389 0
10.55319095776898 0.48960862378456871 0
10.54719149391361 0.47903809497082089 0
-0.68350066973304557 0.56101850799581987 0
4.1937592710620839 0.48960862378440678 0
4.1862469636370729 0.47759910737892741 0
-0.64795707495398258 0.56525571504820848 0
-0.65203219274027935 0.55195440991727318 0
-0.6662384828374579 0.55136571410045043 0
5.1896702710539886 0.48960862378437381 0
5.2136681264753966 0.48960862378433778 0
8.83734429512036 0.48960286709115081 0
-2.8910781176918761 0.24430271471953899 0
11.57309981318989 0.48955904813741569 0
2.429916897582689 0.48956743686241899 0
2.423704279455539 0.47719312118484092 0
-0.67172077214828096 0.56230054966506859 0
6.9535126445333324 0.4896083900577376 0
0.65978220125086806 0.56396860269512028 0
7.0974997770623549 0.48960282397057497 0
7.0730657391130567 0.49021847392407297 0
7.0760087390293851 0.47934674609928302 0
-1.7215424557381389 0.48958745647152579 0
-1.6975824667064709 0.48961191147352312 0
-1.865245670270993 0.48958893655697788 0
-1.889196206026468 0.48957905476188512 0
-1.8831665577230701 0.47715070748576621 0
13.31294433125988 0.48960862378342163 0
2.2859297650537651 0.48967877681769029 0
-3.369055234069751 0.22084889178850989 0
-3.0389250290040648 0.48965068968556402 0
-3.0627724580420699 0.48962911380088547 0
5.3336574035828637 0.48957058015019472 0
5.3396568674383289 0.47902337017668611 0
5.3576552590043569 0.48960278002750618 0
4.0254190315529943 0.48936662984840679 0
4.0318478867302394 0.47912004529677032 0
4.0205931418370247 0.47673581461721659 0
-3.0555624832658168 0.25114788252845188 0
10.40920382523896 0.48956072452191568 0
3.6178107409464091 0.48960273526091208 0
3.593812885524911 0.48957031534725132 0
3.5998123493802741 0.47902203268934751 0
-2.371667275178067 0.20872659117953021 0
5.7652634611572502 0.48936629650240349 0
5.7723834014669606 0.47693800642727119 0
5.7552137536920283 0.47570097397493022 0
-2.7633907611002519 0.48962911380082053 0
-2.739440225344921 0.48962911380084928 0
12.17304619873136 0.48961198072393503 0
0.64793659409372251 0.56552119850297289 0
1.8779662228884479 0.4896086237843279 0
1.8713059205636411 0.47737647301938002 0
1.8539683674669729 0.48960862378434222 0
-2.02092415268157 0.4896291138007669 0
-2.5837617429350712 0.48962911380080282 0
-2.6077122786904372 0.4896291138008122 0
7.5055040955160726 0.48865584985810362 0
-2.2669507492382879 0.47707455066400423 0
0.62420094911276769 0.56831605859216261 0
9.2453078372877755 0.4895667615636039 0
9.2519041278631331 0.47686254207320089 0
-3.2184509404518762 0.48962911380083751 0
-3.2124633065130701 0.47906650664017669 0
-3.194500404696583 0.48962911380087459 0
10.98515235535903 0.48956643423005303 0
10.99221411360411 0.47750453254470632 0
11.00915021078054 0.48956583652240471 0
11.01572019103201 0.47668634794233161 0
-0.61198205052726717 0.56965383051297813 0
-0.6177513639847817 0.55874191383278038 0
-0.60349629834970941 0.55640302037311629 0
-0.63606684743465702 0.56682334915697352 0
-2.0448746884370408 0.48962911380077251 0
-2.038886290605574 0.47805232878198312 0
-1.5419134033831361 0.48958557650825052 0
-1.546897096790536 0.4770570069496694 0
-1.5658639733275419 0.48962911380078189 0
12.724700231089029 0.4893314738869517 0
12.72980477771347 0.47963322656882362 0
12.74394618830248 0.47789279554833208 0
12.71686298997027 0.47800788563677982 0
12.748994728851329 0.48960862378468029 0
-3.3262283513509461 0.48962911380084467 0
-3.302277815595632 0.4896291138008747 0
-3.3082548680897701 0.47674197355059411 0
12.329032258972241 0.48956168938715749 0
12.33503172282586 0.47898330849757009 0
-0.60050091267830763 0.57132798491160197 0
-2.4759843320356061 0.48958362568123559 0
13.491352686363999 0.49098499719059441 0
13.489182960385181 0.47749543116263787 0
13.50454553575196 0.46422291096017648 0
-2.284380045991774 0.48962911380077578 0
7.1094987047730216 0.48956050404044599 0
7.1152771162928978 0.47995313455175992 0
-3.4578029903933469 0.48965567052208769 0
11.72908587343098 0.48960862378439768 0
11.753083728851809 0.48960862378549708 0
11.748199993983549 0.47452625512698637 0
-0.56529096412466184 0.57552721602293833 0
-0.5570759553261031 0.56120786861555738 0
-0.57152950740288966 0.56333267999186643 0
-0.5370241748640453 0.5727407148190613 0
-0.57694318582767612 0.57427914286518467 0
4.0138525339046351 0.4895331186801225 0
0.55275907643957223 0.57690624515491096 0
0.5566379685326529 0.56674426605658412 0
0.54420754011313843 0.56613787767125223 0
0.55354609171186442 0.55109003840789672 0
0.57162755037418267 0.55973993435535008 0
0.58973730574778305 0.55281585719612392 0
0.54122213242409445 0.57855445967593067 0
0.57679173714479837 0.57426055796919462 0
0.58870162788865654 0.57326019510697324 0
-1.781418795126827 0.48987064579483491 0
-1.7869907262564511 0.47605854244223228 0
5.7528263861864737 0.48930660102956308 0
8.2493968372938848 0.48960862378407288 0
8.2731197914710233 0.48938007225370728 0
8.2776669160627172 0.47615815862246003 0
-3.0028961186537231 0.48962911380087698 0
12.892981861381701 0.48956366879442281 0
12.91697971680378 0.48956396344862058 0
12.910734422843211 0.47734746398277073 0
6.5096115586867249 0.4895326679420916 0
6.5155517830909613 0.47900558856181469 0
6.5300215065821918 0.47727270608503869 0
0.6123531882205131 0.5698275806374401 0
0.61753573076293211 0.55642310297755826 0
2.8738772228802412 0.48960862378437381 0
2.8678777590249411 0.47900481091088909 0
2.8550513780971492 0.47619044702401281 0
2.8498793674587768 0.48960862378439068 0
11.17713519873238 0.48956359728136278 0
11.15313734331095 0.48960862378418979 0
11.147952344346599 0.47693103552653421 0
9.2332492091288998 0.48951914240417338 0
9.2278647939755416 0.47687893967790013 0
9.2137213466708445 0.47606627750518771 0
4.7697078011778347 0.48956585883117693 0
4.7754726909529763 0.47682647649787191 0
0.5171357164876228 0.58119724331883749 0
0.52231451594512501 0.5685639142200154 0
0.50889793826361707 0.57010828600620755 0
0.53431239644210127 0.55223871207735475 0
0.50564173572912663 0.58270364745374592 0
-3.3861046907393439 0.48962911380088581 0
4.6137217409381792 0.48960862378445957 0
9.4372314395897927 0.48952974981487257 0
9.430983600189915 0.47655056492738618 0
9.4171596105234983 0.47801021450660058 0
9.4131848786809762 0.48963034774685271 0
-1.62574031271625 0.48962911380075558 0
10.973153427648221 0.48959366431255341 0
3.0298632831199201 0.4895956053442026 0
-2.523885403546513 0.48958430544982562 0
-2.5294706238396731 0.47885455774467611 0
-3.134624065308119 0.48962911380092489 0
7.6734483071780142 0.4895626722770412 0
7.6666804675740341 0.47763783149753142 0
7.6974461625995829 0.48968753981141849 0
1.6858231128994949 0.48775286077068147 0
-0.50563975864856703 0.5827057085594326 0
8.0692313409423662 0.4895346168082817 0
5.9576016445416311 0.48960862378432268 0
5.951636032726797 0.47795617402406132 0
3.4258871927716119 0.48952922890437678 0
3.4306192938522768 0.4759673471450237 0
3.4459609162379441 0.47800954846055133 0
3.4499337981802398 0.48964306248033762 0
9.8094707109261456 0.48964369241001632 0
-3.254376744084901 0.48958237616528338 0
-3.2485037359090141 0.47756236962204179 0
4.2177571264836313 0.48970696681501191 0
-2.6675886180788519 0.48972392161895367 0
-2.0814615798706861 0.48949515381855602 0
-2.1041368849725952 0.48955099534134627 0
5.1656724156324154 0.48956234190346443 0
5.1714605960189974 0.47974441767127091 0
2.4779126084649392 0.48960795266357948 0
2.4539147530097991 0.48956827095228728 0
2.4469199284638998 0.47741913011914872 0
6.9295147891118853 0.48960196504791581 0
6.9055169336903166 0.48956156221570601 0
8.6693593071696498 0.48960862378434611 0
8.6453614517481991 0.48960862378425019 0
0.4815452467018726 0.58523383402819462 0
0.48638223339661679 0.57173701938916599 0
0.47242678392340348 0.57297049214731666 0
10.385205969817219 0.48956070793904449 0
10.391865754369009 0.47752067973307682 0
-4.9664778898864714 0.088366490286048302 0
-4.8443652198526346 0.18535851125863531 0
-0.46967295353164451 0.58648439534306607 0
-0.47325201121602251 0.576655242469024 0
-0.46124410207980349 0.5758767435012373 0
-0.49377843779376629 0.58405168261045415 0
12.14904834331 0.4896940594038946 0
12.124677000505219 0.49006574448873591 0
-0.42256808338219393 0.59165026392705822 0
-0.41489054434061712 0.58009948375907705 0
-0.43443896646613323 0.59048122851443141 0
0.40995461078966899 0.59177645001840085 0
0.43438694827311058 0.58915981192461842 0
0.46993732428912699 0.58664436898082595 0
-0.45818104259028752 0.58797193424783689 0
-0.39881778728790979 0.59405520733035877 0
-0.38693975463250802 0.59515423325876748 0
-0.37891295720271662 0.58671825284852164 0
-2.9190692435100449 0.48959298327287171 0
7.7094450903102274 0.48973698144495459 0
0.37456361712222158 0.59435046307251371 0
0.36304248450634191 0.59694223574260219 0
1.673916311237333 0.48894079609892332 0
0.39851263286805311 0.59365111330735054 0
12.35303011439388 0.48959333221697487 0
0.4462210803942579 0.58751003699121285 0
5.9696005722523013 0.48962805057952957 0
10.5895038143462 0.48835585369190898 0
-2.881895297387294 0.48909326425320582 0
-0.36317818191723378 0.59740344971599368 0
22.70203366287063 0.17996723916656171 0
5.153673487921651 0.48960076903789501 0
8.873341078252631 0.48964237341066652 0
8.8493432228309565 0.48956280428730259 0
8.8562458248959217 0.47410239282920369 0
2.4899717297956911 0.48951935176571842 0
2.4964184341775151 0.47851722252190598 0
2.509059452525134 0.47632194158883068 0
6.8934577931836731 0.48951155149098952 0
6.8874138716261912 0.47652610888145058 0
6.8732258469886576 0.47703076367502628 0
0.33903373567713618 0.59928565064941153 0
0.34282865295755599 0.58929781233086742 0
0.33085950840129091 0.58824045771555666 0
0.32752090828266989 0.60050024117959788 0
2.273930837343018 0.48957549436018671 0
11.777081584274161 0.48955726923501253 0
11.771082120418811 0.47895621384890069 0
-0.35129411899749802 0.59846444526678721 0
8.633362524037608 0.48955275646536422 0
8.6278754838641536 0.47720012194129291 0
5.369713786961464 0.48952647142106442 0
5.373460022482762 0.47559340131367811 0
5.3884854441256316 0.47421360412699531 0
5.4029961553262824 0.46274474998353038 0
5.39365204213646 0.48960862378452519 0
10.037237066203179 0.48955680017490938 0
10.01190810799628 0.48917423392436171 0
1.1083986172478011 0.38421701187301621 0
3.629869296836822 0.48952605229801371 0
3.633489901813757 0.47593151264500111 0
3.6483679964259288 0.47440652874162548 0
3.662636125503119 0.46352747351756352 0
3.653807524078601 0.48960862378434661 0
-0.32752945356921698 0.6006635507667637 0
-0.33181378488939889 0.58906063602631287 0
5.7301870648841842 0.48846401691371399 0
5.7227609209122674 0.47842476827707509 0
5.7090339148277076 0.47858499827411488 0
5.7172453187797689 0.46277102278297899 0
5.6907404703673166 0.47273931471246589 0
8.297392548136731 0.48960127325588249 0
1.889965150599195 0.48960827440480298 0
1.9140233439992309 0.4895183354072361 0
1.919648640577551 0.48045477831497307 0
1.9315411348076439 0.47442132687102329 0
0.88047871412151146 0.044138666973494722 0
7.493487672439489 0.48906673124245742 0
7.4694061778209218 0.48951732447071228 0
7.4630577110272256 0.47607229193903788 0
7.443670140390064 0.47840836184103691 0
7.4292031002912484 0.46845029741411331 0
6.5575480300788183 0.48960862378432418 0
6.5514451936022384 0.47786590309352728 0
6.5337905005490411 0.48961249084896757 0
2.82588151203726 0.48994268392355789 0
9.2093110541555614 0.48960862378424519 0
4.793705656599359 0.48955377960259261 0
4.7986742663886019 0.47726166236168011 0
4.817703512020862 0.48955225543283643 0
0.30336855940731 0.60225654320003219 0
0.30902377226715377 0.59007049042256032 0
0.29557731529013048 0.59099928665485479 0
0.31777742243755353 0.57526557851782889 0
4.5657857991717554 0.48952158488651759 0
4.5709818507816982 0.48044749128607162 0
4.5840511055997872 0.47452742291932809 0
4.5897238855166522 0.48960862378450071 0
10.949155572226431 0.48954606934609779 0
10.95505146537289 0.47995444662227038 0
3.077858993962904 0.48976132523046462 0
3.0538611385414209 0.48955539097739431 0
3.0478616746860849 0.47898529294334569 0
-0.31565264016028383 0.60169062030271125 0
-0.29122035760049442 0.60220903558605932 0
-0.29685708340779721 0.59097459061671853 0
6.3056303519086754 0.48952110658543962 0
6.3108265512136299 0.48046365066122049 0
6.32369441139641 0.47427786576611092 0
6.3308337889936128 0.48802855388271088 0
-0.24425348362490309 0.6066534775953828 0
-0.25615135444527432 0.6058987976203889 0
-0.20888517632694151 0.60852957926710149 0
-0.20322507539099721 0.59851836023932359 0
-0.2159608116259967 0.59690717994860132 0
-0.2205552574021675 0.60814605659846555 0
12.712892474823679 0.48962865786588322 0
10.770159426046391 0.043033892987891807 0
0.19487674450079739 0.60548918965184217 0
0.25615409197502331 0.60587202816034569 0
0.23204029110289681 0.60584683326344235 0
0.29184591101179108 0.60332831926647768 0
0.2189406494803009 0.60617691050677247 0
8.045452694679657 0.48851330745166383 0
-0.27958936386894578 0.60363361460677734 0
0.1832209913701589 0.61127384775759452 0
0.179551025718517 0.59967594572545169 0
0.16434820405673359 0.59828029165141139 0
-0.18472404710218851 0.61004564879464329 0
0.15980017077257661 0.61100445765852052 0
0.14745456991891981 0.60117050026650776 0
-0.172816853445726 0.61057060158531884 0
9.7852595842752894 0.48955380228357809 0
9.7925144290324653 0.48089988280015628 0
0.26775578731804112 0.60560053752839527 0
0.27061779591012591 0.59144683968377842 0
0.26626954582554629 0.56818374820786499 0
-0.14898518068924779 0.61170906241209133 0
0.12536571822324449 0.61258437538503274 0
11.5491019577681 0.48959424355253961 0
11.524742950377419 0.48935039810428899 0
11.52938734713244 0.47981781900824411 0
11.51748835521459 0.47818513407134772 0
-0.13708036935166459 0.61215209284262029 0
-0.1132446961323792 0.61321180025033983 0
0.1132419084972895 0.61292477600978579 0
0.103993640257906 0.60075337882736979 0
13.26494862041719 0.48978741240254448 0
13.288946475838269 0.48960862378489661 0
13.294945939693759 0.47897657832503637 0
11.789080511984791 0.4895395678098427 0
11.79430712576942 0.47756201425197919 0
0.089405972493969615 0.61358417971967927 0
-0.07753548442884356 0.61377544293062214 0
-0.084909726202914093 0.60424146667039125 0
-0.09668148838174076 0.60216304170037382 0
-0.10132426007311129 0.6132738224992752 0
0.077491517542587166 0.61380814812393725 0
0.071485430603664232 0.5993810045697513 0
0.053646387129388483 0.61428485312638081 0
-0.065580249097582366 0.61405621236232133 0
-0.041361074188194083 0.61419721504256009 0
-0.045857309660705642 0.60476711692109508 0
-0.034019110991173593 0.60283425023096093 0
-0.044908418170443228 0.59107839134032125 0
-0.02980418393999873 0.61455822321975195 0
12.95297649993592 0.48955155277996748 0
12.92897864451434 0.48959273080461069 0
6.5699929050810839 0.48925057333885019 0
6.5753245150961046 0.47482352591610871 0
11.51835659391881 0.044682179097937147 0
0.041673984287872369 0.61436053357314679 0
0.035204891043007232 0.59782746608067117 0
0.02241033251061568 0.6033494242613896 0
11.21313198186475 0.48955105118226738 0
11.20841456665649 0.47336240953890102 0
11.22626545307657 0.46719462671908529 0
11.246082666945339 0.4746903468743473 0
11.264632481004311 0.46847205581519757 0
11.27109282827008 0.4407885092912554 0
11.18913412644314 0.48959259345054662 0
0.017882589474708149 0.6146363334715067 0
-0.0059608722160639834 0.61467547364440456 0
-0.011946244284251799 0.60259696947561026 0
-0.023446082144928292 0.58815353732470543 0
-0.0016080739912370859 0.58713588775015835 0
9.4492797348601201 0.48954220634106199 0
9.4732874637936604 0.48960041575074792 0
3.0898579216736421 0.48982902865831901 0
6.2935815877350203 0.48958372287138208 0
-0.15913371329311249 0.47585845946287009 0
12.37739092550575 0.4893461814056943 0
12.37059521161572 0.4762702229631397 0
12.385515924254721 0.4755875769436444 0
12.397430214658449 0.46458895009104467 0
5.993598427673775 0.48953958512612789 0
5.9875989638185896 0.47891748068435319 0
3.3898311144422522 0.48957683761995191 0
3.3970964042680829 0.48065928932680069 0
3.4138388523965841 0.48958620587469209 0
10.613185596323159 0.48955151094829957 0
10.60590918832656 0.48036882205745612 0
10.63718345174472 0.48954928091284022 0
10.63280088911195 0.47647436195741139 0
9.7732606565645117 0.48958898450081872 0
15.89812408819931 0.1954464954316999 0
4.229756054194362 0.48977085728834618 0
5.1296756325001986 0.48954337967685052 0
5.123343078948869 0.47606952698144828 0
8.8973389336741491 0.48955661866176042 0
11.51310517463599 0.4896086237839436 0
7.1574944156160676 0.48954832048779379 0
7.1524487273088768 0.47716816379208238 0
7.1334965601945033 0.48959292651585168 0
-1.8582425148854169 0.47735059046126099 0
13.25179000926269 0.48916416850859989 0
2.2259351265000271 0.48954797850171711 0
2.230629863869205 0.47713756442310951 0
2.2499329819215279 0.48954865327102992 0
2.255932445776879 0.47895630651118309 0
5.4176498975580873 0.48960214390468437 0
5.4129701989932943 0.47728877962907462 0
-2.3358796306229528 0.17402236584944841 0
3.98977749997947 0.48965318605998742 0
3.965779644557998 0.48954741046622208 0
3.9702282515258349 0.47681568820033549 0
-2.5410791768716892 0.25013506207458619 0
10.373207042106459 0.48954428181142529 0
10.34920918668471 0.48953396525406662 0
3.677805379500112 0.48960163049591332 0
3.6729225006804218 0.47753236309199459 0
5.7062337337447531 0.49151005299803269 0
12.089053704755861 0.48960862378406578 0
12.09581478387523 0.47680201912190667 0
12.112615824897331 0.49069718069945012 0
1.93868486743957 0.48903627061501159 0
1.949509441294597 0.4806240288599648 0
7.4450365426877356 0.49147462125699892 0
9.1866542858977436 0.48917313949345498 0
10.925157716804801 0.48954526586652902 0
12.66469718188603 0.48930599083058868 0
12.672236136170071 0.47958124635693039 0
12.68518302547059 0.47799043910841832 0
12.658572825181841 0.47479354008806629 0
12.68911055348102 0.48963026826611639 0
10.649182379455461 0.4895873347510909 0
8.9093378613849055 0.48954399220141798 0
8.90285638142708 0.47648148710220722 0
4.2121962388323766 0.47834993981904278 0
5.4296488252688038 0.48953582132454387 0
10.049296695147991 0.48950492980018878 0
10.055163276900389 0.48037199188283231 0
10.066758260779039 0.4741607051171795 0
-7.4526577453999892 0.085363627086411736 0
5.6944497033230226 0.48920679962057811 0
8.3093914758473115 0.48954638746396711 0
8.3158945884902362 0.47728926812218431 0
8.33338933126889 0.48958793183615401 0
3.6282056408814438 0.046801436925307423 0
12.97697435535734 0.48972189405630789 0
7.434097883893994 0.48989964409622577 0
2.789945710800287 0.48950861593154721 0
2.7947674713168329 0.4775967772381009 0
2.8090490060563789 0.47803143007401938 0
2.8027637825140368 0.45973139033698512 0
2.8138825843265072 0.48960862378433478 0
11.23762206492048 0.48885402926797422 0
9.1735377855501667 0.48946184887266608 0
9.1681944277679008 0.47420358340841728 0
4.8537002951530734 0.48954017586266879 0
4.8488991016821803 0.47719318751278 0
4.8297024397315909 0.48953995434146791 0
4.5537370638972483 0.48958389523866708 0
9.4972853192155284 0.48960733757289743 0
6.269573765020942 0.48953940437176852 0
6.2771308303844791 0.47705909008205982 0
7.7578094345698956 0.48933353536068652 0
7.7531899566752074 0.47989051850025161 0
7.7656520655085766 0.47797620438321359 0
7.7576040002679907 0.46338020133343238 0
7.7334429457317597 0.48954018604220267 0
12.653003307164999 0.48960862378441888 0
1.6259887409628111 0.4895986672991588 0
1.6499865963843079 0.48953714409357962 0
1.6429380893087571 0.47761388746076477 0
-9.0780319561736924 0.41314125415763547 0
7.7833302760873577 0.46977620714215618 0
8.0334385363982292 0.48901373409509918 0
6.0179652607775846 0.48933279845683808 0
6.0108305803875162 0.48017267403008068 0
6.0243973251739469 0.47656453413546812 0
3.3661696493629578 0.48914107140676327 0
4.2780598888165402 0.48929784667166187 0
4.2732118625491298 0.47427441080866811 0
4.2578766237610228 0.47456528261544179 0
4.2859671842235691 0.47797438314268809 0
4.2537539096158934 0.48960862378428421 0
5.1056777770787223 0.48976603721672002 0
-2.5914633336171891 0.23511233435360959 0
11.48910731921398 0.48958065792161742 0
2.5139093915579132 0.48960862378435532 0
2.537907246979386 0.48962159291904389 0
2.5468313799582321 0.4681551608616879 0
6.8451524469857716 0.4893858718134434 0
6.8511200228239497 0.47771323053963288 0
6.8365262533986133 0.47723117999326098 0
6.8693588869404856 0.48959674877732412 0
8.6093646686159602 0.48953461137727511 0
8.6043179930975064 0.47739426201677659 0
8.5853668131944403 0.48959828510373299 0
10.32521133126294 0.48959818734752092 0
12.064684915607121 0.48932865080045779 0
12.0715324310009 0.47599538001025921 0
12.05674905708355 0.47634382938359621 0
12.98903572659621 0.48962790081716651 0
12.993452449172199 0.47747675926605809 0
13.00795239517455 0.47753616745080352 0
11.249421757636449 0.48929104753176411 0
11.49527101829454 0.47815358087923771 0
1.6139898132520669 0.48952639887573168 0
12.41302475294831 0.48958150303100112 0
12.419314277330869 0.47947860133641013 0
12.38915060667051 0.48953994487504288 0
6.0295952108059723 0.48960862378472059 0
-1.666230155975803 0.044110046637691087 0
10.67318023487724 0.48951993002296368 0
10.668484578920911 0.47414530240464758 0
4.2898601991650906 0.48962833579505122 0
5.0936788493679757 0.48972051114725262 0
7.1934911987482266 0.48958469689521222 0
7.1694933433267636 0.48952746513439221 0
7.176702239623431 0.47693071270365411 0
2.213936198789284 0.48958686279554442 0
2.189938343367809 0.48951805204249471 0
2.197016559868691 0.47706137427966933 0
11.837076222828079 0.48960203866581609 0
11.81307836740643 0.48952869388408959 0
5.4536466806902837 0.4895844892200123 0
3.953718984500624 0.48949197339815742 0
3.948066128285618 0.47680600837109388 0
3.933794498357936 0.47614400786471028 0
10.073233849335731 0.48960862378444331 0
10.097181711746799 0.48905626571958483 0
10.09100383719867 0.47908711382325991 0
10.31321240355213 0.48960688415009712 0
3.6898043072108568 0.48959564600885691 0
3.713802162632355 0.48956488099224671 0
3.7090978911002499 0.48038268783532551 0
5.6696429783900166 0.48918493330748369 0
8.3573871866905094 0.48952966475424758 0
8.3513877228356268 0.47881751853318638 0
1.9738069172565791 0.4895745680941338 0
-9.1428238132913098 0.41614397667201752 0
-9.2091597208378495 0.41421387500197571 0
7.4094718975417102 0.48953835670682821 0
7.4034724336865407 0.47878135412693851 0
6.6174984545904039 0.48861662999568939 0
6.5946652346613668 0.49213954198718918 0
5.4374669080969014 0.47771952079873231 0
2.7662316112462979 0.4888212328645557 0
9.1493164156013123 0.48953540962655062 0
4.8774780896616008 0.4886335199308669 0
4.5057313915414756 0.48953491571607388 0
4.5297292469629431 0.48954000262198821 0
4.5369359155751754 0.47747362079663419 0
10.913158789094121 0.4895858816993921 0
10.88916093367231 0.48944083966837493 0
10.89596092899329 0.47668639097005783 0
3.1138557770951261 0.48952815078114181 0
3.1099600365501812 0.47636640878244663 0
3.1378536325166109 0.48968889395257192 0
6.2455759095993928 0.48953431509125611 0
-9.0134418480576457 0.41450339551221849 0
-8.9660454474951834 0.40722715664575998 0
8.493399442093299 0.085355668047780692 0
7.9854204276573464 0.48952647119943721 0
7.9927209856245049 0.48032982282407227 0
8.0094182830788032 0.48952711688812328 0
9.7252649457212499 0.48952577956174342 0
9.7301242570796589 0.47708296552341162 0
9.7492628011429794 0.48952657558225732 0
9.7559478219762887 0.47710087992721911 0
11.464732321644099 0.4893158327489216 0
11.47068680110579 0.47586851209434161 0
11.45491594189059 0.47660994391922967 0
11.43836488472599 0.46960802213358599 0
11.172491572515661 0.47708463088494962 0
13.205016505839501 0.48948964141960688 0
13.209328751621671 0.47781728122205741 0
13.22494498874026 0.47664088779259051 0
13.228951837284271 0.48960862378568532 0
11.849075150538781 0.48952135116065382 0
2.9047801245961309 0.47792349096987552 0
10.109188971626001 0.48917805914490531 0
-2.3480486901963169 0.1276878016061648 0
8.369386114401081 0.4895802389458595 0
6.6295570138991264 0.48875549141285901 0
2.7540931468220671 0.48908493608375359 0
0.96146534055753552 0.51297242808485777 0
11.273126620418889 0.48979764340426851 0
4.8896970782852467 0.4896086237843727 0
9.5093468267362127 0.48949277550785608 0
9.5130657763109596 0.47713674734874312 0
9.5288672013886728 0.47547899563298662 0
9.5422777979770572 0.45523805585816041 0
9.5608991666046936 0.47209410341467611 0
7.769551680217452 0.48964425464308908 0
7.7934375842854458 0.48956855091439039 0
12.437022608370111 0.48959560396081991 0
7.9734214999466122 0.48949918796056119 0
6.0528260619048364 0.48824303498753802 0
6.0592812974668266 0.47785165345987762 0
3.3539773544146581 0.48930964721819992 0
10.69717809029896 0.48951926656067862 0
5.0696166994406386 0.48946436383930658 0
8.957333572228233 0.48959536271064252 0
8.9333357168064715 0.48952654718712291 0
8.9401150592537171 0.47700416025487868 0
11.452694749738621 0.48937565206951578 0
2.5499061746901268 0.48966147936720211 0
2.573904030111632 0.48959141491469099 0
6.8333773160395834 0.48960000868192688 0
7.2174890541697696 0.48951798804434349 0
7.2109198629165352 0.47738278145298457 0
2.165558598887277 0.4893062897392586 0
2.17264697120426 0.47634260292436831 0
2.1587116110893949 0.47703393497779972 0
-7.652449294780423 0.084934157020149281 0
8.5733049193158593 0.48948871628309981 0
8.5681676849418515 0.47694011367762251 0
8.5555097623856913 0.47849177203847348 0
5.4780266691287709 0.48930600453295647 0
5.4701952611556779 0.47782963238410231 0
5.484772048065631 0.47785493952113961 0
3.9066395564117742 0.48917031555575041 0
3.9297828614257311 0.48960862378438508 0
10.28911918184936 0.48935322130833081 0
10.28474817562531 0.47617746493364838 0
3.7374606315800278 0.48922345237864168 0
-7.5382019590868046 0.18404443061529629 0
5.6442980495828126 0.48830052208061159 0
5.6328264592823718 0.4795105137825425 0
5.0651013118866084 0.47956284712221292 0
5.049840362501441 0.47642841825239363 0
5.0272256371315462 0.47098124348795078 0
5.0068018997703128 0.46955984995201627 0
8.1350133057748213 0.074353954232270633 0
12.05294072602222 0.48957371590997811 0
1.9979554999958919 0.4895155447362976 0
7.3854740421201317 0.4895948089053308 0
9.1253213085733407 0.48975911795847621 0
10.865163078250649 0.48899975512988092 0
12.60500759632172 0.48962016914093448 0
12.60843723270232 0.47798987353860262 0
12.629005451743121 0.48956871897099818 0
12.44902153608073 0.48950507056334819 0
12.45412439599254 0.47712258531787738 0
10.27593910070475 0.43329372432840951 0
10.70917701800974 0.48949000495148481 0
13.85456635471002 0.33975607744905001 0
8.9693324999388793 0.48950643756318168 0
8.9767034334325988 0.48013572474182942 0
7.229487981880439 0.48957603809138622 0
5.4896434638224303 0.48960862378443798 0
3.8938631641596251 0.48939258063782037 0
3.8885710101799011 0.47713818765782667 0
3.8745442943595609 0.47756478322427781 0
10.13322848788955 0.48949796950467389 0
10.127810198410639 0.47634313842416748 0
3.749267240288928 0.48865454392418067 0
3.7572964108425859 0.47460712763324792 0
3.774229666008023 0.46623951962808169 0
2.0099544277066368 0.48898354162924013 0
13.01297113849021 0.48960862378306008 0
13.03696899391168 0.48956475043189152 0
13.03096953005609 0.47871154692928058 0
7.3734751144094099 0.48949979715706537 0
7.3688104863295933 0.4803099302138234 0
6.6535394517646838 0.48949101503946962 0
6.6483012844445764 0.47668326462690891 0
11.297124475840601 0.4895072122611237 0
11.28980204674726 0.48031220175440159 0
-7.3377017054671114 0.1839793026156899 0
4.9136949337067897 0.48949008919047521 0
4.9089013741103296 0.47719449587204182 0
-3.7364152828273571 0.067145799174901141 0
4.4937324638307068 0.489521039312665 0
4.4993238986905837 0.47642502826769162 0
4.469734608409266 0.48950062003441702 0
4.4632856853286293 0.47899280566981051 0
9.5332821023478242 0.48960862378403253 0
9.5557674668305204 0.48770965581096792 0
10.853164150539801 0.48939666510432039 0
3.1498525602273379 0.48968879622123268 0
3.1738504156488441 0.4894851107834482 0
3.1785177105330158 0.48035009419930352 0
6.2335769818886444 0.48952031328820422 0
6.2404985706718206 0.47724353849884338 0
7.8173801317978979 0.48929054671461147 0
12.767066165224181 0.47822008184799653 0
12.593008668610929 0.48971063398049092 0
1.565320202633504 0.49082225925882811 0
1.589991957830585 0.48951524136687818 0
7.9493577991853339 0.48944763000194619 0
7.9438914304991428 0.47708307849973081 0
7.9290548207262956 0.47790437612075609 0
6.0775909216489943 0.48959307731211271 0
3.3298364758885328 0.48950068386524331 0
3.3251551031004212 0.48031534501728967 0
3.3058386204670329 0.48959301099397851 0
13.277617797397159 0.41426879488801238 0
9.7132660180103443 0.48957887300666619 0
9.6892681625888724 0.48948718174894512 0
9.6960117516560036 0.47724596537484942 0
4.3130807682088506 0.48840685780380549 0
4.3210656877801972 0.47556503905219188 0
4.3377464035910593 0.48959293865687847 0
5.0464374299132828 0.49106989802402978 0
11.42737868695192 0.49091489374976388 0
11.42407427847759 0.4793035653069051 0
11.40892794864876 0.47790176502899878 0
2.597901885533116 0.48950315283417489 0
7.9669425400121572 0.47668523013793113 0
6.7852011707325843 0.4892523255138968 0
6.7929170170320576 0.47485522248045697 0
6.8072353883923817 0.47655488284194131 0
6.7783224528428292 0.47584199119806342 0
6.7854141523315832 0.45856579903713152 0
6.8102084670744869 0.48946241576045152 0
17.88383792138977 0.1821145814337464 0
13.192965474814629 0.48964668326748328 0
8.5253721746403937 0.48960862378355052 0
8.5493700300620343 0.48960862378469389 0
10.366908866572819 0.47742884678978609 0
10.26487609884739 0.48913887815575008 0
12.005061210779891 0.48959230578789092 0
12.02905906620145 0.48956372219784089 0
12.02373695173814 0.47328844143378251 0
13.04896792162263 0.48958196377413782 0
-4.1114113513699628 0.21545915303744601 0
11.309123403551229 0.48957222000780037 0
9.5687245273180128 0.48740550544793609 0
9.5761984519643963 0.47648593836921849 0
9.5922065301741917 0.47781493015023863 0
-0.43896320505441488 0.57824822649078267 0
-0.44791995027791259 0.5640466509906612 0
-7.8550301905979634 0.085881062784393905 0
12.635557777259001 0.47683510794883049 0
15.63113551355503 0.1849753338546446 0
6.0896566173557014 0.48945217199399088 0
6.0957437318339531 0.47615723362363821 0
6.1111213302553979 0.47646070369082039 0
10.733174873431389 0.48957367839926907 0
-7.7358646473432531 0.18340606457621261 0
15.556165814621551 0.41554947978871282 0
4.3498121984038436 0.48945125296141639 0
4.3542940310556704 0.47759805062458599 0
4.3695779931694663 0.47797649791514979 0
5.0354885967355081 0.48776241436412471 0
8.9933303553604453 0.48959051306829382 0
-3.320028521152941 0.46557373463050161 0
-3.3389393532086449 0.46244988207760102 0
-3.3741113327298171 0.46055658298896468 0
-7.6863245350182297 0.41211666014113058 0
6.77352872887234 0.48960862378455272 0
-7.7872134374712703 0.41191936283028069 0
2.129943704814087 0.48953322682712058 0
2.1356294049099782 0.47813934403897812 0
2.1539415602355572 0.48960862378435349 0
11.897070861382669 0.48959125900564859 0
11.873073005960711 0.48948980231088979 0
11.879795308909801 0.47378213095097671 0
8.5133732469300991 0.48954675245635698 0
3.8697882228720362 0.48960862378432812 0
7.264783346065637 0.4663843424037879 0
7.2836009650460847 0.47503755852375917 0
7.3033447608096953 0.46876187308769762 0
7.3168797381182049 0.47830623542029521 0
7.3220878669981051 0.46064116782837727 0
10.15722634331137 0.48949343315711541 0
10.253160999354479 0.48960754618950308 0
10.24598615568549 0.47662875993058518 0
8.4173818252441812 0.48949256174184541 0
8.3933839698226436 0.48949225938721003 0
8.3850300795159427 0.47699900664708123 0
7.3494772589879078 0.48957215409889648 0
6.6775373071863031 0.48949168623050482 0
6.6726810168890456 0.47659771363569953 0
2.7054934146298271 0.48927367520619219 0
2.7133184592077169 0.4765418275722535 0
2.6987415826484371 0.47655635443179473 0
2.7298900903512959 0.48957715008486968 0
-2.0169158705841999 0.043254220065275913 0
9.113322838928136 0.48960946468913291 0
4.9376927891282758 0.48949080663045741 0
4.9316933252728914 0.47862665679745009 0
4.4457367529877514 0.48959057553210211 0
10.82909871846023 0.48942936847761598 0
10.82360821538272 0.47647009044880201 0
10.808954955783831 0.47754894358509797 0
3.1986570822810951 0.4894832238856372 0
6.185581271045697 0.48948386323285298 0
6.2095791264672009 0.48949980266529369 0
6.2033180651968554 0.4765575710339266 0
12.569010813189321 0.48947152189787307 0
15.28491644080799 0.18707545009587781 0
7.9241757976673428 0.48964224218678681 0
7.914377880342478 0.48246325141616669 0
14.73587083015188 0.20706800722374419 0
15.044518216145191 0.2128565793934607 0
20.510272361189369 0.18638452486319859 0
9.6652703071670185 0.48948771460608059 0
9.6705378859858655 0.47727655803216579 0
11.40389344422905 0.48964270203587762 0
11.392631522887481 0.47993020152428251 0
13.144623514221051 0.48923018259597428 0
13.151170889831789 0.47883005671359102 0
13.163339235750851 0.47650894651638359 0
13.138805978760431 0.47343339039840909 0
13.168957198730499 0.48960862378432191 0
11.90906978909323 0.48947725085477628 0
-7.1445696718048692 0.1871096610350505 0
10.16922527102224 0.48956723757168868 0
15.167766090146319 0.080105915022230273 0
2.6938933072190969 0.48960862378433512 0
11.333121258973311 0.48946252553614922 0
11.32733455120175 0.47635299980574147 0
-8.0546951074985493 0.085626454824518666 0
4.4336692872181924 0.48943592701603872 0
4.4268904688718793 0.47656121613239472 0
4.4135738965032978 0.47832003999056988 0
9.5930715557411386 0.4912007674592917 0
0.152460577009571 0.47161331616475088 0
7.8294343674178233 0.48960862378444958 0
-7.9313771828593627 0.1816849961172273 0
1.5543211855653221 0.48897338716157951 0
1.5468670207819251 0.47501459350894831 0
1.529997319276859 0.48947450177815188 0
12.4730193915025 0.48957395182746272 0
12.497126111849891 0.48856709217608207 0
10.57019303689407 0.47908761927105159 0
6.1140560020794448 0.48953877394473128 0
3.2698418373348042 0.48945377349185781 0
3.2638423734794522 0.47852674810825779 0
3.2938396927563192 0.48948819023738999 0
3.2887863218434461 0.47668592847603269 0
10.757172728853041 0.48947977390897818 0
9.6532713794562799 0.48945038748476938 0
4.3743130520181186 0.48981813645414979 0
14.15705306115585 0.20305467478362441 0
13.924577633312969 0.20090237815158951 0
5.0097487630818973 0.48944566795674049 0
9.0173282107820185 0.48947831245739681 0
2.6099677800196242 0.48943324981487307 0
2.615137414901886 0.48015349309828359 0
2.628262222786228 0.47436724250495771 0
6.7495308734506949 0.48952595976472041 0
6.7448908857081538 0.48042739283987479 0
7.2775033274680094 0.48878412648229752 0
7.2534858373019766 0.48947643832810223 0
7.2474863734469581 0.47864597282977878 0
22.508658006221719 0.18526300440667781 0
2.105945849392596 0.48947704836304112 0
8.4893753915086769 0.48960076346775472 0
5.537639174665558 0.48947655699506398 0
5.5136413192440186 0.48953273715238349 0
5.5074788509584476 0.47855197251288939 0
14.828716409773881 0.42254715046324248 0
3.8457903674505349 0.48953496773989841 0
10.22921990957644 0.48956698773545632 0
3.7982039496647322 0.48925393828408348 0
3.7904297071133861 0.47752590193945138 0
3.809544759542943 0.47775795463082449 0
3.7967574074794901 0.45767482711710922 0
3.7737968011860779 0.48957256995741899 0
7.6917303143235394 0.47827493049409481 0
11.04074255195698 0.087508004798521902 0
5.6097993927037297 0.48948109990979938 0
5.6168275093369662 0.47672711528875772 0
5.5856348855084903 0.48947515567189909 0
5.5760468468564879 0.46697578367058917 0
14.58625151739904 0.17887726161600881 0
11.99306228306917 0.48948374601027872 0
11.96906442764765 0.4894482632085605 0
11.96293351024678 0.47681370886075453 0
2.0579501385496171 0.48958777875349702 0
2.0339522831281278 0.48939620381435828 0
2.0412872638404691 0.48056229466693318 0
13.77074847527291 0.2166498229280476 0
7.3253665945982389 0.48958616512202568 0
7.3321317472291216 0.47654578068293918 0
9.0655735014977736 0.48918853446423149 0
9.088698652704414 0.48848635431583348 0
9.0949345934252648 0.47928509019808269 0
-5.8934251427300497 0.1932329103414118 0
10.803925589051801 0.48959129430051362 0
10.79313393429819 0.47983363462974482 0
0.38173647160655061 0.58202875186691361 0
9.3986335518524662 0.47506669207157592 0
12.54460076436952 0.48924807246818358 0
12.549779511151311 0.47656464457870812 0
12.536095869315989 0.47822464034825668 0
1.5179943923045001 0.48947207613921001 0
1.52426634460139 0.47717896519643399 0
1.554779796028541 0.45759476316594389 0
-8.2543858011036146 0.085418806576384121 0
9.0293271384927785 0.48943885310356727 0
9.0360602863738322 0.47676926811378251 0
3.1697986332230101 0.38027821340236773 0
7.2894785694981223 0.48910070619910712 0
2.0939469216818449 0.48956246080506782 0
11.93306764451544 0.48946172226451329 0
-8.1298617692563919 0.18107744014415081 0
-3.384430180400317 0.15444244296689991 0
5.5496381023762584 0.48958332606638738 0
24.607079961178879 0.18380689843192899 0
10.19322312644392 0.48946731682956229 0
3.8097428724650921 0.49130582805819561 0
8.4293807529549927 0.48945642388704169 0
8.4353802168106391 0.47855009092674028 0
8.4533786083765712 0.48958617528958059 0
2.0699490662603561 0.4894583762862737 0
2.076088177071318 0.47984560034811752 0
13.09696363246614 0.48948232401418013 0
13.07296577704439 0.48948342855153493 0
13.06698533577263 0.47235143505462462 0
-2.5978112188961981 0.42898385564872221 0
6.7135340903185439 0.4894692069819172 0
6.7072748047484403 0.47715025172775888 0
6.689536234897024 0.48956660650320871 0
2.6695976567612769 0.48938744854365968 0
2.6755625217933861 0.47648761326987799 0
2.6598572052598639 0.47489789175927682 0
2.6445020273428739 0.46117441802577608 0
-7.8930921174802933 0.41036636810867411 0
11.35711911439512 0.48946434028360802 0
11.35170843926263 0.47751836697249611 0
4.9736895722605823 0.48946436760407558 0
4.96688563338415 0.47753076320568172 0
4.9496917168390162 0.48956628861341561 0
13.57772630186909 0.21625368838382289 0
4.4084944064987841 0.48972444705859958 0
4.3977639959079253 0.47940406924073048 0
9.6171875443135431 0.48946143475506082 0
9.6113976972372868 0.47806613707641088 0
3.2338450542025678 0.48960862378435221 0
3.2285747656561621 0.4772507340627522 0
3.2100636327050278 0.47779611441993097 0
3.2099930261920182 0.49132776937996131 0
6.1735823433349966 0.48947766848198648 0
6.1802069684273189 0.47725161838556168 0
6.1495844879135433 0.489482319655001 0
7.8534322228392153 0.48947817465724369 0
7.8479812936883784 0.47735489761982841 0
7.8774300782606659 0.48949384734500129 0
5.531874437448451 0.47453811332393342 0
-6.948687563547467 0.18419046666071681 0
12.53354795922893 0.49141626732013699 0
12.519542864643229 0.47320200047817262 0
5.5884855208894146 0.074708852473981832 0
-4.2183170911685224 0.42002489879846489 0
9.6292590153663014 0.48956063573217717 0
4.9856884999713191 0.48946109248496478 0
-0.23526935912084149 0.59487246738275457 0
13.75845930396541 0.1582097864291746 0
11.36931951934552 0.48963163619449401 0
2.6346431079471642 0.48843526594952269 0
6.7255330180292514 0.48956164581329498 0
-1.607242709184447 0.4773916912768591 0
-8.4540982981301163 0.085245784848241968 0
13.131981690445739 0.48789900177276052 0
13.108962560177149 0.4896086237851911 0
8.4653775360871268 0.48945813813911238 0
8.4715072764485768 0.47684536853830811 0
-8.3287028567107519 0.18072054361550571 0
-7.5884598441012763 0.410783575548126 0
10.205222054154691 0.48943453101706452 0
10.211959029724049 0.47705572137540581 0
17.67733050350607 0.2124381395310492 0
11.94506657222591 0.48943501642452208 0
-7.7367939810558743 0.42920977879254518 0
2.6578965240868371 0.48960862378431158 0
3.245843981913318 0.48958525662601909 0
-3.0704333557432761 0.19029795824507639 0
6.1375855602027833 0.48951623985253928 0
6.1429332333729443 0.47792583640950642 0
7.8905880243526596 0.48885716205625751 0
12.5098977214071 0.48751577552516318 0
13.69437451042465 0.093671542203993152 0
10.769370551885039 0.48949339045087609 0
10.77517112041968 0.47848069653049358 0
9.053324993914039 0.48960862378447889 0
-8.6538287024788083 0.085100721801408152 0
12.88647444155075 0.47758376129577113 0
-8.5276265685544601 0.18042469863436111 0
5.5736359577977623 0.48958302309399332 0
3.8337734772784642 0.4895679073798298 0
3.828342529118876 0.47584715028428659 0
16.329037287493581 0.22240738114149641 0
0.54678135924782545 0.08960717519922573 0
7.6325676109209244 0.47744233855777579 0
-8.8535740147768625 0.084977447080453475 0
-8.7267604237043024 0.18010579115176781 0
4.0666898782742331 0.47787142619650219 0
-7.9483999499651024 0.41709767644986551 0
-8.0140297783467176 0.4153415957228429 0
-2.505511793951555 0.47751096941065729 0
17.955106485485061 0.084968724393314501 0
5.1713997205432323 0.35951792522875681 0
20.994333419635439 0.1837149663567397 0
-9.0542685479187455 0.085409673290145011 0
-8.9261494522553875 0.17987560095525701 0
13.96932907675934 0.37546192756437052 0
13.92708171612913 0.41045000547831328 0
13.973807872609649 0.43021265195085412 0
13.87052820179577 0.40302362671241571 0
-9.3792261193606539 0.41093493226617012 0
-9.3179710868966481 0.41809026368640623 0
-9.4326735485953499 0.41720294864588348 0
-9.5141209956532151 0.41791201154987839 0
-8.7760674316371823 0.41151802482458072 0
-8.8447526500388349 0.4155230192589599 0
-8.7145768248412381 0.41799883599854287 0
-8.6632921850090128 0.40220063326508337 0
20.31575088986212 0.18428734021025289 0
22.313300886332581 0.18313725768319589 0
-9.2540272943712836 0.08532091244210592 0
-9.1256366749243245 0.1798039904008478 0
24.411929804824371 0.1831658938415642 0
16.434907700971848 0.42473999758342201 0
-7.4900691580074588 0.40850748908701617 0
-4.1622640185679174 0.41890332054547891 0
-9.4537980080712938 0.08524318106193865 0
-9.3252464549122429 0.1795792418472987 0
-1.768042672414762 0.46889405827849961 0
-2.494726983014242 0.084342615389648504 0
15.823424995549351 0.42521053900771671 0
15.86857886674164 0.41577929577199457 0
-9.6535787094524466 0.085174545537026747 0
-9.5248443973254027 0.17955588227963951 0
0.23300203952303361 0.09180264574629575 0
-6.091102864354804 0.18441634763868539 0
3.074454291487644 0.041322313769255228 0
-9.7243333176447813 0.1795040695641637 0
-9.828707664447089 0.17900157531227209 0
-2.6033567529883972 0.1853031872797116 0
9.8865391088125438 0.47709284161751359 0
22.79831425008668 0.18875032263522731 0
-4.9240569588612351 0.4097799159180131 0
-4.9842102134591197 0.406872468782837 0
14.42984486782564 0.065760400388449811 0
-7.6377150354007783 0.42629041020702602 0
-2.8062089332748958 0.16519078654964309 0
-6.4679074922330342 0.18472307525337051 0
-1.4593449389051889 0.1103524299622017 0
-7.8417954338274161 0.43275858707578979 0
2.770476385315773 0.041721979529778269 0
-9.7686722514397317 0.41097103722537459 0
-9.8404350334197801 0.41222339984684159 0
-9.7115621813543793 0.41460511971408948 0
-9.6449623162841434 0.41465755690920503 0
1.991550951018076 0.47786259921897672 0
17.362963680642839 0.08683832404256793 0
22.12173403510339 0.1821991998071297 0
23.28576360505847 0.1841899825725693 0
24.22026187189601 0.1821274323361867 0
21.18542565861598 0.18241498349575161 0
9.4599625535388654 0.35860950507836031 0
6.9136660562588652 0.35874185900163102 0
-6.2770276266808072 0.18342372391931411 0
-8.1796942852569625 0.41234701126384238 0
-8.1200931602425612 0.41177920247610961 0
-8.246443157214177 0.41521157960808769 0
-8.3082381588297025 0.4130262355430962 0
4.9918915571627887 0.47851984553871513 0
3.564909052303868 0.47686373923891762 0
-7.3907940406081503 0.41280329823130402 0
20.128219904795468 0.18523153562861699 0
-1.67549262876315 0.46340014720104999 0
15.30257587888514 0.41352861802445051 0
15.36264136717606 0.42127543295498932 0
-0.13118426893136501 0.60087311800802823 0
3.1567010556426589 0.47435720176370522 0
10.151226879455759 0.47863951738829519 0
23.469904209503511 0.18395505838130249 0
10.69160317215076 0.47754542819519752 0
5.3255893735270057 0.092303613217429553 0
5.284994828804062 0.40498056593254628 0
-8.4807036032632457 0.40587133976828338 0
-8.544836082715225 0.41857967208709901 0
-8.4238167693482744 0.41232055491709962 0
21.934554672671499 0.1840447729307968 0
24.033163763690549 0.1839029859504217 0
21.372290715030179 0.1841026259608797 0
10.185852272153589 0.4775118151872052 0
12.946977036081289 0.47892766526954539 0
0.37891297612588593 0.49629661840790168 0
11.988298856846161 0.47703629813275678 0
13.96421686091565 0.15661285704051539 0
0.051522443807615489 0.084665120349887157 0
2.1116777304133709 0.47743035017648211 0
7.8718815171197249 0.092437953191297592 0
10.84714941209474 0.47700292023199442 0
-7.2932744253203623 0.40648221935594803 0
0.23855967439610179 0.59413059144137437 0
12.67712685782648 0.46327573056305071 0
-3.4574965092145882 0.12562603799689739 0
2.9396710596211189 0.35961838683782738 0
9.1500812245783614 0.3612692501566595 0
10.716176402886029 0.47378298537455571 0
7.9559400566406042 0.46484093879864591 0
-2.7498560930707372 0.18520823500467651 0
1.157643586782735 0.40163409366898128 0
-7.5393339276788458 0.4290755644947763 0
10.417919119640549 0.092188424557488713 0
5.6382024530546033 0.087464937480625601 0
-2.1519379065283721 0.36022463149392681 0
6.6016331258681689 0.35875359613415048 0
12.726973292175529 0.46364917797872662 0
1.7986665945845139 0.47738104231321499 0
3.3483031908090308 0.47890522416942072 0
12.96423071185005 0.092366031623415307 0
16.45973021825781 0.079739940860932779 0
4.0525528786404976 0.35697822838381532 0
11.67648593558175 0.47715367237387002 0
-7.1959522921479619 0.41276773708225573 0
11.38343681316527 0.36105578472847838 0
20.798786374759668 0.19033547802397821 0
-3.2924139169131639 0.056972121668914168 0
8.8350887579814472 0.36080676625823482 0
6.291202745156534 0.36259259197400368 0
3.4677723334926771 0.47759414075134132 0
18.73591355734624 0.22498572760953159 0
3.53521953161823 0.44162319835049318 0
2.8316668313469999 0.47829012114918201 0
-1.379933496533212 0.47984555932541689 0
-4.400350258141251 0.1659033966047268 0
-7.0971710238591488 0.40867936383271908 0
8.1474059517530577 0.47905336436628382 0
2.163368303183951 0.46012629708075059 0
8.1836884674640604 0.087350750578523761 0
-7.4416319735533856 0.42739855181538522 0
11.07112707629827 0.36368889382074682 0
19.805770458468231 0.41853809171795592 0
-9.9539163643825432 0.38257519038510462 0
4.8604835570396183 0.36219881477454369 0
5.9781108604208422 0.36250846373912532 0
8.5248438751702373 0.36293950841732442 0
-6.9994050715631646 0.40892441354970049 0
2.5322984353740878 0.47877000232556649 0
2.3142361984958182 0.36270983278784891 0
2.579503843117736 0.04174404889263976 0
4.5490339807075113 0.36341400616395469 0
10.75670833038652 0.3637705631004961 0
19.89766697093004 0.41753779603170788 0
19.851818569375009 0.43160983214773962 0
7.7984525105713249 0.47850853599707988 0
23.656126647680001 0.20146433558651711 0
2.0017489168345941 0.36512895690325131 0
7.7280230259163334 0.47938774424393121 0
23.846993540775181 0.20146109175188059 0
-6.9018587032338363 0.40923869632894833 0
-2.613966970544495 0.13307597430294929 0
-3.7299670383664791 0.20409868225446201 0
24.754891893599211 0.41508800726754203 0
24.804625007870651 0.42194741124731849 0
24.886176751531899 0.38051302591678349 0
7.5841522500249781 0.4777199799035135 0
8.2120881132774617 0.36559728086613819 0
5.6667145894809412 0.36586150735286749 0
-1.9433107815551021 0.47817822346234068 0
21.74857313635534 0.20235162729115261 0
-7.3401331282344229 0.42709363963908159 0
17.8479285057659 0.41530695027297032 0
17.90896734188664 0.41359264595062478 0
17.960710261162571 0.43438592890343253 0
12.18954433444326 0.47741790580586352 0
10.73002916685977 0.087197092881630939 0
-6.8048886933475874 0.41058054201311062 0
21.558063412391441 0.20259597581560329 0
24.919379060041461 0.15133021785418721 0
18.2618564047036 0.4350530602418794 0
4.23604044740914 0.36527181591385982 0
12.991274704422089 0.36587970513602708 0
12.318152551656571 0.042608304935644908 0
24.56458609555915 0.41702698921580811 0
24.658328314338561 0.41426442998083562 0
12.131049951743771 0.47897146618933473 0
9.2763412460659875 0.477878499475273 0
19.711208320181289 0.41828346239740061 0
19.758771684110702 0.43210904944485179 0
-9.9285768441545788 0.2269000470068325 0
24.46895234530324 0.41699561488726439 0
1.689896338826304 0.36657875635642662 0
5.3523793281739156 0.36505761848308538 0
-2.7340229059420409 0.043152135531183772 0
5.4779313585276146 0.4632881345776183 0
10.444705496833841 0.3650009805594765 0
19.991864560900289 0.41707454456889548 0
19.9420369764116 0.43620184117281208 0
24.37369944914936 0.42279366629708692 0
7.8987849232370362 0.36576609407474331 0
-6.7086353985094949 0.41263492174373068 0
3.613542105015553 0.37030881050386799 0
-5.0351782229241682 0.1756914163889797 0
-4.8220585766772164 0.4138775256970843 0
24.277623027376169 0.41669485807548001 0
3.3303098243108309 0.43839230266870932 0
19.194642492544769 0.2161925242835378 0
3.847069033991243 0.079322434373129941 0
24.70512576108089 0.42970981376259199 0
-7.2476936095601916 0.42735345106026362 0
24.61238868743073 0.42387335390241432 0
24.517001861326811 0.42424892704579298 0
-6.6092879105214744 0.41313795403650883 0
24.18104210633388 0.41388262729946168 0
24.123089201698701 0.42490642818234181 0
24.063571289608891 0.42066897912463208 0
24.002497608083399 0.40939626338823548 0
24.42208078830328 0.42257157807031509 0
3.1093185734207909 0.41829661728431711 0
20.08639189096635 0.41259878777427011 0
20.03848730518845 0.43613391779324651 0
23.895223600517369 0.41144223918492218 0
23.837068449996011 0.42784675589640148 0
23.783263631422841 0.41106697128730579 0
23.71888825816292 0.41435595891556082 0
7.0699248469377709 0.042725078210144651 0
12.162854734380151 0.042937568027424093 0
9.6183969044347499 0.042117077394995511 0
11.59202871254225 0.47810407895503748 0
1.965663829918066 0.47784704867965688 0
-6.5130315431850976 0.41357847765416927 0
20.181266810416378 0.41323995404101621 0
20.131720455311921 0.43476341527065199 0
-7.1449147439334668 0.42497826658424159 0
9.7704777620525967 0.044022240106506079 0
24.324981478407921 0.42793448927381711 0
5.5909681280400747 0.47780586192205349 0
19.616958597282419 0.41739609036923719 0
19.66357639415294 0.43081127948629439 0
6.1692054510622052 0.43752137173072297 0
5.7648269050173511 0.46185389954510198 0
11.854655572024431 0.47852018770624383 0
20.276055251223571 0.41366651817833178 0
14.02648680471639 0.049934529515479491 0
17.218774774750599 0.41440019521890542 0
17.283709735030921 0.41508251011032932 0
20.226946848323589 0.43479422488115832 0
-1.7155548217992791 0.47907206255819462 0
24.229820706434499 0.42345081122655859 0
8.7953480481321247 0.47720856394686201 0
14.186248681146131 0.10364364866280799 0
-6.4169420403413149 0.41264886917651489 0
6.0427190183802724 0.47265356926793711 0
6.0268473777105349 0.4568455177275984 0
12.85518593705909 0.42068028823224712 0
-1.5279888729369431 0.39892419110948862 0
23.608427821879619 0.41351455813712668 0
20.36608817788149 0.41819256830895468 0
17.790511015520941 0.42390726626997249 0
17.735045922457349 0.41547283096457921 0
17.675178771362059 0.4223928691640394 0
-7.0483345318211166 0.42734736319400929 0
3.1029791243944729 0.45649930389699162 0
1.3285039083394681 0.043019037782814303 0
13.091497342791779 0.081788613854407055 0
23.3214690776061 0.41599864884004639 0
19.945024668344711 0.20755528466993189 0
23.417069648588491 0.41618465660203963 0
23.22565081126324 0.42195226910167272 0
20.317983596535178 0.42956613667219029 0
23.512688464998529 0.4162617376695304 0
18.909877444285129 0.1603579860178288 0
-2.9130816095712579 0.47907424603385779 0
20.465571375000259 0.41357605146357351 0
23.13035371732963 0.4159961351704749 0
7.8714306144052788 0.4784880938532583 0
-6.9506698378757292 0.42669649073074561 0
-6.3209057871925758 0.41312944128189011 0
19.755470426457151 0.2147326348997397 0
23.034754125546879 0.41594995866312823 0
20.41793464252121 0.43219716570538591 0
7.2235810804200691 0.044143273279438178 0
20.560393496938449 0.41331996025720841 0
-3.5445492421190301 0.48490527132260858 0
22.749290954294398 0.41565891535849891 0
22.84520524792902 0.41384598057856931 0
-6.8537606096517907 0.42660056685717229 0
22.651919705993919 0.41073655724684882 0
-4.7304299557072387 0.41749163778753151 0
-4.7794827887694424 0.42923343234589728 0
19.52494120095092 0.41903520597256388 0
19.572124023822081 0.42585609961071869 0
22.940515097170191 0.41322404698476728 0
5.1266167427142513 0.040701559805405817 0
10.544744340880071 0.081998323141920904 0
-2.9842015856158328 0.1080847271504423 0
22.557915721483951 0.41660434937490443 0
-2.4807707351156592 0.47748087589484001 0
16.058064262694131 0.42040305087414959 0
16.105287880822509 0.42815666418458759 0
-6.7569187043267744 0.4259562731805358 0
20.844152648312289 0.41508073411850122 0
20.942675684077471 0.41620946603931303 0
-6.2255993397888094 0.41355998555941009 0
20.747703177291701 0.41531186803855719 0
22.17696911954339 0.41459878595410771 0
22.081464642123809 0.41466526349517657 0
22.460682335748839 0.41067977502660008 0
20.652561850489189 0.4155963076328143 0
20.513061933011009 0.43081476631676269 0
21.0378657149468 0.41589518306926099 0
22.272477680784139 0.41452295106963272 0
14.609533232987101 0.42415657996664891 0
7.1732771081793114 0.040044702442121917 0
19.563408634232339 0.21455296870698001 0
18.092581570488282 0.17135238241090589 0
11.36991901610776 0.039731996490248403 0
0.76566535129565327 0.41879240321787142 0
23.274088209406539 0.42767624526479658 0
23.369366429508709 0.42521294779043312 0
21.98596239626016 0.4147241811995559 0
21.512057465663261 0.41382006219617451 0
-6.6589667159035786 0.42749016173086418 0
12.19025460658699 0.40562985579126531 0
-0.89850660338638777 0.39742573317924368 0
21.418943997545799 0.41505185918128762 0
24.855888644371131 0.30299840788887972 0
21.607266316223079 0.4137080670231793 0
-9.8556433114973174 0.077861403219309622 0
22.36822356721947 0.41311175823447549 0
21.129099294512631 0.41217671452904592 0
-1.245791605455552 0.079818324002420948 0
23.17750715711809 0.42193258186466431 0
2.7466815413050139 0.47509726851807321 0
4.6492450459137196 0.082074906474809306 0
-2.427314096229487 0.46959529857625149 0
23.560619645304659 0.42767607032584959 0
23.46503375002084 0.42663064061573541 0
21.32050562654328 0.41379234596475478 0
-0.25973296080191338 0.087406119833609353 0
11.93793100836217 0.47699870159997332 0
21.70250382773408 0.41364672598421048 0
21.890463624719828 0.41472095638240819 0
16.787420705335141 0.42859890727062833 0
16.838903803429659 0.42303475585426731 0
16.89754947579921 0.42868068516468699 0
-6.5615979208130923 0.4271713911574615 0
8.8225767614881594 0.039636331940330803 0
15.804165908519749 0.1671784921448268 0
7.9982030602029264 0.082143077647159335 0
21.225479379957399 0.41320773067994271 0
-3.5698190648698191 0.47423866658923908 0
23.082722658413239 0.42503818227601309 0
-1.9668641892286081 0.47841078303130119 0
21.79774486509816 0.41359139404620271 0
-6.1333700540633638 0.41505402993479568 0
20.603629640313098 0.4260566450407009 0
0.41503735818882231 0.58107303205230298 0
-6.4654307197928036 0.42688247643120658 0
3.7148097947192942 0.089214820323562372 0
6.2752345068807456 0.039560880089140472 0
19.370467408765311 0.21484812646672111 0
19.430624859936071 0.41864728692292608 0
19.477972539740701 0.42566164766897491 0
22.797856913799531 0.42871949778333318 0
22.735366017788269 0.45797645145562388 0
20.892722613162771 0.42543900610688978 0
20.794167184914681 0.42683574344856562 0
22.987287067229271 0.42468975767566092 0
22.893131274951131 0.4289890781155572 0
6.118922265154735 0.044367451651285528 0
20.699967960186129 0.42795632656081251 0
20.99073182109127 0.42314021626664228 0
-1.3869182785415159 0.085773211285888842 0
-6.3684959358447664 0.4256943111282776 0
22.60931581869637 0.42967202931995591 0
22.543151139296519 0.45769285224775208 0
1.181970720120934 0.036131733480707487 0
5.4516606385248396 0.082286652306335639 0
21.085385762600382 0.42234468153917643 0
21.148841240720088 0.45112435468512369 0
22.12949364989132 0.42808073111195483 0
12.04183939121924 0.46796722127743012 0
22.224886918168011 0.42764374213593892 0
-2.3379709619531832 0.47803196636419859 0
-5.0287070535260048 0.43514696572369871 0
-4.9566125915994732 0.45085457414732988 0
1.6089732387541169 0.47761742731891649 0
-6.038544754772964 0.41545076484410148 0
22.034006289866198 0.42811281250087041 0
21.465690691952759 0.42394799886411971 0
16.229167449092209 0.42588083761879292 0
-6.2728687646156889 0.42606155638433169 0
21.56006907713212 0.4262720306295138 0
4.3618088982608896 0.46229320522059159 0
21.37147209573974 0.43521853206927802 0
22.320556764832691 0.42908027196710669 0
0.0166318895739891 0.53864336506918231 0
22.419568079010169 0.42419802352912578 0
21.655355313776401 0.42626158447015738 0
21.938520683599549 0.42813375920409769 0
21.27279319266545 0.42930169241408073 0
12.099877195347659 0.45512624718543759 0
19.332505824575691 0.41822124729845911 0
19.377245085961508 0.43149210085709738 0
-6.1796215150689431 0.42764105579055373 0
21.750658177632999 0.42626548702632983 0
-0.46805326777121098 0.56331555447866721 0
21.84410599343699 0.42743293889271022 0
5.1961026875437346 0.47778071619835799 0
-5.9440918715356359 0.41631609018842808 0
10.93125668427354 0.48000766417211849 0
9.7204341189323795 0.040174044425328001 0
1.294788556460515 0.4669927398036024 0
-6.0856295260173727 0.42889019444694398 0
2.2768438007118812 0.04118682884507105 0
13.61497410064602 0.1791641123777169 0
0.33668013756951781 0.52536567833372239 0
2.9287260547672158 0.0391429183341808 0
7.3683689436488731 0.039825262460085588 0
13.32370771677167 0.46023067760758329 0
16.684603555305209 0.42629748834328107 0
-0.76607454827203902 0.52070872083607911 0
24.975004765161209 0.45451436772536979 0
24.942357741868811 0.45402749396639203 0
24.90273073924596 0.43939695227295961 0
19.23616774136525 0.41843233068277302 0
19.287375501232109 0.42904718551754589 0
-5.9912195892594724 0.42900845559013429 0
8.6515698819914633 0.47786542940686833 0
-5.8507504429769881 0.41663142308992102 0
4.2904586659214106 0.06984712165518904 0
17.340260178960229 0.42164826649600168 0
-5.8971642805890463 0.4299810113512712 0
0.38138380017331558 0.03901568543098019 0
-5.7603527115320956 0.41912202800015608 0
1.2467972363869591 0.48506564456853629 0
-1.028225514778899 0.047566989346516077 0
-4.8706345087841436 0.43309006843721592 0
-0.97157768491497976 0.42263047050567648 0
9.9154947810582605 0.039275266124402491 0
-2.165958454421165 0.038909276837764337 0
18.601867363714032 0.42546860852905499 0
2.592536104593457 0.47960481634195862 0
-3.1781832118012612 0.4657355745954993 0
-1.5242273039291769 0.47877253141733089 0
13.948965981966611 0.47835590153029972 0
20.331058018821231 0.48032948860382951 0
19.805441495836561 0.47686289340562882 0
20.955118940793529 0.47884963772123318 0
19.180498463851109 0.47813395372282358 0
19.19760559103263 0.44995635702059711 0
19.22972067406835 0.45788297785186072 0
19.228739474568979 0.48326349459783019 0
15.10086304219797 0.47813325664984568 0
15.11351308149138 0.45049561365865382 0
15.14782717160379 0.45284720744241108 0
15.14865243675357 0.48225634051594041 0
21.480653445019939 0.47631344255125629 0
18.651020887817971 0.4762844314546742 0
18.66789725652627 0.45356979193810099 0
18.69795041993774 0.45638225394069809 0
18.73570521194495 0.44230211968182859 0
18.604096192299721 0.47142965397955527 0
15.67681157231382 0.4781323737676616 0
15.665080138668809 0.43546675374458788 0
15.62983362225382 0.45284098359730041 0
22.060323902624681 0.47833312314348408 0
24.409631160193499 0.48217332298193483 0
18.02860140361965 0.47921724756944928 0
18.039744078320339 0.44908855832438138 0
18.07556453194713 0.45284762899646003 0
18.076390597959541 0.48225642482675019 0
16.252760102429551 0.47805544723766652 0
16.263476186550989 0.45148471021719089 0
16.29972609327228 0.45284638652094938 0
16.300549869272469 0.48225617633164869 0
22.635789680288319 0.47722270055161181 0
22.680119052106651 0.47475171387992587 0
22.696569519050239 0.43824854610158781 0
23.884078126461961 0.47921724756864542 0
23.836082415620201 0.47865448223747981 0
16.87670434338812 0.47813103697645692 0
23.257734099962079 0.48217364126112588 0
16.92470005423095 0.47921724756881151 0
17.452396530293761 0.47880543063762271 0
17.40476889776701 0.47852717276210449 0
17.42109103826424 0.44533791638140691 0
23.788086704777751 0.47921724756840067 0
16.347627253323839 0.47976681411046618 0
16.3405468005903 0.45047641096109198 0
16.382392609803961 0.42652433395340822 0
17.979118566730499 0.47264714390863999 0
17.92861768698625 0.45305789564308191 0
17.88467830233386 0.44855616010938992 0
22.156240415745689 0.47825952992125742 0
22.105228087813732 0.47982555522221448 0
15.772802993999241 0.47921724756893752 0
15.788377537450531 0.45083387936490033 0
15.72680614848962 0.47482604467452127 0
15.716170635483691 0.45183259261782632 0
21.580870017239679 0.47602213133662852 0
21.532288295157329 0.47921724756988238 0
15.194454678341881 0.48235711577750601 0
15.18921356209643 0.45311562917458559 0
19.130373014567091 0.47528724199496858 0
19.14450168071949 0.45334973014386409 0
19.10884519762979 0.44100009481087532 0
14.57051043738317 0.48235939929067262 0
14.56629090796098 0.44886183851535438 0
14.62281321397073 0.4755001678616167 0
19.75439630463033 0.47795205232404298 0
20.382099512047361 0.4793225366795012 0
13.996561728552591 0.47879743296363358 0
14.47507427565546 0.47568328399487819 0
14.491902310613961 0.44761857776597441 0
14.52251472654034 0.483087177953684 0
20.907944089941111 0.47757530217831579 0
20.862945257076611 0.45438377768821619 0
19.276489885537028 0.47832176892986739 0
18.699831959925909 0.48141504132933921 0
15.628992446168491 0.47983381764603228 0
3.0720731939676882 0.4784545821484707 0
22.009268843205959 0.47983097182369489 0
24.45762687103635 0.48235874405479479 0
23.930556117085509 0.47629032177934322 0
23.947456164986701 0.45389234022191582 0
23.9790950924458 0.45282164597938218 0
24.022092585897671 0.45116582831374152 0
17.50228686987607 0.47504418859518083 0
17.488473155636061 0.43893680724384471 0
16.829108596801959 0.47865474827395088 0
23.21253813891818 0.47865467799321437 0
23.305729810804991 0.48235822336773032 0
23.35372552164835 0.48235287311205999 0
16.97589547913028 0.48176630543947307 0
16.980918488023239 0.45188786550206389 0
17.019722525489449 0.45281918928952802 0
17.060599505734189 0.44334785632079959 0
17.115039141863161 0.43748002173601519 0
17.356661451817921 0.47619424998580268 0
17.368660379527839 0.44517286842376241 0
17.308665740974789 0.45219670507447912 0
23.740090993934459 0.47921724757131018 0
22.73292174806614 0.48156115125604121 0
17.931129259559661 0.48050605645521183 0
24.36443519914954 0.47865354414328998 0
24.31603952405035 0.47921724756855932 0
22.201186784751592 0.47979850109495381 0
15.82168469147781 0.47057290922988548 0
-8.262570982842135 0.47691107956661111 0
-8.2768050479848014 0.44781100937941498 0
-8.3105569028053203 0.45551380083451842 0
-8.2143525288905845 0.45215443928265991 0
-8.3463087894459278 0.44473504433886762 0
-8.215685086199688 0.479258227601492 0
-5.9196113969578947 0.48007052465641992 0
-5.8671113334306968 0.45325020674757721 0
-5.8686360794066328 0.4799622123220193 0
-8.9340137330236029 0.48005014167502208 0
-8.9834211272888318 0.47660957782132157 0
-7.5425451395672889 0.46994228367201629 0
-7.4971690135291107 0.47925822760152792 0
-4.9580522970748531 0.48187420587011398 0
-5.0079310425637686 0.47265187290938909 0
-5.0580539310174952 0.45655140501395081 0
-5.1979175809971876 0.47925822760160652 0
-5.1837141518344936 0.44677686002473288 0
-5.1480366167550207 0.45791484834152307 0
-9.7006183030581052 0.47925822760189651 0
-9.1268243120575789 0.47690576075500168 0
-9.1120503777995925 0.44797984738738272 0
-9.0785494442887451 0.45442353687210479 0
-9.1749476344473546 0.45161304371683619 0
-6.7805735097292983 0.4800708626659711 0
-5.7248293676149569 0.47925822760155179 0
-5.7151037537029641 0.44601360878687962 0
-5.6766910220567972 0.45564467908909179 0
-5.6360205411912396 0.44152452401595682 0
-5.5946422519944106 0.43111989356212982 0
-4.4312630281972742 0.47882277486579999 0
-4.4804029444355686 0.47751531949897003 0
-4.4686831284046864 0.44447045668002672 0
-8.0736340657142236 0.47614604213838152 0
-8.0534908524156581 0.44446946266513032 0
-8.0229794312626392 0.45431340693496669 0
-8.0659759884751114 0.39939492877547422 0
-8.0238931649789329 0.48195979407217632 0
-4.0461602920755038 0.47548050531872482 0
-4.0674647499375816 0.44047779266608 0
-4.0236628555586451 0.44042291723238369 0
-4.0989101020598042 0.45634011708340039 0
-6.4430931436228658 0.47590659855180678 0
-3.762244386292577 0.47809978800322478 0
-3.7461784611961209 0.44946188736159037 0
-3.7136494110019989 0.45593817045342389 0
-3.6776590015040389 0.44051048747717692 0
18.557784963644529 0.47669203292916112 0
18.546093352732569 0.45051286832913928 0
18.5105050565368 0.44618299033454911 0
-9.9178093865759678 0.47621430453203772 0
-9.900968779593418 0.45345851947337651 0
-7.7366914582237216 0.4715416597052437 0
-4.8124102044147108 0.480007591717175 0
-5.3436168008702607 0.47566785189823457 0
-5.3297793787385004 0.4416754473220007 0
-5.2946910852557956 0.45291424218641851 0
-5.2589441203746166 0.44405723310995793 0
24.940669346395531 0.48103596696933237 0
24.890183041250548 0.47407173957599119 0
24.864705978842149 0.45647314409797979 0
-7.1146832606560784 0.4774725063599477 0
-7.1639656866111219 0.48000578702756769 0
21.628274883649059 0.48026710806973472 0
-9.3663217910193524 0.47691870050491397 0
-9.3511043211685099 0.44795045160308439 0
-9.318325919297445 0.45506709956732733 0
-6.973092173737867 0.48059389421221171 0
11.62560395487291 0.4777006463152067 0
15.24245038918478 0.4823505395993512 0
-5.5352929844524397 0.48118959133203731 0
-5.5452003494497157 0.45339765161649409 0
-5.5024980534379671 0.43471428599904938 0
-4.6211087648162081 0.47566789373951701 0
-4.6334174847922984 0.45177905832761422 0
-4.668703713223529 0.45321486706816011 0
-8.59649860471756 0.48238264957822108 0
-8.5889920842938583 0.45158629890612129 0
-8.551121686926713 0.45664425018211802 0
-8.5990918005878285 0.40208501068451707 0
-8.6467947298048831 0.47925822760125369 0
-3.90259259129094 0.47566759068569853 0
-3.9193612003511031 0.4529152300334609 0
-3.94943462076056 0.45811214278273799 0
-3.858683275739248 0.47566849154137592 0
-3.8459675272984968 0.44030688384003858 0
-3.8097453127005871 0.45290837309653748 0
-3.8847607937150381 0.44448716604294769 0
-6.2038400827266811 0.47925822760140357 0
-6.2513655757983164 0.47609530035716752 0
-8.5510184068105115 0.48303214107689812 0
-7.929276879143222 0.47693659726756737 0
-7.9171170769236214 0.44771093224520359 0
-7.8813621364910524 0.45292002150951888 0
-7.9800506850867112 0.45302616752417407 0
-7.880377585618688 0.47925822760146669 0
-4.577199449264743 0.4756682923749585 0
-4.5604231740362531 0.45331055126613001 0
-4.5282601497927129 0.45290781615350728 0
-4.599153786748535 0.44137264338794502 0
-5.5830570243558668 0.4720408092881101 0
-9.3175929686344148 0.48271671095394048 0
-9.5090140170153319 0.4792582276017226 0
21.000985534149962 0.47808425277752692 0
-7.2116786273223372 0.48300837340895142 0
-5.2938926120212404 0.47987234603475287 0
-7.6887732995738238 0.47925822760140391 0
-8.8383990158515413 0.47925822760146691 0
-8.7904979443401459 0.47925822760150599 0
-8.8093447114754682 0.4531136478740499 0
-3.6659753244443101 0.4756337732187913 0
-3.7131416810651579 0.48002989966707837 0
-6.4916342388080999 0.48032902000074351 0
-6.0601368681930277 0.47925822760129028 0
-6.0152453148667853 0.4798919564289415 0
-4.0967363694128442 0.48297131445732822 0
-8.4085362764402696 0.47865949162171328 0
19.662327684580319 0.47055055553314501 0
19.708451283122969 0.47921724756982148 0
-8.1198829431761688 0.47925822760126879 0
20.42928651864268 0.47319905067375101 0
20.47891894080745 0.47985524964609633 0
14.044957403652781 0.47921724756857798 0
14.05679650411165 0.45315663020113489 0
-0.16706623678338631 0.59915795494042978 0
-7.354298686508038 0.47998440620456018 0
-5.1496205309402017 0.4832862607089527 0
-5.1011076497322208 0.4779734137421624 0
-5.1133635111254847 0.45183794501289631 0
13.85517230422513 0.48062422178038777 0
13.860671714323489 0.45266581429285552 0
13.89999072600599 0.45282410199224332 0
13.90077436210008 0.48225171942590678 0
5.3784190781215706 0.038537210924733681 0
-9.8443215175904406 0.47925822760146258 0
-9.8692328481314338 0.45290927387757018 0
-9.7990299641929752 0.4819015364023625 0
-9.8025340093141722 0.45236918414830368 0
20.237923822934789 0.47394524971009522 0
20.286587028643879 0.4799468732009543 0
-6.685550663664789 0.48002240115097161 0
-6.6322798785490402 0.48004128113127048 0
19.852073259126161 0.47012553010341651 0
-4.337910445008851 0.47596983229420298 0
-4.3206303465379401 0.44381192437640782 0
-4.2868186758813476 0.45636034097908018 0
-4.2876015130113911 0.48297535923646412 0
-8.1705782438593442 0.48174338157219332 0
-8.1744606493540246 0.45751684477771348 0
-8.3113165803659577 0.48000768240908342 0
-4.238910890851642 0.47695375484190139 0
-4.2517034915599314 0.44896996459427402 0
-4.1947631112160844 0.45126048563647808 0
-5.9643425603551279 0.47832544903747309 0
-6.5362088700358756 0.47983596809242252 0
-6.5870486548161296 0.47925822760153358 0
14.43107820738296 0.47582739352706049 0
14.417888810156221 0.44705314848229999 0
14.384606328715989 0.45781015462723912 0
-3.618429125336013 0.47915768548386989 0
20.861005019784692 0.48117367313320092 0
20.81235263251271 0.47921724756932071 0
-7.2562393636284384 0.47127486804611379 0
-7.3051621237810176 0.47977701805077078 0
-9.6527172315473031 0.47925822760161391 0
-9.1737065164335867 0.47925822760118669 0
-9.2216075879451349 0.47925822760126269 0
-6.8772714619215591 0.48057176222359171 0
-6.8864303517611178 0.45340509062408152 0
-6.9213930713206908 0.45291029317178638 0
-6.824836452662197 0.45244223586897159 0
-6.7895484409760662 0.45323503858239961 0
-6.8266095927440746 0.48005891593797168 0
15.055267116897051 0.48216849192429179 0
15.05329750875087 0.45466437898510048 0
-5.6770384675443646 0.48001455120436609 0
-4.5278245909021164 0.48216792710196971 0
21.436296873470749 0.4792172475697033 0
-8.4551904437581289 0.47925822760149922 0
-8.4393570947688836 0.44946152145165352 0
-8.5009281423124072 0.47590076337026938 0
-8.5144319508330604 0.44986454641524498 0
-4.0018913162384866 0.47368157007669198 0
-3.975359244511278 0.44155507580407122 0
-6.1109768948549226 0.47990636464133768 0
24.86737231643772 0.48143055439797561 0
-6.3957201304049347 0.48012141458311358 0
-3.8093087977104791 0.48216809228066038 0
-8.6946958013166373 0.47925822760118669 0
-8.6771434386241921 0.4511741936409045 0
-8.7428806056288408 0.44800768993981521 0
-8.7426536193883972 0.48130482902843769 0
15.581420460311829 0.47560715080092508 0
15.5940468583571 0.44395102960250848 0
15.53152134558184 0.45031533351721531 0
24.553618292722899 0.48234537157371099 0
24.505622581879759 0.48235417717113138 0
-4.7165118123146694 0.4823850783778143 0
-4.7672352716791524 0.47940532089894122 0
-5.3875261164217401 0.47566848587450222 0
-5.4043055967899054 0.4536057988727904 0
-5.436462468200645 0.45290912633778591 0
-5.3708620207209732 0.44705831691796633 0
18.126590161863081 0.47562554446524891 0
18.111934102759289 0.44411705846413402 0
-9.4611129455036664 0.47925822760132542 0
-9.4765732131931255 0.44856005860275427 0
-9.4124557262455824 0.44739897916191779 0
-9.4130606444427745 0.48118308687286221 0
-7.069341177267801 0.47981785962715978 0
-7.0162958274008229 0.45156638333303217 0
-7.0183058318002596 0.48014581203275392 0
16.202256439439779 0.47350986692051672 0
-5.4371049358240153 0.48053021337799312 0
-5.4866469975593972 0.47224060472310558 0
-4.6705453781483017 0.48234626445428008 0
22.588193933702609 0.47921724756864542 0
-7.7845754425962532 0.47925822760140291 0
-7.8295931147878308 0.47205413372277838 0
23.980069548148538 0.4792172475703641 0
17.546642944113898 0.47561822481605731 0
17.56344196561453 0.45276072357203301 0
17.59335347311556 0.45765038498961319 0
17.528668875182781 0.44427475758324769 0
17.62601630540793 0.44068476918761412 0
-9.868464212302797 0.48228514581613069 0
-6.3470572793520894 0.47596836417200661 0
-6.2997514781347652 0.4802709607327933 0
-6.1559390112153851 0.47925822760147219 0
-3.9514471091845418 0.48271149984674627 0
16.78167117650661 0.47141831770108628 0
23.164142463817349 0.47921724756864542 0
23.11614675297643 0.47921724756950501 0
-7.9769865585345272 0.48170234619005048 0
23.401721232491148 0.48234329257190489 0
17.02069147591649 0.47921724756920941 0
-5.6289883161542811 0.47580425292847428 0
-6.9225327814243904 0.48014242164569199 0
-9.2695086594570011 0.47925822760138048 0
-9.2477012262835956 0.45119458248521688 0
-9.6024211064611293 0.48238416211782309 0
-9.6011721738727616 0.45371999289468612 0
-9.5570510556904971 0.45318831742889681 0
-9.5766360168540334 0.4055704628516093 0
-9.5569422819588965 0.48234095452641468 0
17.308665740974959 0.48212624004235433 0
-5.2446987351092904 0.47641254557075952 0
-4.9074901865275882 0.4800608936562597 0
-4.860824877901412 0.47379502432168707 0
22.777240853712961 0.4805552997418846 0
22.83055740219487 0.45306765559163692 0
22.828172487916689 0.47921724757154671 0
-7.6394578844937886 0.47249434083571679 0
-7.5929711565515419 0.47925822760155051 0
-7.6055754671855924 0.45318508417161862 0
16.397298058371732 0.47965793313129318 0
16.44333791082575 0.47084624466029962 0
-8.889010516328046 0.48176096693854481 0
-8.8878730351710793 0.45106131933874988 0
-4.1919950792724832 0.47925822760165482 0
-4.1419041513636916 0.47997188117669171 0
-8.3632039422503155 0.47443309644190418 0
24.26804381320828 0.47921724757017109 0
-4.3821276768247603 0.47538626950364837 0
-4.3941939460361654 0.4503762134414071 0
-5.7708143962654974 0.4830122686978518 0
-5.8216193169030861 0.47694857715406591 0
-5.8057295734177909 0.44286303836164692 0
-6.7307209037953504 0.47825304530400392 0
-9.0300033018985424 0.4792582276012845 0
-9.0423847628179139 0.45052967634676511 0
-9.0780333875858883 0.48258799841489552 0
-9.7470578904877563 0.47641024601619841 0
18.509174729981691 0.47995770736538301 0
-7.4013668705066804 0.47925822760147552 0
-7.446305989401937 0.469470353643688 0
8.6656668554446075 0.044211380893195977 0
-5.0549457652260319 0.48057289416659149 0
15.29044610002787 0.48233974816379571 0
19.086541927264719 0.47554358529294272 0
19.07057541451347 0.45132844351409868 0
19.039241266880381 0.45481558444393971 0
19.00293368319532 0.43930430204222681 0
21.051409542522489 0.47889961252185309 0
14.66680928224342 0.47549014106793031 0
14.684479694007569 0.44377213658409481 0
14.717724790703819 0.4557001577212102 0
14.717062842504131 0.48282693057170051 0
10.87116254210596 0.47609905701938321 0
14.0932720445144 0.4726768402144168 0
14.14015582542571 0.47990195754763271 0
11.819077831261209 0.47885457342594151 0
19.89907251277473 0.4753032159958826 0
-0.86143337069097337 0.46306947360015099 0
14.38209422411107 0.48271624130347301 0
19.373161847042891 0.47112593226023303 0
19.324085632122969 0.4778245095085909 0
14.9568759096693 0.4792172475686382 0
14.97687166652784 0.4502862416262669 0
15.00487162051185 0.47921724756914391 0
21.387166908177949 0.47276397157264199 0
21.337207050528889 0.45345752958919211 0
21.339663307872449 0.4801878948826086 0
18.752402046492811 0.47562338738884141 0
18.796532777107149 0.47921724756864692 0
18.77834225455894 0.45459389128747207 0
18.821311657930451 0.44020924319376592 0
2.2807582296328039 0.47867277879244979 0
24.819994487901379 0.47921724756915202 0
15.532824439785189 0.47921724756917911 0
21.913309081733491 0.47981504987227819 0
21.96424969274339 0.47921724756942502 0
24.601614003565771 0.48234037281622599 0
18.170586230135289 0.47561316100716511 0
18.182432382061489 0.44354111844393002 0
18.219666631314901 0.45279628804144761 0
18.14765773655586 0.45370664964138557 0
16.153733264644242 0.48210141940490708 0
16.145274707024662 0.45363419131200838 0
16.108347236317101 0.47078628650471488 0
22.540788806146839 0.48190869520631457 0
24.027509874027729 0.47921133242700648 0
17.644635716875701 0.47921724756899031 0
17.595512116114609 0.48254667647830612 0
16.732717210859001 0.47921724756941331 0
16.750897546790679 0.4513122960034997 0
16.6850621179833 0.4688242992545853 0
23.44971694333422 0.48232954299292968 0
17.066637547864701 0.47783874810645188 0
-3.0655122029401309 0.45195304812695319 0
23.646499357790219 0.48232819772385338 0
23.645091660999942 0.45275418991680622 0
23.690874031692839 0.45268717787704971 0
23.691851032811389 0.48222433460286812 0
22.873215445479861 0.48052025401431631 0
22.926372302145719 0.45289990421067761 0
12.464201858090529 0.039060059929830138 0
17.884627077339339 0.48081183895406421 0
22.25215396884732 0.47818343146935161 0
22.297069023250511 0.47995623630786022 0
15.868794415685811 0.47921724756828071 0
15.915708144310649 0.47687607991719649 0
15.928789054239321 0.45315323337483598 0
15.96338661174965 0.44863453542742182 0
18.461557215782729 0.4761748419816324 0
18.473761449794779 0.44394632157103942 0
18.431582642261159 0.43194129243836987 0
24.794076804045499 0.48293599106384488 0
21.676693401563 0.47607850672998192 0
15.33912667296395 0.47997674641661953 0
19.03723582268988 0.48119005249326202 0
21.097519576997509 0.47696431028431652 0
21.14832260841262 0.47921724756931228 0
14.766818696299261 0.47571318902590981 0
14.74849316485343 0.45374059675708522 0
19.562544322161369 0.48324357058044781 0
19.613723891218129 0.47663206648227979 0
20.524935691844689 0.47282619545952248 0
14.190475694906439 0.48009565773387342 0
14.19398371404167 0.4506799004306784 0
14.235127350862109 0.45038080618723098 0
13.804205573187071 0.47994982261078772 0
13.7569831385951 0.47921724756913608 0
13.747673946679541 0.44761896929058947 0
13.70903106914021 0.45230571368016081 0
20.191757607860151 0.48044682460897969 0
19.951881428962299 0.4731805587401573 0
20.71579024656765 0.47888637992839062 0
20.765593708193631 0.47863893846630229 0
19.42047701806559 0.47921724756967538 0
-6.9817457992214003 0.453267195232602 0
14.910884374980681 0.47559866027745101 0
14.894605641135771 0.450254558106849 0
14.8587383754857 0.45072073227697068 0
14.93289982859555 0.44132029510440379 0
4.8233909066005394 0.041233394807461847 0
21.868258271057989 0.47921724756941808 0
24.653467605077221 0.47635544169944077 0
18.220584246992491 0.47921724756968631 0
16.06077725905779 0.47921724756791889 0
22.44420680117382 0.47787032241369137 0
22.488136208736499 0.47472018716997583 0
22.504825224473709 0.43830172294472158 0
24.076735548121519 0.47962237172113042 0
22.350435554493959 0.45315446430701561 0
16.63815491458698 0.47638821473320558 0
23.02015533128985 0.47921724757077627 0
23.068151042130769 0.47921724757228412 0
17.26207797715276 0.47839737387645398 0
22.924163909603269 0.47921724756864542 0
16.538729815319989 0.47559484393710189 0
16.552733295197971 0.45306047021679707 0
16.592008527098301 0.44973785782615078 0
16.49273865664496 0.47921724756961243 0
16.478945820730399 0.45220468333415459 0
16.516712857654749 0.44133703900786342 0
17.83698506223832 0.47878518396616332 0
17.82228889166587 0.45503128409678772 0
24.22004810236378 0.47921724756908279 0
24.172052391521699 0.47921724757138501 0
0.62849756017201308 0.42603194861844601 0
15.96450599224721 0.48141380611294288 0
18.41256709036325 0.47921724756919409 0
21.724069053704511 0.4802679849990657 0
21.772503943208079 0.47613448363837191 0
12.26798774605904 0.039439423747494748 0
11.567454173425499 0.47818119581634821 0
2.0157977332050518 0.4752749647215096 0
18.940519909637 0.47921724756994188 0
18.960087305019599 0.45391234411603448 0
18.916775527830222 0.44220091356762148 0
18.986170864767459 0.47523070941777368 0
21.196975741040131 0.47643969878827208 0
21.18031511434555 0.45361982056440753 0
-9.262918929985382 0.40110731791456289 0
14.81116874556443 0.47482823436517713 0
0.4980782897765661 0.56084769397882572 0
20.620573722408579 0.47871419767283913 0
20.573623446030759 0.47924283843677212 0
14.236577667792 0.48176306026490429 0
-0.75224103202284009 0.083108119713404982 0
20.096071329712409 0.48067340164162009 0
20.142303242663679 0.47414902722328528 0
19.994286535743591 0.47524731950942622 0
13.611708029447991 0.47341171313466113 0
13.563653490332401 0.4565873040320455 0
14.332931668710129 0.47921724756910428 0
7.5474595662153154 0.47904204837240949 0
21.292643044489608 0.47618180143713629 0
21.246541010729398 0.45512731556991931 0
18.894362767257601 0.47529195680983871 0
18.877433178410669 0.45133150950495421 0
18.845853130700661 0.48074332818857068 0
15.484110928009089 0.47480059163484739 0
15.49701281339898 0.4469773861776547 0
24.70232934887796 0.47011722255180871 0
18.273821895158012 0.47400407133883832 0
18.316575668677029 0.47921724756872242 0
18.30457674096634 0.45303510976832528 0
17.692631427719 0.47921724756806511 0
17.740627138561099 0.47921724756901812 0
6.9122742975756264 0.47823937098009228 0
16.589385768083918 0.4816344705926886 0
23.549253404317369 0.47906374487952469 0
23.497712654177839 0.48231171022902669 0
17.11594170436268 0.47603824601293998 0
17.16214176212873 0.43824732743554162 0
17.17049839574802 0.4741835786707892 0
17.21267431928846 0.4792172475692546 0
23.59650382566188 0.47770184045367381 0
22.972159620446561 0.47921724756916761 0
17.788559624439781 0.47022401340182829 0
24.12391846939563 0.47080592894167472 0
22.397356344085551 0.47905427610876339 0
22.348215379488529 0.4792172475703102 0
16.012781548214502 0.47921724756864842 0
18.364571379520321 0.47921724756912593 0
18.348708506675202 0.44978873535343677 0
12.108791052452821 0.47158345245138689 0
24.74800092163645 0.47921724756864542 0
21.820262560214701 0.47921724756866679 0
15.39055064886719 0.47995533643954319 0
15.39873236336371 0.44986795535626611 0
15.433521608192761 0.45563014458069151 0
15.436170736117671 0.48281292794359648 0
21.244759426225219 0.48271236214144198 0
14.860880042674699 0.48136595884127958 0
12.490439208263259 0.47875550266828748 0
19.46655290047579 0.48293925428983148 0
19.51646843975217 0.4792172475691398 0
20.670354572686769 0.47838392846957151 0
14.28493595786731 0.47921724756896589 0
16.263263478942601 0.079296494630192546 0
13.663391502450899 0.48228891965665871 0
13.66596531651555 0.45372793340095491 0
13.708996156029389 0.4821480417634903 0
20.04995784952914 0.47413951065597038 0
9.3113889112333919 0.48010615191607281 0
9.8741276467821173 0.46310402039273518 0
12.64518726756986 0.46484141952968128 0
1.743457927275492 0.070009961307323551 0
15.567461540891999 0.087027765396377826 0
10.416243440134981 0.47833252141266058 0
4.1693071133358277 0.40196254837157969 0
-9.7635949739744063 0.45281890366221927 0
-0.61606342305828243 0.43267065728342607 0
-1.906311015986162 0.47781270866235043 0
-2.8183863315673729 0.10994706102703231 0
3.0908424209581882 0.0873759712368537 0
-1.997265616373251 0.43672895123812872 0
-5.2205231026066707 0.45556306164309662 0
13.56568095262533 0.48058995006220551 0
-0.92426743027863234 0.51751784580099824 0
-5.170986983129696 0.084925159499784686 0
1.691982843371914 0.47690084239892028 0
14.014862143220279 0.45488241244935013 0
16.18739026710438 0.44375885964516132 0
13.590525714054589 0.084703922104976334 0
13.654042203972759 0.13868585265085709 0
-2.3229810071274062 0.043739627610514482 0
1.518363998717525 0.047149785829678471 0
1.519108368181721 0.4011234409450653 0
1.7929468540986711 0.08311655734355243 0
-4.082254651497939 0.06944383557698236 0
7.9251386228636083 0.038484058630689329 0
5.2717031013859419 0.43844696833389951 0
23.092926878471129 0.18476990104734589 0
16.030786477221401 0.45241460937937628 0
11.20890222734749 0.046522632549714532 0
14.70085129739595 0.1292698740778494 0
22.3900007755303 0.45084935388987601 0
8.4125634227187636 0.48076659250543302 0
3.3268284057648772 0.039939866402495673 0
21.304308668653359 0.445752593147628 0
-0.80367375750010928 0.070021539055525689 0
4.1546883976195161 0.43643260666858452 0
16.40853655912171 0.45612616670167649 0
-0.56643109812648551 0.086209055372742233 0
1.6672984531966311 0.47878711017988429 0
-1.0632767892488 0.084505036932931127 0
6.4080325650403598 0.47966777618296752 0
3.5193941329623359 0.4623561374881735 0
13.665785294903189 0.37818866197362239 0
18.15084684890677 0.081762855397711054 0
-1.0813846912886531 0.3993686655884075 0
17.242243001782668 0.45402338907388812 0
4.3392945337428284 0.082599167418801481 0
13.344400603261951 0.080794440662236983 0
1.2788401860299481 0.039224843561265661 0
1.697374373904325 0.46154546974496458 0
1.482788370408284 0.083342846851330254 0
9.011373502639648 0.47940412491519768 0
10.21892357843168 0.03968331089271239 0
12.76553417808254 0.039259394138063397 0
8.0579662110139409 0.46741637473327879 0
-2.867174313854481 0.45849374649952701 0
-4.7650898478739574 0.080959312690425556 0
4.3035883143517193 0.473372530818926 0
4.2889975490013761 0.46040707068671749 0
4.0269777488680472 0.088462603577706342 0
6.5758320185611234 0.034271717054885027 0
-3.1518373550283192 0.47806470090686359 0
7.6724412535290671 0.040107529917871337 0
6.8713620268048681 0.040553740807944272 0
4.0651615144940116 0.047481442734620113 0
-0.86527121639512483 0.52553177780861293 0
10.47197784684551 0.038369053131544067 0
9.1229227604774632 0.03395424342185218 0
10.31101247896048 0.41144381643731182 0
-2.0931868991420659 0.47192096729773608 0
11.669612702520631 0.036652640889441382 0
12.839563089922249 0.46455777866581183 0
23.872503046426051 0.44988911105053281 0
-5.9264792204832446 0.45316781613263629 0
19.056082498328301 0.41639706137794102 0
10.34320972282983 0.47887888911975551 0
9.4183553915558385 0.040582584604606148 0
12.79083513724002 0.47779835883025329 0
6.5829592623082354 0.4613279457346301 0
13.40066020664217 0.46322843885253778 0
7.9019257948922448 0.46089526985185708 0
13.2425952485219 0.4788811960509336 0
12.82650161026363 0.44101372570890901 0
-9.6821536860820867 0.45287660479724251 0
22.576195005991941 0.45331322900482279 0
-7.0773977000856263 0.45070741123207458 0
-8.9683946565683037 0.45080569718963048 0
-7.5097612067323896 0.45269046137832453 0
17.417763257037581 0.16569197607213221 0
12.99743566102695 0.4598251787507322 0
6.3947748172011449 0.081260060308414789 0
2.591749807794717 0.38680488638953592 0
-2.2778117782308032 0.46311107443547278 0
4.8235498642195118 0.47982860026381657 0
0.20792317977954031 0.59395437294278408 0
10.99221411646405 0.076319246435436999 0
11.967313254742701 0.040396727213234188 0
4.2430489554039417 0.46473146433562812 0
13.747927364729961 0.098376983575539867 0
24.78299788589878 0.4580916567305659 0
12.08281088637076 0.46360946496405142 0
6.5884118208562326 0.47429938762791801 0
13.01856213899628 0.038311246137266872 0
9.4552890722272185 0.47894592538961728 0
1.824315011322946 0.47308704323473288 0
13.10191757049019 0.4761260261395111 0
-2.3265226094707572 0.46886988131781898 0
17.20011043865636 0.45510380717790438 0
6.8217818299375468 0.46819421011497048 0
-1.1399631731861559 0.49595467705781737 0
-1.865988970124014 0.033620104550569498 0
-4.496402142604305 0.1626092497731674 0
8.4455079507876736 0.075492347158641532 0
0.45722275490176739 0.56527244715224612 0
14.303199420231801 0.45151645915259342 0
2.9279984551221498 0.47827478097051712 0
8.9414554255003651 0.081408462558882386 0
0.68100793086742395 0.035484631305965367 0
17.704630355430659 0.45308059393738548 0
0.77213956547341056 0.53786153972115269 0
3.2214237314650691 0.036918307212548671 0
10.858500173319239 0.089175797473553142 0
15.1035430838295 0.15282559650443059 0
8.3124308450754292 0.08904351128105939 0
5.7661584404344071 0.089160651202040905 0
16.96881320707671 0.18345414758846629 0
-1.044449769519928 0.50535362463580802 0
1.023697748560179 0.042433069113820013 0
1.582838561803243 0.47669323867567698 0
-1.5676407816408029 0.038401681129058972 0
21.11232582528022 0.44694169058910582 0
11.79221203869839 0.080026709972370408 0
13.42205058184561 0.041975829784232671 0
5.73937365954108 0.4728897663210177 0
5.8990688352856546 0.075599326992444121 0
-2.816607553277958 0.4312918693002703 0
-0.68755705197196915 0.5518215444084994 0
13.51979906776698 0.038769289576027932 0
-3.605206953264442 0.45341484634495322 0
-1.349377115159025 0.36390170936544552 0
9.3892949698174917 0.4898060793192604 0
-5.2420186516241953 0.17034669738593619 0
2.102155541414827 0.083534054783102302 0
-2.5517701213817992 0.37681994672242208 0
11.91506925294776 0.47855930487823212 0
24.160053463813089 0.45305245781080361 0
-7.7726001747184306 0.4534109297604722 0
-2.745611222928475 0.47868492288900399 0
-2.718895275232748 0.46033042331457091 0
-3.2723396459015288 0.4790511426816938 0
6.4617426459964431 0.47273464702925949 0
11.48813244037866 0.081822141527962078 0
22.76957126744135 0.45539338697051751 0
10.80017173961812 0.46144003526558391 0
19.596085416759639 0.44998692038086691 0
0.28564373616111638 0.58028860101556057 0
10.031442202978379 0.48007986111221501 0
-1.476115189690232 0.47904867380595562 0
-2.8726077118052911 0.47818819926720602 0
-7.7007485674515888 0.45340178445870971 0
6.6098513158470276 0.47958398778772898 0
18.29149779364683 0.160935176489611 0
3.3788423103076259 0.041831182368120168 0
0.70489618138497878 0.5458870830276199 0
20.11363649388716 0.46542523039198158 0
-0.51106508066297229 0.46450351825680769 0
0.2536237249546241 0.59155010814898779 0
15.327811422213051 0.45270970295804808 0
6.699280441755957 0.08061805474453608 0
1.378193991493575 0.47759873276852882 0
23.75710686631167 0.45217712542944261 0
24.73600199392591 0.45304201939061173 0
7.0419810624620141 0.44590966204153593 0
7.0595926344477196 0.47269422057523219 0
0.45098974690225718 0.57700381495196618 0
10.7511732649976 0.47857081712473992 0
1.355794442496782 0.48195533990906081 0
-1.246522308424699 0.4839251287290538 0
-2.1587007500311688 0.47832972925801981 0
-2.1483247695199128 0.46405768298259398 0
3.5237402992550799 0.036077936093298853 0
14.12835043619936 0.4567097969130941 0
-1.1878791377942359 0.49199074715710139 0
8.0160473737029694 0.48067200759213319 0
10.268954980314829 0.39621375422006461 0
13.790484919701671 0.45557866874973141 0
-3.0894216254125748 0.055275429785299653 0
8.5391387392648852 0.47511442303174473 0
0.80437637583944599 0.07969598867351442 0
-1.1528422942046981 0.49627256256889363 0
5.674927525700916 0.47879421249276222 0
-2.0471230066550121 0.080559585373858822 0
2.9744680259785881 0.46765568964829052 0
4.1563910253057177 0.078430004621815291 0
4.9765894359113032 0.035747205239186911 0
-8.3912338766607828 0.44955893499422162 0
-4.1321187398841497 0.45341666558219812 0
0.99022492333231205 0.43186872260067299 0
1.045400887755469 0.5029105079217806 0
7.2701715409499066 0.47978105479366778 0
10.926015166628 0.40596525748655632 0
2.4292471813174328 0.035703379223370753 0
1.0086766714145099 0.50935093200568304 0
-0.11976274820538139 0.03255239138678296 0
11.73329091630322 0.46526600696781062 0
9.1433169517460477 0.47877779746840821 0
21.021876860849911 0.4557468695231216 0
1.2619584835064639 0.48339336913732039 0
11.9059483644669 0.40364185992534068 0
1.3197408720393251 0.48361436685935061 0
-1.0924011252799319 0.50012443038212329 0
1.4734326034677721 0.47621373700410202 0
11.53950692928924 0.45259104777131048 0
-0.44508714415787282 0.08440934757652177 0
1.6099593481045309 0.078569563254610786 0
-0.91336596325112018 0.52084094447553198 0
-5.4718506053516256 0.44801397928465869 0
1.092202481052966 0.5005970636892989 0
1.0828462215138821 0.48885032465686029 0
0.49986274773887301 0.080344869394475271 0
24.636251647892529 0.44867499073467498 0
-1.7419564600466559 0.07988824747135348 0
1.450701060019719 0.47889265437892109 0
-1.1639255306818601 0.49405570611606342 0
-0.99582215111165495 0.50889160783816978 0
-0.98535586981777346 0.51161804288203561 0
1.3669449814810459 0.48196402229910151 0
1.104517645488186 0.50043014423909782 0
1.0328144592355999 0.50606167417272763 0
1.439649892586935 0.4808888620230386 0
-1.416488475982796 0.48007412947332367 0
22.86528015489732 0.45430306336786469 0
-1.3918414197146329 0.48084045354319699 0
0.99667981464930389 0.50851713281943201 0
1.235802338866995 0.48853497189527312 0
-0.90127688472494794 0.52008904752122853 0
11.5992543391813 0.37589165996100582 0
-7.1755079247798994 0.45321290148694349 0
0.93726909795762536 0.51772918504499454 0
0.94810872964895332 0.51463182566128918 0
1.33053726845591 0.48081877652552751 0
1.34286184914024 0.47051770331660903 0
-2.6256751805069949 0.47906630712360981 0
1.0701299548509959 0.50157403472821471 0
12.57540037284404 0.48056449903496468 0
14.27597834827435 0.2427438680795104 0
0.82912116779744682 0.53234986015663499 0
0.81910814134971899 0.53300726256169928 0
-1.4874698545883731 0.47994473427307061 0
9.6472719156017011 0.4785244881975334 0
-0.93584469685638783 0.51741916650715314 0
-0.93640355168830924 0.078554924021617623 0
1.274135466393016 0.4720198120662738 0
-0.81884144151849414 0.53193872392794506 0
13.52088705206482 0.48238686121796359 0
-0.87717919671983346 0.52661997671616134 0
-0.1536530112532567 0.60009622327789236 0
8.052388112956228 0.47955341383895839 0
-0.85408728829172298 0.52809443918859211 0
-0.19060241636289049 0.59683381004987146 0
-1.2005336091925469 0.49080610289239512 0
-0.11883082849601689 0.60235412490745788 0
-0.36814815339266538 0.58652783870702851 0
-0.37541097759493258 0.57332287880730226 0
0.093448351593169637 0.60483109327067863 0
14.384802675077941 0.124659062356618 0
0.35410200428218519 0.58730679451043521 0
0.97295352395629764 0.5134992465422421 0
-0.40296998408458579 0.58361802478430469 0
-3.2255533254475468 0.47735784776531021 0
-3.2367550713421469 0.47913448144294513 0
-2.7091720021918642 0.47709194602434962 0
-2.6975811225897801 0.48005602300832828 0
-3.2938514602115938 0.47665192966344538 0
-3.4907640129994131 0.47920632656387668 0
-3.48526623914967 0.46220915813854951 0
-0.34498847245068892 0.58703299255978414 0
-1.920147460484618 0.47789428205774198 0
-1.9315037642153241 0.48000327780865842 0
-2.9011063416934499 0.47925662411298009 0
-1.729098826930773 0.4769614277807171 0
0.058301150157773242 0.60496836487125261 0
-1.259364415359318 0.48607105837072118 0
-2.3738800926186499 0.47957479277922782 0
-2.3850901371427722 0.47698143397943837 0
-0.057919864950757717 0.60185637885646603 0
-2.9713166423353981 0.47641280773872607 0
-1.5954397353021119 0.47996885814825091 0
-1.585097730951929 0.47915143623498202 0
-3.1659709082090171 0.47732135524893737 0
0.4269194002074877 0.58046298349058034 0
0.66312478052817014 0.55245654356821172 0
0.66930809219315268 0.53977864956394073 0
-2.686086684169128 0.47844935801602517 0
-2.6369095666880238 0.47787420271154513 0
-2.0508623223759148 0.47925670269498399 0
-1.5357279482526811 0.47982498282325298 0
-2.2534227945525269 0.47616800974786722 0
-3.5413001145399101 0.11939622290032879 0
24.08879091280544 0.45480071930636151 0
-0.63002998885829276 0.55428877982115887 0
-0.61836071162342232 0.54173261859805244 0
-6.6923345835855539 0.45246435157611659 0
-0.30954298096931332 0.58966560238777865 0
-0.48618869757238831 0.57001732725527055 0
-1.7997784782083699 0.48004508893078468 0
-1.8107070056155199 0.47884614227153971 0
-0.64135718515964557 0.55506791235687591 0
-0.69722072987765604 0.54860582987003004 0
-1.932214930136547 0.37386640295898932 0
0.75940168284797638 0.53804290979297997 0
-2.5175781166615772 0.47993127334375951 0
16.276294493142359 0.41804456620099473 0
14.642232154058171 0.45004677230730761 0
-1.450978568825678 0.48090224416317878 0
-1.441492528612166 0.48098134574887369 0
1.151633790903078 0.4926594364533135 0
-0.84287967480121129 0.52780532790342327 0
-1.1280722410458961 0.49722500353842808 0
10.09253401162254 0.39223260763323797 0
-1.2975385096026451 0.48464823770875581 0
-2.4326386662220258 0.48084314918990201 0
-1.8460498085739969 0.47996805748900839 0
-1.8353075005766719 0.47925822750409158 0
-1.103654905338515 0.4999137539415377 0
1.115286368118102 0.49667555916755041 0
-1.870833026902623 0.47921510659921041 0
-2.458461856102049 0.47925771662401812 0
-2.468738880743798 0.4799769859299689 0
-1.513216629660014 0.47955678339602043 0
-2.1701996630212039 0.48023670624692311 0
-2.493289025451968 0.47948564277422728 0
9.0374746711858638 0.39825046398562858 0
4.2350794876831097 0.47893921799673872 0
-2.2315177219108722 0.47616649518234561 0
3.9162765208747681 0.47752537482397872 0
-2.6596693570368251 0.47507265015262717 0
3.778094247649852 0.43768828735269161 0
0.62912103734361624 0.55753257525774558 0
0.64088128531532873 0.55500467469275372 0
6.0831513947428943 0.08405132784829894 0
8.2608456906484591 0.47798820755483012 0
-2.5528735221256218 0.48039453943544652 0
-2.541655734827764 0.4789569207269378 0
8.2068199768271661 0.47907261873956258 0
-2.9265028971370151 0.48060157213536592 0
-2.936372315376774 0.48092533495721312 0
-4.8871202685532911 0.46448255274675898 0
-0.50002414617914803 0.57419442519269037 0
-0.51026182294250566 0.5739348177263347 0
-0.52279802234511896 0.56746819567477591 0
24.54401915055616 0.45329236273126439 0
-1.702217109718966 0.48115393413158269 0
-1.692643957409419 0.48131712002087451 0
6.9911996513564478 0.43689350615907779 0
-3.2603643780237022 0.47925620055090962 0
-2.3493617631607369 0.47962320307255002 0
-1.895144171628603 0.47939197278660339 0
-2.734454026561207 0.48039011479251698 0
-1.559876339388703 0.4792564768070342 0
0.60327552633159098 0.55910601485097433 0
0.60457982770535168 0.54207791823630447 0
16.05090632248865 0.073976975162667782 0
-3.3595297385340568 0.049507988318133481 0
2.6487172390951059 0.43904503693799951 0
13.36108082872336 0.46224481392860939 0
-0.35624916511300619 0.58853871807842217 0
-0.52902236252308099 0.58049939763871927 0
-9.8956920260225445 0.41565941235754572 0
4.6445967120178526 0.4794402482306056 0
4.656400458701702 0.47834509614605158 0
11.02749425053271 0.47922680921920441 0
11.039923506628449 0.47640403010331861 0
11.69775587516378 0.47971130912063492 0
11.688067741114279 0.47962661546579649 0
1.7404688053731681 0.47905809395650117 0
1.751977481925612 0.479217247432423 0
2.411918506016641 0.47921570352994991 0
2.3999616675991149 0.47716109769819531 0
-0.42744272114895482 0.58117679578949721 0
8.8084968911878097 0.47966509290239862 0
11.604310098400401 0.48050715152694629 0
11.613667525595689 0.48068539841987451 0
8.6976268497088789 0.47745071966486319 0
8.7103523330244172 0.47933397543515938 0
5.3269729232717404 0.47724448170672029 0
5.31590306816069 0.47903252032262938 0
3.587239605193524 0.47749523903930929 0
3.576474252940919 0.47915885314036349 0
4.7281394683462912 0.48115506433524458 0
12.874626143524249 0.47987240983298213 0
12.8634639616131 0.47773950563959028 0
9.9464529618980784 0.47772206714384918 0
9.9355135868707318 0.47987392519779282 0
9.9232472529505085 0.47921724756948703 0
4.0786154613039249 0.47973131744958608 0
4.0900607923591661 0.4762763395474226 0
4.0995674422530399 0.45982917542747448 0
4.1215829273792064 0.469581319145152 0
7.6541459075055016 0.48005236111891181 0
7.6443165315513264 0.47990524976635363 0
5.9156053975540779 0.47921531546096069 0
5.9032071929238388 0.47663620844473059 0
13.42609833864644 0.48115728982239497 0
5.8793400000024558 0.4774559722078594 0
5.867543050529342 0.48001362531666419 0
12.26168049962971 0.47972268345086277 0
12.25184604520315 0.47965944606583127 0
4.0440699276744727 0.477527679792772 0
4.055256006573897 0.48036565513279572 0
10.427784346916599 0.48104524102873258 0
10.43959561650353 0.47912340254379499 0
10.44811123049274 0.46593586583848112 0
10.4817424804795 0.47051699574481859 0
10.49690286491894 0.45963993578925277 0
10.451200072226399 0.47921724756962247 0
5.783617192736207 0.47921516789607288 0
5.7948991767070028 0.4770371278520889 0
-0.39026828667004609 0.58326242720115362 0
6.50248089314616 0.47711253706497381 0
6.4910348399721798 0.47819017529048852 0
-0.17827686255979949 0.60008791952095009 0
4.763708337322349 0.47921510267022233 0
4.7525876523722612 0.47756499159769977 0
3.5504768790359469 0.47766034763837312 0
5.291290260950726 0.47989575792750339 0
3.13236963519156 0.47832292685082051 0
7.0311839594931147 0.47771730218223613 0
7.0201497144737814 0.47959957402725978 0
8.09941024090908 0.47921501941983058 0
8.1214469669516234 0.46214256289372663 0
8.1112873375895411 0.47743985088430618 0
13.474929855355301 0.47921494591654068 0
1.7759753373471241 0.47921597920562192 0
1.786688545811737 0.47980260948500708 0
11.062794324705971 0.47682673851272761 0
11.07435415302492 0.47978025610035868 0
11.08811629589003 0.47507938590586918 0
3.0349718598205868 0.47763272306771681 0
3.0237983729703561 0.47915645092595083 0
8.6294457021308908 0.083966012863799067 0
12.322005320449231 0.48007459794404123 0
12.312052236173971 0.47966880027395548 0
0.084227686010612618 0.60494696290708205 0
13.450115973322969 0.47884207521263278 0
6.9578015073112143 0.48025809144490128 0
6.9481333858113077 0.48128233317093849 0
6.9362137127738164 0.4791051207797396 0
6.9243655603131433 0.48061410399823867 0
3.4798230722728491 0.47921587126556381 0
12.2873079226149 0.47889446523921342 0
2.9991647686727489 0.47817632668050858 0
12.17763881186321 0.48004466370096721 0
12.166500990922129 0.47909840635465628 0
7.5354606385040936 0.47921579512220042 0
8.2181442094189805 0.47960496735112002 0
8.8429674097697788 0.47921381878376612 0
8.8324560171029116 0.48019929719517412 0
10.559616819127109 0.48056320287411902 0
2.43562953987793 0.47930107261264948 0
9.8749894840674219 0.47936512243492102 0
7.1043825504385296 0.47639275481559801 0
7.090497488312332 0.47580481965490112 0
8.1348740421792645 0.47672452158851331 0
6.3955625059839276 0.47921598331697152 0
6.3882697658482961 0.46457225820965931 0
5.3619309227051639 0.4798677617918915 0
5.3524138260739447 0.48069382636266939 0
-0.073494709876850611 0.60095842629699758 0
9.2998264366174404 0.47812170786411379 0
9.2643523757857196 0.47925657899845692 0
0.047551569171293863 0.60411575822184616 0
12.201923538053141 0.47920975841959912 0
11.00359856159236 0.47895276263803999 0
3.6220214722758879 0.48011907543555682 0
3.6125165041059391 0.48092755221508521 0
11.579445888387511 0.48008434424472379 0
7.5952277643560846 0.47964313881587778 0
5.2436152082033356 0.47526556800757219 0
-6.6255603957028564 0.45259824917405928 0
3.5029586724409052 0.47989844076242838 0
7.6197258102674406 0.47936385090212741 0
12.898619686463 0.47945914881845753 0
7.5118204844594167 0.47913956015401959 0
11.16004227797956 0.47904483521946722 0
8.7601871800469109 0.47732318222637837 0
7.5729738749868778 0.47864336305174587 0
2.3769312192292702 0.47574907730744997 0
12.838986686682061 0.47921604999925138 0
7.6795415781937049 0.47964281224970728 0
15.123390825545091 0.41874200371108178 0
11.66367177310903 0.47916722165451309 0
5.9396032529754148 0.47921531546058121 0
8.7349666842755571 0.47938576201044508 0
13.37893565307334 0.47817668708269179 0
4.1999403112580138 0.47974281047619738 0
5.1822387483214074 0.47646001233436358 0
11.638362910010031 0.47930554093309619 0
2.4606480423300461 0.47787586094758833 0
-7.4133421383844134 0.45339661340908077 0
5.8436118312892713 0.47921606047167858 0
5.83148921678647 0.47757353405608632 0
9.9016575089416037 0.47668658885212678 0
12.227041373431179 0.47921606083656132 0
10.40441853707642 0.47978216476711782 0
-0.24929503860215621 0.59515841415424053 0
-0.26151638750245981 0.59660543435090652 0
10.01899575442854 0.47711558918191538 0
6.4188886401868226 0.47734581680038701 0
2.9396775170841272 0.47949720906528248 0
1.885412196679233 0.4779046583978166 0
1.89687471883606 0.48048731396327099 0
1.9078963664092199 0.47872592355748239 0
9.3233175481885215 0.47714514741644731 0
9.2395234967142397 0.47880692988993712 0
4.787355468764817 0.47897862812487901 0
10.97898744394821 0.47719553694446659 0
10.96571907123943 0.47663452176443882 0
11.55550703038438 0.48061678830535909 0
11.5417760672297 0.4745236827620456 0
0.11838322389923379 0.59937035309699738 0
2.2688346801288479 0.47736258320965308 0
11.760058492063109 0.47954407863152559 0
9.8037618707284366 0.47888742629067782 0
9.8178181963855948 0.47883878151435771 0
6.1470295480903907 0.40411698582961442 0
13.93666908482504 0.099158029978829221 0
2.483855810409032 0.47676896463763668 0
12.922845900069561 0.47980222803950517 0
12.93382856226142 0.4776655173078963 0
11.18456142497439 0.47967444002329951 0
11.195133590298189 0.47921724727546572 0
9.4436605710453954 0.47962941176586038 0
3.0603056902974251 0.48017385934011009 0
12.347811836499631 0.4779619055422264 0
12.358964412531421 0.47939970014908612 0
15.283345992236629 0.45314086266081571 0
7.4754659999507176 0.47921329261798817 0
7.486740311565292 0.47903148365194331 0
-6.5293152036611266 0.45245064296644127 0
6.8999867901287146 0.47983148030092998 0
7.1258773169757603 0.47658122801171421 0
7.1389259553984949 0.47612557922467252 0
13.28277925976168 0.48066940282911069 0
13.270842083100421 0.47916197642743957 0
8.6400975691397353 0.47950350263326608 0
7.716117478736483 0.47754169390264911 0
10.37919713125544 0.47953826997947879 0
7.5424983588662613 0.39349422995293443 0
8.2920892342800574 0.47724376247085948 0
8.3035560765356298 0.47951821122176153 0
5.975293121397117 0.47895874323133519 0
3.4086006501803681 0.47855976616329388 0
3.4193504738620781 0.47981132980785662 0
7.6115837450817523 0.40301133197711742 0
4.8124294600083788 0.47702900146555938 0
3.983889229267807 0.47786547173968158 0
3.99546471902516 0.48110970687681021 0
10.616761854407491 0.4759875267850473 0
20.209278684140251 0.46533192139072671 0
2.2434211678866851 0.47942277692502921 0
11.78313263313761 0.47950396845554799 0
15.62114045910157 0.40548070385860552 0
11.172034451879609 0.086170343050567005 0
10.042944041181689 0.47802754649946372 0
6.5635474939341734 0.47921388327068731 0
24.44802772886748 0.45335922513668347 0
3.5485026140326692 0.40629593858500751 0
4.3837140917748947 0.46690908537165282 0
4.5597265662399229 0.47921379798438862 0
4.5483157923563438 0.48019084079954322 0
9.4686112303059904 0.48109388198193609 0
10.943152041275219 0.47730115780042642 0
5.1375544960537676 0.47643695346421627 0
5.1488342227107848 0.48033138892471589 0
5.1603086336697546 0.47786527789842742 0
8.8887322378632838 0.47687157820123238 0
6.2990515503101427 0.47803115338911029 0
6.2885508338063296 0.47948104288177362 0
1.655607286330945 0.47982258962050989 0
13.627804990836131 0.4510007945965897 0
9.7792601204184404 0.47921361783784272 0
9.7682610375809826 0.47981172223692659 0
8.6156807800607158 0.47921168597705122 0
1.5726129128723709 0.40914774513788699 0
10.355036966948401 0.47949286818203202 0
12.95918879886975 0.48037318544773161 0
12.970809252479929 0.47872993672280628 0
3.0952735091928658 0.47668695036655118 0
11.220814656921039 0.47978665847790147 0
11.23116807118609 0.47979544472698982 0
4.8346616441568484 0.4764109927347856 0
4.8428136672502688 0.46398324508340738 0
8.0266031033807099 0.4794584704746036 0
7.7413405006850953 0.47686034741788519 0
6.0005616216932722 0.48059439337705429 0
22.963775375933061 0.45038684056803791 0
3.3838316505869122 0.47921301054911258 0
10.64474568596993 0.48007967675367419 0
10.65518184331053 0.47921724670420829 0
20.928619345434502 0.45612253290017069 0
-4.1110253284470151 0.41642870932759529 0
7.1639434609125416 0.47874840738924779 0
-0.00032652286910136031 0.60513328810511835 0
2.218360450446224 0.47977376477396722 0
2.208439911837186 0.47954970247676032 0
11.807868991095351 0.47721170180712807 0
5.4251918267479748 0.47905241391866138 0
3.959221935894266 0.47884853316222958 0
-6.4313701724050603 0.44524041056315822 0
18.001379435729671 0.45275810923242438 0
3.6848022348916198 0.47954832605165942 0
3.695803771066227 0.47921724657771031 0
8.3281708709293731 0.47958867754874901 0
8.3390122724173672 0.47759626693080848 0
12.08312679035717 0.47917607884730751 0
9.1793137348769243 0.47921071551793137 0
2.5486812974819211 0.077569858423609944 0
-1.2307640620931499 0.47074189076067502 0
10.919711426448069 0.47762573024803051 0
10.90797447009388 0.47966486542297682 0
1.630551202623874 0.48010747143964128 0
1.620761969553502 0.47997688942522337 0
13.473334903759261 0.37249087117913598 0
5.1097730974388096 0.47746449229393267 0
8.9163379502235944 0.47673806539261299 0
8.9277092166977425 0.47885111105138628 0
5.0870892698924539 0.4780427826590965 0
8.590744862113521 0.47719206333146041 0
8.5797341149135367 0.4792250221843064 0
3.8523434954310098 0.47799948589607261 0
23.800085632489171 0.44678027173877932 0
10.331210795118521 0.47921191256017009 0
10.319157190036361 0.48060580005291098 0
10.307212939697081 0.47921724756962097 0
10.281415894049481 0.4585440447416444 0
10.27088011931254 0.4752448119421171 0
-3.387438960201683 0.44101617922386299 0
-4.7884300686019996 0.4631321213117599 0
2.78297964927033 0.48045706288724888 0
9.5018478330195286 0.48074795572568713 0
9.491285855360589 0.47921724470849608 0
9.4784750185485347 0.48153263177337641 0
4.8601154907235786 0.47984210440439767 0
4.8700684337527829 0.47925691981523838 0
4.5227628663353574 0.47657065968168533 0
4.5311057715047216 0.46420203607359523 0
4.5113499855724912 0.47870674777574002 0
3.1214791991180828 0.4795910318370129 0
6.2627528017225771 0.47620883958954352 0
6.2716089012547256 0.46308477750241228 0
6.2515979129075774 0.47855377714264202 0
12.407715991832781 0.47743973745009077 0
3.8363616844296371 0.037220235719429132 0
1.4999622411487259 0.47926784055025662 0
8.0039214017105262 0.47898685855344419 0
7.9963083343869936 0.46635158702953172 0
-2.489227920266754 0.40289113355532491 0
9.7431323530805649 0.47894866687850501 0
3.0266541291055069 0.039055251765692051 0
16.627016452662559 0.45328341222275947 0
10.296121469141109 0.48043923153669787 0
11.48322732730249 0.47920948433245159 0
7.1891680004673617 0.47975960921313071 0
7.1991110203481314 0.47959389176519729 0
10.53956538784594 0.46630053756019502 0
3.7413473242940962 0.4746041549637755 0
5.4492784949148341 0.48075257743931321 0
5.4585502066847287 0.48107862573853838 0
16.705917087981909 0.16059945675306511 0
7.4161715160856714 0.47886317047101179 0
9.079876572313168 0.47355404492075531 0
9.1543866744880074 0.47955639428816782 0
22.2903180309406 0.45257596481457463 0
-7.2935894596067454 0.45340307898214732 0
10.680618888602851 0.47906948304873248 0
2.1845050184557131 0.47879068388261781 0
0.001386094894569427 0.077730106857461082 0
3.720064277642396 0.47890309965085159 0
0.9742192155264171 0.039301175023076403 0
5.6640795912335449 0.47866696218225252 0
8.3645754314820788 0.48114598073058312 0
8.3739414445476168 0.48116702853963927 0
1.9792045358210839 0.47991982418372081 0
21.409651616732031 0.45350680428845958 0
-3.7686870548667208 0.13044921138358431 0
22.194607147411929 0.45221619779173039 0
10.88373781000603 0.47782767501320261 0
5.0977576177980781 0.077104633235973108 0
7.786419644047597 0.48180331481124228 0
12.621247397646609 0.47552282739635687 0
1.5959640883600781 0.47940474229626562 0
12.43131203676044 0.47647487778942121 0
12.44289912794792 0.47877262655242492 0
-6.3344450611081173 0.44599153677529318 0
7.9818846731441377 0.47699617721364312 0
3.3358359397439301 0.47920921742719069 0
23.056152114426641 0.45317185893917489 0
9.7177093334732074 0.47978469322169037 0
9.707916027735525 0.47972624043596002 0
5.0756804578018997 0.4792090867718099 0
8.9524090753695926 0.47970196989162689 0
8.9633330360841512 0.47921724436195262 0
9.8540868144783982 0.43746605289484819 0
13.19730840144528 0.48077113564912211 0
13.187692469988381 0.48188368435923778 0
24.343095367816179 0.45745578291491801 0
-2.3576655772026549 0.082357983997686124 0
1.565217765244741 0.47742566748313708 0
9.6777206213448501 0.37456466991826209 0
7.3915139680221724 0.48024861384773337 0
7.3798325795719721 0.4788952621578107 0
7.3709983456095394 0.466729959043795 0
12.03544681673613 0.47951614857408459 0
6.6368084507422047 0.47844490829005643 0
11.27823896973446 0.47897511975645368 0
3.457519517484676 0.46504940333720229 0
4.4877329999753934 0.47920825833510328 0
4.4606256977109329 0.46205177814990839 0
4.4748211261500472 0.47650564161062969 0
4.8964378684114029 0.47862090599642848 0
4.8995168209788567 0.46343165762565608 0
6.2266525877799319 0.47717557105847269 0
6.2153425934839914 0.47889971092051908 0
7.7586775788144937 0.43482668719483758 0
7.7849096900196049 0.40855839722920689 0
10.70317755415469 0.47920788616720239 0
6.6388817218937852 0.46700433767463878 0
-5.35582163340466 0.062752110916546824 0
3.2210238688218311 0.46312298943589042 0
7.2234885180253601 0.47920758684063691 0
7.2346055006633687 0.47740951418762878 0
21.49676408102987 0.44713822077473192 0
2.5808625397534031 0.47726040606541492 0
2.5684868108583481 0.48014290843195079 0
2.5568154870371069 0.47868773925396108 0
11.86707354210659 0.47920750759809988 0
0.1772503830725447 0.037921979814528398 0
3.9005910120185812 0.47941949197443112 0
22.098864557652611 0.45236758010218708 0
4.035943534190471 0.46696285044792768 0
2.316981802540246 0.47982448341790412 0
2.304636211389409 0.47849015289988212 0
18.961276057098939 0.41622623710358159 0
2.003954963851263 0.47920712299467971 0
2.7343917100046711 0.47979612425208518 0
2.7246971355721659 0.47991728341853962 0
3.1678509517935041 0.47920671917805052 0
7.8108017610498397 0.47969870095837808 0
10.859163614395349 0.47920321943947303 0
7.9008699637683506 0.47494881270679001 0
7.9555108797146374 0.47951660678803659 0
6.0725285714449697 0.47811791912246587 0
6.0837106602923896 0.47986485864084383 0
3.313223288927087 0.47690227429369558 0
3.300385952365962 0.47825940350846557 0
4.333205277439645 0.48010035714927102 0
4.3425557725980868 0.48066874030629569 0
13.214291488742729 0.46465041334192042 0
15.23567071110897 0.4543385119146206 0
5.5816574040899987 0.034565644891840788 0
-2.869259003663601 0.092204526654365543 0
10.13922795174447 0.47920578140175069 0
8.4008266559380758 0.47652664218072732 0
12.011060674635431 0.47920552835522767 0
12.00051787366468 0.47968129859062342 0
13.04405066169757 0.4794596881205726 0
13.05496738547814 0.47921724095093199 0
6.6597560620581344 0.47816683596810261 0
-1.7627952168991159 0.44746157111406598 0
11.3015930784583 0.47713234960748602 0
11.31460977117627 0.4785249794253188 0
4.920321914501816 0.47966413046261103 0
12.22460432451931 0.37303594516692601 0
-4.9201201177121252 0.45328578548913889 0
9.1053814878990895 0.47737454655168432 0
8.5193727107840509 0.47703808184654162 0
9.2467979977877217 0.081514290544053986 0
12.34131843329352 0.46420187893317438 0
12.465766084063739 0.47991142098801193 0
12.46458455815349 0.46608923076244868 0
12.478554644462911 0.47887743517914028 0
10.72823595445066 0.47944793917246592 0
10.738271439339711 0.48054527110503759 0
2.7291069982182479 0.03117130594744702 0
9.6830924293734935 0.47920847356961432 0
13.120200873219829 0.47533352639994569 0
2.6033034026765489 0.47737463081467718 0
-2.1100811909225992 0.45847975640365779 0
-3.4146753937132508 0.4660696447179955 0
-3.4324310094660122 0.46066725704875588 0
11.89203699053787 0.47959338087739162 0
11.902070920693619 0.48077166691366691 0
21.59386264750205 0.44654368977174402 0
23.152143536105861 0.45330892281463347 0
3.7693834033106861 0.4798305775968788 0
3.778727061303 0.48053327995248812 0
18.348314375060468 0.080370791638765801 0
7.3569567050014761 0.47789530688795118 0
7.3447088399493019 0.47910742374939258 0
22.002287563218051 0.4526935002403738 0
2.0313589411538011 0.47501331071464808 0
4.4513235548015331 0.47741780317547028 0
4.4396880573660926 0.47962913390451589 0
10.83518469177606 0.47904121153037921 0
3.1908287844253791 0.47635741896626521 0
7.1342355503346901 0.37119830577903162 0
1.51104810483779 0.47779618349057928 0
6.1915176068218676 0.47904923115091402 0
-4.9911483141093598 0.44855714080544551 0
-6.2391217996498094 0.44624634380434658 0
7.2602823725554408 0.480756938438889 0
9.0002454973551274 0.47715371465498357 0
2.1237660746890041 0.47969289085630529 0
14.625794726863459 0.12360072854027861 0
5.5188929052264131 0.47923086678720411 0
5.2715442911366157 0.035119868159206147 0
10.16419494087017 0.48040911940977649 0
10.17371363169258 0.48042141342025019 0
5.6036906734456498 0.47919987043032841 0
8.4223987771533189 0.48093779329953379 0
6.6853009616036543 0.47969972628590718 0
6.6953890525834048 0.47939658398932111 0
24.256044885497001 0.45323773593250177 0
4.9450792780098212 0.48021843197609571 0
4.9550510017551463 0.47991849279707821 0
1.1219658706143369 0.4852719403589098 0
8.1836770522812827 0.47878793579979312 0
12.5630113493335 0.47920092012308929 0
1.5353635283073981 0.47865033766805992 0
8.1285403844591979 0.034441771564370872 0
3.277085295064845 0.47964965936279802 0
3.2783344354037012 0.46585291908370607 0
20.310247327668179 0.46418983969574179 0
9.6584249216554632 0.47969458955681182 0
6.7555303373059292 0.47919516086197161 0
6.766841660982112 0.46234055062009383 0
10.233673189538001 0.479469491574811 0
10.22369916832519 0.47941326935968598 0
7.8185693404206136 0.035035097223667648 0
5.8033263511849302 0.46659916540864832 0
20.823336378983122 0.45078493967905509 0
11.97555913426593 0.47890539551191352 0
2.0521642575357539 0.47700285851905172 0
2.0650027337704961 0.47589674584175651 0
13.079285447623709 0.47911767138882411 0
13.08964562088498 0.47962004806619102 0
11.33978581429063 0.47869825782597109 0
19.503465298143229 0.45178659023523687 0
21.689095155301398 0.44636964891263281 0
2.8183515758953801 0.4355115333056408 0
2.8285350226244281 0.39264326052293591 0
-8.3723184015475152 0.40227127694789289 0
6.166251103655279 0.47738864769080919 0
6.154798441695231 0.4794578071895037 0
7.8602379760119092 0.47968638809375558 0
10.76296558404778 0.48030790048814881 0
9.0223507018350126 0.47653550489653718 0
21.906460342452469 0.45269828462430789 0
15.85451013028395 0.45346447064187961 0
2.0998649822111219 0.47935605839688811 0
2.0878575355188582 0.4772404789432928 0
7.6179860113073632 0.038389508365159038 0
11.925909710847501 0.4794783619682037 0
17.517460790699889 0.15740944479845681 0
3.9416095780499432 0.46323810914077651 0
5.5452512300202024 0.47996328111383402 0
10.36565414131169 0.034930915484984289 0
3.8409809116038378 0.47902755254729279 0
5.5787844624290379 0.48061141049980349 0
5.567636493942377 0.47921722814048262 0
5.5551259451610333 0.48107472349648212 0
8.4476475469138688 0.47660833854803802 0
8.459420541700954 0.4788835478378346 0
-1.257400549363352 0.037662021369411103 0
8.483375927653432 0.47919193535733717 0
8.4952388433379316 0.47812665008436289 0
10.67782874263604 0.41819793010900203 0
23.256858380378549 0.45722883677241882 0
5.982396577904324 0.46304196775875839 0
-1.325163097285847 0.038453319611941518 0
5.8173818523998451 0.038451621829123858 0
3.2510141090160838 0.47790086417716482 0
3.2401711811448242 0.47976107347804509 0
9.6340697877131571 0.48080132409632448 0
9.6242371080604876 0.48102084947647578 0
12.912535861200849 0.034870119823100607 0
6.131395239864867 0.47992505885884129 0
10.675481297804851 0.034291881448077842 0
6.7333523276925789 0.47755171239281868 0
6.7203980026266494 0.47912322915238759 0
-6.0215225625400572 0.45278358092891741 0
10.157132133043151 0.40453567324213707 0
-6.1177265880957714 0.45295862807568521 0
10.19888079787196 0.47920842465066782 0
1.972056596074593 0.037745253732031539 0
11.950380455171249 0.47891206631046829 0
11.36324970695367 0.4797010299150295 0
11.375850877413329 0.47882620802572318 0
11.384612425803221 0.46309563581143048 0
4.9796162502696566 0.47972114854364412 0
9.0478036083974995 0.47791032044201731 0
9.9153136735427729 0.46642589459663181 0
5.1363006096804247 0.38432726712019438 0
18.400568162653361 0.45314769046841608 0
21.784265777082311 0.44618129080138519 0
7.3060862523706867 0.44427365943890579 0
12.701027899007631 0.46911740640402699 0
-2.26197129479716 0.3955004090586417 0
16.816709704834182 0.45334644512723499 0
-9.8622838105189263 0.27935015818365899 0
16.93669898194111 0.44609556772087661 0
2.1681156350432702 0.43493275995606251 0
13.906073140814369 0.048802505054337038 0
-3.4828408824071291 0.40676104457996293 0
-7.4763946537664676 0.45293282369215659 0
13.22388591247851 0.034694326446618129 0
-7.1111125316744648 0.45107987337530331 0
11.29810987262446 0.43611901893513089 0
1.9215993987743121 0.42120551026169389 0
-2.5399528655299628 0.077956965807639778 0
11.98083202529155 0.39774275049861529 0
4.0184324769882647 0.38318976592907711 0
9.1973513474732016 0.47756867158665461 0
-0.33597943388744189 0.57717776723455361 0
12.418230514037999 0.46094400686922993 0
3.8641416775235329 0.46764027240061601 0
23.667123294839239 0.41806450267826062 0
-1.8654440152814771 0.40023238855422572 0
10.165898859255 0.037999622761098403 0
5.88932280741317 0.46304521612476601 0
23.344126379480951 0.45332987042300937 0
13.06766038125412 0.039905772254773673 0
0.30049842942174099 0.57908062766931112 0
9.7474145928067379 0.39855148367923787 0
-1.33716084113161 0.46725537890271779 0
16.86470541567855 0.45336211215081579 0
10.81671687616385 0.46254576745703818 0
-3.0276228492676052 0.46227283919631201 0
-3.048732008167403 0.46803384093539058 0
5.2060250558006587 0.46590314466744481 0
5.633514708503883 0.49087929635964378 0
0.86841731549083656 0.5102279123001553 0
9.5445831641934973 0.47557851725790712 0
8.8127944326405583 0.46464501940876513 0
-0.74551852466223956 0.43755106169490898 0
2.686322043073794 0.46477021156075748 0
8.3641375845280503 0.038112992920940232 0
20.402169955000939 0.46333227845096558 0
14.35112861812498 0.44209072618412831 0
2.5358379135264251 0.38143038152085451 0
-0.58592786540003194 0.55578301875808434 0
20.004264850709198 0.44962056316599969 0
4.5180584460232716 0.038059984699123778 0
7.8354388279919878 0.47932650664410292 0
13.247467539275659 0.38505763029026868 0
4.6682494646102803 0.46859518654573729 0
12.2936512361425 0.39853870938162161 0
4.6017493435676649 0.071541040232587935 0
-3.0966191870438342 0.4049766850643135 0
20.727603214985539 0.44996137938929193 0
1.923875609465707 0.084037221877058199 0
-8.1336382522871986 0.45181583232506523 0
4.4699454626054296 0.083816545816894822 0
8.6841606545927821 0.46410659237273649 0
8.6947080411360655 0.44291717787403262 0
8.6953996079964089 0.41650771557586141 0
10.5233383891564 0.039423130477974071 0
-8.6348194619270853 0.44746446254933381 0
11.668721641333111 0.40119853374679099 0
-3.1247071160375111 0.46619253411242179 0
7.0240057530292432 0.03215336458713508 0
0.17234474232964311 0.5855915677799084 0
8.9105847596525454 0.46308680932265001 0
9.5714134848794483 0.0319945431455037 0
12.11714704188884 0.030777415814526251 0
0.51472469447882374 0.55333640622370828 0
-2.207010074838323 0.46489718643548528 0
2.7928180975663222 0.4000463206378862 0
22.457808592694331 0.44941651289458162 0
22.649145059217641 0.44902826805213142 0
14.786699685875741 0.44271824281625061 0
-4.1350561133160868 0.14167220488538701 0
12.714255988790461 0.037651918582390781 0
-4.7138845158390916 0.45516143257287062 0
15.018931181876111 0.14128101781053309 0
11.30090015658438 0.076595573808744294 0
23.440117801166231 0.45321321982735802 0
1.19441615169645 0.50414300525362377 0
11.287140131477299 0.46340847424155368 0
-1.428410575379472 0.084753539139845319 0
8.6639083937001224 0.4680220647264085 0
2.0547634803497958 0.072563937827185898 0
-1.9771129633658719 0.46729431130147697 0
0.89750093289139155 0.53498745995260644 0
6.4475000354896697 0.46262678070017188 0
8.7574270953140338 0.081347609613510174 0
7.1445664883501738 0.074619386403721483 0
3.7684128515477608 0.037813291993037547 0
-0.77876939209195906 0.55021171869603369 0
7.9763643348833897 0.039429824229377637 0
19.69341838581666 0.45475309419648241 0
0.34098592346420281 0.57524704586523656 0
-9.5209892848928401 0.45339842423096183 0
19.261789107594311 0.45354883721149442 0
18.48342932312346 0.16195205940133581 0
-5.4500103629019847 0.17056265608093379 0
10.910893480634259 0.037774458675378833 0
-2.6190542098744212 0.033782370798604348 0
-4.5928482088884603 0.153048766322392 0
1.2166810669034731 0.47428425736326979 0
6.2112202316555241 0.081563102590779646 0
7.3128282578420363 0.48969520915622577 0
9.8334127337849893 0.49173180779064302 0
6.3537862323091998 0.49122731940243303 0
9.9888195018205739 0.49198727957309418 0
4.1697054559063664 0.4920631807742859 0
11.129246097200051 0.4915261842216711 0
0.55001418906957633 0.52352248965333181 0
2.333588909218054 0.49126002926402002 0
19.910336901065541 0.44899130947632809 0
-0.49029414071837779 0.077176571960243634 0
2.2441605226763111 0.078964149305058948 0
7.100287992480073 0.40066293446278373 0
0.1488818834979275 0.61368279081823451 0
1.949761298886783 0.4918942089173502 0
7.2435081931406931 0.46584216820240798 0
5.1131642564372317 0.46459380299870617 0
8.7295247616621889 0.40327572199402312 0
7.0438631579714981 0.46610095893395781 0
2.860419827961552 0.079522721171119512 0
9.6913172432868997 0.074821842308466738 0
5.4294014119019733 0.039430330362031807 0
-7.367952048907406 0.45504559542449302 0
20.497706187979091 0.46287138633069119 0
1.458703913574448 0.46679253674476268 0
12.62460262463269 0.3492383525746755 0
17.752879557318671 0.45016556996045609 0
8.9143658559102494 0.44079557329195351 0
19.408478090356329 0.45315807605767522 0
3.6779443649418879 0.031878408228657007 0
23.536481709245439 0.45198021878716949 0
3.7109469379933939 0.46670245242483871 0
1.132236393298494 0.034979680523264493 0
0.31536890686858232 0.079896943141385471 0
15.083389486625171 0.42585183328651771 0
7.3241401411255991 0.031829521187850103 0
13.93929655548882 0.45158142768511611 0
12.6108016465144 0.46544108211505131 0
3.3268817898421341 0.46530826228171063 0
12.59746416207896 0.084001584438065866 0
23.610845991813392 0.45594525846957529 0
-2.7839164171877839 0.03573120514345228 0
12.39922355527292 0.4365102917908924 0
12.66147752377347 0.41511221747958787 0
-7.2168436652386321 0.45701833885035809 0
-9.2097631405512264 0.45243095351443818 0
-1.6393493741175991 0.46284068004537099 0
1.402189414029023 0.46920903078877951 0
4.7913653943614776 0.079253244253191413 0
3.9782712208972 0.46514516393719257 0
19.16599863603453 0.42138015689488401 0
-9.6407419636694929 0.45340310612384982 0
-2.2318286779139589 0.080348956821269926 0
0.27112286754991188 0.54179042608324735 0
-1.370096531716495 0.46677017573392687 0
7.9136695901647442 0.49228468954698912 0
-0.43789729692640611 0.5451548349020946 0
10.980002712963641 0.035164740863584072 0
20.632368716851669 0.45016784794931841 0
11.393016519085119 0.49189744131137142 0
-0.15554865273891941 0.56935474699228972 0
19.79038496973665 0.45198927900915409 0
1.7683952878428899 0.44394589034239829 0
12.23852496961274 0.074268538298180975 0
15.425988651654929 0.15566684575678569 0
9.8714823957433744 0.031582973692617818 0
7.2024371818344521 0.39963198539196759 0
-7.5724791282003654 0.45105173253370928 0
0.32393651716872462 0.55237372373224458 0
18.682984141617521 0.42038898338982011 0
10.79316951198574 0.49081471566552642 0
13.07007814164295 0.44384881789443742 0
1.276277728314126 0.45064642585516118 0
-2.820956229479791 0.4568755493111254 0
-2.8112962693410171 0.47120898472691108 0
-2.5950637815065378 0.47832738691314292 0
-1.5787984087347089 0.45209084259624971 0
-5.669735640924249 0.40936249491361693 0
-2.972368659041253 0.42841297117269111 0
-2.9399530876758071 0.41169826094520379 0
10.59518720475667 0.47927228143461359 0
7.2968373115956631 0.48063579844111959 0
4.3977410421447054 0.49083001506981627 0
5.0673279602597283 0.39810016265219261 0
-4.8266842767891927 0.45339901796818233 0
-3.141511851634275 0.46570855025844099 0
10.60160050119481 0.4663261305544858 0
-8.8503742837291046 0.45339941584047799 0
-8.8983035456470372 0.40170419964762583 0
-1.5165745771756269 0.46587446323768961 0
12.41882465036298 0.031358115184006823 0
-3.2458117315554191 0.4021301442253829 0
-9.940497876259041 0.44704157781109749 0
-0.89169170078987592 0.48175100827433581 0
20.464383728901861 0.45331043539516908 0
23.946847984193049 0.42265935159995088 0
20.562113011140791 0.45169150129398489 0
20.371959257862411 0.45391475654738939 0
5.5141987799557031 0.46611343170761149 0
-1.0041404173034429 0.49929083106563699 0
11.920872481968379 0.36899911831017063 0
2.7733197854706808 0.47973653963373158 0
2.2089884832915172 0.40228279290011337 0
3.948175642661973 0.39497650435845411 0
20.272400885530111 0.45332866760389329 0
4.717712910629495 0.42179719552302342 0
9.9865995570482156 0.37837567167042818 0
8.433127432002264 0.035054677833454249 0
6.8472081668255944 0.076199879032735743 0
10.05104866846481 0.084559720052693424 0
2.080954350607541 0.44136041738699588 0
9.9595235252123544 0.46847322830488231 0
14.21362837736717 0.1609509992611132 0
20.176409463843271 0.45321068807416548 0
-0.57714706030129648 0.43938435095752643 0
-1.625765839485831 0.37870955806183842 0
16.506163060055979 0.1463593291434524 0
8.7713501927118003 0.47967742265364871 0
7.4371379133588924 0.3898782740450063 0
-0.66074440171810589 0.53799517256756169 0
6.339493484351661 0.47703888740861261 0
9.6778316669583013 0.41058502412533421 0
20.080418042155951 0.45301121687226142 0
-3.0863041695259481 0.43915311297157139 0
8.2874766471664607 0.44384361459072641 0
13.50255825184764 0.11525319744924151 0
13.540744078573971 0.078821496271575142 0
3.8817458370941278 0.46219286833214029 0
4.7097453562172218 0.45858231080129108 0
16.073321699672569 0.45181549508105862 0
-2.6246024145337219 0.40398125548638608 0
4.2815856199941846 0.031836945789953469 0
23.488113512012571 0.45312405600784272 0
-3.373207859417255 0.47778425662120649 0
0.70361018650273988 0.46166440660884012 0
1.7347817488164901 0.032283217953831787 0
-1.116784761445808 0.030982939706928239 0
15.71164218980244 0.1486402030297618 0
1.249284482387754 0.073493657764760745 0
4.8060071155182964 0.46434162052054362 0
5.8938196551929547 0.43149695156621171 0
5.8863053025512428 0.035130698057861412 0
9.3936417657392504 0.076327727362845071 0
12.94112738719495 0.464815291356521 0
12.82186710797489 0.46398034472733829 0
1.40621032608229 0.39666087017498358 0
6.9180566031388766 0.444594347544091 0
23.392122090322989 0.45328196772223328 0
-1.2994931838175861 0.46790708346756799 0
8.5611536733583318 0.46275049896805209 0
10.96101527307928 0.39817419831610079 0
17.576499311067892 0.42163320951425431 0
4.7528870446146696 0.40704751118697541 0
11.544013143339731 0.42163190688035818 0
6.4314408139650876 0.46745940166736288 0
12.85633703889996 0.46657343004606711 0
11.5243580072884 0.46634412920089552 0
-1.216671058560832 0.39532593688360462 0
17.056005710340091 0.065492515477884969 0
9.3780155513370929 0.4914667867589424 0
21.175304665029849 0.41952821828167258 0
18.58139967817846 0.15995015036577001 0
-0.79975066339798073 0.51641913721625565 0
7.5046088593563276 0.085194909604870112 0
9.4647572129063082 0.44487528322703279 0
-0.81203240350418093 0.03253767700805385 0
2.3932874631132082 0.44029216934731408 0
11.1477659046295 0.44027070504089139 0
8.5997914251530023 0.44229886601356311 0
-5.5546380262860042 0.060654853677856668 0
23.300785400260569 0.45555355720092872 0
3.9777387355427858 0.03098103896796392 0
18.635334018234349 0.44432114369996178 0
5.0156858192480147 0.47884579151917239 0
9.5616001256773906 0.45385110271162799 0
15.01656700478938 0.45264274701955992 0
-0.26247478119282391 0.52478842746621446 0
8.2856777731393922 0.46500819093593548 0
20.69351688653105 0.46056289273308859 0
-0.82174808877831651 0.45373990467882469 0
6.3501563378982002 0.073458525953863249 0
18.778786575992552 0.41720807779121238 0
-2.534897841908355 0.4672017155161422 0
1.515447184783105 0.46475845009885819 0
-7.8044519518855608 0.45225037076863378 0
-2.3905199866969009 0.46308983318437758 0
-2.3868549325075672 0.4409644394273104 0
-9.9633382413626297 0.48005231671888932 0
-1.5617279757855169 0.37916106669619948 0
11.940069465521781 0.076449512751388324 0
7.4920289679351031 0.45265184546893339 0
0.95201443944766118 0.50036077946957191 0
14.34495145710911 0.17309043911214569 0
19.3442614541053 0.45621264461964323 0
10.115725503194939 0.47736762471921979 0
-9.2879315972694787 0.44905217353623023 0
-1.9338605888989171 0.41215691998822079 0
5.3364879721266263 0.46510963449045289 0
-3.774609589616325 0.45614330706400169 0
-4.4978771658517909 0.45724977669337702 0
-9.8376187998256359 0.45112773652719967 0
23.192379902053901 0.45647982040265622 0
8.8974985925063024 0.073179736358910022 0
23.722451177037438 0.45072320107747271 0
16.655737989103329 0.45119309214502801 0
24.926864598026039 0.073124960800284577 0
12.22385992241299 0.40929162388503731 0
8.5982845467530442 0.46443199393970153 0
13.5328200426921 0.45561626362823338 0
6.5228136574038791 0.082138276466302507 0
-3.5738585611585241 0.17180479482540301 0
22.256839808104122 0.45308829583369892 0
-0.70777656085234408 0.44528157517060468 0
-3.4510337740913308 0.43850860421247068 0
2.8926710674254652 0.47887578644759421 0
-3.0441625825658321 0.1027411343471533 0
9.0688659460606509 0.081979735554518637 0
-7.6692097346498196 0.45165123677865199 0
-1.594732413466263 0.075427857954005251 0
24.831993415611262 0.45096912925630162 0
-2.9486259046404788 0.47916092968109369 0
20.788820108901291 0.46051556055057419 0
9.2216941599883313 0.46307764152203867 0
9.2248816429302405 0.4406596175913694 0
-2.0299606960022851 0.46822697577981498 0
8.1719129297763544 0.47976008372904588 0
11.61492495428039 0.081797423903625127 0
8.1296560367452475 0.42894203895880739 0
-5.9596582625307342 0.45379260743528138 0
12.890841941622631 0.41184815887749548 0
-8.0946148551144788 0.44904551924456471 0
-6.7692583778760298 0.2029165559136043 0
9.0294640516554754 0.4620356389678526 0
11.44484084712596 0.072923427830523968 0
17.612160016654631 0.14785064827368091 0
-4.6374327684118164 0.40779730063518849 0
7.7380420887795252 0.39651416482950258 0
6.7466696423124244 0.46651162604609531 0
-1.4347881115865 0.3755804844931801 0
22.16111589794529 0.4531444348960732 0
5.6024804551449261 0.40187748084867708 0
23.10414782526448 0.45325071516466481 0
2.4549811051643111 0.46609547888772329 0
-0.61783183422346433 0.03016590864037761 0
12.144320998727441 0.48142309595317578 0
15.996735454055941 0.45106116367622617 0
2.1457908112769548 0.46638430534459102 0
-1.8192992800763901 0.46771630813634318 0
5.5875735937101627 0.43624764738847388 0
8.8687484619466588 0.4803438923745933 0
14.26790412891312 0.45099185157902111 0
14.456352024197759 0.44835933389109461 0
4.9360403287927843 0.43883692582778627 0
2.4719039569072221 0.47947897067588058 0
11.771919506697291 0.43857435211879747 0
3.867826840938092 0.44558175858215188 0
10.000394184745421 0.47608251344924502 0
7.8041563097837567 0.37680017195560078 0
1.4752609235068801 0.38089827236298951 0
-3.6729568409892872 0.40153664732960098 0
11.74689115922803 0.07448225913050624 0
9.0930544751596436 0.46876895366099341 0
4.4644788909869666 0.43083843380396708 0
-2.959900393963399 0.48047509352573958 0
3.0053124806282749 0.071069858127196295 0
10.17563839655914 0.37079548956643249 0
-3.387745508675553 0.096725614424228626 0
0.95170246942949299 0.075557025931665037 0
-6.7255101435172024 0.45248175654902711 0
7.6267454055898716 0.37257927515638167 0
-8.4782753726873814 0.45269506053157788 0
-1.3277231916738901 0.40281959832232439 0
22.065370766900681 0.45321259770738231 0
-4.3610185812961326 0.44878852900483213 0
4.1263244889640118 0.48153186120620028 0
8.8779268995921665 0.48110487158156001 0
-5.7607114056230504 0.45764380563962259 0
-4.4267338001133867 0.44900959714629912 0
-4.6285481364367467 0.072522388346756533 0
3.397471723454268 0.46847162256565628 0
11.05204366970125 0.46419429787444461 0
14.82487701209152 0.45190341786225052 0
11.417761277098471 0.46385100745989388 0
11.431918246293909 0.45185537084069688 0
17.45333705555975 0.45341270018839192 0
9.3344142184061543 0.46235035363404609 0
18.86173870256123 0.41618904854830718 0
1.5944070021656089 0.37539273456546551 0
9.2007313273771665 0.075021238953120725 0
-2.644778425945411 0.46869720332545151 0
-0.27118685372297591 0.59529991477398891 0
10.349398796427071 0.37748418281166007 0
23.00815640358179 0.45307283939930898 0
-2.0910366234035149 0.072282264601680551 0
10.34705128905706 0.41458298726500492 0
6.6817240256336028 0.43408298195040368 0
12.58708353156119 0.47892893019891492 0
9.8245683046236429 0.46969352471120879 0
11.84186557982685 0.48110485160328958 0
11.832108224760431 0.48155461847016712 0
6.1808090763121886 0.39655348163741772 0
11.879845655838601 0.45563786552410962 0
11.866632156339159 0.44016015927568131 0
-1.9200839910441141 0.080614097418905475 0
16.217409173708191 0.45428796547276329 0
0.75164986994609095 0.527427353185277 0
-6.6206951350984102 0.16070243507215101 0
3.1784654914921071 0.02888276607346528 0
24.208049174654491 0.45315512802410179 0
0.6260753571018205 0.080432240335634134 0
-0.72562366413970392 0.50785103124531217 0
-2.8882760431397592 0.48009526623959509 0
3.0167600289953458 0.43655623487389011 0
-5.0840934406366527 0.45590786005092099 0
14.95056985596845 0.1229141244509552 0
3.303859593879348 0.073206757370705616 0
0.91880718944250805 0.48421980798335001 0
-5.8379585426242393 0.45379029459092463 0
-0.88868197719433706 0.50610480796559898 0
5.7258973813932794 0.02958573343982691 0
-6.4908273760726249 0.45496485124204211 0
9.2881397308158462 0.48046859885567361 0
3.3724981917810082 0.47967468230109161 0
0.13207369222596721 0.60272050385890985 0
0.75776630797038003 0.07351032791618109 0
11.104614695790911 0.46487208610927028 0
4.6877974941156744 0.46430351663909752 0
4.6708107924134534 0.44651531450253962 0
8.2731500006876946 0.028761921208785509 0
20.974878951320399 0.45629507313256751 0
12.15406541595971 0.48183381777036288 0
17.278716854425159 0.45568243790839152 0
14.564555863524919 0.12074607681407599 0
6.654578126434143 0.07553676166456294 0
0.45630563119078199 0.072030663733069641 0
10.820492255307441 0.028738488737900181 0
-6.0548123860576597 0.45374122774615888 0
21.96946038967242 0.45343795581445462 0
7.9367047843799057 0.4620811905559683 0
2.356471172446684 0.46515292068831021 0
13.620176315789649 0.35220415252997872 0
7.1467977933822908 0.46169355649989208 0
19.605628166687719 0.14383912598056439 0
8.4370920237820499 0.4615501019371378 0
8.4398218153617197 0.43096095244636551 0
20.663413991691929 0.45064142781534172 0
-0.45836374188331019 0.54783217738004975 0
-0.043324065879318058 0.56749253011336975 0
11.40212332654894 0.46639135798346448 0
24.299141144926391 0.45564730499416067 0
10.71922301689276 0.45393463732162032 0
-1.9551958162154861 0.48046616922939572 0
-6.5924814139039789 0.45299421609418389 0
3.478152815561959 0.028576814535818989 0
-0.76482182131057819 0.50691874181574093 0
11.50662223564523 0.46813738959455581 0
5.0908473726792263 0.36921794583340628 0
4.1402063905550746 0.035905870218889503 0
13.3294116723225 0.43932380138988958 0
2.8209551555150911 0.46632472387096863 0
12.55133210904209 0.077767792390605037 0
5.9634037851360793 0.48073523493453812 0
21.214261598955218 0.44969854071524462 0
-1.788399447899093 0.074070264240036432 0
13.680444361000861 0.42188886172323348 0
10.055148905556409 0.3788698350814117 0
-1.012333742069724 0.40435826608949349 0
-4.7544271778507534 0.45312329492154768 0
5.5131732387941224 0.035841254098457932 0
4.9134003775479451 0.078329751428819677 0
-3.2188745299415609 0.46306934230730867 0
-0.96526113639389277 0.4989630650532379 0
4.6021616209069158 0.47891478714389829 0
3.5958363910865372 0.46569461110382881 0
-3.153117481209283 0.037055984181297567 0
12.679335580551969 0.43788369731599669 0
19.732324270614029 0.45734274355684917 0
19.900652952914019 0.1447844446007828 0
-3.497141142636675 0.44544020405199819 0
10.476827093542649 0.4812787665257437 0
3.973857985620564 0.36815584067660512 0
14.397578746847509 0.42023437750880349 0
18.692158523947331 0.15147217491294629 0
5.4965027349110471 0.46872166456961928 0
2.367335390446653 0.078575523746869186 0
24.407647882941049 0.45662005373664177 0
0.78042099723440472 0.52756298911758215 0
-0.88030011927933005 0.035758243879815882 0
15.95943239046731 0.056477432836290448 0
0.39173895946772702 0.58643365443681628 0
19.803773591034251 0.14598017104395269 0
7.5030766583802411 0.37526025660968981 0
-2.7806623626947249 0.46139462787589802 0
15.56399535481572 0.45292804825560151 0
2.612703557005732 0.46820602178288429 0
21.069318530697728 0.45483082593091989 0
-3.6442971610547499 0.45653194969704469 0
-0.17774376930103131 0.078073614467440156 0
-5.612040541363009 0.45894425492335289 0
-5.6492433017790056 0.16684430745691589 0
9.5929610443164517 0.43209698121242651 0
21.568285078288909 0.45507235386657652 0
10.00593047317013 0.078119786284449683 0
12.77901501390606 0.4803106003684614 0
18.43650021536369 0.46117312141977812 0
1.841605952900992 0.46477534922371899 0
13.304759042433931 0.46706648979333609 0
7.1329074246880122 0.40469538224153567 0
21.87407087215319 0.45318273263566877 0
1.4032674428062999 0.48148600131543912 0
1.593241206870555 0.035688168227853652 0
8.98772607530735 0.47749883437575252 0
19.70569889018828 0.1438635592414769 0
4.9050995585785717 0.43996475166903132 0
-6.1499596976673754 0.45335643669464037 0
1.9670303784056371 0.44278155253719309 0
8.5672588165869392 0.44069697743871822 0
-1.368873349029591 0.48206982370439821 0
-3.3472646545419198 0.41343904946457771 0
1.2959856091360651 0.48424325229381848 0
12.899117687016229 0.37565696078276739 0
-1.3199626099040429 0.48331969960697352 0
4.1169960267420196 0.48169099752294531 0
17.668221060591769 0.45953523988656381 0
13.83256883470504 0.090042059465730323 0
10.05169532133514 0.46744833924058971 0
6.5410844804920014 0.46759199043507782 0
6.0438759909446214 0.075997377866232493 0
-0.546928612626429 0.56798155772151226 0
7.065059953171283 0.48294390446882662 0
-1.067402110024656 0.50555570967733521 0
5.2256772515218337 0.4639177591988986 0
1.8114064818709421 0.47890565062439949 0
21.703439435197598 0.14245619741086549 0
-3.2829726603689231 0.48046533569793037 0
4.5892892553635827 0.034127452015291347 0
21.603168325702871 0.14273223158704371 0
2.544751744807789 0.48097919494549229 0
6.5449342735211236 0.45144144727827551 0
-1.033668203376964 0.50745808317738184 0
4.142676659101344 0.37675471257856319 0
24.496023439712459 0.45333639071836651 0
-1.223098051025685 0.48846069889749377 0
7.4589968332335328 0.078900980596260814 0
-4.2220093233162101 0.44979566594009718 0
9.6156609062798921 0.42595148250959908 0
10.782420698323399 0.46676071546488951 0
9.6016931965333807 0.46523869353309938 0
23.91217473180275 0.45342833281881112 0
8.0599607265240252 0.035520959297255447 0
0.01025934246862339 0.56616267538791742 0
0.018900002002398719 0.58882014345203526 0
-0.94755885699863907 0.51046693265172682 0
23.701354929017569 0.1420344750879334 0
2.6447898429022092 0.47877913483573847 0
0.85300425375749434 0.52820855581422521 0
-2.9943108837454671 0.46320783658004328 0
-0.95373503827643435 0.035476852575157522 0
-6.3595185651382611 0.45533119664954941 0
23.80159515879275 0.14224900997522591 0
13.15307961105991 0.46043403705923791 0
-9.9326953411901329 0.064406522849509457 0
-0.14270394597592709 0.60275140777380154 0
15.465927366790231 0.44407436773776732 0
2.9163856955366709 0.4807460325059818 0
-8.9320870875144447 0.44946266928306938 0
0.78260535988163304 0.53875881196407638 0
17.85314720834355 0.45237537264855149 0
-2.673576252017654 0.4797729794996935 0
19.40583661730609 0.14176331291295491 0
2.3897427662010382 0.46553771820885392 0
-4.5495094337035287 0.42341925499379351 0
19.456038581599969 0.4574159467044685 0
12.58211557725407 0.37752957694900707 0
18.915736956100201 0.24064204703601849 0
2.2929020059431151 0.48105558163132878 0
-3.1052810805929929 0.47934719485857807 0
-1.655853401171449 0.48032541910903359 0
-1.9782912856074071 0.48063057787937019 0
-3.4155092992688449 0.48020475706509808 0
-2.3267205715027961 0.48088126965226352 0
1.6664391426380989 0.035410105895739848 0
-3.046022079715903 0.4813128570589717 0
-2.756594207255199 0.48033948792650277 0
-7.9462432570878159 0.44968670253419329 0
-0.83515551854425607 0.51574668275934576 0
-0.73471537431851508 0.54445486271441546 0
0.72004775627098638 0.54564716328862528 0
8.590236445065722 0.076110751083503903 0
-2.815923981410811 0.48140267830173689 0
-0.67832534279473922 0.55282916100166479 0
-8.7748345456230723 0.45198952877399429 0
-8.7111050815803566 0.45245273402452779 0
3.1739304617666289 0.46485881471467672 0
-2.0974011644345181 0.4816642636735281 0
12.118097835484271 0.4791835144340777 0
3.498296290451385 0.467889812731618 0
5.8196149340456076 0.48010326730096248 0
-3.0367186510376292 0.42102496918101823 0
-2.2067152703174209 0.47978870031829979 0
18.801462861460259 0.14755886547708949 0
13.321865600931581 0.11553680004321761 0
7.8834295421160334 0.47938235815376168 0
6.5974830318200706 0.48145358540250333 0
0.58404873878810259 0.56453069832999991 0
-9.4439955686571277 0.4543356883226175 0
-9.3807247570307304 0.45166028961557569 0
-3.930833531928799 0.42523128549841532 0
18.57670667564814 0.44659140472313158 0
-2.1472368168671352 0.47986389148009229 0
-2.0886528208061721 0.48190191349184569 0
-9.7280649777924193 0.45039805102209429 0
-2.8057883657409439 0.48123444144538741 0
-8.2472638600178279 0.45292014753234672 0
13.44465093853646 0.46626093765597992 0
9.0062591685499527 0.41985059980348438 0
-1.7648033384860931 0.48143770639616901 0
-2.8634546186631362 0.43794059138968727 0
-3.4511277160862521 0.4802507177572542 0
-2.2781402044663541 0.47944850513665399 0
6.8620154146332899 0.46774294995772597 0
-9.142027135643028 0.4529906270528184 0
-0.042164201603355628 0.071306876596868268 0
-3.3199020727666011 0.47977709607794222 0
6.5095750544598161 0.46099849655195368 0
-2.0275834093853931 0.48000216550095393 0
-3.200488038635299 0.48114645302988462 0
-2.423511280820295 0.48138911235806531 0
-3.0091112708773999 0.48030434136998262 0
-3.055772162126869 0.48091201378683712 0
-1.619177670131374 0.47855771441728029 0
-3.1408952537360859 0.48028003159685978 0
2.0434369211229488 0.035304387252904662 0
24.592014861398379 0.45326736894383929 0
-0.59354362449179054 0.56369638341611772 0
-3.2883824676575881 0.42023467714102197 0
-0.58331778102976339 0.56597571810274738 0
0.53429044581452845 0.56914591801007319 0
-0.1590223918739663 0.58842113881106861 0
-0.1070367847877788 0.60469238465562591 0
1.1400325836169249 0.49693522930832612 0
20.758630200839349 0.45112693781930402 0
0.49856202285856849 0.57394538850865973 0
8.3471975449764848 0.46648647337144022 0
13.342957483863881 0.47866841745035371 0
5.2071038013758439 0.48030422069413797 0
1.86050050539346 0.47853038332790909 0
10.53640127461159 0.48023275408811861 0
-1.057667546051309 0.50687318746533205 0
11.735171573923949 0.47939019512437142 0
5.2817618013732002 0.48043972199909463 0
10.485973941931039 0.48189358243819069 0
3.5394943363909479 0.48045130010399922 0
6.9831783393860789 0.47967333083541569 0
12.802503509456759 0.47890469151035459 0
1.7020223517648141 0.47833203029563143 0
13.416814454519089 0.48087933419176682 0
10.95269965679744 0.46598751154828388 0
19.822154713752589 0.45507541888315828 0
6.4545468313275123 0.48241108037185271 0
2.9757981037023238 0.48032666102747362 0
9.3590371202308695 0.48106366687440288 0
4.6677169156366034 0.48117551644865503 0
4.7169813426376024 0.47708473895662862 0
24.848854600814171 0.42020952793922911 0
13.30627272152714 0.48055814478388292 0
0.46175348976763009 0.57799144378865663 0
8.6631865785523043 0.48066182626559351 0
10.606749629396431 0.035201481516918653 0
5.1696813056035333 0.46772222572300431 0
-0.45052991156608108 0.57913197282245377 0
5.2562709132399119 0.37894390017480323 0
16.799662005193529 0.1455128815434828 0
-2.3973075868975511 0.075229990531104685 0
3.731800554198478 0.48047988437986783 0
21.664276499976641 0.45560888368767638 0
11.123353247065371 0.077103479615424964 0
0.010536538413369569 0.60234572029081046 0
4.0070556576837184 0.47699010428672822 0
5.7475262500576543 0.48134925423187619 0
6.5403781567187114 0.48044631294564288 0
2.8433193476436451 0.47952620737174229 0
24.67182805274679 0.4533038697033116 0
12.70535638719258 0.48151279881016118 0
8.0619556586208265 0.48048021885793241 0
11.257678350971601 0.48050245526830049 0
1.428456419238374 0.36740229654032469 0
-2.2897128985549928 0.40895414596262558 0
0.32016696892168028 0.59116629518597363 0
13.020496256546821 0.46670846067680838 0
-6.2637164221154631 0.45576255412144701 0
2.5041492638866099 0.070260954534302478 0
2.2034782563109552 0.071824601638752622 0
12.755247115560859 0.47970356627441152 0
5.4004368317732014 0.47944098714826189 0
0.28473105780897828 0.59411069831683061 0
-2.8357963726287729 0.46573721016517811 0
3.6602667490367939 0.48006086708699158 0
12.598130109539859 0.48096455559349388 0
3.7892820284475688 0.4079075235478945 0
0.91860399503887402 0.50487150169155881 0
-0.22587550222889621 0.59944110904638204 0
-2.0065139023390022 0.38407200505989658 0
-9.8841553125711421 0.35724543987372631 0
-4.216271191498361 0.12919776022280671 0
9.4075679846464197 0.48307896952731849 0
6.9844668916643498 0.46505242008878139 0
4.7511466302570788 0.070697571891904731 0
3.4566022492204449 0.48003958775403149 0
7.4282113115948452 0.48045008812826451 0
4.214229559235525 0.03528449596418648 0
-0.023419800918592529 0.60461249469221701 0
0.59335176342411489 0.5630082585150965 0
8.100263180425948 0.40891345535880652 0
1.8912642783952771 0.40672279714159709 0
2.07762852809409 0.46588672459580432 0
7.703748991121838 0.48048629031146589 0
14.124060463757511 0.092205150849334686 0
11.506718606143041 0.48079244014968803 0
2.5214328326235771 0.47946725220129222 0
6.8626482788467627 0.4803921981860293 0
9.9789960086794292 0.46716964547297968 0
10.258816818096239 0.47857986313993189 0
2.2617600367213391 0.46338024790670213 0
-0.1047817516408508 0.59295422967853562 0
6.4604378876654511 0.40306629961692853 0
-6.3944888288169421 0.45332993304070218 0
-0.22365410677584729 0.58768338080164584 0
0.26203785003945362 0.59861737838037676 0
-1.1756432975113109 0.48276072016780969 0
12.39616771253079 0.47941871477142001 0
10.645342741222599 0.40411881352931051 0
4.5674645078857772 0.46983575099332597 0
0.49905279519824719 0.53851867634065875 0
0.49862728873053552 0.51081945767367398 0
6.7949456429609496 0.40022787981912861 0
15.748375049716779 0.44958347327799209 0
15.713916604665471 0.41382137833136451 0
4.4392297607881472 0.41187597211965432 0
5.051511266928765 0.069912365727534995 0
12.982194951643409 0.48075480900076678 0
10.079233313190469 0.48120306374710892 0
12.56347160290394 0.40546422336988641 0
-3.4662676617609809 0.46063593818985749 0
21.451135091061929 0.45379370958842352 0
19.506636237506189 0.14162197366146889 0
3.1238102502576099 0.46637683711175021 0
-0.087103552954159474 0.59272500435086384 0
-1.3916351109227589 0.39349594744219601 0
9.3403289435435646 0.39829300863015998 0
12.64676189189262 0.47976705790859048 0
11.32180242860098 0.38270244678541759 0
2.0434029719203379 0.46735547439149538 0
19.208563161779029 0.1427114531791415 0
12.696335376632049 0.48157190727459342 0
24.982993386746511 0.48110053685321691 0
11.143153673380951 0.46273199336283338 0
10.222668762302559 0.38949397279310261 0
0.037771298599163977 0.5109669292152984 0
-0.54158439205285691 0.58160658730355352 0
13.15454086744233 0.035531252050215421 0
15.21125874646269 0.42946247253170511 0
4.2238154266238901 0.48069598365343319 0
-9.9824177232851206 0.4826779323493019 0
-6.4564355481815818 0.4560624252083586 0
17.341382269535458 0.45488586750973831 0
2.820287017856447 0.48043951656041262 0
12.993664160132161 0.07111630442492084 0
4.2467175499843073 0.48002473089018249 0
-4.6888997283244764 0.42187101909650082 0
7.7772784644871393 0.48182820081568473 0
9.0711270122527417 0.481341304114003 0
-1.913687909659094 0.46527439056211162 0
6.0345764232192414 0.48210883774311208 0
18.84964335087631 0.45491468251548489 0
4.2952913295498014 0.48264596838524659 0
-0.041080306320061287 0.53499433713832167 0
12.10721090311732 0.48172639999145478 0
6.8257469629901184 0.48118809082898689 0
5.2263288726361949 0.02634701827658105 0
0.14904139849119771 0.075146671305287335 0
10.68384289556256 0.46778825753585968 0
3.5381066477242351 0.46689274426220378 0
7.0560620406767471 0.4832125371745532 0
9.1309771606269265 0.48100903148203428 0
9.1187285845021826 0.47720224748964268 0
7.0997819004994236 0.068672459530152025 0
8.5070067559074811 0.48046852709898902 0
0.65253809605334778 0.55611660680646513 0
12.04560679699464 0.48066868091188142 0
6.8229015947367611 0.45173716845253159 0
16.910536604988572 0.4576287165960618 0
-3.835814216324136 0.1300994210015029 0
-2.3123616376133138 0.46696530318470758 0
3.2603339491553029 0.46649470877652899 0
10.33628724520266 0.46597115389913218 0
0.70822748249837908 0.51135528587532419 0
9.6467392154788154 0.068352352056627486 0
14.608217471061209 0.45447525916069281 0
10.44910114190057 0.07157188777840584 0
-1.4698748645149711 0.4670704444996836 0
21.509378275070489 0.14054655466382049 0
7.7736711272328867 0.026158821946830189 0
8.2490537710959995 0.46312378225159079 0
21.533747987473308 0.45372380357159581 0
13.019471877293769 0.48048552343482198 0
-1.6373585390809431 0.44341665573851718 0
16.317859620215501 0.14430229920214599 0
21.629647349780079 0.45384372534342032 0
-2.129445896148733 0.46374148155561529 0
8.2553103436529014 0.44122270903166211 0
13.25858173485061 0.48046121070451919 0
2.9584246239361791 0.46601110116029421 0
16.71438006896242 0.44883456305338271 0
-5.7375442151201934 0.14960848264556001 0
19.983649053991851 0.14834018538071539 0
3.043466790268289 0.4642042099600332 0
6.3069901232100554 0.4681420156688979 0
21.280310813230582 0.45603150247352769 0
19.006253518542049 0.13867652255977189 0
-6.2984541179271298 0.45367192870042172 0
2.6785629902896408 0.07832227728321714 0
11.44620321964184 0.48055631570260721 0
22.621327041748039 0.45862605007617518 0
-3.150738216839001 0.44124038804367138 0
15.342192519815841 0.14799976978891791 0
17.70760844755927 0.1386231924088899 0
10.98602277808692 0.46273334440716352 0
7.9170996182986393 0.46764074731869948 0
21.79754919767878 0.1401001450456795 0
21.7252604937783 0.4538863517063555 0
-9.0016874427861495 0.4498832632781572 0
10.321013381852691 0.02599596731298939 0
-2.6113419727773111 0.45272498813730372 0
7.5985238729442246 0.070257706284958449 0
19.631398984891309 0.45439036620214762 0
-2.242273949732454 0.46361655299012983 0
21.814721173984619 0.45172490740420301 0
6.8572895125563882 0.45120274171242952 0
23.89545867645769 0.14008744467130929 0
-6.2090200846415087 0.45179990318541918 0
-3.0697805448427111 0.1441777824620116 0
-4.394789538498622 0.41537731087901469 0
21.758782336919442 0.45622583352020052 0
-0.80963863213750942 0.4162793366572658 0
7.9029224568244834 0.071985513629700723 0
23.60722343101018 0.13978936718567581 0
12.86835563647243 0.02585874999428733 0
1.4305651298017179 0.029095791202916488 0
2.1472032040073419 0.48020457307086661 0
5.4960078978581643 0.48091873208135222 0
1.699682597219544 0.43734815300404561 0
5.0988983936524797 0.48053255506736842 0
11.80172446926278 0.46328654807094283 0
3.5238510510854448 0.37894640699615201 0
20.895819807299489 0.45766166247778611 0
19.551883727132331 0.45604482920215078 0
19.30594084261439 0.138107002300461 0
7.5767081476636431 0.46749984508851578 0
12.80463477983761 0.4328523282338505 0
22.421924887298069 0.46072457643033032 0
6.8167924342612984 0.4810887266387972 0
12.192502701998659 0.06742294199398817 0
5.8688823203570593 0.41185278558491678 0
-5.4105724301930733 0.3730959561546856 0
7.1143929069501199 0.46220787562431243 0
-0.93284593393623239 0.42139704331849709 0
3.1436444356270208 0.47983586217169538 0
-2.2965018818715208 0.43691510878992018 0
11.717128112298729 0.46445617200021438 0
10.145744713969879 0.069876352788220894 0
-5.4075197774761756 0.4215604449249622 0
6.1718616195982392 0.46306030969120998 0
5.3567826186158189 0.072350673300080381 0
5.5795792754683919 0.37353270129511229 0
-0.5720758085856098 0.54488112354036167 0
6.4894945848993553 0.40305424465768369 0
6.0660833709331783 0.46651552195397378 0
1.1780041241462831 0.49520357515787877 0
7.0795323381506403 0.46267937043452623 0
23.578788980010781 0.45583509784655862 0
-1.212087825485086 0.49209317984236872 0
6.2343076334773242 0.46245737567911199 0
0.88967922161096991 0.47820413414423141 0
19.975524899756039 0.45333371154722862 0
1.8815352668879981 0.46429696701817352 0
7.3062400290872196 0.48148573651621202 0
5.0043630933890144 0.48120070392487813 0
19.880913062051221 0.4525048509573697 0
0.98502689994026271 0.49577493363812603 0
6.7675292650171084 0.48131774714799003 0
19.31286749437368 0.45311285542566199 0
8.7420806569720408 0.37022421910419262 0
1.915975073050074 0.4704440247081319 0
2.172331896662985 0.40210881202160897 0
3.8637887590166011 0.48132113713356789 0
8.4150018719847726 0.41146115851729148 0
-3.768391169353885 0.42157262615340352 0
13.178139919970199 0.47762867443412588 0
-0.32105562935686838 0.59206115364287348 0
6.0049568800137809 0.46751259197718747 0
12.55811550228197 0.46518543851769262 0
12.692697617345379 0.069428568630427276 0
11.267066539363929 0.48073756685229652 0
18.26007412840281 0.37887928221876832 0
-1.656757140362165 0.46783021477448639 0
-1.774508768844167 0.48108127955819252 0
9.7927134067218269 0.46915097082383272 0
-9.4745526145370089 0.39700551030836728 0
-1.4665023614002011 0.02707481994511721 0
-2.753453307806196 0.46984415635749321 0
3.083858457818315 0.48045172526869723 0
11.28563367952812 0.03424344866091298 0
17.94728912614379 0.37715714673454981 0
7.4107426734827699 0.46670462535269153 0
8.7524352482121284 0.46283336790093782 0
11.76443466104574 0.46518680012267583 0
4.7679561549915057 0.37211026218579568 0
-0.31661141799595333 0.029338690447671682 0
8.9764379362932587 0.468593418933549 0
2.2229069429627382 0.37088144780474808 0
14.481838776962681 0.41563673793357542 0
4.7458991911961439 0.46623956047459142 0
7.5189313442765293 0.46759734101698502 0
-1.085142025298125 0.48925926675587739 0
-2.707814494966295 0.44121081969895037 0
2.687282766848611 0.47945337090053303 0
19.28780194593913 0.45860213599520572 0
1.203629095458886 0.066359940997506417 0
9.2292455892401399 0.41303459953639809 0
12.084942499927539 0.4364350702129578 0
12.060284403514149 0.074352585090426998 0
8.1509106328432868 0.40359441084757192 0
-3.324374187480327 0.44109506989440628 0
6.1223557081574356 0.48062925244459359 0
8.1951441235299001 0.48134035349486931 0
16.889657797265649 0.45903682894828851 0
22.600831563678259 0.45915742051642611 0
4.3824589932319098 0.48087905561201422 0
7.4580222447587374 0.36008404637111069 0
15.893872452568649 0.45071900423831962 0
19.766557617747889 0.45851977952068401 0
20.342288293045449 0.45408028856768518 0
23.846568622522401 0.45842564936913549 0
23.824083487908869 0.45842866153146411 0
13.98383209828944 0.46029087066457008 0
13.96297088072796 0.45949019505431338 0
15.69030653702719 0.45626361286474382 0
19.169020996013518 0.45622141428723978 0
16.840426801742179 0.45733739695990999 0
23.224712652539349 0.45852090301361409 0
24.37538219787405 0.45876233938289418 0
15.085585661168359 0.45748605502343148 0
14.52535141150744 0.45947666175778568 0
16.238315031757789 0.45750596814559902 0
20.59851337600097 0.46150193046252019 0
17.39380724343383 0.45145704832707301 0
3.1801164302793432 0.447849194380604 0

Triangles
22344
6057 3261 6058 10
6596 6598 7232 10
6817 8799 8851 10
10119 3770 10831 10
3781 10134 10135 10
8076 7588 9669 10
172 173 7764 10
3671 10154 11461 10
3026 10411 11570 10
3674 10412 11873 10
7146 10042 11280 10
3064 10301 11766 10
10166 3764 10167 10
3776 10178 11367 10
3777 10129 10180 10
9416 6688 11482 10
10354 3686 10355 10
3263 7480 7986 10
10436 3679 10697 10
3688 10377 12113 10
3157 10321 10963 10
10252 3765 10281 10
10335 3156 11200 10
3168 10233 10820 10
3056 10298 11662 10
3138 10429 11756 10
10421 3188 10422 10
3705 10288 10290 10
3159 10348 10349 10
3709 10285 11716 10
10345 3729 10744 10
3784 10304 10470 10
3166 10192 10748 10
6063 10236 10383 10
10378 3137 11645 10
3697 10455 11694 10
3793 10165 11592 10
3161 10390 10746 10
3062 10319 11776 10
3151 10365 11554 10
10343 3698 11335 10
3795 10430 10813 10
10297 3725 10360 10
10344 3164 11335 10
10233 3707 10807 10
10411 3792 10506 10
3180 10438 10439 10
3149 10187 10734 10
10206 3778 11948 10
10322 3157 11140 10
10261 3178 10370 10
3718 10283 10387 10
3164 10306 11694 10
3726 10328 10329 10
3158 10205 10352 10
3150 10295 11552 10
10441 3131 10857 10
10347 3184 10420 10
3797 10179 11347 10
3163 10343 11716 10
10446 3148 11948 10
3167 10433 10435 10
3732 10317 10318 10
10080 11261 12001 10
3162 10243 10898 10
3160 10248 10551 10
3145 10251 10252 10
10257 3759 10258 10
5449 5612 6109 10
3165 10456 11160 10
6076 3200 6077 10
3010 10250 11420 10
3016 10180 11520 10
3092 10413 11455 10
3428 6015 6016 10
10310 2995 10311 10
3789 10498 10499 10
6783 6781 8247 10
5609 5615 6193 10
3388 9377 10662 10
10437 3022 10697 10
2998 10470 10842 10
10281 3146 12070 10
3104 10443 12021 10
10340 3739 12068 10
8058 5824 8067 10
3107 10376 11012 10
3007 10479 10480 10
3809 10484 10486 10
5824 8058 11903 10
223 224 7877 10
9429 9576 9577 10
3095 10415 11819 10
5758 8059 11978 10
3802 10599 12527 10
2995 10542 10846 10
5758 5760 8059 10
3771 10437 10575 10
3782 10459 11197 10
6074 5471 6085 10
10499 3019 10500 10
3750 10491 11519 10
8909 9089 12281 10
5652 9678 10016 10
3785 10471 10842 10
7892 6459 11812 10
7030 8138 8167 10
3814 10568 11913 10
8474 6838 8593 10
3065 10538 11768 10
9651 5801 9652 10
5398 7129 12128 10
3818 10579 11484 10
4491 4493 11778 10
3053 10476 11700 10
5386 7280 8543 10
3829 10493 12205 10
10489 10528 10760 10
6716 6717 11401 10
7793 6195 11934 10
9290 11363 12491 10
3833 10508 11648 10
3824 10543 10846 10
3061 10603 11785 10
10511 3097 10512 10
3835 10515 10892 10
3043 10583 12076 10
10539 3785 10540 10
6531 6532 11800 10
3798 10520 11334 10
10437 9658 10575 10
6961 6960 7156 10
6280 6278 8018 10
3011 10530 10828 10
310 3193 6639 10
6765 6763 8191 10
9377 6466 10662 10
6832 6920 7097 10
3055 10536 12428 10
3841 10590 10592 10
3091 10567 11358 10
5839 5993 12011 10
6043 6557 9424 10
3346 6414 8051 10
9501 2829 9546 10
5719 5718 6835 10
5409 6442 6759 10
8617 6084 11036 10
10564 3831 10960 10
3794 10629 10706 10
5615 5865 11493 10
10578 3796 10632 10
3103 10580 11980 10
5721 8454 8455 10
3679 10121 10122 10
10607 3000 10775 10
3839 10637 11565 10
10620 3035 12095 10
3109 10640 10760 10
7018 4796 7020 10
6254 7153 7238 10
9486 11550 11909 10
3806 10550 12144 10
4536 6642 11822 10
10642 3011 10643 10
2974 9530 9586 10
3838 10617 10619 10
7120 3603 9269 10
6194 6195 7793 10
3096 10625 11804 10
10560 3018 10688 10
5965 5964 10741 10
3812 10634 12432 10
3215 6159 6161 10
3816 10624 12452 10
6007 6084 8617 10
10654 2992 10655 10
3843 10650 12428 10
8978 7290 12078 10
5942 5042 11955 10
5791 9701 9702 10
10633 3102 10960 10
10621 3837 10779 10
7780 8183 9087 10
3836 10631 11964 10
3038 9804 10123 10
3030 10628 10768 10
3819 10633 10806 10
3042 10618 10638 10
3830 10616 10832 10
5416 5411 7222 10
3054 10649 12144 10
3060 10657 11794 10
5721 6072 8454 10
6006 6005 10750 10
5985 3356 8064 10
6686 6685 6776 10
7181 7183 9410 10
4536 4538 6642 10
5896 3379 8063 10
6530 6528 8778 10
6108 6107 8838 10
2956 9214 12394 10
6099 6097 9160 10
6180 6181 11580 10
10221 7124 10364 10
5854 5908 10865 10
6418 3348 8039 10
8838 6107 10929 10
5437 7219 7264 10
6422 3395 8052 10
6693 8947 8955 10
6416 3334 8005 10
6763 6762 10859 10
3399 8012 10687 10
6142 6141 12299 10
6119 7827 10861 10
5399 6555 6556 10
8085 5623 10698 10
9688 5821 9689 10
3371 6417 8037 10
3876 4987 11763 10
5392 6544 6545 10
7354 3243 7359 10
5696 4897 9836 10
8436 5398 12128 10
7010 7012 8119 10
6963 6961 7252 10
5417 5480 6501 10
5914 3876 11763 10
3262 7861 8124 10
90 3240 6830 10
6536 6535 8828 10
5433 6199 6986 10
4320 6647 11972 10
6947 8849 8850 10
3857 9982 10799 10
9527 8788 12277 10
6007 8617 8618 10
6947 10927 11663 10
3418 7240 10708 10
5938 3369 8065 10
6213 7809 11186 10
6972 6970 6984 10
6670 6668 11611 10
6793 6792 9455 10
259 3266 6551 10
5645 8830 10717 10
5355 6605 6606 10
6458 6459 7892 10
5998 6511 12482 10
6755 8769 12253 10
5346 5572 8293 10
4320 4322 6647 10
8614 6985 8621 10
6021 3366 6025 10
8342 2873 10811 10
3379 5896 9682 10
449 450 7202 10
7879 6500 12016 10
8095 7448 9991 10
2842 8926 12044 10
8708 8707 10962 10
5925 3113 7648 10
6914 9297 11866 10
6698 6697 6784 10
3041 9810 10617 10
3113 5925 7647 10
3195 7364 8013 10
7240 7241 10708 10
9186 2875 12175 10
3808 10026 10481 10
3756 9684 10399 10
5421 5458 6049 10
421 422 6166 10
6414 3346 9722 10
6555 6655 9273 10
9593 4997 10759 10
309 310 6639 10
7009 8121 10976 10
3115 8085 10698 10
6104 6105 10833 10
5994 6000 12324 10
9584 7201 11527 10
3887 5002 11751 10
11373 9306 11459 10
6499 6500 7879 10
6063 7045 10236 10
5915 7054 7055 10
5333 6807 6808 10
4903 5419 11734 10
5674 5686 7185 10
7598 7648 9970 10
8271 6666 10686 10
7066 7237 8179 10
9001 9002 12123 10
3140 10016 10195 10
6401 10229 10230 10
258 259 6551 10
5036 5409 11743 10
9516 11462 12324 10
11466 9324 12165 10
3273 7351 8042 10
5720 3887 11751 10
10466 6674 10467 10
4493 6909 11778 10
6755 6753 8769 10
3494 8784 11805 10
8613 2723 10824 10
9478 5930 11784 10
6748 6747 8633 10
6549 6548 9004 10
5367 6548 6549 10
3366 6021 6153 10
6568 9208 11359 10
10464 10867 12067 10
9366 5882 10013 10
6811 5454 9708 10
5447 5449 6107 10
6801 5699 9383 10
5420 6210 6997 10
6597 10249 11043 10
6222 10572 10576 10
6920 6922 9587 10
6609 6738 8231 10
6015 3428 6170 10
10169 3029 10509 10
10170 3834 10626 10
6677 6676 9602 10
3334 6416 9721 10
5354 6686 6687 10
5591 4937 12497 10
2781 8857 10819 10
6776 9356 11497 10
5424 6483 6679 10
3207 7336 7338 10
8756 2903 11002 10
3487 8693 11747 10
10096 12309 12519 10
4897 5417 9836 10
3348 6418 9720 10
7057 8959 11995 10
6522 6520 9046 10
9160 6097 11324 10
8951 2716 10755 10
6417 3371 9713 10
5842 6074 12143 10
5809 9181 9182 10
11431 9310 11650 10
3857 3855 9982 10
8040 7972 9978 10
11601 6664 12103 10
10304 7274 10470 10
8538 6974 8539 10
9484 9483 12066 10
5996 5211 9233 10
10553 6957 10555 10
6663 4815 6664 10
5149 5174 7545 10
3360 6423 8004 10
5732 5941 10853 10
3391 8049 9756 10
9214 2956 9348 10
6186 6184 8449 10
6807 6879 7190 10
10789 3613 11369 10
5073 5951 6916 10
10161 6419 10404 10
9337 11415 11710 10
7156 10965 11009 10
6848 8713 11020 10
6010 3191 11541 10
9201 5807 9202 10
5839 8281 8298 10
5407 11575 11885 10
7207 6699 8698 10
6942 7147 7148 10
5361 6698 6699 10
5037 5424 11796 10
9239 2866 9883 10
6009 6688 9416 10
3565 9067 11584 10
6485 9571 11229 10
9576 9429 11466 10
5411 5410 7222 10
3398 6421 8027 10
3112 8076 9669 10
6765 8191 10863 10
5169 5406 11782 10
5670 5688 7131 10
6748 8633 11062 10
7230 8381 11106 10
5709 5917 10774 10
7179 7181 9606 10
6996 3423 8103 10
5211 5318 9233 10
6428 3390 8048 10
8898 8897 8899 10
5962 8411 8412 10
3345 6246 8101 10
3423 6996 10864 10
9629 7110 11061 10
5307 5501 6127 10
3420 7772 9153 10
8470 8471 9390 10
3369 5938 9698 10
7058 9903 11006 10
6611 5882 9366 10
6027 9122 9123 10
3384 5913 8061 10
6688 6687 9557 10
7276 3342 12386 10
6097 6096 9252 10
9107 9108 9115 10
5391 6622 6623 10
5359 6695 6696 10
6426 3359 8041 10
6655 6657 9272 10
6984 8645 12162 10
6808 6807 10902 10
6217 6440 9658 10
6246 3345 10786 10
8007 7964 9947 10
6424 3339 8047 10
8067 5824 9585 10
3378 6425 8012 10
7821 3263 7986 10
9004 6548 9005 10
3214 7041 7874 10
2849 9273 9387 10
7046 5652 7173 10
6664 4815 6665 10
7065 7066 8179 10
5941 7256 8552 10
5913 3384 9585 10
6739 5936 7290 10
7448 7449 9991 10
6068 6070 9741 10
5380 6609 6610 10
3384 8067 9585 10
5300 5355 11858 10
6485 9459 9571 10
6453 6454 9964 10
6761 9097 11333 10
6562 6564 11424 10
89 90 6830 10
9725 6583 10048 10
5331 6553 6645 10
2829 9501 9626 10
6053 6052 7142 10
3377 8061 9450 10
5785 9633 9634 10
3679 10122 10697 10
5364 5420 5997 10
11317 9205 11356 10
7003 8255 11734 10
3119 7701 8905 10
5370 9739 12010 10
5501 5730 10953 10
3395 6422 9706 10
3223 7239 10793 10
10470 7274 10842 10
6951 9573 12119 10
9124 9122 10719 10
5683 5591 5998 10
5074 5392 11840 10
5418 6464 6837 10
5891 10720 10725 10
7353 3243 7354 10
8881 6033 8882 10
8061 5913 9450 10
5372 5436 6050 10
10355 7171 11706 10
6489 4637 11616 10
5448 5447 11728 10
6072 8431 10907 10
5332 6790 6791 10
2716 8947 10755 10
8068 7996 10072 10
9840 10343 11335 10
10082 10057 10083 10
6119 5077 7827 10
111 112 7555 10
7368 7369 7373 10
5370 5433 6051 10
156 3122 10788 10
6556 9274 9703 10
2903 8755 11002 10
422 3319 6166 10
6824 6889 7089 10
5943 5942 11560 10
3370 6431 8049 10
3215 6161 9685 10
7177 7179 9723 10
9044 2986 10742 10
5915 7052 7054 10
8099 7494 10862 10
9179 7244 11342 10
10644 5735 12135 10
3191 6010 10004 10
10837 8129 10902 10
5419 6207 7002 10
8338 6480 12218 10
5098 5331 11838 10
5326 5394 5934 10
5067 5399 11924 10
5844 7060 7271 10
9176 11273 11703 10
10814 5339 11598 10
8012 6425 10687 10
5265 5367 11839 10
5449 5138 5612 10
8485 10075 10950 10
6436 3397 8015 10
3123 111 7555 10
6179 6032 12022 10
7239 7240 10793 10
5030 5391 11699 10
4066 4075 6768 10
5846 5848 9403 10
5406 6496 6949 10
6916 6917 6918 10
2860 8899 9083 10
6073 9554 11428 10
6568 6566 9208 10
6178 6179 11538 10
7063 8569 11450 10
7494 7090 10862 10
9097 7279 11277 10
6213 5070 7809 10
8828 6535 11165 10
9975 6229 9976 10
6680 6679 9085 10
6262 6429 6430 10
6781 6780 9527 10
9004 9005 11250 10
6028 6027 10758 10
8049 6431 9756 10
6732 6733 7033 10
10681 5860 10711 10
3278 6512 6513 10
8089 5349 8093 10
3601 9263 10996 10
9299 9300 11456 10
5135 5670 11732 10
10710 8618 12227 10
6928 6929 10660 10
8255 7003 11094 10
9107 9115 12342 10
5394 5639 6936 10
3356 5985 9670 10
6795 3314 6796 10
5314 6832 6833 10
5840 5839 7042 10
9658 10437 10697 10
8270 6935 12222 10
5382 6444 10025 10
3164 9801 11335 10
7070 7080 7123 10
9709 3011 10828 10
7021 10838 10943 10
6262 6415 6429 10
5886 8367 8572 10
8031 5357 8034 10
6141 6143 10920 10
4072 6113 6955 10
224 3265 7877 10
9108 6993 9115 10
6557 6556 9567 10
6470 6468 8663 10
7223 5500 9874 10
5718 5002 12189 10
6828 6905 7099 10
3011 9709 10643 10
9753 6591 11035 10
6790 6842 9707 10
6055 6053 6995 10
6794 3314 6795 10
10180 9665 11520 10
6035 4894 6087 10
5352 5382 6094 10
5313 6828 6829 10
3114 7159 10065 10
5733 5732 6855 10
6941 6478 8904 10
7051 6638 12353 10
6036 6942 7148 10
6761 5904 9097 10
5666 6075 7057 10
5995 5994 6167 10
3029 10170 10626 10
7972 7973 9978 10
6815 9113 11282 10
8454 6072 10908 10
6056 3220 11659 10
3392 8043 9676 10
6594 6592 8219 10
9320 3611 11604 10
3851 6439 8054 10
9878 7084 11013 10
6433 3393 8050 10
5473 4906 11679 10
8451 6183 11103 10
4762 6092 9849 10
6140 5683 10796 10
5436 6197 9825 10
6432 3352 8010 10
5939 5961 11997 10
6678 5975 8863 10
5907 5906 10840 10
5323 5404 6003 10
5889 5888 7087 10
6067 8163 10977 10
10044 8140 12091 10
6018 6017 12396 10
6970 6967 6982 10
4987 6017 6018 10
6760 9554 11743 10
9501 6122 9626 10
6599 6597 9859 10
5930 9881 11784 10
10523 5829 10524 10
3620 9360 10848 10
9273 9272 9387 10
5855 5854 6591 10
5325 6824 6825 10
6415 6401 10230 10
213 214 7489 10
5911 5910 6601 10
7019 7021 7030 10
5609 4932 5615 10
5870 5872 7227 10
10068 5573 10700 10
5915 7055 7141 10
10588 5994 11462 10
5881 5880 7000 10
6421 3398 9358 10
6507 6506 8705 10
10540 7272 10541 10
6589 7051 9155 10
6278 6427 8018 10
6900 8694 8906 10
9372 3653 9460 10
5847 5846 6096 10
8096 5879 10855 10
5742 5744 9523 10
3527 3853 10935 10
5417 4915 5480 10
10129 9665 10180 10
9119 9118 12472 10
3435 8248 11831 10
6601 5910 8623 10
7111 7114 7115 10
10738 7375 12226 10
5971 5970 11073 10
6620 6618 9432 10
8335 11783 12293 10
3327 6439 9809 10
6439 6437 8054 10
5458 5974 7138 10
8841 6854 8854 10
6455 5071 7539 10
173 3209 7764 10
6361 8043 8055 10
11219 9030 11758 10
6770 6771 6946 10
5932 5931 6826 10
7052 6018 7053 10
5905 5904 6761 10
5929 5928 6864 10
8255 6084 11734 10
10311 9644 10312 10
6455 7539 11639 10
9108 9106 11255 10
7373 8717 9747 10
6186 8449 11067 10
7282 8840 8852 10
6778 6779 6954 10
6805 6192 6856 10
3230 7743 10049 10
5500 6956 9874 10
5217 5325 11567 10
6077 3200 7004 10
6686 6776 11497 10
7182 7180 12329 10
7009 7010 8121 10
6925 6928 11709 10
7025 7028 7029 10
6438 3385 8053 10
8475 7036 8714 10
5841 8060 9682 10
5674 5088 5686 10
3377 5969 8432 10
7677 6180 11580 10
5969 3377 9450 10
6848 6850 8713 10
5673 6142 6942 10
5916 5915 7141 10
6423 3360 9695 10
6241 6435 6937 10
6032 6031 6636 10
3365 8432 9311 10
5940 5939 6903 10
5339 5396 6114 10
3785 7273 10540 10
6901 5833 9929 10
5677 7347 8011 10
6437 3375 8054 10
6815 6814 9113 10
5976 5975 6678 10
10659 8368 11364 10
7518 3272 7807 10
6184 6183 8451 10
5337 5418 6137 10
5207 5313 11364 10
5072 5376 5949 10
9122 6027 10719 10
8432 5969 9311 10
9589 5465 9660 10
10210 10252 10281 10
5346 5096 5572 10
6475 6473 9799 10
10358 3074 11345 10
7023 7025 7197 10
10927 8871 11663 10
7446 7175 9857 10
5879 7442 10855 10
7287 10304 10676 10
6454 7149 9964 10
9380 7195 12506 10
7108 7110 9629 10
8231 6737 8343 10
9043 6467 10983 10
4769 7079 9955 10
9050 6050 11268 10
5991 5990 11540 10
5968 5967 6999 10
3969 7071 10705 10
8899 8897 9083 10
11180 8970 11828 10
7069 7070 7123 10
6683 8480 11896 10
9070 9072 9734 10
9857 7175 11636 10
9554 6073 11743 10
6314 6312 8016 10
8043 6361 9676 10
5305 5360 6048 10
7280 3217 8543 10
7126 9465 11490 10
8722 5916 10934 10
3339 6424 9694 10
6052 5666 7057 10
8805 6129 8806 10
9215 6549 11191 10
7079 4769 10474 10
4449 6870 10993 10
6488 6490 6492 10
5057 5354 11967 10
6522 9046 11265 10
7964 7085 9947 10
6067 6066 8156 10
7573 3190 7574 10
6588 6710 7091 10
5721 5346 6072 10
9610 3659 12126 10
3915 6872 11569 10
5060 5063 12502 10
5344 4903 11734 10
5919 5918 6467 10
5042 5358 5972 10
5981 5980 6865 10
7996 7095 10072 10
5171 5332 11430 10
7574 3190 7575 10
5081 5348 11984 10
6718 4810 6719 10
6425 3378 9693 10
8946 5622 9806 10
9171 7169 9222 10
5421 4912 5458 10
6666 8271 11139 10
6211 6212 9379 10
8746 5838 8747 10
5883 5882 6611 10
6090 9576 11466 10
5447 5137 5449 10
6995 8987 10942 10
3359 6426 9692 10
10924 8846 11079 10
9027 11258 11951 10
6902 10805 11453 10
9379 6212 9380 10
5335 5036 11743 10
5027 5359 11926 10
5975 7251 8863 10
8119 7012 10893 10
366 367 7361 10
6727 6726 11933 10
8060 3379 9682 10
6407 8024 9721 10
10879 8172 10904 10
10720 3212 10725 10
10764 7135 11232 10
10008 7751 11704 10
6034 6033 6948 10
6363 6360 8056 10
6002 6001 7005 10
3342 7276 9523 10
8019 6406 9722 10
9163 6522 11266 10
9032 6589 11259 10
7181 9410 11498 10
6669 8865 11188 10
8183 3233 9087 10
3261 6057 7199 10
7751 7544 11704 10
6058 3261 7101 10
6093 6091 6834 10
3374 6020 8829 10
7042 8298 11402 10
6020 3374 8830 10
6733 6736 7033 10
6092 4762 9537 10
8889 6046 8890 10
10673 7082 10876 10
3421 7619 8083 10
9726 6611 11426 10
8057 6409 9713 10
6408 8008 9720 10
7042 5839 8298 10
6607 6606 8555 10
5252 5380 6004 10
3207 7338 7339 10
6065 3204 11542 10
5665 5849 6693 10
6087 10606 11880 10
7219 5437 9926 10
6001 8547 8925 10
6601 8623 10988 10
10572 6222 10573 10
10663 6998 11071 10
6047 6046 7064 10
5701 5703 11223 10
7440 5472 8075 10
7290 5936 12078 10
4894 6035 8141 10
3967 3969 10705 10
5692 7940 8022 10
9587 2974 9616 10
2723 8611 10824 10
3664 7121 10605 10
6188 6186 8312 10
4157 6930 11512 10
3220 6056 9990 10
3131 9660 10857 10
6555 9273 9274 10
8610 8609 10953 10
10674 6182 10802 10
5871 5870 6183 10
5962 10730 11449 10
6356 6354 8859 10
8035 5614 9769 10
10067 5686 10868 10
9008 6652 11579 10
5480 6129 6769 10
7429 5474 8032 10
7861 7862 8124 10
4117 6180 7677 10
285 286 7474 10
4524 6178 7409 10
6360 6361 8056 10
8312 6186 11068 10
5690 6590 8084 10
5836 7292 8062 10
8188 8189 11771 10
8626 10984 11919 10
6911 6913 9081 10
5072 5949 11607 10
5214 5330 5962 10
5709 5124 5917 10
7020 4796 7200 10
3351 10674 10802 10
6478 6477 9860 10
7801 3220 9990 10
7409 6178 11538 10
11415 5865 11710 10
4997 9617 10759 10
8962 11242 12479 10
10329 9699 11623 10
8865 6669 8866 10
9527 2922 10801 10
8933 7148 8953 10
8993 8991 10946 10
3269 213 7489 10
3272 7518 10781 10
4637 4639 11616 10
10872 8106 11696 10
6055 6995 9001 10
4243 6194 7793 10
10038 8832 10965 10
3200 6076 7172 10
8355 8356 11126 10
3342 8066 12386 10
6698 6784 8098 10
7368 7367 7369 10
6197 6204 11770 10
5884 5886 7157 10
6885 8326 10872 10
2984 9600 11447 10
7016 8144 12093 10
6843 6841 11787 10
6045 5466 7258 10
6361 8055 8056 10
6310 6308 9439 10
3204 6065 10785 10
6199 6447 10715 10
7598 5925 7648 10
4649 8141 11284 10
7287 7274 10304 10
5328 5037 11796 10
8343 6737 11081 10
8439 8441 10941 10
6798 3882 7187 10
6719 4810 6720 10
8364 11110 12168 10
3145 10253 10395 10
6439 3327 9957 10
8078 5858 9970 10
8480 6683 8481 10
5885 5884 6565 10
6548 6651 9005 10
3220 7801 11701 10
6758 8418 8419 10
7103 6766 7191 10
5980 8558 8937 10
5670 5134 5688 10
7151 10495 10497 10
5227 5334 11015 10
6130 6133 11377 10
5315 5169 11782 10
172 7764 7765 10
7946 7101 9858 10
8136 10868 10913 10
8601 10997 11961 10
3354 9082 9268 10
5904 7279 9097 10
8520 8518 8521 10
11234 7105 11235 10
6760 10766 11507 10
8975 6052 11181 10
8478 8480 8481 10
8744 8746 8747 10
9876 6239 10063 10
3831 9846 10960 10
6891 8908 8909 10
6771 6774 6946 10
11129 8983 12319 10
8155 2744 12450 10
9082 6030 9268 10
8335 8334 11783 10
6566 6565 9210 10
6584 6582 6947 10
6879 8123 10830 10
6277 6279 10735 10
3735 9828 10547 10
8937 8936 12389 10
8011 7347 10731 10
7159 7158 10065 10
8925 8924 12304 10
6903 5939 11098 10
5716 7911 8081 10
7013 7011 12320 10
8829 6020 9833 10
6672 6916 6918 10
5283 5314 11714 10
8221 11163 11563 10
6215 9805 11113 10
5825 5661 5977 10
7064 8889 11135 10
3653 9372 9573 10
11115 8524 12495 10
4308 6458 7892 10
10729 9286 10845 10
3365 6030 9082 10
5372 4905 5436 10
5867 5128 11740 10
6204 6203 7201 10
9343 2837 10718 10
6692 3903 11318 10
3896 3899 7094 10
3276 7331 7333 10
5462 10220 11262 10
6485 6487 9458 10
11044 8495 11625 10
6624 6623 9246 10
6908 6915 7203 10
5167 5393 6122 10
5370 4904 5433 10
6777 7231 10622 10
6070 8887 9741 10
6453 9964 11406 10
6779 6782 6954 10
7177 9723 11479 10
3422 10681 10711 10
6030 3365 9311 10
9858 7101 11635 10
7520 7517 7833 10
8810 7054 10931 10
8230 8229 11826 10
8830 3374 10717 10
4770 3915 11569 10
8717 8716 9747 10
7080 7073 8189 10
5364 4901 5420 10
5846 5217 5848 10
3122 7543 7545 10
6411 8006 9706 10
5982 5383 7063 10
6935 8270 8271 10
7648 3425 9970 10
5711 7729 8070 10
6468 6467 9043 10
7663 9725 10048 10
7364 7365 8013 10
6907 6908 7203 10
3390 6428 9653 10
5301 5300 11858 10
5880 6009 11388 10
6483 6562 7244 10
4423 6499 7879 10
3279 6515 10668 10
6950 9729 11521 10
6785 7135 10764 10
6275 6277 11404 10
7176 7177 9712 10
2861 8895 10794 10
10884 8165 12301 10
6086 3254 11608 10
7440 8075 11881 10
9573 6951 11546 10
9810 3041 10496 10
10763 396 11593 10
5352 4899 5382 10
5910 5912 9966 10
5838 5307 11022 10
4777 4449 10993 10
8395 8397 12268 10
3381 6154 9034 10
3873 3876 5914 10
5665 5130 5849 10
11812 6577 12435 10
6524 6522 9163 10
3845 9851 10657 10
9361 3620 10848 10
6073 9304 12261 10
3362 8829 9833 10
5732 5082 5941 10
11550 6687 11909 10
10100 3691 11271 10
6069 6067 6877 10
9617 4997 10679 10
5383 3872 12090 10
6439 3851 9809 10
6776 6685 12307 10
8241 8240 11998 10
449 7202 11830 10
5722 5721 6626 10
5936 6739 9339 10
8613 10824 12159 10
5075 5074 11840 10
6096 5846 11687 10
10727 345 11628 10
8645 6984 11791 10
5666 5665 6075 10
9424 6557 11485 10
10439 9650 11759 10
3199 7399 7401 10
8271 8269 11139 10
233 3246 7100 10
2741 8212 12124 10
5896 8063 9698 10
10538 9940 11768 10
3122 7545 10788 10
6646 8652 11038 10
6753 6752 7186 10
3430 8727 8728 10
7110 7115 8797 10
6553 6669 7233 10
6084 8255 11037 10
6635 6633 8385 10
5918 5920 7234 10
8237 11098 11997 10
4712 4066 6768 10
3337 9256 9382 10
10573 7228 11321 10
7073 7075 11771 10
7195 7196 9614 10
6804 6803 9316 10
8084 6590 10778 10
336 337 7396 10
8098 10658 11130 10
5962 6682 8411 10
4948 5307 5838 10
10685 294 11661 10
6772 6777 8868 10
6083 6047 7049 10
5397 3883 12170 10
5063 6856 6857 10
223 7877 7878 10
5337 5243 5418 10
6031 5339 10814 10
8596 5935 12216 10
11139 8376 12103 10
6231 6641 7096 10
7145 7146 11280 10
9256 6064 9382 10
8024 3334 9721 10
6862 6861 8642 10
6201 6203 6204 10
5854 5028 5908 10
450 3367 7202 10
3611 9319 11604 10
6017 3880 11620 10
3884 3887 5720 10
5099 5098 11838 10
9108 7117 11385 10
5967 5337 8898 10
8698 6699 11131 10
5950 5072 11607 10
5068 5067 11924 10
5839 5099 5993 10
5266 5265 11839 10
8942 6141 10920 10
10057 10082 11722 10
5031 5030 11699 10
9304 6073 11427 10
3254 6086 10784 10
10314 243 11693 10
6614 6612 9513 10
7904 7004 9856 10
6280 8018 9837 10
7351 7955 8042 10
6948 8881 11127 10
6758 6691 6836 10
7194 9217 11365 10
6669 6671 8866 10
6879 6881 11719 10
3371 8057 9713 10
6784 6697 12321 10
5870 5284 5872 10
6111 3322 7263 10
10822 3394 11458 10
7797 5478 8069 10
9946 3389 10704 10
5339 5077 5396 10
5941 8552 11112 10
5675 5674 6066 10
7543 5149 7545 10
5174 5729 7545 10
6271 6273 11853 10
6582 6581 7282 10
6905 6907 12293 10
5684 5723 10266 10
3258 7475 7477 10
8022 7940 10728 10
5326 4893 5394 10
6114 6117 9731 10
7290 8978 11204 10
8987 7142 11104 10
5323 5194 5404 10
7743 5599 10049 10
6968 8708 10962 10
6063 5658 7045 10
9067 11277 11584 10
4783 4320 11972 10
3346 8019 9722 10
6352 6350 9490 10
6431 3370 9638 10
4990 4992 7263 10
5910 5301 5912 10
8637 7143 8856 10
6950 6949 9729 10
4920 4937 5591 10
6269 10822 11458 10
4771 4157 11512 10
8008 3348 9720 10
3121 10068 10700 10
6576 6578 8307 10
6944 3336 11389 10
3029 10169 10170 10
6447 6449 8629 10
6430 6429 10638 10
8210 3284 8290 10
8948 3303 10827 10
9761 12054 12172 10
10339 11610 12053 10
5964 5370 12010 10
10689 5926 11224 10
12054 3355 12172 10
3336 6944 11667 10
10819 8857 11983 10
6306 6304 9653 10
4822 6757 9555 10
6938 9946 10704 10
6592 6591 9753 10
6147 5971 6535 10
8965 8964 10827 10
6472 3931 11589 10
5385 5386 8543 10
6729 6727 7150 10
6889 6891 8910 10
6526 5889 6527 10
8886 2932 11928 10
9660 3131 10333 10
3330 9375 9463 10
6650 6652 9008 10
6573 6571 9441 10
3354 6064 9256 10
7267 9617 10679 10
8747 8748 12176 10
2871 8938 11792 10
6549 9004 11192 10
8079 5946 9628 10
9974 10411 10506 10
6109 5612 11585 10
3287 8447 8538 10
6995 6053 8987 10
7772 5521 9153 10
6071 6069 7048 10
7429 8032 11888 10
3352 6432 9657 10
5737 5823 11749 10
5671 5135 11732 10
9375 6089 9463 10
6546 6545 8879 10
5713 8028 12248 10
6461 6589 9032 10
6911 9081 12097 10
4788 4536 11822 10
5987 3244 11668 10
6550 6549 9215 10
7055 7054 8810 10
9432 6618 11384 10
5305 5070 5360 10
8471 5694 9390 10
6652 4550 12323 10
7374 7375 10738 10
5882 5061 5903 10
8092 5600 9744 10
5832 5831 6153 10
7169 6914 11866 10
6064 3354 9268 10
5610 5609 6090 10
6967 6964 6968 10
7124 5684 12179 10
3870 3872 5383 10
5882 5903 10013 10
9856 7004 11632 10
6416 8005 9694 10
9927 10007 10563 10
6538 6536 9362 10
10411 9974 11570 10
8051 6414 9695 10
182 3227 7083 10
6612 6611 9726 10
6864 5928 8514 10
6397 6395 9544 10
6844 9597 12202 10
8623 5910 9966 10
6571 6568 9342 10
5379 9943 10140 10
6074 10213 11871 10
5694 8471 9391 10
3393 6433 9654 10
6210 6461 11758 10
5471 5469 6085 10
5980 8937 12389 10
9816 7133 11916 10
6664 6666 12103 10
4920 5591 5683 10
6678 8863 11117 10
10301 9911 11766 10
5989 10763 11593 10
7543 3122 7544 10
5639 5947 6838 10
3428 6016 7283 10
8037 6417 9693 10
6156 6006 6741 10
5842 5471 6074 10
10266 5723 10267 10
7115 7114 7116 10
8515 8514 12375 10
6597 6594 10249 10
2986 9219 10742 10
6145 6008 6814 10
6135 6034 6934 10
6418 8039 9692 10
5949 6453 9418 10
5884 5208 5886 10
3435 8247 8248 10
6857 7133 9816 10
8545 6649 11030 10
5214 5962 11449 10
3322 6111 7262 10
6464 6576 7098 10
8070 7729 10771 10
5688 6029 12319 10
6813 6812 9507 10
6616 4580 11582 10
6442 9447 11447 10
6780 6785 8787 10
6596 4566 11630 10
3880 3883 5397 10
6518 5840 6519 10
9606 7181 11499 10
6419 6247 11823 10
3882 6798 9612 10
10457 5592 11101 10
5710 5709 6581 10
6664 6665 6666 10
9072 6929 9734 10
4072 6955 7667 10
5880 5058 6009 10
7801 7780 9087 10
6804 9316 11378 10
7171 5440 11706 10
6129 6130 11377 10
3338 9456 9541 10
6945 9385 11418 10
6480 8689 12218 10
6320 6318 9638 10
10220 5462 10221 10
11264 9014 12249 10
6151 6028 6861 10
5466 5468 7258 10
6149 5965 6988 10
9456 6123 9541 10
6183 8724 11102 10
7080 8189 12111 10
387 388 7330 10
6576 11161 11162 10
5972 9212 9213 10
8959 2715 11995 10
6118 9196 11348 10
9846 3831 10159 10
7117 9788 11207 10
7226 6104 10833 10
6684 7088 10670 10
9358 3398 9636 10
8081 7911 10721 10
6948 6033 8881 10
5983 10727 11628 10
6001 5323 8547 10
6515 3279 11713 10
7112 4386 7113 10
5904 5278 5952 10
6929 9072 10660 10
5307 5308 5501 10
6733 5881 6734 10
4817 10729 10845 10
6122 6653 9626 10
3244 5987 10782 10
5167 5166 5393 10
6435 6419 10161 10
8572 2929 11185 10
5850 8205 8210 10
6570 4479 11595 10
9684 3756 10274 10
9320 9234 9370 10
5938 8065 9670 10
5615 5696 5865 10
6994 8314 8522 10
10325 7188 10326 10
8465 6678 11118 10
10472 7165 11971 10
6176 4075 8887 10
5746 5748 9670 10
5918 5171 5920 10
7171 10355 11847 10
11393 10089 12316 10
6172 5968 6812 10
9318 11379 11380 10
8947 6693 10755 10
5252 5251 5380 10
6738 6609 12297 10
9689 10422 11723 10
2835 8374 8642 10
2951 8346 8773 10
7701 7571 8905 10
8063 3369 9698 10
5348 7037 7038 10
6302 6300 9706 10
9044 10742 12383 10
5904 5952 7279 10
6114 9731 11465 10
6115 109 11535 10
5950 9560 9561 10
109 6115 11541 10
9599 2984 11447 10
3353 9534 9603 10
4336 6732 7033 10
9093 11511 12031 10
8293 8291 12127 10
115 7563 10068 10
5939 5266 5961 10
8705 6506 11032 10
8298 2804 11402 10
6512 3278 7060 10
6434 9358 9636 10
6955 5136 7667 10
6646 6645 8652 10
5072 5071 5376 10
9534 6139 9603 10
3337 6089 9375 10
8137 10044 12091 10
4805 4637 6489 10
5966 10685 11661 10
5409 6441 6442 10
9259 10848 11821 10
5985 8064 9523 10
5410 7221 7222 10
5740 5737 11749 10
6137 8683 10794 10
5042 5041 5358 10
6658 6661 11688 10
5208 5207 11364 10
5951 9484 12066 10
5355 6604 6605 10
6422 8052 9653 10
7217 5427 7218 10
6195 6002 6803 10
10001 5579 11001 10
6130 6132 6133 10
5469 7189 12414 10
7116 7117 11207 10
5980 5252 8558 10
5501 5502 5730 10
55 6125 10717 10
6555 6654 6655 10
6769 6129 8805 10
6505 5940 6506 10
6089 3337 9382 10
6921 6919 7170 10
5392 6543 6544 10
5002 5009 12189 10
6493 6739 7137 10
5667 5668 7600 10
6190 4594 11618 10
6074 6085 10213 10
5607 5978 6873 10
6175 5929 6839 10
4350 6770 6946 10
7911 3242 10721 10
6965 7596 10826 10
3015 10130 12308 10
5058 5057 11967 10
8639 6997 11119 10
8552 7256 11100 10
3278 6513 9824 10
10128 3015 12308 10
11187 5963 11574 10
3364 9598 9623 10
11098 5939 11997 10
5002 5718 5719 10
6053 7142 8987 10
5333 6806 6807 10
4465 6778 6954 10
7186 8530 8767 10
2995 7056 10311 10
6716 8674 12250 10
9598 6158 9623 10
6500 5932 6676 10
8174 7123 12102 10
6532 11050 12235 10
8336 8313 10765 10
6348 6346 9654 10
10627 9875 10768 10
5082 5081 11984 10
5978 7086 11961 10
6832 6919 6920 10
6802 3326 9434 10
6997 8639 11326 10
5433 6198 6199 10
6126 211 11314 10
2798 9065 9860 10
5953 10314 11693 10
8168 10981 11820 10
6920 6921 6922 10
10469 6118 11348 10
3315 11187 11574 10
3903 6692 10804 10
5063 6805 6856 10
7276 5742 9523 10
3397 6436 9439 10
5061 5060 12502 10
5028 5027 11926 10
5361 6697 6698 10
6596 7232 10897 10
6848 6849 6850 10
5974 9299 11327 10
5214 5213 5330 10
7480 3263 11707 10
10996 9263 11399 10
232 233 7100 10
6631 6630 7167 10
3603 7120 11341 10
8532 2781 10819 10
6459 5991 6747 10
5354 6685 6686 10
7041 3214 12025 10
3376 9621 9631 10
5399 6554 6555 10
7151 7152 10495 10
211 6126 11659 10
6021 5832 6153 10
181 182 7083 10
9202 10747 12403 10
6270 6271 11741 10
6490 6491 6493 10
5359 6694 6695 10
6807 6878 6879 10
9738 6637 11443 10
9264 3601 10996 10
8441 8440 9663 10
9621 6173 9631 10
6312 6436 8016 10
166 6124 10681 10
4364 7303 11738 10
3276 7333 10517 10
5972 6821 9212 10
10834 8658 12101 10
4897 5696 7144 10
5367 6547 6548 10
6191 6188 8310 10
4916 4932 5609 10
6668 4773 11611 10
9863 10825 11794 10
9889 10578 10632 10
7117 9108 11255 10
6512 7060 9791 10
9455 6792 11508 10
6733 6734 12110 10
10035 10476 11865 10
7271 7060 11669 10
6891 6899 8908 10
5347 5346 5721 10
4987 3878 6017 10
6125 55 11950 10
5902 5398 11599 10
6989 6988 9582 10
6436 8015 8016 10
6758 6836 8418 10
3382 9630 9640 10
5903 9142 10013 10
5994 5315 6000 10
6492 6490 7194 10
6485 9458 9459 10
6128 4836 6130 10
9630 6200 9640 10
6488 6489 6490 10
7563 115 12129 10
6444 6485 11229 10
6712 6713 11721 10
3962 3965 7193 10
10633 9845 10806 10
7163 5379 10140 10
8757 8756 11002 10
5332 6789 6790 10
285 7474 7481 10
366 7361 8999 10
6780 8788 9527 10
7351 3273 11861 10
3242 7911 11881 10
6702 6707 8423 10
3330 6123 9456 10
6393 6391 9657 10
6719 6720 6721 10
9187 6939 11328 10
6580 5981 6617 10
3214 7874 8186 10
6164 3251 12040 10
3387 9639 9656 10
5744 5985 9523 10
6609 8231 11656 10
8863 7251 11921 10
9639 6445 9656 10
6205 4364 11738 10
5002 3889 5009 10
6622 6731 7288 10
8405 10990 11761 10
8028 8029 12248 10
6401 6270 10073 10
7797 8069 11975 10
11258 6501 11951 10
6123 3330 9463 10
8004 6423 9638 10
5380 6608 6609 10
5391 6621 6622 10
11273 6049 11703 10
6113 4072 7255 10
6853 7008 7009 10
5228 5227 11015 10
3380 9655 9662 10
7070 7073 7080 10
5647 5659 9919 10
9655 6465 9662 10
6625 9593 10759 10
3268 8946 9806 10
6399 6439 9957 10
9889 10632 11698 10
5906 5214 11449 10
5424 6482 6483 10
5420 6209 6210 10
6975 6974 12026 10
6125 5645 10717 10
6793 9455 11432 10
3373 9661 9668 10
3425 8078 9970 10
6914 7176 9297 10
8343 8342 10811 10
9661 6494 9668 10
3209 6138 11622 10
10484 10093 10486 10
3361 9667 9672 10
9667 6503 9672 10
6894 6895 11862 10
6324 6322 9695 10
6424 8047 9657 10
3375 6437 9544 10
6152 6023 10022 10
10096 10097 11223 10
6492 7194 12470 10
10137 10138 11722 10
7364 3195 11814 10
6001 8925 12304 10
6908 6911 6915 10
6916 5951 6917 10
4075 6176 6768 10
5325 6823 6824 10
5171 5170 5332 10
5331 6552 6553 10
6177 6071 6762 10
6530 8778 11083 10
6586 5976 6630 10
5921 5996 7134 10
10680 5927 11368 10
8259 11141 12168 10
217 6136 10725 10
4778 4550 6652 10
6426 8041 9654 10
8555 6606 11017 10
6003 6649 8545 10
5313 6827 6828 10
5398 8436 11599 10
6138 3209 11556 10
8372 6721 10696 10
5642 5842 11907 10
5314 6831 6832 10
5462 7124 10221 10
5211 5210 5318 10
8302 5970 11074 10
8247 3435 12233 10
8692 3487 11747 10
5357 8031 12160 10
6717 6719 6722 10
5073 6916 10752 10
3385 6438 9490 10
5921 5211 5996 10
6917 10074 11394 10
6825 11373 11459 10
5607 5734 5978 10
6629 5943 6792 10
6097 9252 11325 10
5088 5333 11744 10
4916 5609 5610 10
6262 6264 6415 10
6881 6887 8115 10
6557 9567 11486 10
6142 9592 11166 10
5923 5228 5984 10
6428 8048 9439 10
5948 6087 11880 10
126 127 7649 10
9519 6825 11460 10
8700 7053 12198 10
5659 5642 11907 10
10693 202 10823 10
6971 6970 6972 10
10140 3685 12525 10
7861 3262 11780 10
6897 6898 6994 10
5923 5984 7230 10
5100 5099 5839 10
6124 166 12082 10
5829 6901 10524 10
6885 7125 8326 10
3199 7401 10071 10
6450 3255 12121 10
6866 3208 6868 10
6677 9602 11534 10
5317 9681 9740 10
10590 10463 10592 10
6725 5905 6726 10
5699 5701 9383 10
6661 6662 7105 10
7205 9339 11616 10
9845 10633 10960 10
6483 6561 6562 10
6117 6118 10469 10
3216 7520 10669 10
5612 6036 7043 10
3338 6139 9534 10
5284 5283 11714 10
3621 9363 11297 10
7314 3211 9750 10
6701 5907 6702 10
8093 5349 8206 10
9626 6653 11529 10
6959 6960 6961 10
9484 5951 9562 10
7940 3245 10728 10
6662 6664 6667 10
6588 6709 6710 10
7251 11237 11947 10
11440 11441 11442 10
3198 10689 11224 10
10827 8964 12300 10
4594 7305 11618 10
5864 7575 10711 10
6605 6604 12440 10
6548 6650 6651 10
6139 3338 9541 10
6919 4748 7170 10
10198 7046 10199 10
6260 6262 6430 10
3895 3896 7094 10
6771 5924 6772 10
9928 6601 10989 10
288 10723 11523 10
8006 3395 9706 10
6344 6342 9692 10
5975 5031 6026 10
6576 8307 11161 10
6731 6622 12187 10
9308 6009 11429 10
5139 5137 5447 10
11462 5994 12324 10
3194 8035 9769 10
3870 5383 5982 10
8016 3391 9756 10
6877 6067 10977 10
6481 6860 12457 10
12016 6563 12468 10
6380 9853 9854 10
9671 3216 10669 10
7368 7373 9747 10
7081 7082 10673 10
6935 6934 8498 10
9763 6755 12253 10
10185 10442 10856 10
10210 5825 10252 10
6055 9001 12123 10
5418 6463 6464 10
8416 6976 8447 10
5083 5082 5732 10
6354 6438 8859 10
2744 8155 11649 10
4566 7300 11630 10
5349 8089 12099 10
5358 6640 6822 10
5688 5944 6029 10
6643 9971 11524 10
5458 5973 5974 10
5264 5263 7339 10
6005 5335 6073 10
5088 5087 5333 10
3389 6434 9636 10
6851 6853 7247 10
5647 5644 5659 10
9526 7282 12061 10
4687 6969 6971 10
8108 7009 10975 10
9644 9642 10312 10
5135 5134 5670 10
6824 6888 6889 10
6922 9530 9587 10
7064 6046 8889 10
5217 5216 5325 10
9930 10500 11801 10
8005 3339 9694 10
5144 7520 7833 10
5673 5671 6141 10
4479 7304 11595 10
5975 6026 7251 10
6913 6914 7169 10
5823 5663 5825 10
5139 5447 5448 10
9353 6775 9354 10
5419 6206 6207 10
7273 3785 10842 10
9571 3657 12510 10
3931 6472 10970 10
5864 7574 7575 10
367 3231 7361 10
5454 5456 9708 10
6558 3192 12240 10
3861 5982 11575 10
6369 6367 9693 10
6713 6716 7161 10
6751 5733 6752 10
9773 11029 11764 10
5406 6495 6496 10
5131 5130 5665 10
11385 7118 11908 10
10319 9877 11776 10
5125 5124 5709 10
336 7396 7397 10
10069 11008 11435 10
11168 8886 11928 10
11764 3846 11859 10
6136 217 12029 10
6779 5922 6780 10
3353 6158 9598 10
6968 6964 12447 10
3931 7301 11589 10
4449 4451 6870 10
3915 3917 6872 10
5663 5661 5825 10
9155 7051 12353 10
8098 6784 11957 10
5946 8079 11981 10
5089 5088 5674 10
5949 5376 6453 10
5394 5395 5639 10
3378 8037 9693 10
6386 9845 9846 10
6941 8904 12465 10
9521 3648 11332 10
6415 10230 10526 10
8034 5357 9203 10
4897 4915 5417 10
7016 7018 11820 10
6556 6555 9274 10
7228 6223 10052 10
4796 7018 11943 10
6389 6387 9694 10
9446 6492 12470 10
5319 4990 7263 10
6790 6841 6842 10
6158 3353 9603 10
10947 7128 11935 10
10599 11768 12527 10
6978 6977 11834 10
7359 3243 11737 10
6215 6191 9805 10
4580 7302 11582 10
5437 7264 11422 10
7296 6509 12229 10
7030 8167 8168 10
7741 8080 12393 10
7237 7069 12496 10
6170 3115 10698 10
6434 3389 9946 10
7110 8797 11060 10
6207 6480 12077 10
6328 6326 9722 10
6308 6428 9439 10
6828 6904 6905 10
6436 6310 9439 10
3258 7477 10050 10
7030 7021 10943 10
5382 6443 6444 10
6611 9366 11425 10
9915 9996 10110 10
7073 7074 7075 10
3284 8210 11655 10
6675 6674 10466 10
7373 7374 9328 10
7596 6965 11786 10
8748 5838 11022 10
7208 8949 8951 10
8431 8293 12127 10
7246 3341 8036 10
10393 3789 10677 10
6974 8538 10053 10
5436 6196 6197 10
7619 3421 12352 10
6962 6961 6963 10
6212 7195 9380 10
6241 6419 6435 10
8039 3359 9692 10
10873 7174 11180 10
6457 5600 8092 10
6222 7228 10573 10
4987 6018 7052 10
5612 5613 6036 10
6591 8491 11034 10
6814 6817 10699 10
6553 6668 6669 10
3245 7940 11888 10
7308 3275 12332 10
6744 6742 8761 10
421 6166 9679 10
177 178 8074 10
4920 5683 6140 10
3360 8051 9695 10
5083 5732 5733 10
6169 3274 11445 10
4157 4159 6930 10
5137 5138 5449 10
6433 8050 9490 10
6432 8010 9544 10
3265 7867 11624 10
5371 5370 5964 10
7161 6716 12250 10
6444 6484 6485 10
7554 3123 7555 10
5416 7222 11986 10
7381 3239 9743 10
7215 4972 10906 10
7530 8072 8094 10
3364 6173 9621 10
11059 8370 11946 10
10429 10069 11756 10
5998 5591 6511 10
6438 8053 8859 10
8056 3399 10687 10
5867 8922 11594 10
11626 6544 11627 10
6830 3240 11724 10
8149 10838 11279 10
7701 3119 11939 10
9185 7001 9225 10
6340 6338 9720 10
6442 6488 12132 10
6173 3364 9623 10
10638 6429 11565 10
6485 6486 6487 10
6007 5344 6084 10
6464 6575 6576 10
3899 4822 7094 10
6772 8868 8869 10
8285 5334 8286 10
5480 6128 6129 10
6639 3193 11657 10
7372 7368 9747 10
10848 9360 11437 10
10799 10340 12068 10
7519 7517 7520 10
10136 3050 10138 10
10589 3048 10591 10
3762 10219 10221 10
9240 9239 9883 10
7156 6960 10965 10
5970 8302 11073 10
6793 11431 11650 10
8097 8098 11130 10
8028 5713 9505 10
3145 10252 10253 10
6652 6629 11579 10
7599 5667 7600 10
3252 10457 11101 10
3815 10169 10509 10
3047 10485 10487 10
6488 6492 12132 10
6201 6202 6203 10
6072 8293 8431 10
9246 6623 11362 10
7113 4386 8126 10
9582 6988 11516 10
286 3197 7474 10
8447 3287 11660 10
10624 11702 12452 10
7809 4783 11186 10
6637 6636 10836 10
11227 3680 12057 10
6356 8859 9676 10
3675 11539 11842 10
7464 3249 7466 10
6889 6890 6891 10
3003 10140 12370 10
4395 6148 6991 10
6957 10553 10554 10
7076 7078 7081 10
6199 6446 6447 10
3106 11227 12113 10
9342 6568 11360 10
10634 10691 12432 10
10304 10303 10676 10
6969 6967 6970 10
11592 3094 11842 10
4891 4912 5421 10
6167 5994 10588 10
8141 6035 11284 10
3781 10135 11420 10
10412 11455 11873 10
7129 7128 10947 10
11367 10178 12021 10
9877 11220 11785 10
9443 2955 11559 10
7867 3265 11614 10
10297 10360 10856 10
10423 9648 11664 10
5059 5058 5880 10
5100 5839 5840 10
11012 3688 12113 10
6314 8016 9756 10
8607 3494 11805 10
3793 11592 11819 10
9214 9213 12394 10
10455 11160 11694 10
10898 3709 11716 10
10290 10288 11759 10
10207 10206 11948 10
5447 6107 6108 10
5029 5028 5854 10
10422 3188 11723 10
3376 6200 9630 10
10345 10744 11723 10
5365 5364 5970 10
3148 10448 11948 10
3180 10439 11759 10
10387 10283 11664 10
3726 10329 11623 10
3732 10318 10665 10
11197 3010 11420 10
6153 5831 6154 10
7772 3420 11890 10
6914 6933 7176 10
10167 3764 11572 10
9299 5974 9300 10
8217 6936 12228 10
10583 11565 12076 10
3893 4920 6140 10
6264 6401 6415 10
5422 5421 6046 10
11455 10413 11913 10
8262 8263 11075 10
6210 6460 6461 10
10815 3055 12428 10
7347 3231 10731 10
7066 7069 7237 10
6200 3376 9631 10
7272 5890 10541 10
7827 4788 10861 10
5947 8728 11093 10
4103 6144 6818 10
10443 11484 12021 10
9489 9403 11472 10
8859 3392 9676 10
6373 6371 9713 10
3107 11012 12205 10
10119 10831 11292 10
7063 5383 11298 10
3274 6169 12393 10
7107 7108 8251 10
9600 10766 11447 10
11648 3095 11819 10
9930 10499 10500 10
4566 6596 10897 10
11645 3137 12039 10
6673 6670 11611 10
4580 6616 11772 10
7165 7166 9872 10
6747 6749 8803 10
4625 6155 6746 10
6895 6896 6897 10
6385 6383 9721 10
10779 10620 12095 10
10828 3782 11197 10
6036 8934 10964 10
3211 7314 11547 10
5823 5825 10210 10
10873 6822 11825 10
4815 6663 9637 10
8593 6838 11093 10
10568 11358 11913 10
3157 9953 11140 10
2897 9615 11411 10
4985 4984 7245 10
5750 5752 9698 10
10110 10109 11641 10
6898 7032 7107 10
10258 3759 11629 10
10261 10370 11629 10
11363 6623 12491 10
11484 10579 11980 10
6502 6501 8160 10
10347 10420 11717 10
10881 3829 12205 10
7038 7039 10153 10
6911 6912 6913 10
8082 3191 10004 10
5639 5640 5947 10
8926 8925 12044 10
3382 6445 9639 10
6004 8356 8557 10
10355 3686 11847 10
3833 11648 11804 10
9474 5865 11416 10
10543 10544 10846 10
7115 7116 9504 10
3878 3880 6017 10
10650 11509 12428 10
6562 6563 6564 10
6445 3382 9640 10
8784 8568 11805 10
6602 6601 9928 10
8673 8674 11401 10
7371 7368 7372 10
10264 10364 12179 10
11183 8736 12488 10
5218 5217 5846 10
7058 11007 11892 10
10550 11700 12144 10
6864 8514 11116 10
10480 10479 11847 10
7729 3224 10771 10
7149 9188 9226 10
6713 6715 6716 10
6840 6839 7291 10
6182 3362 9833 10
5338 5337 5967 10
11358 10567 11964 10
6087 4894 6088 10
387 7330 7337 10
7221 9437 10690 10
10706 10629 10768 10
5302 5301 5910 10
5167 6122 9502 10
6116 3244 10782 10
10465 3682 10974 10
7366 7367 7368 10
10580 10806 11980 10
6207 6479 6480 10
11309 9198 12318 10
10637 10638 11565 10
10760 10640 10832 10
5132 5096 5346 10
7204 3332 11841 10
3367 7006 7297 10
7218 5427 9792 10
6795 6798 7187 10
11256 9025 12472 10
4510 6146 6542 10
10489 10760 11891 10
10563 10562 11640 10
5934 5394 10740 10
339 10713 11590 10
3387 6465 9655 10
6964 6963 12447 10
9953 3157 10963 10
3880 5397 11620 10
6959 6962 10826 10
6465 3387 9656 10
6157 5614 8035 10
11702 3096 11804 10
6114 5396 6117 10
10512 3097 11712 10
5336 5335 6005 10
6250 9889 9890 10
11242 6565 12479 10
7190 6879 10830 10
5683 5999 10796 10
6905 6906 6907 10
7467 3259 9730 10
3251 6164 10009 10
5029 5854 5855 10
3332 7204 12071 10
8374 2835 11677 10
5735 6801 12135 10
6882 6885 11696 10
8503 2932 11676 10
5069 5888 5889 10
10618 10619 10638 10
8346 2951 11678 10
3171 10216 10275 10
11509 3054 12144 10
5059 5880 5881 10
2871 8557 11675 10
10631 11257 11964 10
6816 6820 11245 10
2929 8572 11674 10
5062 5061 5882 10
6917 5951 12066 10
10601 7680 10695 10
5279 5278 5904 10
7003 9748 11095 10
8773 8346 12328 10
4948 5016 5307 10
8065 3356 9670 10
10607 10775 11610 10
6350 6433 9490 10
6438 6352 9490 10
10462 10463 10735 10
3380 6494 9661 10
5642 5471 5842 10
9920 11299 11756 10
6494 3380 9662 10
5131 5665 5666 10
2804 8298 11680 10
6197 6201 6204 10
4972 7215 11864 10
246 6208 12040 10
6231 6412 6641 10
5009 6140 10796 10
6873 5978 10997 10
337 3264 7396 10
6844 7035 9597 10
5267 5266 5939 10
6885 6886 7125 10
6847 6848 11748 10
5497 10661 10683 10
5990 5305 9884 10
7018 7019 11820 10
4479 6570 11370 10
9525 2945 9619 10
5218 5846 5847 10
10560 10688 11801 10
8420 8419 11747 10
6490 6493 11419 10
9931 3158 10352 10
11091 8564 11092 10
5373 5372 6033 10
7518 7519 10781 10
5849 5866 6931 10
10018 6815 11283 10
297 6452 12121 10
5215 5214 5906 10
5345 5344 6007 10
6503 3373 9668 10
7114 7113 7118 10
3373 6503 9667 10
6923 6924 12473 10
10655 2992 11241 10
5019 5444 7139 10
3101 10158 10159 10
4187 4190 7144 10
5972 5358 6821 10
6782 6781 6783 10
4850 4905 5372 10
6688 9557 11483 10
399 7281 12332 10
3156 9977 11200 10
5479 10062 10707 10
348 6560 12240 10
7132 7131 9710 10
8882 8883 12266 10
3256 10001 11001 10
6025 3366 10653 10
6817 8851 10699 10
4550 4552 12323 10
5801 5799 9652 10
10056 10241 12236 10
8075 3242 11881 10
5316 5315 5994 10
7060 5844 9791 10
6304 6422 9653 10
3903 7254 11318 10
6428 6306 9653 10
6643 6614 9971 10
5353 5352 6027 10
5125 5710 9725 10
11056 6722 11057 10
10621 10779 11698 10
5741 10066 10448 10
6130 6131 6132 10
4858 4904 5370 10
6985 8614 8615 10
6959 5448 6960 10
5962 5330 6682 10
4992 6111 7263 10
9059 6049 11272 10
6589 9155 11260 10
9940 10538 11695 10
4849 4901 5364 10
4848 4903 5344 10
7373 9328 12265 10
5668 5666 6052 10
7190 10837 10902 10
7336 3207 11762 10
7189 7188 10325 10
5793 5791 9702 10
10603 9863 11785 10
3198 11224 12248 10
9210 6565 11243 10
6147 6535 6536 10
7029 10884 12301 10
3263 7821 9912 10
6116 5622 8946 10
2715 8959 11685 10
5043 5042 5942 10
5668 6052 6053 10
3361 9672 9673 10
4847 4899 5352 10
8356 6004 11126 10
3243 7353 9865 10
6082 4201 9832 10
9418 6453 11407 10
5062 5882 5883 10
9231 5996 9232 10
3231 7347 11898 10
10643 5735 10644 10
4851 5036 5335 10
5684 10266 10268 10
6208 246 11421 10
6094 6945 9344 10
6480 8338 12077 10
7281 399 11577 10
5279 5904 5905 10
6395 6432 9544 10
6437 6397 9544 10
9233 5318 11846 10
6857 6856 7133 10
9917 3159 10349 10
7382 3250 7403 10
6050 6939 9187 10
5285 5284 5870 10
7057 6075 8959 10
6977 6976 11834 10
6766 7103 10858 10
3362 6182 10674 10
6254 6256 7153 10
6833 9285 11354 10
8747 5838 8748 10
5360 6211 12449 10
6834 6091 9711 10
6452 297 11491 10
9911 10301 11609 10
6560 348 11549 10
8267 11058 11059 10
8670 6948 11128 10
6695 7102 11974 10
5209 5208 5884 10
9190 7104 9229 10
7244 9179 12215 10
6003 5404 6649 10
5836 8062 12245 10
6239 6241 6937 10
5215 5906 5907 10
6666 11139 12103 10
6266 6270 6401 10
11575 5407 12050 10
6118 7145 9196 10
7892 11812 12435 10
6004 5380 11126 10
8441 9663 11430 10
9081 6913 12313 10
6551 3266 11672 10
6154 3381 12060 10
6967 6968 10962 10
11763 5915 12207 10
5340 5339 6031 10
6161 6169 9685 10
10236 7045 10237 10
10215 9634 10216 10
5285 5870 5871 10
5302 5910 5911 10
6598 6597 6599 10
6792 6871 9565 10
10138 3050 10460 10
3224 7729 11975 10
6879 6880 6881 10
3762 10221 10363 10
3239 7381 11528 10
8082 10004 11651 10
3201 10680 11368 10
3326 6802 9452 10
11336 9155 12353 10
6726 5905 7047 10
7221 5410 9437 10
258 6551 10001 10
6808 8140 10044 10
3255 6450 9980 10
4838 5243 5337 10
9734 7372 11568 10
7071 3969 12038 10
5089 5674 5675 10
5379 4980 6675 10
3270 8092 9744 10
6987 8952 9116 10
5324 5323 6001 10
3244 6116 12007 10
10061 10448 11989 10
6133 6132 12168 10
4077 6787 7673 10
5229 5923 11818 10
6869 3232 9715 10
6318 6431 9638 10
6423 6320 9638 10
9681 6514 9740 10
4839 5037 5328 10
5830 5833 6901 10
5209 5884 5885 10
5306 5305 5990 10
8080 3274 12393 10
9907 3160 10551 10
6939 9261 11329 10
6760 6759 10766 10
3682 10141 10974 10
6545 6544 11652 10
8890 8891 12269 10
7292 5836 9664 10
4836 6128 7243 10
5212 5921 11836 10
6070 6176 8887 10
6233 6236 6412 10
5821 5819 9689 10
6719 6721 11058 10
7021 7022 11279 10
6657 6658 6681 10
6973 6972 11982 10
388 3219 7330 10
5887 6811 12333 10
6819 6815 10018 10
6922 6923 12473 10
5076 5931 5932 10
4811 7370 7426 10
4846 5169 5315 10
5172 5171 5918 10
4844 5077 5339 10
5212 5211 5921 10
4841 4893 5326 10
376 3222 7284 10
4991 5684 7124 10
7233 6669 11188 10
6655 6656 6657 10
7123 8174 12496 10
10422 9689 10424 10
5935 8296 12216 10
5379 6675 9943 10
4840 5194 5323 10
5985 5746 9670 10
8032 5474 8112 10
3834 10170 10627 10
5652 5650 9678 10
6881 6882 6887 10
5229 5228 5923 10
5329 5928 5929 10
6141 8942 8943 10
9407 6825 9519 10
6440 6222 10576 10
9065 2798 11686 10
6157 3254 10784 10
5748 5938 9670 10
6674 5014 11642 10
9273 2849 11845 10
7741 5595 8080 10
8367 5886 8368 10
4386 7112 11941 10
4906 4948 11679 10
6027 5352 10719 10
10905 6924 11968 10
7044 7046 10198 10
7375 8227 12226 10
8915 3565 11584 10
10999 6127 11000 10
6590 3116 10778 10
6957 6106 10555 10
6009 9416 11429 10
9065 6478 9860 10
161 9894 10709 10
6474 6473 6475 10
5043 5942 5943 10
5668 6054 7600 10
8778 6528 11176 10
6223 6226 10052 10
6637 9738 12022 10
5124 5123 12306 10
7003 7002 9748 10
8882 6033 8883 10
390 10714 11644 10
3890 3893 6140 10
9619 6636 12118 10
6300 6411 9706 10
5399 6556 6557 10
5654 5652 7046 10
6422 6302 9706 10
6126 6056 11659 10
6658 6660 6661 10
3758 10160 10404 10
5172 5918 5919 10
6233 6235 6236 10
10401 3758 10404 10
3965 4755 7193 10
3961 3962 7193 10
6529 6528 6530 10
6779 6780 6781 10
5472 8071 8075 10
5089 5675 9741 10
9870 6620 12444 10
10723 7463 11523 10
5032 5031 5975 10
7133 11114 12002 10
6043 9424 11433 10
9892 3161 10746 10
6115 6010 11541 10
6666 6665 10686 10
5267 5939 5940 10
6711 6712 11526 10
10343 9840 11716 10
3847 10055 10056 10
6447 6448 6449 10
4594 6190 11434 10
10277 3763 10280 10
10265 3128 10268 10
3751 10380 10383 10
5253 5252 5980 10
5348 6723 7037 10
7027 4755 7067 10
10061 5741 10448 10
7286 7274 7287 10
3040 10384 10497 10
5130 5127 5866 10
5847 6096 6097 10
10235 3751 10383 10
3763 10254 10280 10
3128 10262 10268 10
3834 10627 10628 10
10494 3040 10497 10
4835 5070 5305 10
9795 3847 10056 10
10781 7519 11979 10
5371 5964 5965 10
6841 4753 11787 10
3208 6866 7235 10
8891 9059 12269 10
4538 6504 6642 10
7215 4931 11784 10
9468 7164 9616 10
5978 5979 7086 10
6048 5360 12449 10
6196 4809 6201 10
10591 3048 10611 10
6710 6711 11526 10
8083 7619 9728 10
6861 6863 9077 10
11386 11385 11908 10
6098 6097 6099 10
9900 11494 11776 10
9877 10319 11220 10
4809 6196 7493 10
8693 8421 11747 10
4837 5074 5075 10
6005 6073 12261 10
9502 9300 10998 10
7058 6835 9903 10
4833 5265 5266 10
7185 5686 10067 10
6346 6426 9654 10
6433 6348 9654 10
9452 6802 10783 10
9413 6562 11424 10
7045 7044 10238 10
6640 4767 11825 10
4322 6579 6647 10
8746 8782 11679 10
10675 10710 12227 10
4832 5098 5099 10
6198 4802 6446 10
3192 6558 9925 10
6978 8415 10914 10
4802 6198 7811 10
309 6639 10457 10
9005 6651 9006 10
5338 5967 5968 10
9864 3162 10898 10
5658 5656 7045 10
10123 9804 11271 10
4891 5421 5422 10
10031 3750 11519 10
5811 5809 9182 10
4834 5067 5068 10
4437 6585 6689 10
5851 10693 10823 10
7111 7113 7114 10
4831 5973 7270 10
5970 5364 11075 10
6105 10834 11690 10
4639 7205 11616 10
6134 4280 9823 10
3865 5986 12469 10
4409 6174 12504 10
8441 6791 10941 10
3315 6956 11187 10
5354 6687 6688 10
6795 6796 6798 10
11408 9711 12165 10
7588 8076 11705 10
10020 3671 11461 10
5365 5970 5971 10
7281 7308 12332 10
3314 6794 9757 10
6644 11973 11974 10
6447 8629 8630 10
4801 6206 7550 10
4810 6718 9752 10
8029 3198 12248 10
3426 126 7649 10
127 3113 7649 10
7050 7049 9704 10
4799 6209 7856 10
7075 7074 12043 10
3424 8079 9628 10
10478 3787 10555 10
3361 9673 9959 10
5807 5805 9202 10
6764 6763 6765 10
5967 8898 8899 10
5125 5709 5710 10
7315 3226 7345 10
4754 7226 7825 10
6490 6489 6491 10
3787 10552 10555 10
10069 10429 11008 10
6206 4801 6479 10
6741 6786 11248 10
6193 5615 12366 10
5787 5785 9634 10
6217 6219 6440 10
7166 9400 11397 10
6227 6229 9975 10
3033 10116 11956 10
6480 6481 12457 10
6576 6577 6578 10
6209 4799 6460 10
4805 6441 7428 10
7575 3422 10711 10
6772 5924 6777 10
9801 3164 11694 10
9258 5933 11290 10
5701 5702 5703 10
3786 10337 11923 10
5741 5740 10066 10
4608 11697 12145 10
6657 6681 11288 10
5834 6023 6152 10
3023 10574 10576 10
8032 3245 11888 10
4795 6443 7777 10
8047 3352 9657 10
6838 8474 11105 10
5032 5975 5976 10
3259 7467 11500 10
10535 6674 11642 10
8910 8909 12281 10
7079 10474 11765 10
3176 10361 11942 10
6918 6917 11394 10
9614 7196 11515 10
5347 5721 5722 10
6685 4765 12307 10
6144 4103 9822 10
10571 3023 10576 10
8569 7063 11298 10
7147 6142 11166 10
5253 5980 5981 10
6432 6393 9657 10
6150 4229 9811 10
6391 6424 9657 10
6412 6236 10170 10
6146 4510 9826 10
7208 8951 10755 10
10012 3670 11400 10
8883 6050 9050 10
5739 5740 5741 10
6270 6268 6271 10
5014 5015 6957 10
5644 5642 5659 10
7142 6052 8975 10
10211 3134 11949 10
5646 5644 5647 10
4145 10752 11611 10
5316 5994 5995 10
4820 5300 5301 10
9021 5872 9022 10
6148 4395 9830 10
10873 11180 11828 10
11247 6741 11248 10
8755 8515 11002 10
9554 6760 11506 10
6560 6558 12240 10
10045 3151 11554 10
5673 6942 11848 10
10242 3162 11578 10
6264 6266 6401 10
6155 4625 9812 10
4767 7232 11825 10
6054 6053 6055 10
4819 5251 5252 10
5866 5127 11725 10
7229 3269 7489 10
5337 6137 8898 10
7338 5264 7339 10
5263 5637 7339 10
5414 5440 7171 10
6229 6231 7096 10
320 321 8014 10
10456 3780 11576 10
4816 5030 5031 10
6936 8329 11064 10
6441 4805 6488 10
10613 3047 12346 10
6838 5947 11093 10
10124 3692 10125 10
6703 6701 11638 10
11697 7154 12145 10
8231 8343 10811 10
6697 4763 12321 10
10324 3133 11945 10
6635 11044 11625 10
4787 6852 9886 10
6461 6462 6589 10
5905 6761 7047 10
6787 4077 11806 10
3312 6625 10759 10
6443 4795 6484 10
4822 9555 11802 10
7246 8036 11330 10
5306 5990 5991 10
6731 10712 11473 10
6052 7057 11181 10
8629 6449 11090 10
6141 5671 6143 10
8683 6137 9871 10
4812 5071 5072 10
9095 9006 9146 10
8763 6735 8764 10
4131 6517 6809 10
6690 6602 9635 10
5336 6005 6006 10
5931 5076 12088 10
4257 6525 6810 10
4821 5041 5042 10
5737 5663 5823 10
6942 6142 7147 10
3945 6846 11787 10
5841 5758 11978 10
8371 6862 8374 10
6322 6423 9695 10
8248 9527 10801 10
6414 6324 9695 10
9863 10603 10825 10
6925 6927 6928 10
6452 6450 12121 10
6799 6796 10847 10
7181 7182 7183 10
10323 3736 12230 10
7127 6820 9533 10
4931 7215 10906 10
6007 8618 10710 10
120 121 7283 10
381 9813 10586 10
4792 6463 7884 10
5324 6001 6002 10
10208 10207 11749 10
6050 5436 6939 10
10596 3005 11642 10
4916 5610 9537 10
10075 6168 10950 10
6159 3215 11691 10
3254 6157 12000 10
3116 6590 11981 10
7177 7178 7179 10
7053 8486 12198 10
3876 3878 4987 10
8052 3390 9653 10
7010 7011 7012 10
7179 7180 7181 10
8073 7721 8074 10
3275 7308 9895 10
5754 5756 9682 10
10233 9609 10820 10
4797 6482 7824 10
6457 3204 10785 10
6736 6735 12196 10
10014 3797 11347 10
6118 6120 7145 10
8069 5478 9421 10
5340 6031 6032 10
6273 6275 11958 10
6937 6435 10118 10
6635 8385 11045 10
6231 6233 6412 10
3172 10300 11902 10
360 6740 10689 10
9437 5012 10690 10
7373 7369 7374 10
6966 6964 6967 10
6171 4294 9798 10
4789 6497 7798 10
6852 4787 7007 10
5252 6004 8558 10
3249 7464 7482 10
6208 6164 12040 10
10657 9851 11794 10
9530 2974 9587 10
330 9865 10043 10
6593 6592 6594 10
6178 4524 9782 10
3113 7647 7649 10
4755 7027 7193 10
5997 5420 11326 10
7366 7368 7371 10
5353 6027 6028 10
6180 4117 9787 10
8041 3393 9654 10
6174 4409 9797 10
6454 6456 7119 10
9561 9610 12126 10
5684 3867 5723 10
8372 8370 11059 10
6521 6520 6522 10
6992 6989 7277 10
8658 10834 12451 10
5710 6583 9725 10
6477 6167 9690 10
7019 7020 7021 10
3045 10094 11844 10
5451 3868 7249 10
7022 7023 11279 10
7639 3112 9669 10
8883 9050 12266 10
3190 7573 9894 10
8374 6862 8642 10
178 8073 8074 10
3277 177 8074 10
9738 6638 12022 10
3025 10507 12385 10
3887 3889 5002 10
7098 6576 11162 10
6821 6822 12027 10
7489 214 11843 10
10420 9182 11717 10
6461 9032 11219 10
10192 3696 11739 10
6194 4243 9781 10
155 156 10788 10
9609 10233 10807 10
6219 6221 6222 10
10142 3666 12048 10
4814 5057 5058 10
10486 10093 11853 10
252 6648 11542 10
4808 5213 5214 10
5373 6033 6034 10
8899 2860 10851 10
3100 10111 12120 10
279 9912 9944 10
6882 6884 6885 10
8799 6817 10675 10
6342 6418 9692 10
6426 6344 9692 10
10195 10016 11470 10
10098 3671 11944 10
8550 5941 11112 10
4781 6543 7695 10
10094 3703 12180 10
10190 3181 12137 10
8890 6046 8891 10
5014 6957 9496 10
6241 6243 6419 10
6212 6214 7195 10
4778 6547 7918 10
10481 10026 11345 10
10617 9810 10619 10
4773 6552 7685 10
6127 5501 7034 10
7202 3367 7297 10
10409 3152 12086 10
3370 8004 9638 10
8134 7016 12093 10
6500 6676 6677 10
10126 3670 11911 10
5323 6003 8547 10
10200 3189 12183 10
7511 4817 10845 10
6908 6910 6911 10
3820 10521 12512 10
3850 9673 9820 10
3169 10399 11856 10
4784 6554 7551 10
6936 8217 10740 10
3155 10293 11992 10
10433 3706 11889 10
10449 3158 11940 10
3779 10450 12403 10
8189 7073 11771 10
4803 5027 5028 10
3156 10336 12024 10
10294 3151 12008 10
6860 6941 12465 10
8499 8421 8693 10
5829 10523 12512 10
10334 3150 11900 10
5830 5832 5833 10
6185 6184 6186 10
6458 4308 9775 10
6378 6380 9854 10
6191 8310 11133 10
9298 9267 11327 10
8840 7282 9988 10
4975 4978 7162 10
4806 5081 5082 10
10456 9770 11160 10
7153 7151 10385 10
7092 4974 7093 10
6846 3945 11860 10
6661 7105 11234 10
9584 11476 11770 10
5673 6141 6142 10
10492 3750 12009 10
7070 7072 7073 10
6581 5709 6854 10
6463 4792 6575 10
7135 11302 11303 10
7258 5468 9765 10
6902 6643 10805 10
8679 7064 11136 10
6469 6468 6470 10
10027 3798 11334 10
7036 6848 11020 10
4776 6587 7742 10
9391 8471 11805 10
6367 6425 9693 10
6417 6369 9693 10
7285 9479 9727 10
3345 6534 10786 10
3250 7382 7404 10
6625 3312 12096 10
6669 6670 6671 10
6960 10038 10965 10
5422 6046 6047 10
5426 4985 7245 10
4984 6015 7245 10
6538 9362 11246 10
4770 6604 8001 10
4775 6608 7865 10
4186 4187 7144 10
10298 3801 12407 10
4850 5372 5373 10
4777 6621 7435 10
5019 7139 8649 10
6384 6386 9846 10
6499 4423 9776 10
6497 4789 11777 10
9685 6169 11445 10
7230 5984 8381 10
6482 4797 6561 10
6387 6416 9694 10
6424 6389 9694 10
6504 4538 9771 10
7142 8975 10925 10
3232 6869 11477 10
5739 5737 5740 10
10519 3797 11883 10
9410 7183 12294 10
10752 6673 11611 10
5465 5463 9660 10
4767 6640 7805 10
10433 9680 10435 10
7165 9872 11970 10
5723 3865 12469 10
6648 252 11813 10
7096 6641 10167 10
303 6708 11608 10
5424 6679 6680 10
4193 4196 7243 10
6606 6605 10767 10
7122 6088 10703 10
5903 9141 9142 10
6326 6414 9722 10
10192 9742 10748 10
6406 6328 9722 10
4858 5370 5371 10
6111 6112 7262 10
6122 5393 6653 10
6862 8371 8372 10
7023 7024 7025 10
6466 3329 10662 10
3005 10534 11642 10
6180 5995 12087 10
6525 4257 9774 10
6517 4131 9779 10
4849 5364 5365 10
6757 6691 6758 10
10059 3150 11552 10
11492 9472 11493 10
5363 11797 11798 10
6874 6873 10954 10
4793 5170 5171 10
10713 7390 11590 10
7038 7037 7039 10
9699 9700 11623 10
6945 5382 10025 10
6029 8993 10946 10
4848 5344 5345 10
4765 6685 7501 10
10507 3832 11876 10
6204 7201 9584 10
6637 10836 11444 10
9404 9405 11753 10
11218 7161 12250 10
7096 10167 11572 10
10557 3811 12080 10
4798 5227 5228 10
8281 5839 12011 10
7369 7367 12431 10
6015 6170 7245 10
10238 7044 10671 10
6248 6250 9890 10
6579 4322 9759 10
4794 5210 5211 10
5853 10544 10545 10
8238 5961 8346 10
4847 5352 5353 10
9859 6597 11042 10
5675 6066 6067 10
8275 7167 8466 10
4763 6697 7917 10
4764 6694 7896 10
3226 7315 7346 10
4851 5335 5336 10
6585 4437 9758 10
4762 6723 7733 10
5278 4804 12501 10
6418 6340 9720 10
6470 8663 11018 10
6338 6408 9720 10
9234 9320 11604 10
6090 11466 12165 10
6708 303 11779 10
5646 5647 5648 10
11575 5982 11885 10
8849 6947 9526 10
9344 6945 11417 10
5384 5914 12207 10
4800 5060 5061 10
5361 6699 7207 10
10838 7021 11279 10
6892 6894 11862 10
10616 3108 12254 10
4931 9478 11784 10
4978 5379 7162 10
8069 3224 11975 10
89 6830 10680 10
6628 4552 9755 10
6780 5922 6785 10
4906 5473 12306 10
6757 4822 10804 10
7025 7027 7028 10
6891 6892 6899 10
6527 5889 11253 10
354 6788 11668 10
9217 7194 11419 10
8058 8059 11903 10
6459 6747 6748 10
7316 7319 7346 10
4753 6789 7711 10
6662 6667 12241 10
5096 5095 5097 10
6682 6683 11896 10
6247 6248 9891 10
6780 8787 8788 10
4752 6800 7533 10
6519 5840 7225 10
7267 5461 10678 10
6758 8419 8420 10
6791 7084 9878 10
6094 5382 6945 10
7040 3233 8183 10
6371 6417 9713 10
6409 6373 9713 10
6788 354 11729 10
5672 7255 9019 10
6814 6008 6817 10
8138 7030 10943 10
4749 6805 7902 10
5938 5750 9698 10
11436 6726 12357 10
6066 5674 11671 10
3297 7219 9926 10
8210 8290 8292 10
6383 6407 9721 10
6416 6385 9721 10
5752 5896 9698 10
4208 4211 7270 10
4190 4897 7144 10
9911 11609 11769 10
3204 6457 11991 10
7012 7013 11726 10
5646 5649 8830 10
6770 4350 9697 10
5313 6829 10659 10
7164 9587 9616 10
5675 6068 9741 10
9300 9500 11457 10
6778 4465 9696 10
6724 4451 9737 10
6982 10961 10968 10
6700 3917 9745 10
5469 5467 7189 10
6629 6792 6793 10
9995 3795 10813 10
7555 112 11808 10
6621 4777 12187 10
6535 6998 10663 10
6732 4336 9746 10
4761 6806 7567 10
7123 10787 12220 10
7056 2995 10846 10
9712 7177 11478 10
6617 11310 11312 10
6701 6702 11638 10
7134 5996 9231 10
4791 5216 5217 10
6750 4159 9736 10
7190 10830 10887 10
8391 7129 10947 10
7879 12016 12468 10
3815 10168 10169 10
6363 8056 10687 10
5707 5708 5829 10
10591 10612 11958 10
9887 10512 11712 10
11777 4789 11824 10
6717 6722 7206 10
4838 5337 5338 10
4750 6823 7858 10
7156 11010 11011 10
6961 7156 11011 10
8307 6578 11066 10
4807 5019 8649 10
6924 6925 7160 10
7043 6036 10964 10
6737 6736 12196 10
4839 5328 5329 10
5427 7217 11882 10
9344 9343 10718 10
4747 6827 7890 10
7139 5444 9681 10
6969 4687 10666 10
4786 5207 5208 10
375 376 7284 10
6754 6753 6755 10
6844 6845 7035 10
10145 3786 11923 10
5825 5977 10253 10
4748 6831 7953 10
7006 3367 9691 10
5730 8610 10953 10
6130 4836 6131 10
7019 7030 8168 10
6247 6245 6248 10
5834 6022 6023 10
6351 9927 10563 10
4785 5283 5284 10
6236 6235 6237 10
4846 5315 5316 10
10940 7140 11983 10
6266 6268 6270 10
6813 9507 11480 10
5610 6092 9537 10
4844 5339 5340 10
6958 4073 7625 10
7129 5398 11750 10
11797 7242 11798 10
9717 10360 11942 10
5916 8722 9389 10
8191 6763 10889 10
3118 10601 10695 10
4201 6082 11228 10
7052 7053 12042 10
3154 10367 12298 10
6537 6536 6538 10
6127 7034 11000 10
6547 4778 6650 10
7862 8090 8124 10
6567 6566 6568 10
9479 5381 9727 10
6734 5881 10739 10
5326 5934 11026 10
4841 5326 5327 10
6552 4773 6668 10
3381 9034 9979 10
10661 3228 10683 10
7205 5327 9339 10
7169 9171 9172 10
6033 5372 8883 10
8514 5928 12375 10
10358 11345 12316 10
7029 10770 10850 10
6045 7258 12276 10
6534 3345 11830 10
8064 3342 9523 10
10000 3835 10892 10
8891 6049 9059 10
4840 5323 5324 10
6947 8850 10927 10
6581 6854 10951 10
5440 5887 11151 10
10359 3176 11942 10
10062 3234 10707 10
5327 5936 9339 10
7260 9735 10959 10
3868 3860 7249 10
6243 6247 6419 10
3861 3870 5982 10
6554 4784 6654 10
9294 7091 11399 10
6075 5665 11633 10
5886 8572 11969 10
4843 4854 7286 10
6004 8557 8558 10
4364 6205 11467 10
6979 6978 12157 10
6572 6571 6573 10
6092 6091 6093 10
7298 4649 11284 10
6671 6672 9131 10
6791 6790 7084 10
6237 6239 9876 10
6818 6816 11245 10
6956 3315 9874 10
10619 6430 10638 10
3216 7519 7520 10
5097 7103 7191 10
6281 6283 10057 10
7084 8528 11014 10
6243 6245 6247 10
8714 7036 11020 10
6461 11219 11758 10
6219 6222 6440 10
3120 6876 10912 10
5667 7599 9461 10
3248 320 8014 10
11511 6755 12031 10
6355 9915 10110 10
6271 6272 6273 10
4991 3867 5684 10
3700 10211 11949 10
7563 5573 10068 10
7314 7345 11547 10
7383 7386 7404 10
10920 6143 11082 10
10714 7323 11644 10
6051 11317 11356 10
6740 360 12484 10
10116 3689 11956 10
7245 6170 10698 10
3811 10641 12409 10
4687 6971 11884 10
6192 6805 9954 10
6943 7092 11610 10
5007 6512 9791 10
6751 6752 6753 10
6728 6727 6729 10
5916 7141 10934 10
5132 5346 5347 10
6049 5458 11703 10
7106 3206 7531 10
4766 5087 5088 10
5332 6791 8441 10
6273 6274 6275 10
6858 6744 9622 10
5134 5121 5944 10
6702 5907 6707 10
9427 6114 11465 10
10474 6981 11765 10
4835 5305 5306 10
9385 6945 10025 10
10405 10403 11823 10
3882 3877 7187 10
6752 5733 7168 10
10064 3149 10734 10
6885 10872 11696 10
7066 7068 7069 10
7100 3246 12041 10
5456 5457 5735 10
6734 8998 11226 10
7173 5652 10016 10
6283 6285 10034 10
5982 7063 11885 10
3867 3865 5723 10
3160 9907 10350 10
7180 7184 12329 10
3324 9452 10783 10
8785 2842 12044 10
10093 10092 11741 10
6124 5860 10681 10
6275 6276 6277 10
6587 4776 6709 10
3118 120 7283 10
121 3428 7283 10
6798 6796 6799 10
5949 9418 9419 10
321 8013 8014 10
6876 3120 12059 10
6051 5433 11317 10
6687 6686 11909 10
7530 8094 12279 10
3708 10242 11578 10
10703 6088 12012 10
4650 4680 8141 10
7127 10682 11245 10
6899 6900 11199 10
8408 8407 11449 10
11163 6829 11563 10
7054 7052 12042 10
2875 10762 12175 10
11411 9615 12174 10
8498 6934 11047 10
4837 5075 5076 10
6277 6278 6279 10
11110 6133 12168 10
5334 7226 10833 10
8072 7530 9965 10
3329 6466 11736 10
7108 7109 7110 10
4192 4193 7243 10
4833 5266 5267 10
7075 8201 10886 10
4891 5422 9832 10
10448 10066 11948 10
6725 6726 6727 10
6279 6280 6281 10
10847 6796 12046 10
8611 8610 10824 10
5707 5829 9666 10
6759 6442 11447 10
7148 8933 8934 10
6285 6287 9993 10
6747 5991 6749 10
4832 5099 5100 10
7449 3266 9991 10
9001 6995 11132 10
10087 5887 10135 10
6136 5891 10725 10
5462 4993 7124 10
7202 6534 11830 10
10073 10094 12180 10
7333 7336 10517 10
6281 6282 6283 10
3877 3875 7187 10
8558 8557 11792 10
9330 9464 11369 10
6279 6281 11722 10
4834 5068 5069 10
8895 8896 10794 10
4736 4739 8199 10
3872 5384 12090 10
7370 4811 9885 10
6057 6062 7199 10
9849 6093 9893 10
6812 5968 7120 10
5129 5127 5130 10
6595 6594 6597 10
6283 6284 6285 10
3152 10269 12412 10
5649 6020 8830 10
6970 6982 11791 10
7027 7024 7193 10
5743 5741 10061 10
4842 4843 7286 10
3780 10193 11576 10
5997 8262 11075 10
3112 7639 11398 10
5853 5852 10544 10
7135 7134 11302 10
7201 9509 11531 10
8079 3116 11981 10
6287 6289 9921 10
6619 6618 6620 10
6285 6286 6287 10
9576 6090 11390 10
9150 11313 11586 10
7088 6684 12274 10
10665 9686 12183 10
9894 5687 10709 10
3133 10444 11945 10
7821 5629 9912 10
284 285 7481 10
6287 6288 6289 10
10066 5740 10207 10
6634 6633 6635 10
9602 6676 11536 10
4207 4208 7270 10
5672 5671 5673 10
3258 284 7481 10
7910 9588 9744 10
10847 3297 11887 10
6289 6290 6291 10
6583 6582 6584 10
8010 3375 9544 10
7212 7214 7261 10
6833 6832 11441 10
6289 6291 9868 10
4646 4649 7298 10
6145 6814 6815 10
5457 5699 5735 10
4639 4640 7205 10
8738 8739 12447 10
6291 6292 6293 10
7955 8033 8042 10
6875 4077 9948 10
10022 10105 12526 10
4077 6875 11806 10
9259 9361 10848 10
6845 6847 11748 10
6628 5943 6629 10
6579 5981 6580 10
10210 10281 12070 10
6293 6294 6295 10
273 274 7172 10
6178 6032 6179 10
5645 5646 8830 10
10138 6279 11722 10
6291 6293 9818 10
8621 6985 10969 10
4777 10993 12187 10
6177 6762 6763 10
6585 5976 6586 10
6700 5907 6701 10
5934 8216 11155 10
5742 5741 5743 10
6625 5341 9593 10
7457 7458 7482 10
7013 7014 11726 10
5325 6825 9407 10
6295 6296 6297 10
6732 5881 6733 10
11777 6531 11800 10
274 3200 7172 10
6194 6002 6195 10
6724 5905 6725 10
6155 6006 6156 10
6499 5932 6500 10
7056 9644 10311 10
6297 6298 6299 10
6458 5991 6459 10
4280 6134 9716 10
6293 6295 9772 10
3221 7584 10875 10
7259 3329 11736 10
7319 7323 7346 10
7315 7316 7346 10
6846 6843 11787 10
9820 9673 11571 10
5871 6183 6184 10
5384 3872 5914 10
8202 12043 12124 10
6171 5968 6172 10
6822 6640 11825 10
7764 7763 7765 10
7539 4771 11639 10
7150 9520 9620 10
6299 6300 6301 10
7877 5430 7878 10
7120 9269 9270 10
4820 5301 5302 10
5896 5754 9682 10
6525 5889 6526 10
6507 8705 11134 10
11800 8241 11998 10
10726 6980 10919 10
9465 7126 9533 10
5756 5841 9682 10
6150 6028 6151 10
6082 6047 6083 10
6144 6008 6145 10
8879 6545 11206 10
6148 5965 6149 10
6187 6186 6188 10
6504 5940 6505 10
8539 6974 8540 10
6301 6302 6303 10
6986 10844 11316 10
4196 4836 7243 10
4649 4650 8141 10
7260 3316 9735 10
10794 8683 12251 10
6134 6034 6135 10
6517 5840 6518 10
6303 6304 6305 10
4819 5252 5253 10
5355 6606 6607 10
10204 3183 10346 10
2897 9436 11727 10
6902 9400 11973 10
9704 7049 11049 10
6110 5707 9665 10
6253 6251 9358 10
6046 5421 8891 10
6305 6306 6307 10
6750 5733 6751 10
3767 10204 10346 10
4920 3895 4937 10
6174 5929 6175 10
10094 10073 11844 10
6429 6415 10527 10
5704 5707 6110 10
530 531 3327 10
6307 6308 6309 10
4816 5031 5032 10
6523 6522 6524 10
6309 6310 6311 10
6721 6720 10696 10
5744 5743 5745 10
3159 9917 10351 10
3394 6938 10704 10
6146 5971 6147 10
3161 9892 10391 10
6311 6312 6313 10
6295 6297 9783 10
6696 6695 7165 10
6770 5924 6771 10
6730 6731 12187 10
6313 6314 6315 10
6315 6316 6317 10
5398 3883 5720 10
5014 9496 11642 10
6317 6318 6319 10
6988 7062 9906 10
7000 7001 10821 10
6319 6320 6321 10
8694 6900 11144 10
6321 6322 6323 10
10628 10627 10768 10
335 336 7397 10
2955 9443 11731 10
6226 6227 9974 10
6778 5922 6779 10
6609 6608 12297 10
6323 6324 6325 10
6851 7247 8405 10
6610 10701 11125 10
5888 5069 12085 10
4812 5072 5073 10
7353 5636 9865 10
6325 6326 6327 10
4850 5373 9823 10
7381 7403 11528 10
7262 6112 10684 10
11610 7092 12053 10
7000 5880 7001 10
6327 6328 6329 10
6985 6984 10969 10
4821 5042 5043 10
3199 335 7397 10
6329 6330 6331 10
8123 6879 11719 10
6331 6332 6333 10
6076 6081 7172 10
6337 6338 6339 10
6339 6340 6341 10
6333 6334 6335 10
6341 6342 6343 10
6335 6336 6337 10
6343 6344 6345 10
6939 5436 9825 10
6345 6346 6347 10
64 65 7210 10
76 77 7219 10
67 68 7216 10
4971 4974 7092 10
6347 6348 6349 10
6773 9133 9134 10
4858 5371 9830 10
4735 4736 8199 10
6357 6358 6359 10
6090 5609 11390 10
6349 6350 6351 10
6359 6360 6362 10
6355 6356 6357 10
6362 6363 6364 10
5746 5745 5747 10
6364 6365 6366 10
8050 3385 9490 10
6351 6352 6353 10
6376 6377 6378 10
6374 6375 6376 10
6378 6379 6380 10
4993 4991 7124 10
6353 6354 6355 10
6366 6367 6368 10
6380 6381 6382 10
6392 6393 6394 10
6394 6395 6396 10
5858 8078 12069 10
3840 10584 12402 10
6396 6397 6398 10
6382 6383 6384 10
6390 6391 6392 10
6368 6369 6370 10
6372 6373 6374 10
6398 6399 6400 10
6495 7746 12466 10
4747 4491 11778 10
6384 6385 6386 10
6370 6371 6372 10
324 325 7199 10
6297 6299 9827 10
6386 6387 6388 10
9319 9232 11604 10
6388 6389 6390 10
9893 9198 11249 10
4849 5365 9826 10
10101 10100 11271 10
4211 4831 7270 10
5317 7139 9681 10
7584 3221 12153 10
9648 10423 10424 10
9651 9652 10370 10
4796 3959 7200 10
7259 11736 12397 10
9062 10033 10639 10
9022 9023 12302 10
325 3261 7199 10
8320 11033 11952 10
5945 5122 10028 10
7746 4790 12466 10
6951 6573 10910 10
9270 2859 9507 10
6716 6715 6717 10
5745 5743 10041 10
6166 5828 9679 10
6505 6506 6507 10
7401 7359 10071 10
6068 6067 6069 10
3903 3904 7254 10
3883 3881 3884 10
3880 3879 3881 10
3878 3877 3879 10
3889 3888 3890 10
3895 3894 3896 10
3901 3900 3902 10
3872 3871 3873 10
4848 5345 9822 10
7009 7008 7010 10
7973 3193 9978 10
6107 10924 11079 10
3959 3961 7200 10
3899 3898 3900 10
3893 3892 3894 10
3887 3886 3888 10
3876 3875 3877 10
3870 3869 3871 10
6252 6253 12485 10
8582 6844 12202 10
5672 6113 7255 10
9560 5950 11607 10
8267 11059 12094 10
6861 6028 6863 10
4851 5336 9812 10
4847 5353 9811 10
6741 6006 6786 10
7252 6961 11011 10
9400 7166 11973 10
5167 9502 10998 10
5748 5747 5749 10
9688 9689 10744 10
7382 7383 7404 10
7386 7390 7404 10
5819 5817 10424 10
9940 11695 11766 10
9813 5637 10586 10
3153 10408 12392 10
7721 8073 12264 10
8937 8558 11792 10
6299 6301 9850 10
8144 7016 11820 10
7227 5872 9021 10
6166 3319 12004 10
9403 9489 11687 10
5699 5700 5701 10
4229 6150 10664 10
5973 4831 12271 10
5710 6581 6582 10
8048 3397 9439 10
6382 6384 9847 10
3737 10184 10186 10
9884 9119 12472 10
4712 7103 7627 10
10184 3173 10186 10
6376 6378 9855 10
4943 9642 9644 10
6963 7252 8738 10
9687 9686 10318 10
5501 5308 5502 10
11547 7345 12419 10
3115 6170 11915 10
9055 3900 9127 10
9865 5636 10043 10
4645 4646 7298 10
3880 3881 3883 10
5341 4823 9517 10
3878 3879 3880 10
9434 3326 12397 10
3876 3877 3878 10
3870 3871 3872 10
7878 5430 10707 10
5849 6931 7208 10
3887 3888 3889 10
3901 3902 3903 10
5704 6110 12309 10
5750 5749 5751 10
171 172 7765 10
3893 3894 3895 10
5133 5121 5134 10
3896 3897 3898 10
3899 3900 3901 10
3890 3891 3892 10
5123 5124 5125 10
3884 3885 3886 10
3873 3874 3875 10
10984 6467 11919 10
10066 10207 11948 10
6753 8768 8769 10
9702 9701 10182 10
6613 6612 6614 10
6301 6303 9862 10
5019 5437 5444 10
7046 7173 10309 10
386 387 7337 10
3228 171 7765 10
3873 3875 3876 10
3884 3886 3887 10
3890 3892 3893 10
3896 3898 3899 10
5138 5136 6955 10
9565 6871 11558 10
5277 5361 12501 10
6938 3394 10822 10
7083 3227 12056 10
5928 5329 12382 10
6066 8153 8155 10
3276 386 7337 10
5307 5016 5308 10
6201 4809 6202 10
4814 5058 5059 10
3861 3869 3870 10
4808 5214 5215 10
5441 5454 5887 10
6629 6652 12323 10
9912 5629 9944 10
6176 6071 6177 10
7361 5477 8999 10
5370 6051 9739 10
6800 4752 8104 10
8006 6411 12387 10
6657 11288 11361 10
5398 5720 11750 10
5456 5735 9709 10
5377 6795 7187 10
6608 4775 12297 10
4804 5278 5279 10
7251 6026 11237 10
5833 5832 5834 10
5752 5751 5753 10
7092 7093 12053 10
6702 8423 8424 10
4803 5028 5029 10
5440 5441 5887 10
9445 9447 12132 10
4838 5338 9798 10
3903 3902 3904 10
4806 5082 5083 10
6070 6069 6071 10
4839 5329 9797 10
3883 5398 12170 10
6303 6305 9873 10
3861 3868 3869 10
3058 10323 12460 10
6699 6698 8097 10
12123 9002 12249 10
5392 6545 6546 10
7234 5920 8753 10
6986 6199 6987 10
4640 4643 7205 10
4145 4146 7275 10
7029 7065 10770 10
6633 6632 12487 10
6955 6113 11848 10
7249 5427 11882 10
3875 5377 7187 10
6694 4764 7102 10
6667 6664 11601 10
5623 8085 11682 10
4807 5018 5019 10
5377 6794 6795 10
6944 3351 10802 10
6962 6965 10826 10
3238 6940 10854 10
4945 5852 5853 10
5683 5998 12064 10
5754 5753 5755 10
5704 5706 5707 10
5461 7267 10679 10
4846 5316 9787 10
6580 6617 12454 10
4793 5171 5172 10
6305 6307 9888 10
4906 4708 4948 10
6958 5448 6959 10
3789 10499 10677 10
4798 5228 5229 10
6569 6568 6571 10
4794 5211 5212 10
4844 5340 9782 10
5924 5229 11818 10
5123 4906 12306 10
9799 6473 10939 10
8564 11091 11124 10
4842 7286 7287 10
3332 12071 12386 10
7458 7463 7482 10
7464 7457 7482 10
10825 10602 11794 10
4800 5061 5062 10
5521 8077 9153 10
5865 11415 11416 10
7110 7111 7115 10
6812 9270 9507 10
7230 11107 11108 10
7196 9870 12444 10
3303 9733 10827 10
6067 8156 8163 10
8160 9120 9241 10
5756 5755 5757 10
9085 6679 11274 10
5097 5095 7103 10
4973 4972 7294 10
4828 4826 7285 10
6307 6309 9904 10
4683 4681 7289 10
4829 5007 9674 10
4840 5324 9781 10
4395 6991 11929 10
7212 7213 7214 10
10168 6641 10169 10
7231 7230 11108 10
5747 5745 10019 10
10845 7182 12329 10
5648 5647 9834 10
5922 5212 11836 10
6676 5932 7253 10
6515 6514 10668 10
6835 7140 10940 10
6181 6180 12087 10
4680 4894 8141 10
3186 10388 10389 10
10388 3754 10389 10
4791 5217 5218 10
6181 6478 6941 10
6508 6509 7296 10
5919 6467 6468 10
5758 5757 5759 10
6586 6630 6631 10
7130 6980 10726 10
5958 5956 7235 10
6866 5958 7235 10
6488 4805 6489 10
6632 6631 12487 10
4074 4033 7299 10
4786 5208 5209 10
6535 5971 6998 10
6309 6311 9913 10
11379 9318 11463 10
6023 6022 6024 10
8904 8903 12465 10
4785 5284 5285 10
3896 3894 3897 10
3890 3888 3891 10
7586 4691 10070 10
3884 3881 3885 10
3879 3877 3882 10
3873 3871 3874 10
6026 9076 11237 10
6986 6987 11254 10
5492 9055 9127 10
10616 9839 10832 10
7239 3223 7242 10
9198 9893 12318 10
4755 3967 10705 10
5760 5759 5761 10
6604 4770 12259 10
6678 8465 11605 10
4566 4567 7300 10
3898 3897 4829 10
3892 3891 5317 10
3886 3885 4807 10
3875 3874 5377 10
6311 6313 9939 10
5009 3889 6140 10
10118 6435 11956 10
7477 7480 10050 10
6179 6638 7051 10
6723 4762 9849 10
5019 5018 5437 10
8717 7373 12265 10
3869 3868 5450 10
5764 5766 9585 10
3233 7040 10841 10
3872 3873 5914 10
5762 5761 5763 10
6651 6650 9008 10
7244 6562 9413 10
3659 9595 12126 10
4835 5306 9775 10
4974 4975 7162 10
3931 3932 7301 10
4103 6818 11959 10
6710 9169 10996 10
8247 6781 8248 10
2945 9525 11742 10
5500 5021 6956 10
7085 3271 9947 10
6154 5831 9034 10
5342 5341 6625 10
5397 5902 10510 10
8241 11800 12235 10
7014 8132 8133 10
6313 6315 9935 10
4766 5088 5089 10
6029 11129 12319 10
3904 3907 7254 10
6789 4753 6841 10
4580 4581 7302 10
5308 5016 10581 10
6696 7165 10472 10
7176 6933 7177 10
6743 6742 6744 10
3710 10244 12380 10
5132 5347 9948 10
5010 4856 7272 10
6940 3238 12282 10
5305 6048 9884 10
6315 6317 9932 10
11885 8536 12315 10
5764 5763 5765 10
4837 5076 9776 10
6514 9681 10668 10
4854 5010 7286 10
9645 9646 10246 10
6192 6191 6215 10
4852 4828 7285 10
4146 4149 7275 10
11560 5942 12020 10
7467 7466 11500 10
4737 4683 7289 10
6829 6828 11563 10
6317 6319 9933 10
3869 5450 8666 10
3904 3902 3905 10
4739 4945 8199 10
6752 9221 11886 10
4976 4973 7294 10
6626 5721 12058 10
6806 4761 6878 10
4364 4365 7303 10
6679 6483 12215 10
6251 6421 9358 10
8066 3332 12386 10
4833 5267 9771 10
3892 5317 8635 10
5006 4993 5462 10
4832 5100 9779 10
6400 6399 9957 10
4479 4480 7304 10
5766 5765 5767 10
3886 4807 8649 10
5129 5130 5131 10
6868 3208 12351 10
5844 7271 11581 10
6319 6321 9941 10
6434 6253 9358 10
6222 6221 6223 10
4594 4595 7305 10
5468 5470 9765 10
3162 9864 11578 10
6493 6491 6739 10
4834 5069 9774 10
6792 5943 6871 10
6321 6323 9961 10
5391 6623 6624 10
3852 11764 11859 10
5333 5087 6806 10
6854 8841 10951 10
5768 5767 5769 10
4678 4648 7293 10
3351 6944 11389 10
6837 6464 11501 10
3879 3882 8675 10
9747 8718 11568 10
8724 6183 11439 10
3883 3884 5720 10
7044 10198 10671 10
5827 4976 5828 10
6323 6325 9981 10
6973 6975 11606 10
5011 4852 5021 10
4924 4823 5341 10
4911 4737 4917 10
7299 4033 7668 10
6044 3857 10799 10
6881 8115 8116 10
5770 5769 5771 10
4081 4082 7306 10
7571 8088 8905 10
6325 6327 9969 10
4845 4678 7293 10
11261 9933 12001 10
3897 3894 8635 10
3898 4829 9127 10
6839 5929 7155 10
6587 6588 11927 10
3891 3888 8649 10
7216 68 7260 10
7219 77 7264 10
4567 4570 7300 10
3874 3871 8666 10
9104 6865 11239 10
3885 3881 8675 10
6953 6952 12119 10
6327 6329 9956 10
5772 5771 5773 10
3904 3905 3906 10
6398 6400 9793 10
3322 64 7210 10
3320 67 7216 10
3297 76 7219 10
4005 4007 7255 10
4072 4005 7255 10
5454 5455 5456 10
9447 9599 11447 10
5480 4915 6128 10
6396 6398 9815 10
7765 7763 10683 10
7743 3230 11936 10
6329 6331 9952 10
7214 7213 7215 10
5885 6565 6566 10
3219 7324 7330 10
7490 3212 10720 10
3932 3935 7301 10
7531 3206 7532 10
6394 6396 9814 10
5774 5773 5775 10
5749 5747 9986 10
6032 6636 6637 10
3657 9571 11754 10
6706 6705 10753 10
4581 4584 7302 10
430 3326 9452 10
5021 4852 7285 10
6392 6394 9821 10
9918 6355 10110 10
6331 6333 9958 10
4917 4737 7289 10
11656 8230 11826 10
5396 5077 6119 10
3266 7449 11672 10
5492 9127 9674 10
5776 5775 5777 10
8539 8540 12158 10
5414 5415 5440 10
6972 6984 6985 10
4294 6171 11912 10
4365 4368 7303 10
3858 3861 11575 10
6390 6392 9829 10
9650 9649 10290 10
6239 6937 10063 10
6333 6335 9972 10
4648 4647 7293 10
5133 5134 5135 10
4480 4483 7304 10
9313 6043 11433 10
5828 4976 7294 10
8090 7862 10829 10
5778 5777 5779 10
8100 5020 8157 10
4595 4598 7305 10
3861 3860 3868 10
6380 6382 9852 10
5701 5700 5702 10
6386 6388 9844 10
6339 6341 9951 10
6248 6249 6250 10
6341 6343 9937 10
3366 6153 11023 10
6337 6339 9973 10
6246 6228 8109 10
6388 6390 9835 10
4830 3897 8635 10
9938 6351 10563 10
6343 6345 9936 10
5612 5138 5613 10
6335 6337 9985 10
5935 5326 11026 10
7139 3891 8649 10
6974 6973 11982 10
5780 5779 5781 10
6345 6347 9942 10
9588 3270 9744 10
9716 6135 10686 10
222 223 7878 10
5378 3874 8666 10
5017 3885 8675 10
4934 4845 5013 10
7964 8007 11905 10
6347 6349 9960 10
5339 6114 11598 10
8938 8937 11792 10
5707 5706 5708 10
6362 6364 9910 10
10298 9869 11662 10
6364 6366 9905 10
6374 6376 9887 10
5782 5781 5783 10
4780 4678 4845 10
6661 6660 6662 10
6359 6362 9923 10
4082 4085 7306 10
4948 4708 5016 10
6366 6368 9899 10
6349 6351 9938 10
3234 222 7878 10
5493 5492 9674 10
6357 6359 9916 10
6368 6370 9896 10
3863 3859 6044 10
4510 6542 11963 10
7074 7076 12043 10
6909 4493 12037 10
5784 5783 5785 10
8896 8898 10794 10
5968 6999 7120 10
6351 6353 9927 10
6370 6372 9898 10
6355 6357 9915 10
5013 4845 5020 10
6372 6374 9901 10
10512 9887 11588 10
6574 6573 6951 10
85 86 7292 10
3264 7391 7396 10
6871 5943 11560 10
5786 5785 5787 10
6353 6355 9918 10
9046 6520 11221 10
5607 4937 5734 10
4819 5253 9759 10
5788 5787 5789 10
5855 6591 6592 10
4040 4043 7307 10
10690 5012 11475 10
5850 8210 8292 10
5721 8455 12058 10
8000 8680 9051 10
5790 5789 5791 10
6650 4778 6652 10
4816 5032 9758 10
3893 3895 4920 10
3899 3901 4822 10
60 61 3325 10
81 82 3278 10
409 410 7209 10
407 408 3310 10
430 431 3326 10
419 420 3318 10
428 429 3324 10
424 425 7220 10
63 64 3322 10
413 414 3315 10
66 67 3320 10
75 76 3297 10
58 59 3328 10
415 416 7223 10
72 73 3314 10
69 70 3316 10
427 428 7211 10
418 419 7212 10
410 411 3312 10
416 417 3317 10
422 423 3319 10
425 426 3321 10
78 79 3279 10
409 7209 7266 10
424 7220 7265 10
418 7212 7261 10
5733 6855 7168 10
406 407 7224 10
432 433 3329 10
432 3329 7259 10
5792 5791 5793 10
9509 6813 9867 10
8866 6671 12291 10
6223 6225 6226 10
5360 5070 6213 10
5794 5793 5795 10
4451 6724 6870 10
4980 4982 6675 10
10318 9686 10665 10
5345 6007 12423 10
5796 5795 5797 10
8948 10827 12300 10
6648 6065 11542 10
4821 5043 9755 10
5798 5797 5799 10
3236 8028 9505 10
10214 3172 11902 10
10590 10591 11404 10
3267 85 7292 10
3862 5427 7249 10
3906 3905 4670 10
3904 3906 3907 10
5800 5799 5801 10
4918 5890 7272 10
6825 6824 11373 10
5314 5283 6831 10
4039 4040 7307 10
5802 5801 5803 10
6993 9108 11385 10
3902 3900 9055 10
3917 6700 6872 10
7014 7015 11596 10
9396 6949 11918 10
5804 5803 5805 10
10517 7336 11762 10
9014 12123 12249 10
6075 8956 8959 10
11528 7403 12404 10
3197 7468 7474 10
5313 5207 6827 10
5122 5120 7601 10
5806 5805 5807 10
8295 5934 11155 10
181 7083 10046 10
5458 4912 5973 10
5808 5807 5809 10
7198 3347 9751 10
7006 6238 7297 10
4774 7366 7371 10
7292 86 8062 10
5076 5075 12088 10
5810 5809 5811 10
5013 5020 5366 10
5020 4845 7293 10
56 57 3349 10
5833 5834 6152 10
7095 3240 10072 10
5812 5811 5813 10
5571 8100 8157 10
3322 7210 12364 10
4829 4830 5007 10
5020 7293 8157 10
7210 65 9314 10
7877 3265 11624 10
5325 5216 6823 10
5814 5813 5815 10
84 85 3267 10
4807 5017 5018 10
5816 5815 5817 10
5377 5378 6794 10
9804 3038 10124 10
7601 5120 7661 10
11579 6793 11650 10
5818 5817 5819 10
4670 4890 5310 10
4923 5843 8002 10
4159 6750 6930 10
5820 5819 5821 10
5615 4932 5696 10
5735 5699 6801 10
5021 7285 9727 10
6980 6979 12157 10
3907 3906 3908 10
5822 5821 6121 10
6627 8576 8577 10
9013 8993 12019 10
6221 6220 7246 10
5013 5366 7239 10
4918 4970 5890 10
5378 8666 9542 10
6708 6086 11608 10
7596 4073 10826 10
5310 4890 5311 10
5007 5008 6512 10
3907 3908 3909 10
6234 7202 7297 10
7239 5366 7240 10
5310 5311 5312 10
3909 3908 3910 10
3907 3909 4820 10
7240 5366 7241 10
5312 5311 5835 10
4820 3909 5300 10
3910 3908 3911 10
5835 5311 5836 10
3910 3911 3912 10
3910 3912 3913 10
3913 3912 3914 10
3914 3912 4705 10
3913 3914 3915 10
7997 5633 7999 10
3916 3914 7998 10
3915 3914 3916 10
3913 3915 4770 10
3914 4705 7998 10
3915 3916 3917 10
3917 3916 3918 10
7338 7334 7993 10
5264 7338 7993 10
3918 3916 3919 10
7842 7335 7843 10
7843 7335 7959 10
4742 7843 7959 10
7758 4742 7959 10
7407 4742 7758 10
7340 7407 7758 10
7340 4610 7407 10
7334 7335 7993 10
4610 7340 7341 10
4700 4611 7341 10
4700 7341 7344 10
4611 4610 7341 10
4700 7344 7500 10
7335 7842 7993 10
3918 3919 3920 10
4615 4613 7901 10
7308 5388 7934 10
4618 7342 7349 10
5503 7308 7934 10
4495 7537 7957 10
4700 7500 7901 10
4619 4618 7349 10
7400 4733 7406 10
4624 4619 7349 10
4624 7349 7869 10
7358 7398 7406 10
7398 7400 7406 10
7398 7358 7399 10
5685 4936 7987 10
4733 7400 7537 10
7342 4618 7901 10
7309 4624 7869 10
6041 6040 7416 10
7417 4729 7969 10
7389 7387 7909 10
5511 7873 7942 10
6041 7416 7417 10
7399 7358 7401 10
5388 5387 7934 10
4694 7402 7430 10
7537 7400 7957 10
4613 4700 7901 10
7385 7384 7815 10
4618 4615 7901 10
5505 7363 7364 10
7356 7359 7401 10
4944 5565 7350 10
4624 7309 7512 10
5387 7348 7981 10
4998 4940 7540 10
7341 7326 7344 10
7416 6040 7446 10
5588 5988 7935 10
5259 5596 7963 10
7873 5693 7942 10
6040 7175 7446 10
7362 5504 7547 10
5988 7419 7935 10
4715 7362 7547 10
7908 6061 7923 10
4563 4561 7491 10
7908 4728 7983 10
4715 5511 7362 10
4665 7343 7847 10
7358 7356 7401 10
5505 7362 7363 10
7444 4495 7957 10
7360 5685 7987 10
6061 6060 7923 10
5027 4572 7896 10
7967 7486 7971 10
4995 4944 7350 10
7350 5565 7351 10
7363 5511 7942 10
7815 7384 7816 10
3920 3919 4707 10
3918 3920 3921 10
7387 7402 7909 10
7393 7389 7909 10
7492 7979 7990 10
7343 4665 7352 10
4587 4590 7902 10
7438 5260 7913 10
6062 4998 7540 10
7444 7393 7909 10
4604 4748 7953 10
4966 5685 7347 10
4504 4503 7816 10
7450 4563 7491 10
7927 4696 7947 10
6060 7101 7946 10
7500 7342 7901 10
7326 7322 7344 10
7406 4733 7425 10
5587 7352 7411 10
7376 4509 7840 10
7441 7415 7850 10
7309 5033 7512 10
4641 4638 7410 10
7352 4532 7411 10
7934 5387 7981 10
7402 7385 7815 10
4509 7816 7840 10
4546 7420 7486 10
7402 4694 7909 10
7923 6060 7946 10
6041 7417 7969 10
4638 4636 7410 10
4729 7417 7438 10
5259 7441 7850 10
6061 7908 7983 10
4610 4607 7407 10
3922 3920 7991 10
4940 5505 7540 10
4623 4621 7512 10
7441 5259 7963 10
7871 5236 7882 10
4467 4464 7408 10
4418 4417 7415 10
5587 7343 7352 10
5504 7408 7547 10
7440 5669 7509 10
7349 7317 7869 10
7362 5511 7363 10
4586 4587 7902 10
7366 4616 7367 10
7818 7814 7837 10
4729 7438 7913 10
7486 7420 7971 10
5037 4415 7824 10
4631 4632 7428 10
4614 4616 7366 10
4464 4462 7408 10
7379 7382 7403 10
4561 4686 7491 10
5262 5260 7438 10
5221 5598 7421 10
7364 7363 7365 10
4482 4757 7422 10
7431 4728 7795 10
7965 5290 7977 10
5837 5255 7941 10
4936 5506 7987 10
5049 4641 7410 10
4961 5693 7873 10
7795 4728 7908 10
4509 4504 7816 10
5877 5878 7744 10
7851 5244 7875 10
7343 5588 7935 10
4642 4714 7915 10
7847 7343 7935 10
5387 5051 7348 10
4620 4811 7426 10
5506 4860 7450 10
4508 4506 7427 10
5246 5247 7418 10
5000 4938 7880 10
7430 7402 7815 10
4572 4573 7896 10
4509 7376 7427 10
5258 5205 7731 10
5506 7450 7491 10
5205 5206 7731 10
4603 4602 7843 10
7411 4532 7504 10
7903 4653 7920 10
7443 5523 7488 10
4607 4605 7407 10
4588 4585 7424 10
5569 7893 7974 10
5664 7447 7448 10
4617 4620 7426 10
4684 5254 7898 10
5895 7443 7488 10
4627 4623 7512 10
7788 4717 7929 10
7357 7406 7425 10
4476 4728 7431 10
4895 4961 7926 10
5036 4631 7428 10
4279 7423 7451 10
4859 4467 7408 10
4733 4488 7425 10
4484 4482 7422 10
4742 4603 7843 10
4502 4505 7511 10
4505 4817 7511 10
7367 4616 7426 10
4729 4589 7969 10
4533 4532 7352 10
7425 4487 7852 10
7420 4546 7756 10
4273 7412 7452 10
4621 4624 7512 10
7488 7489 7490 10
7816 7384 7840 10
4668 4418 7415 10
7320 7318 7500 10
4668 7413 7439 10
7922 4316 7928 10
5221 7421 7837 10
7434 5446 7846 10
4506 4509 7427 10
4565 4563 7450 10
7485 5236 7871 10
4632 4635 7428 10
4444 4447 7435 10
7445 5204 7784 10
4442 4440 7854 10
4714 5571 7915 10
5845 5291 7952 10
5508 5495 7437 10
5286 7927 7947 10
5439 7440 7509 10
4404 4403 7886 10
4407 4409 7405 10
5025 5636 7353 10
4498 4694 7430 10
7344 7320 7500 10
4652 7348 7410 10
7455 7459 7484 10
4270 4268 7788 10
7437 7818 7837 10
4405 4802 7811 10
7418 5247 7419 10
4297 4657 7838 10
4602 7842 7843 10
7327 7340 7758 10
7413 4668 7414 10
4478 4476 7431 10
5669 4933 7509 10
7393 7444 7957 10
4558 4559 7805 10
4266 4265 7507 10
7414 7415 7441 10
4585 4583 7424 10
4707 3919 5296 10
3921 3920 3922 10
7357 7425 7852 10
5569 7974 7989 10
5044 4425 7439 10
4327 4325 7541 10
5619 7967 7971 10
5249 5246 7418 10
4658 5257 7834 10
7423 4279 7452 10
5878 5955 7744 10
5505 7364 7540 10
4602 4599 7841 10
5960 6867 7817 10
7814 5221 7837 10
7412 4273 7788 10
7507 5877 7744 10
7312 7315 7345 10
7413 5044 7439 10
5265 4544 7918 10
5066 7487 7495 10
4310 4307 7433 10
5226 7821 7986 10
4503 7815 7816 10
7434 5509 7845 10
5495 7432 7437 10
7447 5086 7523 10
5256 5566 7919 10
7324 7322 7325 10
7699 5144 7833 10
4307 4305 7433 10
4265 7436 7507 10
7436 4265 7496 10
5244 4439 7875 10
4582 4579 7497 10
5554 4888 7738 10
4546 4543 7756 10
4889 4582 7497 10
4599 4597 7841 10
5554 7738 7783 10
5033 4627 7512 10
4717 4266 7507 10
4512 4508 7427 10
4443 4444 7435 10
5241 5446 7434 10
7453 4388 7454 10
4861 4453 7803 10
7854 4702 7937 10
5274 7411 7504 10
4568 4565 7450 10
7922 5577 7943 10
5563 7900 7938 10
4402 4405 7811 10
7529 5514 7737 10
7904 6533 7914 10
5077 4530 7827 10
7536 7832 7924 10
7415 4417 7850 10
7422 4757 7836 10
5555 7860 7861 10
4657 5219 7838 10
7894 4727 7899 10
5054 5052 7432 10
4461 4763 7917 10
5664 5086 7447 10
5506 7491 7982 10
5386 5051 5387 10
5204 4411 7784 10
4274 4273 7452 10
4654 7445 7784 10
4547 4546 7486 10
5041 4558 7805 10
4389 4388 7453 10
4321 4319 7819 10
7453 7455 7484 10
4500 4498 7430 10
5555 7859 7860 10
7498 5479 7747 10
6042 4995 7350 10
5926 5619 7980 10
6040 6038 7175 10
4590 4749 7902 10
4445 4442 7854 10
7436 7496 7753 10
4653 4519 7920 10
4372 4369 7492 10
4273 4270 7788 10
4279 4274 7452 10
4330 4327 7541 10
4704 4887 7565 10
4513 4684 7898 10
4530 4531 7827 10
4453 4450 7803 10
6081 5000 7880 10
7484 7871 7882 10
5893 7888 7905 10
7317 7313 7869 10
5507 5486 7414 10
4938 5555 7880 10
5070 4314 7809 10
6037 4995 6042 10
5512 7557 7844 10
5628 5262 7438 10
4698 7851 7875 10
7412 5959 7452 10
5509 7803 7845 10
5231 7447 7523 10
7432 5052 7433 10
7360 5477 7361 10
4910 4996 7956 10
4703 5231 7523 10
5562 7831 7870 10
5065 5066 7495 10
5486 7413 7414 10
7414 4668 7415 10
7325 7322 7326 10
4286 4287 7493 10
7783 4718 7859 10
4961 7873 7926 10
5026 7355 7836 10
5290 5291 5292 10
5460 5459 5477 10
4316 7810 7928 10
4936 4860 5506 10
5035 5033 7309 10
4914 5001 7773 10
6162 7538 7887 10
5385 5051 5386 10
4279 7451 7506 10
5959 7423 7452 10
7521 4175 7542 10
4598 4600 4785 10
7951 5584 7978 10
5247 7847 7935 10
7970 4731 7976 10
5487 6086 6708 10
5676 4935 7846 10
7318 7317 7342 10
4447 4777 7435 10
4905 4286 7493 10
5514 7529 7690 10
4667 5191 7828 10
4522 4524 7409 10
4656 7513 7735 10
4403 7671 7886 10
4660 5248 7756 10
7423 5960 7817 10
5292 5503 5568 10
5486 5046 7413 10
5556 7855 7857 10
7508 5512 7844 10
7514 4175 7521 10
4400 4398 7813 10
4481 4478 7431 10
5556 7787 7855 10
5052 4310 7433 10
5514 5513 7737 10
4369 4367 7492 10
5034 5033 5035 10
5287 5286 5288 10
5559 5435 6450 10
5713 5249 7418 10
4732 4910 7956 10
5024 5022 7795 10
4967 4966 5677 10
4851 4631 5036 10
5551 7528 7529 10
4800 4586 5060 10
5210 4471 7533 10
4268 4717 7788 10
7331 7332 7333 10
4492 4490 7537 10
7314 7312 7345 10
4529 4527 7504 10
5001 6078 7773 10
5263 5262 5627 10
5276 5586 5587 10
5901 7632 7703 10
5479 5181 7747 10
5236 5234 7882 10
4382 4779 7505 10
5192 5065 7495 10
4717 7744 7929 10
5895 7488 7490 10
5626 5024 7795 10
5875 7436 7753 10
4887 4965 7565 10
4541 4660 7756 10
5554 7783 7859 10
5507 7414 7441 10
6039 6038 6040 10
4264 4267 7551 10
6867 7487 7817 10
5900 7494 7792 10
7348 4652 7981 10
4346 4765 7501 10
4287 4290 7493 10
4532 4529 7504 10
7432 4672 7437 10
5255 5039 7941 10
5240 7854 7937 10
5618 5926 6740 10
7925 7903 7950 10
5551 7527 7528 10
4598 4597 4599 10
4860 4568 7450 10
4774 4614 7366 10
7395 7398 7399 10
4564 4563 4565 10
7494 5992 7792 10
7529 7530 7690 10
5051 5049 7348 10
7451 7423 7817 10
4490 4733 7537 10
4996 4995 6037 10
4496 4495 7444 10
4606 4605 4607 10
7900 5717 7938 10
4234 4232 7789 10
5509 7434 7846 10
4549 4696 7927 10
4573 4574 4575 10
4895 4960 4961 10
4531 4534 7827 10
4214 4217 7742 10
5276 5587 7411 10
3920 4707 7991 10
5236 7485 7853 10
7386 7388 7390 10
7513 5176 7735 10
4379 4382 7505 10
7454 4388 7770 10
7319 7318 7320 10
7502 4139 7524 10
7451 5064 7506 10
4802 4407 7405 10
5712 5249 5713 10
7381 7379 7403 10
4612 4611 4613 10
4479 4478 4480 10
4719 4568 4860 10
4633 7965 7977 10
7888 4223 7905 10
5256 5431 5432 10
4713 5570 7921 10
4844 4530 5077 10
4940 4859 5504 10
4643 4642 4644 10
5588 5586 5987 10
5235 5236 7853 10
4839 4415 5037 10
5237 7671 7813 10
4325 4703 7541 10
4590 4589 4591 10
4654 4404 7886 10
4707 5296 5297 10
3921 3922 3923 10
7521 7542 7699 10
5569 4574 7893 10
4470 4468 7839 10
4664 5053 7802 10
7536 4662 7832 10
4259 4256 7558 10
5064 4282 7506 10
5237 5239 7671 10
4514 4516 4849 10
5254 5039 5255 10
4602 7841 7842 10
4319 4699 7819 10
5584 5582 5592 10
5268 5244 5269 10
4375 4731 7642 10
7342 7317 7349 10
7392 7393 7394 10
7503 5520 7561 10
7322 7320 7344 10
7386 7387 7388 10
7730 5142 7775 10
7453 7454 7455 10
4501 4500 4502 10
7510 4183 7665 10
5022 4481 7431 10
4642 4641 4714 10
4957 5875 7753 10
4713 4574 5569 10
7895 4653 7925 10
4584 4583 4585 10
4613 4611 4700 10
7921 5564 7933 10
4356 4357 7825 10
4377 4375 7642 10
4357 4360 7825 10
7521 7699 7833 10
7502 5901 7703 10
4833 4544 5265 10
5680 7510 7665 10
5263 5627 5637 10
5558 5435 5559 10
5431 5837 5983 10
4816 4443 5030 10
4263 4264 7551 10
5248 7420 7756 10
4328 4329 7865 10
7475 7473 7476 10
4601 4602 4603 10
4799 4522 7409 10
7621 4959 7718 10
4605 4742 7407 10
4954 5716 5717 10
4734 4467 4859 10
4892 4860 4936 10
4324 4321 7819 10
5238 5235 7853 10
5508 7437 7837 10
5596 5258 5614 10
4567 4568 4569 10
4935 5509 7846 10
5621 5224 7820 10
5025 5625 5636 10
4544 4543 4545 10
5261 5264 7945 10
5386 5387 5388 10
4423 4422 4424 10
4514 4513 4515 10
4685 4627 5033 10
5562 7870 7900 10
4553 4554 4555 10
4592 4593 4594 10
4534 4533 4535 10
7312 7313 7315 10
7861 7860 7862 10
5256 5432 5566 10
5081 4165 7733 10
5250 5249 5712 10
4591 4589 4729 10
7496 4720 7753 10
5583 5582 5584 10
5529 7720 7769 10
5050 5049 5051 10
4251 4248 7564 10
4527 4659 7504 10
4553 4555 4556 10
4559 4560 4561 10
7529 7528 7530 10
7421 5508 7837 10
7502 7524 7525 10
4930 5514 7689 10
5551 7529 7737 10
7477 7478 7480 10
4175 7514 7592 10
5241 5242 5445 10
5616 5617 5618 10
4713 5569 5570 10
4665 4533 7352 10
4463 4462 4464 10
5523 7443 7897 10
7429 5676 7846 10
5261 5260 5262 10
4715 5510 5511 10
5198 7498 7747 10
5206 5204 7445 10
4403 4400 7813 10
5876 5874 7442 10
5556 4886 7715 10
7671 4403 7813 10
5289 5616 7085 10
4956 4930 7689 10
4617 4619 4620 10
4237 4234 7789 10
5677 4966 7347 10
5259 5258 5596 10
7357 7356 7358 10
4590 4592 4749 10
5587 5586 5588 10
4486 4484 4487 10
5577 5576 5578 10
7546 5680 7665 10
4863 4259 7558 10
6510 5628 7416 10
4550 4549 4551 10
4213 4214 7742 10
5550 4251 7564 10
5274 5276 7411 10
6060 6058 7101 10
4622 4623 4625 10
7508 5439 7509 10
4953 4933 5669 10
4520 4519 4521 10
4452 4450 4453 10
4485 4484 4486 10
4954 5717 7900 10
5509 4861 7803 10
4282 4278 7506 10
4248 4246 7564 10
5423 5291 5845 10
4438 4440 4441 10
7564 4704 7565 10
7632 5901 7792 10
4440 4702 7854 10
5181 5179 7785 10
5231 5233 7447 10
4598 4599 4600 10
4659 5274 7504 10
5494 5054 5495 10
7357 7358 7406 10
5504 4859 7408 10
5522 7522 7759 10
5459 5282 5630 10
5189 5522 7759 10
4555 4697 7906 10
5551 5550 7527 10
4902 4963 7525 10
5386 5388 7280 10
4999 6057 6058 10
4217 4776 7742 10
4635 4634 4636 10
4895 4935 4960 10
5023 5025 5026 10
4614 4615 4616 10
7379 7380 7382 10
4573 4575 4576 10
7538 5159 7887 10
5186 5168 7791 10
4139 7502 7703 10
5276 5585 5586 10
7321 7320 7322 10
4697 5286 5287 10
7388 7389 7391 10
4226 4671 7806 10
4267 4784 7551 10
4502 4500 4503 10
4402 4403 4404 10
7828 5191 7848 10
4559 4561 4562 10
5512 4862 7557 10
5575 5574 5576 10
6533 5621 7914 10
4480 4478 4481 10
4718 5563 7859 10
7747 5181 7785 10
4659 5271 5272 10
4688 5241 7434 10
7469 7470 7471 10
4521 4519 4653 10
5528 7621 7718 10
4162 4751 7700 10
5239 5435 5558 10
4486 4488 4489 10
5053 5056 7802 10
5988 5987 6788 10
4305 4672 7433 10
4721 4861 4895 10
5241 5445 5446 10
4966 4936 5685 10
4530 4529 4531 10
4451 4450 4452 10
5901 5900 7792 10
5023 5022 5024 10
4913 4859 4940 10
5567 6558 6559 10
5581 5582 5583 10
4304 4792 7884 10
4556 4558 4821 10
5248 5249 5250 10
4265 4262 7496 10
4944 4889 5564 10
4431 7924 7939 10
4543 4541 7756 10
5268 5269 5270 10
4862 4338 7557 10
7514 5078 7592 10
4391 4394 7826 10
4626 4623 4627 10
5185 7730 7775 10
5074 4429 7695 10
7524 4722 7525 10
4444 4445 4446 10
4370 4371 7858 10
4961 5692 5693 10
4637 4636 4638 10
4407 4408 4409 10
7979 7483 7990 10
5496 5508 6065 10
4701 5529 7769 10
4385 4383 7770 10
7542 4768 7699 10
4097 7552 7595 10
4722 4902 7525 10
4421 4420 4422 10
4469 4470 4471 10
6078 6079 6080 10
4605 4603 4742 10
4138 4141 7685 10
4617 4618 4619 10
4183 7510 7696 10
4513 4512 4684 10
7487 5066 7817 10
4606 4607 4608 10
4583 4732 7424 10
5608 5592 6639 10
6559 6558 6560 10
5442 5192 5715 10
5219 5221 7814 10
4489 4488 4490 10
4967 5677 5689 10
5071 4151 7539 10
4837 4429 5074 10
4438 4439 4440 10
4495 4492 7537 10
4835 4314 5070 10
4969 7503 7561 10
7535 5408 7548 10
7526 4969 7561 10
5618 5619 5926 10
4914 5000 5001 10
5487 5507 6086 10
5520 5516 7561 10
4390 4389 4391 10
7356 7354 7359 10
7461 7462 7468 10
4283 4667 7828 10
4651 4216 7522 10
5446 5445 5474 10
4343 4346 7501 10
6080 7894 7899 10
4308 4307 4309 10
4454 4721 7883 10
4686 5280 5281 10
5439 5472 7440 10
4525 4526 4527 10
5515 7526 7561 10
4388 4385 7770 10
5055 5054 5494 10
5564 4889 7497 10
4535 4533 4665 10
4597 4596 4758 10
5274 5275 5276 10
5026 5025 7353 10
5577 5578 7943 10
5048 5047 5357 10
4276 4279 7506 10
4999 4998 6057 10
5485 5046 5486 10
4583 4582 4732 10
4620 4622 4811 10
5525 7535 7548 10
5892 5894 5895 10
5057 4342 7501 10
7760 3928 7761 10
4672 7432 7433 10
7552 5862 7595 10
4473 4470 7839 10
4490 4488 4733 10
4965 5590 7527 10
5578 5576 5579 10
4168 4768 7542 10
5047 5046 5485 10
5614 5258 7731 10
7340 7326 7341 10
5529 7719 7720 10
4666 4237 5179 10
4483 4482 4484 10
4290 4809 7493 10
4360 4359 4361 10
4586 4585 4587 10
4914 4888 4938 10
7526 5515 7560 10
4326 4328 4819 10
4549 4547 4696 10
3923 3922 3924 10
5142 5140 7775 10
4608 4607 4609 10
5620 5224 5621 10
4963 5899 7525 10
7454 7770 7790 10
5556 7715 7787 10
4732 4889 4910 10
5513 4863 7558 10
4542 4541 4543 10
4959 5606 7718 10
5297 5296 5298 10
5528 7589 7621 10
5182 4209 7771 10
7458 7461 7463 10
4664 7802 7810 10
7408 4462 7547 10
4768 5141 7699 10
5239 5238 5434 10
4499 4498 4500 10
5531 5680 7546 10
4636 4634 4652 10
5231 5232 5233 10
7465 7464 7466 10
4304 4306 4792 10
5562 4344 7831 10
5596 5614 6157 10
4299 4297 7838 10
7732 5863 7755 10
5528 4125 7589 10
5026 7354 7355 10
5960 5958 6866 10
7779 7780 7800 10
5483 5891 6136 10
5085 5439 7508 10
7378 7377 7379 10
4174 4172 7592 10
4688 4445 5240 10
4522 4523 4524 10
4188 4174 7592 10
4351 4352 4353 10
4458 4456 4459 10
4580 4579 4581 10
4291 4656 7735 10
4340 4342 4814 10
4449 4448 4450 10
5235 5234 5236 10
7553 5527 7570 10
4539 4541 4542 10
7469 7471 7472 10
4233 4235 4847 10
4354 4356 4798 10
4498 4496 4694 10
7693 4200 7782 10
4658 4411 5204 10
4368 4367 4369 10
4651 7897 7912 10
5428 5181 5479 10
4850 4286 4905 10
4215 7754 7759 10
4664 4310 5052 10
7730 5304 7743 10
5728 7553 7570 10
7527 5590 7528 10
4452 4454 4455 10
5529 7718 7719 10
4510 4508 4511 10
4957 5874 5875 10
4151 4152 7539 10
4965 5589 5590 10
5516 5515 7561 10
4412 4411 4658 10
7552 4097 7740 10
4406 4404 4654 10
5184 5182 7781 10
4367 4756 7492 10
5548 7716 7739 10
4090 4089 7597 10
4170 4168 7542 10
5177 5176 5178 10
7534 4710 7597 10
5530 7546 7710 10
4260 4720 7496 10
4301 4299 4302 10
4938 4888 5554 10
4545 4543 4546 10
5078 4188 7592 10
4235 4236 7777 10
4466 4464 4467 10
5879 5876 7442 10
4625 4623 4626 10
4717 7507 7744 10
7392 7394 7395 10
7455 7454 7456 10
4113 4801 7550 10
5959 5958 5960 10
4421 4422 4423 10
4502 4504 4505 10
5178 5176 7513 10
5085 5438 5439 10
5594 7632 7792 10
4548 4547 4549 10
5039 5038 5040 10
4888 4352 7738 10
4455 4457 4804 10
5439 5438 5472 10
4153 4150 7568 10
4097 4094 7740 10
3921 3923 4808 10
4089 7572 7597 10
5225 5224 5620 10
4331 4330 4690 10
5485 5486 5487 10
4433 4435 4781 10
4323 4324 4325 10
7728 4674 7757 10
7546 3947 7710 10
4391 4389 4394 10
4424 4425 4426 10
4724 4338 4862 10
4502 4503 4504 10
4360 4754 7825 10
3934 4726 7560 10
4713 7921 7933 10
7834 5257 7850 10
4402 4404 4405 10
4899 4235 7777 10
7737 5513 7812 10
4703 4324 5230 10
4374 4376 4750 10
7641 4053 7697 10
4581 4582 4583 10
4468 4467 4734 10
5868 5142 7730 10
5957 5956 5958 10
4232 4669 7789 10
4507 4506 4508 10
7518 7517 7519 10
5679 7106 7531 10
4320 4319 4321 10
4433 4432 4434 10
4690 4330 5084 10
5079 5080 7776 10
7510 5681 7796 10
4684 4512 5038 10
4083 4080 7682 10
7754 5187 7759 10
5892 5893 5894 10
4134 4722 7524 10
4720 4863 4900 10
5182 7771 7781 10
7392 7389 7393 10
4137 4138 7685 10
4227 4226 4228 10
4141 4773 7685 10
4424 4422 4425 10
4695 4251 5550 10
4834 4263 5067 10
5219 5220 5221 10
5495 5054 7432 10
4662 4425 5044 10
4438 4436 4439 10
7436 5877 7507 10
4437 4436 4438 10
4710 4090 7597 10
4332 4331 4333 10
5498 5499 6159 10
7716 4128 7739 10
4318 4317 4319 10
6065 5508 7421 10
5868 7730 7743 10
5203 5557 7750 10
4677 5234 5235 10
4659 4526 5271 10
4489 4747 7890 10
5494 5495 5496 10
7720 5549 7769 10
4659 5272 5274 10
4150 4148 7568 10
4233 4234 4235 10
5875 5876 5877 10
4053 3992 7566 10
4392 4391 4393 10
5056 5574 5575 10
5189 5389 5390 10
4539 4540 4541 10
7574 5864 7732 10
4814 4342 5057 10
4514 4515 4516 10
4053 7566 7697 10
5193 5192 5442 10
4343 4344 4345 10
4741 4352 4888 10
4958 4925 7577 10
7623 7696 7704 10
3924 3922 3925 10
5715 5192 7495 10
3992 3991 7566 10
6138 4958 7577 10
5281 5280 5282 10
7458 7460 7461 10
4657 4296 5176 10
4256 4254 7558 10
4487 4484 7422 10
4534 4536 4788 10
4112 4663 7726 10
4806 4165 5081 10
4325 4324 4703 10
3991 7559 7566 10
4158 4156 7766 10
4361 4359 4727 10
7379 7377 7380 10
4202 4203 4204 10
4567 4569 4570 10
3940 4723 7590 10
4326 4327 4328 10
4702 5244 5268 10
5527 7553 7714 10
4080 4079 7682 10
4096 4099 7666 10
5287 5288 5289 10
5067 4263 7551 10
4354 4355 4356 10
4371 4369 4372 10
4493 4492 4494 10
4726 7526 7560 10
5525 7548 7686 10
5578 5579 5611 10
4290 4292 4809 10
5548 4885 7716 10
5294 5293 5295 10
4314 4315 7809 10
5146 5149 7543 10
5321 5356 7040 10
4419 4420 4421 10
5189 5390 5522 10
5198 6940 7498 10
4099 4818 7666 10
4110 4113 7550 10
4319 4317 4699 10
4340 4341 4342 10
4455 4456 4457 10
4517 4519 4520 10
4900 4956 4957 10
4407 4406 4408 10
5937 4956 7689 10
5862 5491 7725 10
4715 4459 5510 10
5728 7570 7571 10
5877 5876 5878 10
4718 4344 5562 10
4433 4781 7695 10
4930 4863 5513 10
4898 4969 7526 10
4295 4296 4297 10
4387 4388 4389 10
7572 4089 7576 10
4239 4240 4241 10
5185 5304 7730 10
4202 4204 4205 10
4758 5260 5261 10
5223 5222 5224 10
4374 4375 4376 10
4538 4537 4539 10
4662 5045 7832 10
5499 5186 7791 10
3936 3934 7560 10
7702 3966 7706 10
4263 4262 4264 10
5065 5064 5066 10
5496 6065 6648 10
5087 4087 7567 10
4155 4771 7539 10
5539 7702 7706 10
4244 4245 4246 10
4284 4283 4285 10
4379 4381 4382 10
5190 7693 7782 10
4226 4224 4671 10
4252 4695 7812 10
7969 4588 7988 10
7457 7456 7458 10
4342 4343 7501 10
7559 3991 7581 10
5549 7720 7722 10
4351 4353 4354 10
5184 7779 7800 10
5899 5901 7502 10
4173 4172 4174 10
4225 4224 4226 10
4426 4425 4662 10
5513 7558 7812 10
4267 4269 4784 10
5056 5349 5574 10
4808 3923 5213 10
4257 4256 4258 10
4578 4579 4580 10
7623 4183 7696 10
4751 4161 5168 10
4284 4286 4850 10
5141 5144 7699 10
4378 4377 4379 10
4550 4551 4552 10
4669 5195 5196 10
5187 5189 7759 10
5203 5351 5557 10
4463 4464 4465 10
5304 5599 7743 10
4489 4491 4747 10
5526 7580 7613 10
4667 4282 5064 10
4368 4370 4791 10
5321 5322 5356 10
7590 5530 7710 10
7595 5862 7725 10
7679 4114 7726 10
4173 4186 4916 10
7465 7466 7467 10
4895 4861 4935 10
5523 7229 7488 10
7686 7549 7697 10
4261 4260 4262 10
4275 4277 4815 10
4569 4568 4719 10
4957 4956 5873 10
4631 4630 4632 10
4903 4109 7550 10
7568 7863 7866 10
4886 4245 7715 10
5026 7353 7354 10
5163 5400 7554 10
7548 7549 7686 10
4262 4260 7496 10
4469 4471 4794 10
6867 6866 6868 10
7333 7332 7334 10
4721 4453 4861 10
4239 4241 4795 10
4413 4415 4839 10
5023 5026 7836 10
4230 4232 4233 10
7333 7334 7336 10
7478 7479 7483 10
4287 4288 4289 10
4298 4299 4300 10
4360 4362 4754 10
5191 5065 5192 10
4155 4157 4771 10
5205 5204 5206 10
5526 5527 7714 10
4277 4278 4280 10
5899 7502 7525 10
4205 4206 4207 10
4147 4144 7633 10
4723 5517 7590 10
4497 4496 4498 10
5092 7572 7576 10
7779 5184 7781 10
4205 4207 4891 10
4230 4231 4232 10
4410 4411 4412 10
5066 5064 7451 10
5603 7534 7597 10
4360 4361 4362 10
4152 4155 7539 10
6161 6162 6169 10
3942 3940 7590 10
5080 5078 7514 10
4124 4127 7746 10
4503 4500 7430 10
4743 5092 7576 10
5198 5481 6940 10
5552 7728 7757 10
5199 5200 5320 10
4570 4572 4803 10
4236 4237 4238 10
4280 4278 4281 10
4446 4445 4688 10
4465 4464 4466 10
5239 5434 5435 10
4449 4450 4451 10
5602 5687 7573 10
5873 4956 5937 10
4227 4228 4229 10
3973 4691 7586 10
4086 4084 7576 10
4255 4256 4257 10
4345 4344 4718 10
5481 5482 5483 10
4244 4246 4247 10
4304 4305 4306 10
4387 4389 4390 10
5196 5197 5198 10
4250 4248 4251 10
4300 4299 4301 10
4614 4613 4615 10
4079 4067 7583 10
7459 7457 7464 10
4144 4142 7633 10
4482 4481 4757 10
5297 5298 5299 10
5531 5679 5680 10
4283 4282 4667 10
3970 3973 7586 10
4116 4114 7679 10
4171 4170 4172 10
4258 4256 4259 10
4243 4242 4244 10
4346 4348 4765 10
4900 4863 4930 10
4926 4886 5556 10
4887 4964 4965 10
5158 5157 5593 10
3938 3941 7711 10
4185 7660 7683 10
7700 4751 7775 10
5434 5238 5731 10
6159 5499 6160 10
5863 7552 7755 10
4149 4148 4150 10
4219 4220 4221 10
4129 4128 4130 10
4701 4125 5528 10
6076 5000 6081 10
4347 4345 7783 10
3946 3949 7591 10
4676 5132 7678 10
4238 4237 4666 10
5248 5246 5249 10
4309 4310 4311 10
4084 4743 7576 10
7689 5514 7690 10
5085 5086 5438 10
4379 4377 4380 10
7660 5401 7683 10
7717 7688 7745 10
4067 4065 7583 10
4290 4291 4292 10
4988 4949 7651 10
5531 5678 5679 10
7516 7517 7518 10
4225 4226 4227 10
5185 5168 5186 10
3937 3938 7711 10
4215 4212 7754 10
4264 4266 4267 10
4295 4297 4298 10
5048 5580 5581 10
4068 4882 7602 10
5046 5044 7413 10
5530 5531 7546 10
4135 4134 4136 10
4165 4164 4166 10
4963 5897 5898 10
5593 5594 5992 10
4379 4380 4381 10
4989 5690 7569 10
4175 4170 7542 10
4217 4216 4218 10
4441 4443 4816 10
4236 4234 4237 10
4246 4704 7564 10
4471 4470 4472 10
4821 4558 5041 10
5895 5894 7443 10
7580 7612 7613 10
4149 4151 4812 10
4831 4213 5166 10
5141 5140 5142 10
7562 5573 7563 10
4793 3937 5170 10
4162 4161 4751 10
4208 4206 4209 10
4433 4434 4435 10
4646 4644 4647 10
4902 4962 4963 10
6011 6013 6014 10
3949 4787 7591 10
4143 4142 4144 10
4160 4161 4162 10
4275 4276 4277 10
7787 4666 7855 10
4253 4789 7798 10
7598 5859 7653 10
5955 5956 5957 10
4252 4251 4695 10
4334 4333 4335 10
5299 5632 7095 10
7549 7641 7697 10
4401 4400 4402 10
4898 4939 4968 10
5254 5255 5256 10
4091 4092 4093 10
7632 4716 7703 10
4173 4174 4186 10
4874 7582 7616 10
4887 4886 4926 10
4947 5374 7587 10
4947 7587 7630 10
5593 5157 5594 10
5515 3939 7560 10
4666 5179 5180 10
4726 4898 7526 10
4087 4088 7567 10
5180 5179 5181 10
5860 5491 5861 10
7515 7514 7521 10
4148 4147 4730 10
5863 5862 7552 10
7312 7310 7313 10
7559 7581 7658 10
4927 5573 7562 10
5489 5152 7698 10
4189 4661 7749 10
4217 4219 4776 10
4497 4498 4499 10
5517 5530 7590 10
3984 4068 7602 10
3990 3993 7596 10
4714 4641 5049 10
4768 5140 5141 10
4942 5111 7593 10
3950 4183 7623 10
4073 3995 7625 10
4236 4238 4239 10
5487 5486 5507 10
4247 4249 4840 10
4323 4325 4326 10
4722 4885 4902 10
4950 5526 7613 10
5542 7659 7662 10
4054 4048 7612 10
4066 4067 4075 10
4963 5898 5899 10
3947 7546 7665 10
4100 4673 7692 10
5169 4123 7746 10
4172 4170 4175 10
4772 4180 7676 10
4189 4188 4661 10
4287 4289 4290 10
5532 4947 7630 10
5022 7431 7795 10
7669 5119 7672 10
5237 5238 5239 10
5605 6138 7136 10
5859 7582 7653 10
3989 3990 7596 10
4429 4428 4430 10
4096 4094 4097 10
4096 4098 4099 10
4098 4097 7595 10
4942 7593 7620 10
5146 5148 5149 10
5187 5188 5189 10
5304 5498 5599 10
7587 5374 7588 10
4655 4203 5190 10
4402 4400 4403 10
5857 5369 7615 10
5861 5491 5862 10
5539 7706 7708 10
3962 3964 3965 10
4088 4091 7567 10
4106 4105 4674 10
4281 4278 4282 10
5202 5079 7776 10
5631 7587 7588 10
7455 7456 7457 10
4110 4111 4112 10
4138 4136 4139 10
4435 4436 4437 10
4756 5222 5223 10
4940 5504 5505 10
5299 5298 5632 10
5405 7584 7585 10
5681 5679 7531 10
3929 3930 3931 10
4332 4333 4334 10
3946 3948 3949 10
4121 4122 4123 10
4179 5119 7669 10
4191 4189 7749 10
4204 4203 4655 10
4522 4521 4523 10
4101 4100 4102 10
4123 4122 4124 10
4743 4744 4921 10
5094 5602 5603 10
5152 5150 7698 10
5320 5200 5321 10
4706 4119 4876 10
7582 4874 7653 10
3988 3986 7581 10
4117 4116 4118 10
4309 4307 4310 10
5110 4942 7620 10
4061 3974 7605 10
5190 4203 7693 10
4677 4397 5234 10
5476 5475 5478 10
7609 5532 7630 10
5899 5898 5900 10
7581 7602 7658 10
4099 4100 4101 10
4663 4111 5552 10
5147 5146 7543 10
5196 5195 5197 10
5490 5489 5491 10
4052 7626 7628 10
4064 4712 7627 10
4107 4109 4848 10
4655 5190 5199 10
4902 4885 4929 10
3954 3956 3957 10
4089 4086 7576 10
4163 4164 4165 10
4881 5540 5541 10
7594 5110 7620 10
7593 5111 7615 10
5899 5900 5901 10
4730 4147 5155 10
4168 4167 4768 10
4661 4188 5078 10
4315 4316 4317 10
4925 5538 7577 10
4927 5425 5573 10
4959 5605 5606 10
5110 7594 7626 10
5271 7895 7925 10
4088 4086 4089 10
4104 4106 4107 10
5475 5295 5691 10
7458 7456 7460 10
3941 3940 3942 10
4059 4064 7627 10
4082 4080 4083 10
4128 4126 7739 10
4152 4153 4154 10
4657 5176 5177 10
5539 4883 7702 10
4909 5090 7658 10
7691 5164 7724 10
7572 5603 7597 10
7582 7615 7616 10
3937 3936 3938 10
3970 3972 3973 10
3986 3984 7602 10
3991 3988 7581 10
4027 4028 7655 10
4045 4042 7603 10
4694 4496 7444 10
5536 4870 7624 10
4874 7616 7617 10
6590 4988 7651 10
5557 7579 7750 10
3927 3926 3928 10
3927 3929 4760 10
4135 4137 4832 10
4339 4338 4724 10
5191 5192 5193 10
7616 5535 7617 10
7641 5536 7657 10
3951 3952 3953 10
7581 3986 7602 10
7580 4054 7612 10
4129 4130 4131 10
4180 7603 7676 10
4897 4192 4915 10
4214 4216 4217 10
4921 4744 4922 10
5023 5024 5025 10
5085 5084 5086 10
5151 5153 5154 10
5161 5162 5163 10
5164 5163 5165 10
5369 7593 7615 10
7559 5524 7566 10
7582 5857 7615 10
7626 7594 7628 10
4066 4065 4067 10
4269 4270 4271 10
4362 4363 4364 10
4368 4369 4370 10
7640 5536 7641 10
4102 4100 7692 10
4132 4130 4133 10
4213 4212 4214 10
5518 5516 5520 10
5533 7614 7652 10
3939 3936 7560 10
4019 4021 7599 10
4029 4026 7611 10
4059 4063 4064 10
4093 4094 4095 10
4104 4105 4106 10
4525 4527 4528 10
4871 4874 7617 10
5594 5157 7631 10
6010 5403 6011 10
3964 3963 4184 10
4870 4001 7624 10
4044 4047 7673 10
4084 4083 4743 10
4137 4136 4138 10
4247 4246 4248 10
4309 4311 4312 10
4398 4397 4677 10
4676 5095 5096 10
4881 5541 5542 10
3935 3936 3937 10
3938 3936 3939 10
3970 3971 3972 10
4028 4031 7655 10
4058 4057 4059 10
4848 4109 4903 10
4250 4251 4252 10
4989 4988 5690 10
5527 4989 7569 10
5112 7606 7608 10
5532 7643 7645 10
5604 5602 7573 10
5634 5633 5635 10
7643 7611 7645 10
3957 3958 3959 10
4014 4017 7661 10
4398 4677 7813 10
5203 5202 5350 10
5402 5401 5403 10
3929 3928 3930 10
4110 4112 4113 10
4118 4120 4121 10
4124 4125 4126 10
4208 4209 4210 10
4711 4209 5182 10
4230 4228 4231 10
4723 5516 5517 10
4880 4881 7662 10
4909 4908 4984 10
4928 4927 7562 10
5092 5094 7572 10
7614 5119 7652 10
5203 5350 5351 10
5400 5401 5402 10
7580 5526 7714 10
5603 5602 5604 10
5864 5863 7732 10
3924 3925 3926 10
3941 3942 3943 10
3946 3947 3948 10
3962 3963 3964 10
3965 3964 3966 10
4026 4024 7611 10
4058 4059 7627 10
4081 4080 4082 10
4088 4090 4091 10
4096 4097 4098 10
4141 4142 4143 10
4185 7683 7684 10
4384 4383 4385 10
4751 5168 5185 10
5004 4875 7640 10
4881 5542 7662 10
4907 4883 5539 10
4949 4951 7651 10
5111 5535 7616 10
5488 5489 5490 10
5517 5519 5530 10
5533 7652 7656 10
6059 6058 6060 10
4121 4120 4122 10
4146 4144 4147 10
4367 4366 4756 10
4663 5552 5553 10
4716 7631 7633 10
4952 4772 7676 10
5532 7609 7643 10
4052 7604 7610 10
4744 4083 7682 10
4087 4086 4088 10
4107 4108 4109 10
4172 4175 7592 10
4371 4373 4374 10
4726 4878 4898 10
5101 4866 7622 10
4884 4883 4907 10
5603 5604 7534 10
3949 3951 4787 10
3974 3972 7605 10
3993 4073 7596 10
5112 4035 7606 10
4059 4057 4062 10
4059 4062 4063 10
4075 4067 4076 10
4101 4102 4103 10
4674 4105 5150 10
4261 4262 4263 10
4311 4310 4664 10
4329 4327 4330 10
4486 4487 4488 10
5094 5603 7572 10
5490 5491 5860 10
5680 5679 5681 10
3996 3994 7657 10
3995 3997 7625 10
4037 4039 4182 10
4042 4041 7603 10
4180 4045 7603 10
7604 4052 7628 10
4078 4180 4759 10
4092 4090 4710 10
4095 4094 4096 10
4118 4116 4119 10
4142 4716 7633 10
4155 4156 4157 10
7611 4176 7645 10
4759 4180 4772 10
4211 4210 4212 10
4241 4242 4243 10
4278 4276 7506 10
4332 4334 4775 10
4676 5096 5132 10
4922 4744 5145 10
4968 4939 5714 10
5090 5091 5524 10
5094 5601 5602 10
5117 7608 7609 10
5878 5876 5879 10
3977 3979 4769 10
3990 3988 3991 10
7644 4004 7650 10
4007 4006 4008 10
4008 4009 4010 10
4015 4012 7636 10
4043 4042 4044 10
4046 4078 7612 10
4051 4870 4871 10
4743 4083 4744 10
4148 4730 7568 10
4178 4942 5110 10
4548 4549 4550 10
4609 4607 4610 10
4874 4873 7653 10
4882 4908 4909 10
4898 4968 4969 10
4914 4938 5000 10
5526 4989 5527 10
7549 5004 7640 10
5053 5054 5055 10
5110 7626 7636 10
5117 7609 7630 10
5517 5516 5518 10
7691 5539 7708 10
4011 4010 4012 10
4197 4195 4200 10
4922 5146 5147 10
7593 5109 7620 10
7615 5111 7616 10
5294 5295 5475 10
5534 5533 7656 10
5602 5601 5687 10
3989 3988 3990 10
4689 3999 5136 10
4043 4044 7673 10
4142 4140 4716 10
4143 4144 4145 10
4193 4191 4194 10
4374 4373 4375 10
4674 5150 5151 10
4898 4878 4939 10
5111 4941 5535 10
6015 4986 6016 10
5091 5426 5525 10
7604 5101 7622 10
5117 5114 7608 10
5151 5150 5152 10
5187 5183 5188 10
5303 7637 7638 10
7610 7604 7622 10
7610 7622 7654 10
3943 3942 3944 10
3945 3944 3946 10
3985 3984 3986 10
4004 4002 7650 10
4037 4036 4038 10
4138 4139 4140 10
4163 4165 4806 10
4984 4908 4986 10
5374 4946 5375 10
4951 5343 5946 10
4955 5003 5925 10
5128 5126 7663 10
5165 7555 7556 10
3940 3939 4723 10
3946 3944 3947 10
3966 3964 7706 10
3965 3967 4755 10
4003 4004 4005 10
7626 4015 7636 10
4019 4018 4020 10
4019 4020 4021 10
4021 4020 4022 10
4022 4023 4024 10
4025 4024 4026 10
4028 4030 4031 10
4035 4032 7606 10
4034 4036 4037 10
4047 4048 4049 10
4051 4871 7617 10
4109 4110 7550 10
4161 4158 7766 10
4187 4188 4189 10
4192 4191 4193 10
4871 4873 4874 10
7618 5104 7629 10
5106 5682 7629 10
5109 5107 7620 10
5121 5120 5122 10
5127 5126 5128 10
5148 7681 7713 10
5156 5157 5158 10
5183 5182 5184 10
5403 5401 7660 10
5525 5623 7535 10
5536 7624 7657 10
5546 6876 7061 10
5856 5857 5858 10
3949 3948 3950 10
3954 3955 3956 10
3957 3956 3958 10
3959 3958 3960 10
3967 3966 3968 10
3972 4675 7605 10
3973 3975 4691 10
4040 4041 4042 10
4044 4045 4046 10
4181 4054 7580 10
4056 4058 4676 10
4676 4058 5095 10
4064 4066 4712 10
4071 5129 7646 10
4082 4083 4084 10
4082 4084 4085 10
4099 4098 4100 10
4113 4114 4115 10
4179 5113 5119 10
4182 4906 5123 10
4925 5537 5538 10
5091 4985 5426 10
5091 5525 7686 10
5114 5112 7608 10
5525 5426 5623 10
3951 3950 3952 10
3990 3991 3992 10
3994 4053 7657 10
4025 4071 7646 10
4044 4042 4045 10
4088 4089 4090 10
4141 4143 4773 10
4868 5101 5102 10
5003 4875 5004 10
5104 5106 7629 10
5106 5105 5107 10
4185 3956 7705 10
3979 3980 3981 10
3993 3995 4073 10
7624 3996 7657 10
3997 3998 3999 10
3997 3999 4689 10
4000 3998 4001 10
4003 4005 4072 10
4006 4004 7644 10
4008 4006 4009 10
4007 4008 7664 10
4008 4010 4011 10
4010 4009 4178 10
4178 4009 4941 10
4013 4014 7661 10
4070 4013 5120 10
4022 4024 4025 10
4022 4025 7646 10
4025 4027 4071 10
4030 4029 4177 10
4031 4032 4033 10
4031 4033 4074 10
4031 4074 7655 10
4036 4035 4179 10
4037 4182 7668 10
4182 4039 4708 10
4041 7669 7672 10
4050 4055 4056 10
4053 7641 7657 10
4071 5126 5127 10
4085 4086 4087 10
4176 4865 7645 10
4178 4941 4942 10
4179 5112 5113 10
4182 5123 7668 10
4210 4209 4711 10
4244 4242 4245 10
4591 4729 7913 10
4865 4866 4867 10
4867 4866 4868 10
4868 5102 5303 10
4873 4872 4875 10
5375 4946 7638 10
4950 4949 4988 10
5003 5408 7647 10
5092 5093 5094 10
5102 5103 5104 10
5104 5103 5105 10
5116 5114 5117 10
5115 5116 7634 10
5137 5136 5138 10
5309 5631 7158 10
5309 7158 7159 10
5309 7159 7634 10
7635 5534 7656 10
5858 5857 5859 10
7459 7464 7465 10
4011 4012 4013 10
4014 4015 4016 10
4052 4015 7626 10
4017 4018 4019 10
4018 7610 7654 10
4056 4055 4057 10
4068 4879 4880 10
4070 5120 5121 10
4085 4084 4086 10
4491 4492 4493 10
4873 4955 7653 10
4880 4879 4881 10
5303 5102 7618 10
5115 5114 5116 10
5174 5175 5724 10
5350 5202 5695 10
5303 7619 7637 10
5856 5369 5857 10
7637 5375 7638 10
5540 7675 7694 10
5542 5543 7680 10
7534 7732 7755 10
7634 7635 7656 10
4184 3963 5160 10
3973 3972 3974 10
3993 3992 3994 10
4003 4002 4004 10
4005 4004 4006 10
4011 4013 4070 10
4014 4016 4017 10
4021 4022 7646 10
4176 4023 4864 10
4864 4023 7654 10
4025 4026 4027 10
5126 4027 7655 10
4049 4048 4050 10
4068 4880 4882 10
4070 5121 5133 10
4093 4092 4094 10
4217 4218 4219 10
4346 4347 4348 10
4865 4864 4866 10
4881 4879 5540 10
7602 4882 7658 10
4955 5925 7598 10
5408 5004 7548 10
5090 5524 7559 10
5090 7559 7658 10
5103 5101 7604 10
5102 5104 7618 10
5104 5105 5106 10
5108 5109 5368 10
5517 5518 5519 10
3941 3943 4753 10
3949 3950 3951 10
3975 3976 3977 10
3987 3988 3989 10
3993 3994 3995 10
3995 3996 3997 10
4000 4002 4003 10
4005 4006 4007 10
4009 4006 7644 10
4013 4012 4014 10
4017 4016 4018 10
4022 4020 4023 10
4027 4026 4028 10
4028 4029 4030 10
4177 4029 7643 10
4033 4032 4034 10
4065 4069 7583 10
4112 4111 4663 10
4135 4136 4137 10
4187 4174 4188 10
4176 4864 4865 10
7608 4177 7609 10
4190 4192 4897 10
4277 4276 4278 10
4866 4864 7622 10
4868 5303 7638 10
4869 4947 5532 10
4871 4872 4873 10
4955 4875 5003 10
4909 4984 4985 10
4942 4941 5111 10
4947 4946 5374 10
4951 4952 5343 10
5106 5107 5108 10
5106 5108 5682 10
5368 5109 5369 10
5369 5109 7593 10
5113 5114 5115 10
5113 5115 7652 10
5115 7634 7656 10
5116 5117 5118 10
5116 5118 5309 10
5116 5309 7634 10
5309 5118 5631 10
5146 5145 5148 10
5154 5153 5405 10
5154 5405 5497 10
5158 5593 5595 10
5272 5271 5273 10
5303 7618 7619 10
5368 5369 5856 10
5368 5856 6996 10
5535 7644 7650 10
5543 5541 5544 10
5604 7574 7732 10
5859 5857 7582 10
3960 3958 7684 10
3987 3986 3988 10
3995 3994 3996 10
3997 3996 3998 10
4000 4001 4002 10
4941 4009 7644 10
4014 4012 4015 10
4016 4015 4052 10
4125 4122 7589 10
7609 4177 7643 10
4255 4254 4256 10
4759 4949 4950 10
4865 4867 4869 10
4868 4866 5101 10
4869 4946 4947 10
4872 4870 5536 10
4875 4872 7640 10
4925 4876 5537 10
5343 4952 5533 10
5102 5101 5103 10
5108 5107 5109 10
5107 7594 7620 10
5400 5162 5401 10
5543 5546 7680 10
5728 5727 7553 10
3954 3952 3955 10
3973 3974 3975 10
4068 3983 4879 10
3990 3992 3993 10
4017 4019 4060 10
4060 4019 7599 10
4023 4020 7654 10
4071 4027 5126 10
7603 4041 7672 10
4046 4045 4078 10
4048 4046 7612 10
4050 4048 4054 10
4055 4054 4181 10
4065 4063 4069 10
4091 4093 4761 10
4114 4112 7726 10
4136 4134 7524 10
4247 4248 4249 10
4620 4621 4622 10
4872 5536 7640 10
4882 4880 4908 10
4984 4986 6015 10
7594 5105 7628 10
5631 5118 7587 10
5163 5162 5400 10
5185 5186 5304 10
5402 6010 6115 10
5544 5541 7712 10
6011 6012 6013 10
7634 7159 7635 10
3994 3992 4053 10
4012 4010 7636 10
5120 4013 7661 10
4016 4052 7610 10
4028 4026 4029 10
4029 7611 7643 10
4031 4030 4032 10
4032 4030 7606 10
4034 4035 4036 10
4034 4037 7668 10
4040 4038 4041 10
4127 4126 4128 10
4152 4150 4153 10
4326 4325 4327 10
4759 4772 4949 10
4946 4867 7638 10
5533 4952 7614 10
5003 5004 5408 10
5107 5105 7594 10
5119 5113 7652 10
5118 5117 7630 10
5343 5533 5534 10
5375 7637 7639 10
7549 7640 7641 10
3931 3930 3932 10
3958 4185 7684 10
3977 3978 3979 10
3982 3984 3985 10
4879 3983 7675 10
3985 3987 4687 10
3999 3998 4000 10
4002 4001 4051 10
4002 4051 7650 10
4024 4023 4176 10
4179 4035 5112 10
4047 4046 4048 10
4064 4065 4066 10
4071 5127 5129 10
4079 7583 7681 10
4689 5137 5139 10
4867 4868 7638 10
4873 4875 4955 10
4877 4876 4925 10
5535 4941 7644 10
7548 5004 7549 10
5103 7604 7628 10
5161 5160 5162 10
5523 5390 7229 10
6162 6163 7538 10
3961 3960 3962 10
4017 4060 7661 10
4020 4018 7654 10
4024 4176 7611 10
4039 4038 4040 10
4076 4079 4080 10
4076 4080 4081 10
4113 4115 4801 10
4846 4123 5169 10
4126 4701 7739 10
4157 4158 4159 10
4196 4197 4198 10
4267 4268 4269 10
4675 4884 7688 10
4743 4921 5092 10
4759 4950 7613 10
4951 4772 4952 10
4950 4988 4989 10
5090 4985 5091 10
5151 5152 5153 10
5389 6056 6126 10
5546 5545 6876 10
4134 4133 4722 10
4336 4335 4337 10
4955 7598 7653 10
5161 5163 5164 10
5402 5403 6010 10
5543 5544 5545 10
3935 3934 3936 10
3953 3952 3954 10
3958 3956 4185 10
4003 4072 7667 10
4008 4011 7664 10
4018 4016 7610 10
4037 4038 4039 10
4040 4042 4043 10
4056 4057 4058 10
4091 4090 4092 10
4095 4096 7666 10
4812 4151 5071 10
4178 5110 7636 10
4675 4883 4884 10
7622 4864 7654 10
4869 4867 4946 10
4969 4968 5711 10
5690 4988 6590 10
5113 5112 5114 10
7587 5118 7630 10
5141 5142 5143 10
5174 5724 5729 10
5724 5175 5725 10
5725 5726 5727 10
4085 4087 4766 10
4146 4147 4148 10
4184 5160 5161 10
4562 4561 4563 10
4949 4772 4951 10
4865 4869 7645 10
5105 5103 7628 10
3950 3948 4183 10
3952 3950 7623 10
3975 3974 3976 10
3976 3974 4061 10
4051 4001 4870 10
4036 4179 7669 10
4051 7617 7650 10
4064 4063 4065 10
4346 4345 4347 10
4871 4870 4872 10
4908 4880 7662 10
4882 4909 7658 10
4922 5145 5146 10
5925 5003 7647 10
5141 5143 5144 10
5148 5145 7681 10
5405 5153 7584 10
4723 3939 5515 10
3959 3960 3961 10
3969 3970 7586 10
3977 3976 3978 10
4034 4032 4035 10
4057 4055 7674 10
4055 4181 7674 10
4766 4087 5087 10
7606 4177 7608 10
4182 4708 4906 10
4201 4199 4202 10
4218 4216 4651 10
4357 4358 4359 10
4723 5515 5516 10
4869 5532 7645 10
4884 4928 7688 10
4929 4885 5548 10
4909 4985 5090 10
4969 5711 7503 10
5079 5078 5080 10
5201 5202 5203 10
5731 5238 7853 10
5897 5909 7083 10
7674 7734 7736 10
3985 3986 3987 10
4001 3998 7624 10
3999 4000 7667 10
4343 4345 4346 10
4667 5064 5065 10
4689 5136 5137 10
4902 4929 4962 10
5094 5093 5601 10
3932 3930 3933 10
3981 3980 3982 10
3982 3980 3983 10
3982 3983 3984 10
3984 3983 4068 10
4078 4045 4180 10
5126 7655 7663 10
5524 7686 7697 10
4047 4077 7673 10
4722 4133 4885 10
5119 7614 7672 10
5149 5173 5174 10
5725 5727 5728 10
3967 3968 3969 10
3969 3968 3970 10
4030 4177 7606 10
4033 4034 7668 10
4044 4046 4047 10
4070 5133 7664 10
4477 4476 4478 10
4692 5293 5294 10
5092 4921 5093 10
5445 5242 5638 10
5542 5541 5543 10
3932 3933 3934 10
5136 3999 7667 10
4121 4123 4846 10
4124 4122 4125 10
4138 4140 4141 10
4141 4140 4142 10
5524 5091 7686 10
5725 5175 5726 10
7617 5535 7650 10
5543 5545 5546 10
6165 6164 6208 10
3972 3971 4675 10
4010 4178 7636 10
4047 4049 4077 10
4076 4067 4079 10
4104 4102 4105 10
4507 4508 4510 10
4884 4907 4927 10
5174 5173 5175 10
3945 3946 7591 10
4011 4070 7664 10
5095 4058 7627 10
7723 4069 7727 10
4115 4114 4116 10
4120 4119 4706 10
4494 4492 4495 10
4706 4876 4877 10
4884 4927 4928 10
4950 4989 5526 10
4951 5946 7651 10
7652 5115 7656 10
5632 5298 5633 10
5527 7569 7570 10
3924 3926 3927 10
4692 3925 5293 10
3930 3928 7760 10
4000 4003 7667 10
4575 4574 4713 10
7465 7485 7871 10
5170 3937 7711 10
3943 3944 3945 10
3981 3982 7670 10
3998 3996 7624 10
4115 4116 4117 10
4768 4167 5140 10
4193 4195 4196 10
4198 4199 4201 10
4241 4240 4242 10
4675 3971 4883 10
3979 3978 3980 10
4196 4195 4197 10
5601 5093 6756 10
3983 3980 7675 10
4390 4391 4392 10
4877 4925 4958 10
5165 5163 7554 10
5544 7717 7745 10
7720 7719 7721 10
3970 3968 3971 10
4050 4054 4055 10
4100 4098 4673 10
4126 4125 4701 10
4149 4150 4151 10
4169 4170 4171 10
4927 4907 5425 10
6011 5403 6012 10
5540 4879 7675 10
3963 3960 7684 10
7675 3978 7694 10
4103 4102 4104 10
4118 4119 4120 10
4131 4130 4132 10
4214 4212 4215 10
5149 5148 5173 10
5165 7554 7555 10
7655 4074 7663 10
7612 4078 7613 10
5155 4147 7633 10
4267 4266 4268 10
4281 4283 4284 10
5900 5898 7090 10
7603 7672 7676 10
3934 3933 4726 10
3955 3952 7623 10
4268 4266 4717 10
6016 4986 7659 10
3932 3934 3935 10
3955 7623 7704 10
4132 4133 4134 10
7660 4185 7705 10
4193 4194 4195 10
4202 4199 4203 10
4353 4352 4741 10
3957 3959 4796 10
4362 4361 4363 10
5530 5519 5531 10
4079 7681 7682 10
4091 4761 7567 10
4169 4168 4170 10
4312 4314 4835 10
4329 4330 4331 10
7605 4675 7688 10
4689 5139 7625 10
7659 4986 7662 10
6012 5403 7660 10
5442 5715 5953 10
4726 3933 4878 10
3962 3960 3963 10
4041 4038 7669 10
4107 4106 4108 10
4127 4128 4129 10
4626 4627 4628 10
4661 5078 5079 10
5488 5152 5489 10
5518 5520 5521 10
3997 4689 7625 10
4461 4462 4463 10
5425 7691 7724 10
7696 6013 7704 10
3938 3940 3941 10
4159 4158 4160 10
4187 4189 4190 10
4559 4562 7805 10
5147 7543 7544 10
5490 5860 6124 10
5861 5862 5863 10
3927 3928 3929 10
3982 3985 7670 10
4038 4036 7669 10
4109 4108 4110 10
4132 4134 4135 10
4425 4422 7439 10
4959 4958 5605 10
3938 3939 3940 10
4113 4112 4114 10
4181 7714 7734 10
4196 4198 4836 10
5861 5863 5864 10
4269 4268 4270 10
4730 5155 5156 10
5199 5190 5200 10
4801 4115 7677 10
4166 4164 4167 10
4208 4210 4211 10
4250 4252 4253 10
4986 4908 7662 10
5160 3963 7684 10
4186 4174 4187 10
4207 4206 4208 10
4258 4260 4261 10
4320 4321 4322 10
4858 4401 4904 10
4674 5151 7757 10
5219 5177 5220 10
5531 5519 5678 10
7659 5542 7680 10
5679 5678 7106 10
7318 7342 7500 10
3935 3937 4793 10
3965 3966 3967 10
3985 4687 7670 10
4151 4150 4152 10
7534 5604 7732 10
3980 3978 7675 10
4198 4197 4199 10
4384 4385 4386 10
4939 4878 5547 10
5173 5148 7713 10
5604 7573 7574 10
7319 7320 7321 10
4673 4098 7595 10
4145 4144 4146 10
5294 5475 5476 10
5294 5476 7687 10
5960 6866 6867 10
3928 3926 7761 10
4099 4101 4818 10
4461 4460 4462 10
7336 7334 7338 10
4294 4293 4295 10
4472 4470 4473 10
4643 4645 4841 10
4964 4926 5597 10
7577 5538 7578 10
4211 4212 4213 10
4264 4265 4266 10
4386 4385 4387 10
5892 5484 5893 10
7329 7327 7758 10
4160 4162 4163 10
4378 4379 7505 10
4491 4490 4492 10
4334 4335 4336 10
7566 5524 7697 10
5680 5681 7510 10
5401 5162 7683 10
4110 4108 4111 10
4253 4255 4789 10
4711 5183 5187 10
4933 4862 5512 10
4716 4140 7703 10
4877 4958 4959 10
4337 4338 4339 10
6756 5093 7707 10
7714 7553 7734 10
7720 7721 7722 10
5552 4111 7728 10
4124 4126 4127 10
7614 4952 7676 10
4190 4189 4191 10
7462 7460 7889 10
4219 4218 4220 10
4534 4535 4536 10
5198 5197 5481 10
5561 5443 6164 10
4122 4120 7589 10
4249 4248 4250 10
4253 4252 4254 10
4556 4555 4557 10
4900 4930 4956 10
5156 5155 5157 10
7605 7688 7717 10
7672 7614 7676 10
3926 3925 4692 10
4062 4057 7674 10
4078 4759 7613 10
4140 4139 7703 10
4214 4215 4216 10
4264 4262 4265 10
4120 4706 7589 10
5605 4958 6138 10
5483 5484 5891 10
4146 4148 4149 10
4314 4313 4315 10
4410 4412 4413 10
4616 4617 7426 10
5634 5927 6830 10
4211 4213 4831 10
4350 4349 4351 10
7488 7229 7489 10
4139 4136 7524 10
4152 4154 4155 10
4692 5294 7687 10
5540 7694 7712 10
5634 5635 5927 10
7734 5727 7736 10
4094 4092 7740 10
4049 4050 7678 10
4056 4676 7678 10
4115 4117 7677 10
5168 4161 7766 10
4171 4172 4173 10
4365 4367 4368 10
4370 4369 4371 10
5153 5152 5488 10
7683 5160 7684 10
5561 6164 6165 10
5547 7760 7761 10
4123 4124 7746 10
4216 4215 7522 10
4392 4393 4395 10
4452 4453 4454 10
4632 4633 4634 10
5726 7723 7727 10
7469 7462 7470 10
4190 4191 4192 10
4887 4926 4964 10
3956 3955 7705 10
4663 7709 7726 10
5153 5488 7584 10
7631 5155 7633 10
5875 5877 7436 10
3942 7590 7710 10
4166 4167 4168 10
4434 4432 4698 10
4556 4557 4558 10
4704 4886 4887 10
4929 5548 5549 10
5080 7515 7516 10
7328 7329 7331 10
4253 4254 4255 10
6159 6160 6161 10
4741 4888 4914 10
5257 5258 5259 10
5728 7571 7701 10
4399 4398 4400 10
4348 4347 4349 10
4628 4627 4685 10
4661 5079 5201 10
4050 4056 7678 10
4298 4300 4838 10
4832 4137 5098 10
4169 4171 4762 10
4444 4446 4447 10
4954 4953 5716 10
7718 5606 7719 10
7516 7515 7517 10
4340 4339 4341 10
7334 7332 7335 10
3955 7704 7705 10
4181 7580 7714 10
4458 4459 4460 10
4646 4648 4649 10
5425 4907 7691 10
6161 6160 6162 10
4380 4377 7642 10
5156 5158 5159 10
5537 7679 7726 10
5541 5540 7712 10
4907 5539 7691 10
3941 4753 7711 10
4105 4102 7692 10
4489 4490 4491 10
4157 4156 4158 10
4383 4381 4693 10
4127 4129 4790 10
4275 4274 4276 10
4156 4154 4725 10
4337 4335 4338 10
5538 5537 7709 10
4701 5528 5529 10
4877 4959 7621 10
7681 7583 7713 10
4163 4162 4164 10
4246 4245 4704 10
5080 7516 7776 10
4420 4418 4668 10
4424 4426 4427 10
4517 4518 4519 10
4710 7534 7755 10
3944 3942 7710 10
5150 4105 7692 10
5098 4137 7685 10
4376 4377 4378 10
4939 5547 7752 10
3968 3966 7702 10
4239 4238 4240 10
4711 5182 5183 10
5223 5224 5225 10
5483 5482 5484 10
3978 3976 7694 10
7583 4069 7713 10
4287 4285 4288 10
4348 4349 4350 10
4896 4933 4953 10
5080 7514 7515 10
5900 7090 7494 10
4661 5201 7749 10
7589 4706 7621 10
5165 7556 7724 10
5489 7698 7725 10
6078 6077 6079 10
4295 4293 4296 10
4357 4355 4358 10
4394 4389 7453 10
5143 5142 5868 10
5173 7713 7723 10
4165 4166 7733 10
7698 4673 7725 10
5157 5155 7631 10
5162 5160 7683 10
4883 3971 7702 10
4062 7674 7736 10
4957 5873 5874 10
7578 7763 7764 10
3926 4692 7761 10
4155 4154 4156 10
5164 5165 7724 10
5498 5186 5499 10
5321 5200 5322 10
4222 4220 4223 10
4272 4273 4274 10
4304 4303 4305 10
5620 5621 6533 10
4160 4158 4161 10
4229 4228 4230 10
4301 4303 4304 10
4673 7595 7725 10
5175 5173 7723 10
4166 4168 4169 10
4718 5562 5563 10
5522 5390 5523 10
4794 4471 5210 10
4703 7523 7541 10
4292 4291 4293 10
4371 4372 4373 10
7692 4673 7698 10
5594 7631 7632 10
4069 4063 7727 10
7713 4069 7723 10
4221 4220 4222 10
4318 4319 4320 10
3971 3968 7702 10
7704 6012 7705 10
7706 4184 7708 10
4297 4296 4657 10
4365 4366 4367 10
4260 4259 4720 10
4475 4477 4752 10
4706 4877 7621 10
5164 7691 7708 10
5632 5633 5634 10
3964 4184 7706 10
4205 4204 4206 10
4669 4231 5195 10
4284 4285 4286 10
4660 5246 5248 10
5093 4921 7707 10
6162 6160 6163 10
4506 4504 4509 10
5529 5528 7718 10
4286 4285 4287 10
4520 4522 4799 10
5726 5175 7723 10
5547 7687 7752 10
6013 6012 7704 10
5549 7722 7778 10
7553 5727 7734 10
4290 4289 4291 10
4460 4459 4715 10
5491 5489 7725 10
5429 5428 5430 10
4233 4232 4234 10
4639 4638 4640 10
4663 5553 7709 10
5446 7429 7846 10
7470 7889 7916 10
3947 3944 7710 10
5201 5079 5202 10
4261 4263 4834 10
4531 4529 4532 10
4626 4628 4629 10
5611 5579 6551 10
4587 4589 4590 10
4343 4341 4344 10
4382 4384 4779 10
4396 4397 4398 10
4572 4571 4573 10
5538 7709 7762 10
7455 7457 7459 10
5724 5725 7701 10
7806 4671 7829 10
5150 7692 7698 10
5481 5197 5482 10
5627 5262 5628 10
5350 5695 5851 10
4573 4571 4574 10
5537 4876 7679 10
7681 5145 7682 10
6012 7660 7705 10
3976 4061 7694 10
5544 7712 7717 10
4412 4658 7834 10
7631 4716 7632 10
7709 5553 7762 10
4183 3948 7665 10
5251 4328 7865 10
4410 4408 4411 10
4595 4593 4596 10
5959 5960 7423 10
4312 4313 4314 10
5268 5270 7936 10
4539 4537 4540 10
4704 4245 4886 10
4376 4375 4377 10
4245 4242 7715 10
4396 4398 4399 10
4399 4400 4401 10
4430 4431 4432 10
4963 4962 5897 10
6451 6450 6452 10
4306 4307 4308 10
5598 5600 6457 10
4127 4790 7746 10
7674 4181 7734 10
4443 4442 4444 10
4635 4636 4637 10
4063 4062 7727 10
4497 4499 4782 10
4916 4186 4932 10
4281 4282 4283 10
4645 4644 4646 10
5001 5000 6076 10
5545 5544 7745 10
5725 5728 7701 10
4476 4474 4728 10
7040 5356 7041 10
4194 4191 7749 10
7694 4061 7712 10
5145 4744 7682 10
4921 4922 7707 10
7378 7379 7381 10
4527 4526 4659 10
4458 4460 4461 10
4695 5550 5551 10
5897 4962 5909 10
4840 4249 5194 10
4291 4289 4656 10
4306 4305 4307 10
4944 5564 5565 10
5304 5186 5498 10
4566 4565 4567 10
5727 5726 7736 10
4315 4313 4316 10
4891 4207 4912 10
7472 7473 7475 10
3948 3947 7665 10
4677 5235 5237 10
4922 5147 7707 10
4337 4339 4340 10
4841 4645 4893 10
4276 4274 4279 10
4640 4641 4642 10
7770 4693 7790 10
4184 5161 7708 10
4541 4540 4660 10
4696 4547 7486 10
4732 4582 4889 10
4235 4234 4236 10
4786 4485 5207 10
6867 6869 7487 10
4720 4259 4863 10
4399 4401 4858 10
4430 4428 4431 10
7709 5537 7726 10
4232 4231 4669 10
4511 4508 4512 10
6163 7835 7866 10
4612 4614 4774 10
4667 5065 5191 10
7461 7460 7462 10
4405 4404 4406 10
7325 7327 7328 10
5151 5154 7757 10
5189 5188 5389 10
5056 5055 5349 10
4702 4439 5244 10
6756 7707 7751 10
7470 7462 7889 10
4200 7579 7823 10
4119 4116 7679 10
5161 5164 7708 10
4106 4674 7728 10
4061 7605 7717 10
4272 4274 4275 10
5225 5620 5629 10
4156 4725 7766 10
4222 4224 4225 10
5143 5868 5869 10
7475 7476 7477 10
4351 4349 4352 10
4357 4359 4360 10
4365 4363 4366 10
4419 4418 4420 10
5695 5202 7776 10
7745 4928 7748 10
4965 4964 5589 10
5545 7745 7748 10
3923 3924 7804 10
4505 4506 4507 10
4724 4862 4896 10
7311 7310 7312 10
7688 4928 7745 10
4658 5205 5257 10
4164 4162 7700 10
4415 4414 4416 10
5168 7766 7791 10
4444 4442 4445 10
4896 4862 4933 10
5201 5203 7750 10
4222 4223 4224 10
4250 4253 7798 10
4928 7562 7748 10
4703 5230 5231 10
5553 5552 7767 10
4315 4317 4318 10
4258 4259 4260 10
5084 4330 7541 10
5158 5595 7741 10
4756 4366 5222 10
4517 4515 4518 10
5567 5432 6558 10
4536 4535 4537 10
7782 4200 7823 10
5180 5181 5428 10
7552 7740 7755 10
7578 7762 7763 10
4382 4383 4384 10
4390 4392 4813 10
4692 7687 7761 10
6876 5545 7748 10
4272 4270 4273 10
4617 4615 4618 10
7707 5147 7751 10
7327 7326 7340 10
7800 7780 7801 10
5957 5958 5959 10
5147 7544 7751 10
4342 4341 4343 10
4416 4417 4418 10
4292 4293 4294 10
7465 7467 7485 10
4239 4795 7777 10
4375 4373 4731 10
4409 4408 4410 10
4225 4227 4810 10
4477 4478 4479 10
4499 4500 4501 10
4469 4468 4470 10
5714 4939 7752 10
5389 5188 6056 10
7311 7312 7314 10
4798 4356 5227 10
5159 5158 7741 10
5560 5443 5561 10
5552 7757 7767 10
4092 4710 7740 10
7498 6940 7499 10
4130 4128 7716 10
4254 4252 7812 10
4447 4448 4449 10
5726 7727 7736 10
7328 7327 7329 10
7727 4062 7736 10
4450 4448 7803 10
4242 4240 7715 10
4457 4456 4458 10
3933 3930 7760 10
4238 4666 7787 10
7578 5538 7762 10
5581 5580 5582 10
7739 4701 7769 10
5559 6450 6451 10
4111 4108 7728 10
4364 4363 4365 10
4578 4577 4579 10
7712 4061 7717 10
4305 4303 4672 10
5438 5086 5664 10
5891 5484 5892 10
4354 4353 4355 10
4505 4507 4817 10
4711 5187 7754 10
4876 4119 7679 10
4312 4311 4313 10
4249 4250 7798 10
4427 4426 4428 10
4847 4235 4899 10
7557 4333 7844 10
5482 7829 7830 10
4413 4414 4415 10
7383 7384 7385 10
4427 4428 4429 10
4576 4578 4764 10
5955 5954 5956 10
4475 4476 4477 10
4536 4537 4538 10
4501 4502 7511 10
5875 5874 5876 10
4657 5177 5219 10
4298 4297 4299 10
5292 5291 5423 10
4318 4320 4783 10
4528 4529 4530 10
4688 5240 5241 10
4968 5714 7729 10
4356 4355 4357 10
4664 5052 5053 10
5140 7700 7775 10
4108 4106 7728 10
4525 4523 4526 10
4212 4210 7754 10
4447 4446 4448 10
4430 4432 4433 10
4561 4560 4686 10
4466 4467 4468 10
7348 5049 7410 10
7757 5154 7767 10
4520 4521 4522 10
7687 5476 7752 10
5213 3923 7804 10
4601 4599 4602 10
4601 4603 4604 10
4223 4220 7607 10
5001 6076 6077 10
4301 4302 4303 10
5711 4968 7729 10
7579 5557 7823 10
4210 4711 7754 10
6867 6868 6869 10
4643 4644 4645 10
5223 5225 5226 10
5154 5497 7767 10
7316 7313 7317 10
4411 4408 7784 10
5878 5879 5954 10
4472 4474 4475 10
4542 4543 4544 10
4930 5513 5514 10
5188 5183 7799 10
5992 5594 7792 10
4559 4557 4560 10
5193 5442 5443 10
4322 4321 4323 10
5237 5235 5238 10
7740 4710 7755 10
4271 4270 4272 10
4440 4439 4702 10
4528 4527 4529 10
4590 4591 4592 10
4405 4407 4802 10
4562 4563 4564 10
4629 4631 4851 10
5221 5220 5598 10
7779 5320 7780 10
4236 4239 7777 10
4427 4429 4837 10
4658 5204 5205 10
4885 4133 7716 10
4209 4206 7771 10
4587 4585 4588 10
5045 5046 5047 10
5040 5038 7376 10
5183 5184 7799 10
4791 4370 5216 10
4757 4481 5022 10
5053 5052 5054 10
4133 4130 7716 10
5957 5959 7412 10
5246 5245 5247 10
4878 3933 7760 10
5196 5198 7747 10
4420 4668 7439 10
4454 4453 4721 10
5878 5954 5955 10
5519 5518 7772 10
4328 4327 4329 10
4413 4412 4414 10
5547 4878 7760 10
4387 4385 4388 10
4480 4481 4482 10
7687 5547 7761 10
4472 4473 4474 10
4475 4474 4476 10
7907 5561 7932 10
5518 5521 7772 10
4531 4532 4533 10
5873 5937 7100 10
4329 4331 4332 10
4456 4454 7883 10
4382 4381 4383 10
4511 4512 4513 10
5281 5282 5459 10
4483 4484 4485 10
4646 4647 4648 10
5045 5044 5046 10
5678 5519 7772 10
4431 7536 7924 10
4480 4482 4483 10
5180 5428 5429 10
4197 4200 7693 10
4488 4487 7425 10
4494 4496 4497 10
4323 4321 4324 10
5193 5443 5560 10
5274 5272 5275 10
4435 4434 4436 10
5575 5576 5577 10
4466 4468 4469 10
7383 7380 7384 10
4218 4651 7607 10
4622 4621 4623 10
7835 4153 7866 10
4396 4393 4397 10
5045 5048 7832 10
5030 4443 7435 10
4553 4551 4554 10
4999 6058 6059 10
5035 7310 7311 10
4471 4472 7533 10
5176 4296 7735 10
6079 6077 7004 10
7763 7762 7786 10
5025 5024 5625 10
4383 4693 7770 10
4584 4585 4586 10
4567 4565 4568 10
4416 4418 4419 10
4405 4406 4407 10
4632 4634 4635 10
5269 5244 7851 10
4200 4195 7579 10
4206 4204 7771 10
7522 4215 7759 10
4555 4554 4697 10
4535 4665 7768 10
4929 5549 7778 10
7456 7454 7790 10
5216 4370 7858 10
4727 4359 7899 10
4441 4440 4442 10
7412 7788 7929 10
5166 4213 7742 10
4419 4421 4797 10
7855 5429 7857 10
5290 5034 5291 10
7316 7317 7318 10
7738 4347 7783 10
7319 7321 7323 10
5505 5504 7362 10
4204 4655 7771 10
4803 4572 5027 10
5053 5055 5056 10
4581 4579 4582 10
6078 6080 7891 10
4935 4861 5509 10
4587 4588 4589 10
5086 5084 7523 10
4447 4449 4777 10
4558 4557 4559 10
4720 4900 7753 10
4531 4533 4534 10
5197 5195 7829 10
4612 4613 4614 10
4741 4914 7773 10
4441 4442 4443 10
4345 4718 7783 10
4395 4393 4396 10
5256 5255 5431 10
7477 7476 7478 10
4570 4571 4572 10
4228 4226 7806 10
5222 7808 7820 10
5434 5731 5966 10
5231 5230 5232 10
5909 4962 7778 10
4366 4363 7808 10
7696 7510 7796 10
6013 7696 7796 10
4576 4577 4578 10
4660 5245 5246 10
5322 7782 7823 10
7437 4672 7818 10
4655 5199 7781 10
4632 4630 4633 10
4751 5185 7775 10
5522 5523 7897 10
4604 4603 4605 10
4838 4300 5243 10
5557 5351 7822 10
5496 5495 5508 10
7771 4655 7781 10
4166 4169 7733 10
5199 5320 7779 10
5248 5250 7420 10
4169 4762 7733 10
5275 5272 7849 10
7386 7385 7387 10
5241 5240 5242 10
6056 5188 7799 10
4564 4565 4566 10
3924 3927 7804 10
4616 4615 4617 10
6014 6013 7796 10
4548 4550 4778 10
4524 4523 4525 10
6057 4998 6062 10
4293 4291 7735 10
5714 7752 7797 10
7906 4697 7931 10
4494 4495 4496 10
4900 4957 7753 10
4363 4361 7808 10
4758 4596 5260 10
5001 6077 6078 10
7332 7329 7959 10
5196 7747 7785 10
5045 5047 5048 10
3927 4760 7804 10
5289 5288 5616 10
4545 4547 4548 10
7355 7354 7356 10
4635 4637 4805 10
4581 4583 4584 10
4220 4218 7607 10
4686 4560 5280 10
4640 4638 4641 10
7468 7462 7469 10
4690 5084 5085 10
7808 4727 7820 10
7321 7322 7324 10
4629 4630 4631 10
4896 4953 4954 10
4965 7527 7565 10
7767 5497 7786 10
7460 7456 7790 10
7898 5254 7919 10
4757 5023 7836 10
4604 4605 4606 10
5224 5222 7820 10
6169 6162 7887 10
4361 4727 7808 10
5598 5220 5600 10
4584 4586 4800 10
4962 4929 7778 10
4804 4457 5277 10
6160 5499 7774 10
5482 5197 7829 10
7281 5388 7308 10
4528 4530 4844 10
4662 5044 5045 10
4819 4328 5251 10
5558 5559 7949 10
5292 5423 5503 10
5222 4366 7808 10
4637 4638 4639 10
5195 7806 7829 10
5476 5478 7797 10
4697 4554 5286 10
5194 4249 7798 10
5179 4237 7789 10
4621 4619 4624 10
7568 4730 7863 10
7752 5476 7797 10
7870 4954 7900 10
4910 4995 4996 10
5322 5200 7782 10
7376 5038 7427 10
4416 4414 4417 10
4455 4454 4456 10
4695 5551 7737 10
5066 7451 7817 10
4468 4734 7839 10
5038 4512 7427 10
4636 4652 7410 10
7799 5184 7800 10
4461 4463 4763 10
5199 7779 7781 10
4999 6059 7930 10
5048 5357 5580 10
4996 6038 6039 10
4684 5039 5254 10
4938 5554 5555 10
5140 4167 7700 10
5566 5432 5567 10
4203 4199 7693 10
4660 4540 5245 10
7749 5201 7750 10
5281 5459 5460 10
5555 5554 7859 10
4594 4593 4595 10
4669 5196 7785 10
7447 5233 7448 10
7417 5628 7438 10
7355 7356 7357 10
7762 5553 7786 10
7388 7387 7389 10
7774 5499 7791 10
4695 7737 7812 10
4592 4591 4593 10
4537 4535 7768 10
4195 4194 7579 10
4910 4889 4944 10
5695 7776 7807 10
4154 4153 7835 10
4352 4349 7738 10
7774 4725 7835 10
4371 4374 7858 10
5276 5275 5585 10
7558 4254 7812 10
4545 4546 4547 10
5200 5190 7782 10
5553 7767 7786 10
4329 4332 7865 10
4734 4859 4913 10
4609 4610 4611 10
6059 6060 6061 10
4913 4940 4998 10
7863 7538 7866 10
4349 4347 7738 10
7579 4194 7750 10
4640 4642 4643 10
4595 4597 4598 10
5484 5482 7830 10
4439 4436 7875 10
7472 7471 7473 10
4240 4238 7787 10
5512 7508 7509 10
4534 4788 7827 10
5040 7376 7377 10
4199 4197 7693 10
4429 4430 7695 10
4511 4513 4514 10
4725 7774 7791 10
5625 5626 6516 10
5226 7483 7979 10
7516 7518 7807 10
4719 4860 4892 10
4167 4164 7700 10
4288 7828 7848 10
4194 7749 7750 10
5272 5273 7849 10
4231 4228 7806 10
5159 7538 7863 10
7478 7476 7479 10
4505 4504 4506 10
4910 4944 4995 10
4516 4515 4517 10
5584 5592 5608 10
4393 4391 7826 10
5257 5205 5258 10
4913 4998 4999 10
6163 6160 7774 10
7383 7385 7386 10
7513 7907 7932 10
5050 5051 5385 10
4344 4341 7831 10
4542 4544 4833 10
4426 4662 7536 10
4757 5022 5023 10
7766 4725 7791 10
5245 4540 7768 10
4684 5038 5039 10
4483 4485 4786 10
4961 4960 5692 10
5549 5548 7769 10
5557 7822 7823 10
7538 6163 7866 10
6510 7416 7446 10
7776 7516 7807 10
5625 5024 5626 10
5585 5275 5622 10
7859 5563 7860 10
5587 5588 7343 10
7325 7326 7327 10
6163 7774 7835 10
4296 4293 7735 10
4595 4596 4597 10
4374 4750 7858 10
4288 7848 7881 10
5195 4231 7806 10
4933 5512 7509 10
5585 5622 6116 10
4629 4628 4630 10
5618 5617 5619 10
4725 4154 7835 10
5616 5288 5617 10
4690 5085 7508 10
4601 4604 7953 10
4609 4611 4612 10
4960 4935 5676 10
7513 4656 7907 10
5894 5893 7905 10
5566 7903 7920 10
4570 4569 4571 10
5227 4356 7825 10
7382 7380 7383 10
5548 7739 7769 10
4331 4690 7844 10
4576 4575 4577 10
5056 5575 7802 10
7448 5233 7449 10
5356 5322 7822 10
5048 5581 7832 10
5156 5159 7863 10
4849 4516 4901 10
5429 5430 7876 10
4394 7453 7484 10
7857 5429 7876 10
4926 5556 7857 10
4335 4333 7557 10
4690 7508 7844 10
4315 4318 7809 10
7829 4671 7830 10
5597 4926 7857 10
7387 7385 7402 10
5621 7820 7894 10
4552 4551 4553 10
7803 4448 7845 10
5559 7948 7949 10
5431 5255 5837 10
4620 4619 4621 10
5040 7377 7378 10
4651 7522 7897 10
4430 4433 7695 10
4892 4966 4967 10
5622 5275 7849 10
4677 5237 7813 10
7391 7389 7392 10
4341 4339 7831 10
4579 4577 7497 10
5577 7922 7928 10
4224 4223 7888 10
7715 4240 7787 10
5219 7814 7838 10
4302 7814 7818 10
7822 5322 7823 10
7930 6059 7968 10
4562 4564 4767 10
4493 4494 7872 10
4353 4741 7794 10
7419 5247 7935 10
4487 7422 7852 10
6037 6042 7284 10
4432 4431 7939 10
5191 5193 7848 10
4338 4335 7557 10
7860 5563 7938 10
7315 7313 7316 10
4486 4489 7890 10
4644 4642 7915 10
5893 5484 7830 10
7395 7394 7398 10
7484 7459 7871 10
5446 5474 7429 10
4741 7773 7794 10
4153 7568 7866 10
7822 5351 7874 10
5588 5987 5988 10
4656 4289 7881 10
7527 5550 7565 10
4730 5156 7863 10
5550 7564 7565 10
7897 7443 7912 10
7785 5179 7789 10
4339 4724 7831 10
4303 4302 7818 10
5193 5560 7848 10
4672 4303 7818 10
4332 4775 7865 10
4285 4283 7828 10
5247 5245 7847 10
4892 4936 4966 10
4604 4606 4748 10
4600 4599 4601 10
4540 4537 7768 10
7889 4693 7916 10
5597 7857 7876 10
4333 4331 7844 10
6079 7904 7914 10
5261 5262 5263 10
4241 4243 7793 10
7517 7515 7833 10
7329 7758 7959 10
4422 4420 7439 10
4521 4653 7895 10
4669 7785 7789 10
4318 4783 7809 10
7891 6080 7899 10
4485 4486 7890 10
5600 5220 7864 10
5627 5628 6510 10
7416 5628 7417 10
4694 7444 7909 10
4311 4664 7810 10
7377 7376 7840 10
4358 4355 7794 10
4317 4316 7922 10
7876 5430 7877 10
5564 7497 7933 10
4795 4241 7793 10
5177 5178 7864 10
4358 7794 7891 10
4289 4288 7881 10
5240 4445 7854 10
7523 5084 7541 10
4523 4521 7895 10
4996 6037 6038 10
7819 4699 7885 10
7313 7310 7869 10
7848 5560 7881 10
7384 7380 7840 10
6039 6040 6041 10
5220 5177 7864 10
5589 7867 7868 10
4316 4313 7810 10
4714 5050 5571 10
7810 7802 7928 10
7515 7521 7833 10
5261 5263 5264 10
7331 7329 7332 10
5460 5477 7360 10
4685 5290 7965 10
7041 5356 7874 10
4688 7434 7845 10
7398 7394 7400 10
5356 7822 7874 10
4702 5268 7937 10
4288 4285 7828 10
5159 7741 7887 10
4785 4600 5283 10
4459 4456 7883 10
5254 5256 7919 10
7460 7790 7889 10
5230 4324 7819 10
5234 4397 7826 10
4597 4758 7841 10
4666 5180 7855 10
4448 4446 7845 10
5239 5558 7671 10
5257 5259 7850 10
5243 4300 7884 10
7316 7318 7319 10
4520 4799 7856 10
4397 4393 7826 10
7919 5566 7920 10
4355 4353 7794 10
4516 4517 7856 10
7903 5567 7950 10
4964 5597 7867 10
4593 4591 7913 10
4517 4520 7856 10
4408 4406 7784 10
7443 5894 7912 10
5555 7861 7880 10
7831 4724 7870 10
5226 5225 7821 10
5225 5629 7821 10
7522 5522 7897 10
7921 5570 7954 10
5180 5429 7855 10
4656 7881 7907 10
7355 7357 7852 10
7473 7970 7976 10
6516 5626 7923 10
4714 5049 5050 10
5423 5845 5989 10
4446 4688 7845 10
4415 4416 7824 10
5626 7908 7923 10
7976 4731 7985 10
4475 4752 7533 10
4685 5033 5034 10
7931 5287 7961 10
4313 4311 7810 10
4628 4685 7965 10
4685 5034 5290 10
4635 4805 7428 10
5893 7830 7888 10
4472 4475 7533 10
4458 4461 7917 10
7773 6078 7891 10
7820 4727 7894 10
7794 7773 7891 10
4721 4895 7926 10
5589 4964 7867 10
7768 4665 7847 10
5561 6165 7932 10
4414 4412 7834 10
5511 5510 7873 10
4406 4654 7784 10
4699 7922 7943 10
6079 7004 7904 10
5271 4526 7895 10
6080 6079 7914 10
5060 4586 7902 10
4431 4428 7536 10
4526 4523 7895 10
5510 4459 7883 10
4380 7642 7944 10
5234 7826 7882 10
7642 4731 7970 10
4359 4358 7899 10
7832 5581 7924 10
6165 7910 7932 10
4671 4224 7888 10
5955 5957 7929 10
7607 4651 7912 10
5894 7905 7912 10
5035 7309 7310 10
4223 7607 7905 10
7380 7377 7840 10
7910 5178 7932 10
7790 4693 7889 10
5207 4485 7890 10
5232 5230 7885 10
7744 5955 7929 10
4300 4301 7884 10
4301 4304 7884 10
7445 4654 7949 10
7881 5560 7907 10
4302 4299 7838 10
4693 4381 7916 10
4401 4402 7811 10
4557 4555 7906 10
7836 7355 7852 10
4428 4426 7536 10
7459 7465 7871 10
7886 5558 7949 10
5560 5561 7907 10
4417 7834 7850 10
4699 4317 7922 10
7830 4671 7888 10
7849 5273 7966 10
4697 5287 7931 10
5245 7768 7847 10
7961 5289 7964 10
4358 7891 7899 10
4634 4633 7984 10
7483 5226 7986 10
5273 5271 7925 10
7973 5270 7975 10
7280 5388 7281 10
4494 4497 7872 10
5242 5240 7937 10
7826 4394 7882 10
4417 4414 7834 10
4462 4460 7547 10
7351 5565 7954 10
7864 5178 7910 10
4562 4767 7805 10
5559 6451 7948 10
4633 7977 7984 10
4896 4954 7870 10
5566 5567 7903 10
5563 5562 7900 10
4497 4782 7872 10
4698 4432 7939 10
5619 7971 7980 10
5260 4596 7913 10
5626 7795 7908 10
4460 4715 7547 10
7905 7607 7912 10
5578 5611 7958 10
4419 4797 7824 10
5230 7819 7885 10
4381 4380 7916 10
4588 7424 7988 10
7814 4302 7838 10
5957 7412 7929 10
7894 6080 7914 10
7883 4721 7926 10
4436 4434 7875 10
4519 4518 7920 10
4901 4516 7856 10
5506 7982 7987 10
5716 4953 7911 10
7424 4732 7956 10
7839 7930 7968 10
5621 7894 7914 10
7351 7954 7955 10
4953 5669 7911 10
5178 7513 7932 10
5282 7931 7961 10
4724 4896 7870 10
7671 5558 7886 10
5280 7906 7931 10
5280 4560 7906 10
4434 4698 7875 10
4653 7903 7925 10
5510 7883 7926 10
4654 7886 7949 10
5583 5584 7951 10
5287 5289 7961 10
4904 4401 7811 10
4394 7484 7882 10
5565 7921 7954 10
7924 5583 7939 10
4596 4593 7913 10
7471 7470 7944 10
5290 5292 7977 10
7873 5510 7926 10
7939 5583 7951 10
5273 7925 7950 10
7862 7860 7938 10
5206 7948 7960 10
5282 5280 7931 10
4792 4306 7892 10
4560 4557 7906 10
7470 7916 7944 10
4306 4308 7892 10
7731 5206 7960 10
7310 7309 7869 10
4515 4513 7898 10
5206 7445 7948 10
5289 7085 7964 10
4575 4713 7933 10
5584 5608 7978 10
4416 4419 7824 10
7365 7363 7942 10
4574 4571 7893 10
4503 7430 7815 10
4647 4644 7915 10
7948 7445 7949 10
7947 4696 7967 10
5575 5577 7928 10
5581 5583 7924 10
4758 5261 7945 10
7851 7951 7978 10
4544 4545 7918 10
5568 5503 7934 10
7851 4698 7951 10
5638 5242 7936 10
5273 7950 7966 10
4996 6039 7956 10
7335 7332 7959 10
4960 5676 7940 10
4569 4719 7893 10
4698 7939 7951 10
7916 4380 7944 10
5223 5226 7979 10
7885 4699 7943 10
5277 4457 7917 10
4548 4778 7918 10
5288 5286 7947 10
7802 5575 7928 10
7492 4756 7979 10
4473 7839 7968 10
5286 4554 7927 10
7943 5578 7958 10
4457 4458 7917 10
7974 4967 7989 10
4913 4999 7930 10
5565 5564 7921 10
4571 4569 7893 10
7948 6451 7960 10
7972 5270 7973 10
7422 7836 7852 10
7968 6061 7983 10
4518 4515 7898 10
6516 7923 7946 10
5567 6559 7950 10
5039 5040 7941 10
4421 4423 7879 10
4518 7898 7919 10
4797 4421 7879 10
7479 7976 7985 10
4731 4373 7985 10
5692 4960 7940 10
7839 4734 7930 10
6059 6061 7968 10
7449 5233 7962 10
5233 5232 7962 10
7958 5611 7962 10
7476 7473 7976 10
4551 4549 7927 10
4630 4628 7965 10
7944 7642 7970 10
4518 7919 7920 10
4734 4913 7930 10
6041 7969 7988 10
5630 7961 7964 10
4633 4630 7965 10
4545 4548 7918 10
7420 5250 7971 10
5232 7958 7962 10
4696 7486 7967 10
5232 7885 7958 10
4473 7968 7983 10
4372 7492 7990 10
5630 5282 7961 10
5250 5712 7980 10
4728 4474 7983 10
5040 7378 7941 10
5268 7936 7937 10
4577 4575 7933 10
3925 3922 7991 10
4573 4576 7896 10
5619 5617 7967 10
7473 7471 7970 10
7479 7476 7976 10
7936 5270 7972 10
5035 7311 7952 10
4589 4588 7969 10
7394 7393 7957 10
7478 7483 7986 10
4686 5281 7982 10
5617 5288 7947 10
7885 7943 7958 10
5507 7441 7963 10
7893 4719 7974 10
4554 4551 7927 10
5292 5568 7977 10
7491 4686 7982 10
7497 4577 7933 10
7936 5242 7937 10
5617 7947 7967 10
5270 5269 7975 10
7471 7944 7970 10
4756 5223 7979 10
5291 5034 7952 10
7400 7394 7957 10
4652 4634 7984 10
7950 6559 7966 10
4967 5689 7989 10
4474 4473 7983 10
6086 5507 7963 10
7994 5297 7995 10
6039 6041 7988 10
5281 5460 7982 10
5295 7994 7995 10
7977 5568 7984 10
5568 7981 7984 10
5568 7934 7981 10
5269 7851 7978 10
7981 4652 7984 10
5638 7936 7972 10
5034 5035 7952 10
4576 4764 7896 10
4373 4372 7985 10
7842 7841 7945 10
7483 7479 7990 10
7956 6039 7988 10
7841 4758 7945 10
4600 4601 7953 10
7480 7478 7986 10
5570 5569 7989 10
7424 7956 7988 10
5283 4600 7953 10
7971 5250 7980 10
5460 7360 7987 10
4892 4967 7974 10
5608 7975 7978 10
5293 3925 7991 10
7975 5269 7978 10
7982 5460 7987 10
4719 4892 7974 10
7479 7985 7990 10
5295 5293 7994 10
7985 4372 7990 10
7955 7954 7992 10
7989 5689 7992 10
5570 7989 7992 10
7954 5570 7992 10
7945 5264 7993 10
7842 7945 7993 10
4707 5297 7994 10
5297 5299 7995 10
5293 7991 7994 10
7991 4707 7994 10
5691 5295 7995 10
5738 5739 7276 10
5299 7095 7996 10
7995 5299 7996 10
5691 7995 7996 10
5738 5737 5739 10
6266 6267 6268 10
5736 5737 5738 10
6266 6265 6267 10
5736 5663 5737 10
5662 5736 7204 10
4705 7997 7999 10
6264 6265 6266 10
5635 5633 7997 10
5662 5663 5736 10
3919 3916 7998 10
6264 6263 6265 10
5633 5298 7999 10
5296 3919 7998 10
5662 5661 5663 10
7998 4705 7999 10
5296 7998 7999 10
5298 5296 7999 10
6262 6263 6264 10
6263 6261 6269 10
3912 3911 8000 10
5660 5661 5662 10
6262 6261 6263 10
4705 3912 8000 10
5657 5660 6944 10
5660 5658 5661 10
7997 4705 8000 10
6260 6261 6262 10
5657 5658 5660 10
6260 6259 6261 10
5657 5656 5658 10
6235 6234 7297 10
6234 6534 7202 10
6243 6244 6245 10
6258 6259 6260 10
6259 6257 6938 10
3913 4770 8001 10
3909 3910 8001 10
5643 5645 6125 10
5645 5644 5646 10
5300 3909 8001 10
8212 8202 12124 10
5655 5656 5657 10
7088 4760 10970 10
3910 3913 8001 10
5827 5828 6166 10
10476 10035 11700 10
6233 6234 6235 10
6234 6232 6534 10
5311 4890 8002 10
6243 6242 6244 10
6258 6257 6259 10
5836 5311 8002 10
427 7211 8102 10
5643 5644 5645 10
10309 7173 11985 10
4670 4709 4890 10
4945 4994 5852 10
5653 5655 6182 10
5655 5654 5656 10
5011 5021 5500 10
6233 6232 6234 10
6518 6519 12295 10
4924 5341 5342 10
6610 6609 11826 10
4911 4917 4997 10
6241 6242 6243 10
77 78 7264 10
68 69 7260 10
59 60 7257 10
62 63 7262 10
6256 6257 6258 10
7193 7024 11829 10
3328 7257 7258 10
4650 4648 4678 10
57 58 7269 10
4780 4845 4934 10
10260 10258 11629 10
6236 6237 9875 10
7207 8698 11175 10
7212 3318 7213 10
7220 3321 7221 10
83 84 7271 10
3981 6983 12416 10
5751 5749 9934 10
5643 5642 5644 10
8013 7365 8014 10
4670 3905 4709 10
506 507 8043 10
299 300 8035 10
492 493 8019 10
500 501 8041 10
435 436 8020 10
444 445 8036 10
505 506 3392 10
518 519 3334 10
524 525 3375 10
401 402 8003 10
301 302 3254 10
382 383 3207 10
388 389 3219 10
295 296 3255 10
307 308 3252 10
313 314 3257 10
319 320 3248 10
394 395 3211 10
443 444 3341 10
447 448 3345 10
471 472 3343 10
475 476 3363 10
481 482 3390 10
489 490 3360 10
495 496 3344 10
439 440 3366 10
452 453 3372 10
465 466 3355 10
467 468 3350 10
483 484 3397 10
487 488 3370 10
491 492 3346 10
493 494 3335 10
496 497 8008 10
292 293 3259 10
298 299 3194 10
316 317 3245 10
352 353 3244 10
358 359 3198 10
370 371 3203 10
373 374 3273 10
379 380 3229 10
385 386 3276 10
397 398 3275 10
400 401 3217 10
499 500 3359 10
503 504 3385 10
510 511 3378 10
512 513 3371 10
516 517 3340 10
522 523 3352 10
526 527 3851 10
520 521 3339 10
436 437 3381 10
454 455 3396 10
456 457 3398 10
458 459 3389 10
460 461 3394 10
463 464 3368 10
477 478 3383 10
479 480 3395 10
497 498 3348 10
321 322 8013 10
322 323 3195 10
328 329 3225 10
334 335 3199 10
337 338 3264 10
340 341 3250 10
343 344 3239 10
346 347 3192 10
349 350 3268 10
355 356 3236 10
361 362 3271 10
363 364 8007 10
364 365 3235 10
367 368 3231 10
376 377 3222 10
404 405 3223 10
445 446 3333 10
450 451 3367 10
473 474 3357 10
501 502 3393 10
508 509 3399 10
514 515 3358 10
441 442 3347 10
469 470 3331 10
485 486 3391 10
434 435 3388 10
304 305 3253 10
391 392 3226 10
310 311 3193 10
325 326 3261 10
331 332 3243 10
402 403 3418 10
464 465 8009 10
478 479 8006 10
462 463 8038 10
488 489 8004 10
315 316 8032 10
312 313 8040 10
509 510 8012 10
318 319 8022 10
468 469 8017 10
305 306 8034 10
369 370 8011 10
523 524 8010 10
511 512 8037 10
286 287 3197 10
289 290 3249 10
455 456 8027 10
470 471 8030 10
371 372 8033 10
453 454 8021 10
480 481 8052 10
502 503 8050 10
306 307 8031 10
357 358 8029 10
482 483 8048 10
356 357 8028 10
490 491 8051 10
498 499 8039 10
484 485 8015 10
472 473 8023 10
474 475 8025 10
517 518 8024 10
8 9 3380 10
4 5 3361 10
6 7 3373 10
515 516 8026 10
466 467 8044 10
476 477 8046 10
525 526 8054 10
494 495 8045 10
519 520 8005 10
10 11 3387 10
372 373 8042 10
12 13 3382 10
24 25 3337 10
280 281 3263 10
28 29 3365 10
31 32 8061 10
32 33 3384 10
34 35 8058 10
35 36 3386 10
41 42 3356 10
43 44 3342 10
45 46 3332 10
51 52 3362 10
53 54 3374 10
87 88 3201 10
39 40 3369 10
30 31 3377 10
47 48 3336 10
26 27 3354 10
283 284 3258 10
49 50 3351 10
37 38 3379 10
90 91 3240 10
86 87 8062 10
42 43 8064 10
40 41 8065 10
486 487 8049 10
92 93 8068 10
33 34 8067 10
36 37 8060 10
93 94 3205 10
44 45 8066 10
38 39 8063 10
228 229 8072 10
504 505 8053 10
521 522 8047 10
22 23 3330 10
95 96 8069 10
96 97 3224 10
263 264 8071 10
98 99 8070 10
274 275 3200 10
140 141 8076 10
255 256 8089 10
262 263 3202 10
265 266 3242 10
271 272 3262 10
100 101 8077 10
136 137 8083 10
151 152 8088 10
149 150 8084 10
156 157 3122 10
179 180 3218 10
218 219 3238 10
241 242 3232 10
14 15 3376 10
16 17 3364 10
107 108 3191 10
129 130 3425 10
131 132 3111 10
147 148 3116 10
170 171 3228 10
197 198 3216 10
200 201 3272 10
206 207 3233 10
236 237 3419 10
250 251 3204 10
99 100 3196 10
113 114 3121 10
121 122 3428 10
125 126 3426 10
133 134 3423 10
159 160 3124 10
167 168 3221 10
185 186 3213 10
209 210 3220 10
215 216 3212 10
238 239 3208 10
247 248 3270 10
145 146 3424 10
134 135 8087 10
162 163 3190 10
182 183 3227 10
124 125 8085 10
144 145 8086 10
20 21 3338 10
141 142 3427 10
188 189 3274 10
194 195 3230 10
224 225 3265 10
227 228 3210 10
259 260 3266 10
268 269 3260 10
18 19 3353 10
102 103 3420 10
104 105 3206 10
110 111 3123 10
116 117 3120 10
119 120 3118 10
123 124 3115 10
127 128 3113 10
130 131 8078 10
137 138 3421 10
139 140 3112 10
143 144 3114 10
146 147 8079 10
153 154 3119 10
164 165 3422 10
176 177 3277 10
178 179 8073 10
191 192 3215 10
212 213 3269 10
221 222 3234 10
230 231 3241 10
233 234 3246 10
244 245 3251 10
253 254 3237 10
256 257 3256 10
277 278 3247 10
106 107 8082 10
135 136 3110 10
150 151 3117 10
173 174 3209 10
203 204 3214 10
187 188 8080 10
507 508 8055 10
267 268 8081 10
192 193 8091 10
269 270 8090 10
248 249 8092 10
229 230 8094 10
235 236 8096 10
254 255 8093 10
261 262 8095 10
264 265 8075 10
513 514 8057 10
3253 8034 9203 10
4060 7601 7661 10
3123 7554 9962 10
5653 5654 5655 10
5366 5020 8100 10
5820 5821 5822 10
10744 9689 11723 10
8015 3391 8016 10
8017 3331 8018 10
8055 3399 8056 10
8058 3386 8059 10
5682 5108 8103 10
5368 6996 8103 10
6253 6254 12485 10
7293 4647 8157 10
6231 6232 6233 10
3320 7216 7217 10
5818 5819 5820 10
6952 6951 12119 10
10106 6216 10121 10
6137 5418 9871 10
5816 5817 5818 10
6442 6441 6488 10
7241 5366 8100 10
7011 7026 12320 10
8043 507 8055 10
364 3235 8007 10
3399 509 8012 10
503 3385 8050 10
493 3335 8019 10
479 3395 8006 10
526 3851 8054 10
524 3375 8010 10
463 3368 8038 10
499 3359 8039 10
481 3390 8052 10
489 3360 8004 10
445 3333 8036 10
3368 464 8009 10
3334 519 8005 10
3217 401 8003 10
501 3393 8041 10
3344 496 8008 10
3194 299 8035 10
3358 515 8026 10
316 3245 8032 10
322 3195 8013 10
3350 468 8017 10
471 3343 8030 10
3363 476 8046 10
3388 435 8020 10
402 3418 8003 10
3372 453 8021 10
306 8031 8034 10
436 3381 8020 10
505 3392 8053 10
485 3391 8015 10
497 3348 8008 10
3370 488 8004 10
319 3248 8022 10
456 3398 8027 10
3391 486 8049 10
3359 500 8041 10
491 3346 8051 10
512 3371 8037 10
3383 478 8006 10
465 3355 8009 10
3203 371 8033 10
3343 472 8023 10
8028 357 8029 10
475 3363 8025 10
3341 444 8036 10
3346 492 8019 10
469 3331 8017 10
3392 506 8043 10
3335 494 8045 10
3253 305 8034 10
313 3257 8040 10
3396 455 8027 10
518 3334 8024 10
483 3397 8048 10
3390 482 8048 10
3352 523 8010 10
3355 466 8044 10
510 3378 8012 10
373 3273 8042 10
3371 513 8057 10
3378 511 8037 10
3236 356 8028 10
358 3198 8029 10
454 3396 8021 10
370 3203 8011 10
3331 470 8030 10
307 3252 8031 10
3397 484 8015 10
473 3357 8023 10
3357 474 8025 10
3340 517 8024 10
516 3340 8026 10
3360 490 8051 10
3339 521 8047 10
467 3350 8044 10
522 3352 8047 10
3395 480 8052 10
3348 498 8039 10
3393 502 8050 10
495 3344 8045 10
520 3339 8005 10
8033 372 8042 10
477 3383 8046 10
487 3370 8049 10
3385 504 8053 10
3375 525 8054 10
508 3399 8055 10
3377 31 8061 10
35 3386 8058 10
41 3356 8065 10
514 3358 8057 10
43 3342 8064 10
87 3201 8062 10
3342 44 8066 10
39 3369 8063 10
37 3379 8060 10
32 3384 8061 10
3384 33 8067 10
34 8058 8067 10
3386 36 8060 10
3356 42 8064 10
3369 40 8065 10
3379 38 8063 10
45 3332 8066 10
93 3205 8068 10
96 3224 8069 10
3202 263 8071 10
3210 228 8072 10
99 3196 8070 10
8072 229 8094 10
255 8089 8093 10
3196 100 8077 10
179 3218 8073 10
3112 140 8076 10
141 3427 8076 10
3424 146 8079 10
3115 124 8085 10
3114 144 8086 10
3117 151 8088 10
125 3426 8085 10
145 3424 8086 10
3425 130 8078 10
131 3111 8078 10
147 3116 8079 10
3423 134 8087 10
137 3421 8083 10
107 3191 8082 10
150 3117 8084 10
3110 136 8083 10
135 3110 8087 10
188 3274 8080 10
3215 192 8091 10
256 3256 8089 10
265 3242 8075 10
3260 269 8090 10
3237 254 8093 10
230 3241 8094 10
268 3260 8081 10
236 3419 8096 10
3270 248 8092 10
8071 264 8075 10
262 3202 8095 10
6247 9891 10405 10
5818 5820 6503 10
5814 5815 5816 10
184 185 8099 10
6241 6240 6242 10
5812 5813 5814 10
7263 3322 12364 10
6256 6255 6257 10
5063 5060 6805 10
4649 4648 4650 10
6848 6847 6849 10
185 3213 8099 10
5810 5811 5812 10
6856 6215 7133 10
5814 5816 6494 10
6788 5987 11668 10
4708 4039 7307 10
5808 5809 5810 10
8633 6747 11153 10
10140 9943 12370 10
4923 5493 5843 10
446 447 8101 10
3333 446 8101 10
447 3345 8101 10
9071 9734 11568 10
6151 6861 6862 10
4390 4813 8126 10
4386 4387 8126 10
5108 5368 8103 10
6921 7170 12314 10
4856 4918 7272 10
3906 4670 8110 10
5806 5807 5808 10
4647 7915 8157 10
5318 5210 6800 10
5810 5812 6465 10
5571 5050 8159 10
5330 5213 6684 10
5641 5642 5643 10
5804 5805 5806 10
10231 3846 11764 10
7134 9231 11301 10
3908 3906 8110 10
8082 7532 12481 10
11599 8435 11600 10
5129 5131 9461 10
6823 4750 6888 10
9232 5996 9233 10
7573 5687 9894 10
5321 7040 8183 10
7780 5320 8183 10
7481 7474 11835 10
5802 5803 5804 10
5332 5170 6789 10
7874 5351 8186 10
5350 5851 8186 10
4806 5083 9736 10
5703 5704 12309 10
6826 5931 10848 10
4680 4682 4894 10
5015 5412 6957 10
4814 5059 9746 10
5806 5808 6445 10
5824 5764 9585 10
4739 4745 4945 10
84 3267 7271 10
4945 5853 8199 10
5766 5913 9585 10
8100 5571 8159 10
4825 4827 4943 10
6022 6021 6025 10
5800 5801 5802 10
3257 314 8112 10
315 8032 8112 10
4808 5215 9745 10
4854 4856 5010 10
4804 5279 9737 10
5055 5494 8206 10
3911 3908 8110 10
8090 270 8124 10
271 3262 8124 10
3237 8093 8206 10
8680 5312 9051 10
10754 6527 11252 10
5653 5652 5654 10
4978 4980 5379 10
6996 3111 10864 10
5798 5799 5800 10
5133 5135 9019 10
6895 6894 6896 10
4794 5212 9696 10
4798 5229 9697 10
5802 5804 6200 10
6513 6515 9824 10
4670 5310 8110 10
4890 4923 8002 10
3865 3863 5986 10
5796 5797 5798 10
9403 9404 10860 10
7128 7058 11892 10
6797 5378 9542 10
7966 6559 8603 10
5017 8675 9612 10
5464 6045 9368 10
4825 4943 9288 10
5376 5071 6455 10
314 315 8112 10
5794 5795 5796 10
4387 4390 8126 10
9718 9717 10362 10
10834 8331 11690 10
270 271 8124 10
5798 5800 6173 10
4085 4766 7306 10
6231 6230 6232 10
6807 6806 6878 10
7915 5571 8157 10
6924 7160 11968 10
4765 4348 6946 10
5999 8429 11746 10
4060 7600 7601 10
5792 5793 5794 10
7972 8040 11874 10
4763 4463 6954 10
5667 5666 5668 10
5050 5385 8159 10
4890 4709 4923 10
7241 8100 8159 10
3365 29 8432 10
30 3377 8432 10
6799 10847 11887 10
407 3310 7224 10
9219 9218 10742 10
6827 4747 6904 10
8623 9966 10982 10
419 3318 7212 10
428 3324 7211 10
410 3312 7209 10
425 3321 7220 10
416 3317 7223 10
5790 5791 5792 10
8038 3368 11666 10
5348 5081 6723 10
4598 4785 7305 10
9133 6773 12192 10
5313 10659 11364 10
6254 6255 6256 10
4483 4786 7304 10
7091 9294 11799 10
6255 6253 6434 10
5367 6549 6550 10
4368 4791 7303 10
5794 5796 6158 10
7226 4754 11684 10
5359 5027 6694 10
5320 5321 8183 10
6584 6947 11663 10
5351 5350 8186 10
5788 5789 5790 10
6911 6910 6912 10
7035 7036 10949 10
350 351 8946 10
3911 8110 8680 10
7255 4007 9019 10
3894 3892 8635 10
3179 10371 10372 10
5361 5277 6697 10
3888 3886 8649 10
7664 5133 9019 10
4584 4800 7302 10
11097 6903 11098 10
9770 10456 11576 10
5341 9517 9593 10
3362 52 8829 10
53 3374 8829 10
6707 5907 10840 10
3881 3879 8675 10
3871 3869 8666 10
6376 9855 11588 10
4060 7599 7600 10
8337 10765 12077 10
7997 8000 9051 10
3935 4793 7301 10
5786 5787 5788 10
6225 6224 8109 10
6240 6238 7006 10
6239 6240 6241 10
5349 5055 8206 10
426 427 8102 10
8110 5310 8680 10
4992 5005 6111 10
3866 4990 5319 10
10371 3704 10372 10
6869 6868 11477 10
153 3119 8905 10
8088 152 8905 10
10138 10461 10735 10
3862 3864 5427 10
5790 5792 6139 10
5354 5057 6685 10
4570 4803 7300 10
3328 59 7257 10
5887 5454 6811 10
6984 6970 11791 10
6250 6251 6252 10
6406 8019 12373 10
7093 4974 7162 10
5784 5785 5786 10
232 7100 10556 10
3235 365 8999 10
5464 5466 6045 10
60 3325 7257 10
69 3316 7260 10
78 3279 7264 10
63 3322 7262 10
207 208 9087 10
58 3328 7269 10
6981 6980 7130 10
9542 5450 9735 10
7073 7072 7074 10
5123 7299 7668 10
6199 6198 6446 10
5700 5698 6466 10
7273 7272 10540 10
8248 6781 9527 10
29 30 8432 10
5782 5783 5784 10
11800 6532 12235 10
6897 11115 12495 10
6226 6225 6227 10
5406 6949 6950 10
8000 3911 8680 10
6928 6927 6929 10
3234 7878 10707 10
7240 3418 10793 10
2875 8998 10762 10
28 3365 9082 10
3354 27 9082 10
6559 6560 8603 10
7087 5888 7104 10
6831 4748 6919 10
6497 6498 11999 10
5786 5788 6123 10
6427 9902 12391 10
5703 5702 5704 10
5047 5485 9203 10
3669 10133 12376 10
3349 57 7269 10
5753 5751 9908 10
11041 9880 11605 10
5624 5017 9612 10
5780 5781 5782 10
2264 2265 8107 10
3217 8003 8543 10
6189 6188 6191 10
5912 8561 9966 10
6618 6580 12454 10
7015 7016 11596 10
5927 5635 9223 10
5310 5312 8680 10
9261 6939 9825 10
5849 5130 5866 10
7291 8223 8257 10
2019 2020 8111 10
2262 2263 8113 10
102 3420 9153 10
8077 101 9153 10
2260 2261 8120 10
2022 2023 8117 10
2024 2025 8122 10
2257 2258 8125 10
7017 7013 12320 10
6588 6587 6709 10
6454 7119 7149 10
2037 2038 8151 10
2245 2246 8148 10
2039 2040 8154 10
2247 2248 8138 10
5995 6167 6477 10
5778 5779 5780 10
7000 10821 12175 10
2242 2243 8158 10
2248 2249 8167 10
7960 6451 9275 10
2255 2256 8142 10
2032 2033 8150 10
4348 4350 6946 10
5358 5041 6640 10
2250 2251 8143 10
2027 2028 8128 10
4463 4465 6954 10
2240 2241 8164 10
7238 7153 10101 10
431 432 7259 10
417 418 7261 10
423 424 7265 10
411 412 7268 10
408 409 7266 10
2042 2043 8162 10
2252 2253 8147 10
4937 3895 7094 10
3206 7106 10790 10
2044 2045 8166 10
4149 4812 7275 10
2237 2238 8169 10
5641 5471 5642 10
2045 2046 8184 10
2052 2053 8180 10
5782 5784 6089 10
4829 3897 4830 10
2230 2231 8177 10
5317 3891 7139 10
2227 2228 8192 10
5391 5030 6621 10
2232 2233 8173 10
1555 1556 8282 10
1023 1024 3459 10
1942 1943 8279 10
1168 1169 3462 10
1410 1411 8273 10
1700 1701 8272 10
1797 1798 8266 10
1313 1314 3463 10
1265 1266 8303 10
1845 1846 8305 10
2055 2056 8190 10
6762 10879 10904 10
1652 1653 8306 10
1458 1459 3466 10
1120 1121 8311 10
1990 1991 8253 10
1071 1072 2979 10
1507 1508 8252 10
1603 1604 3467 10
1894 1895 3469 10
1216 1217 2950 10
1362 1363 8244 10
1748 1749 3472 10
9828 3735 11681 10
3158 9931 11940 10
1749 1750 8239 10
1361 1362 2921 10
1217 1218 8321 10
1893 1894 8232 10
4807 3885 5017 10
1604 1605 8228 10
1506 1507 2892 10
1072 1073 8322 10
1991 1992 2795 10
1119 1120 3458 10
1459 1460 8223 10
1651 1652 2863 10
1846 1847 2824 10
1264 1265 3456 10
5380 5251 6608 10
1314 1315 8220 10
1796 1797 2834 10
52 53 8829 10
5776 5777 5778 10
1701 1702 2853 10
1409 1410 3453 10
2233 2234 8193 10
1169 1170 8218 10
1941 1942 2805 10
1022 1023 8327 10
1556 1557 2882 10
1554 1555 3451 10
1024 1025 8215 10
1943 1944 3450 10
1167 1168 8332 10
2235 2236 8178 10
1411 1412 2911 10
1699 1700 3448 10
5377 3874 5378 10
1798 1799 3446 10
1312 1313 8222 10
1266 1267 2940 10
1844 1845 3443 10
4775 4334 7033 10
1653 1654 3442 10
1457 1458 8224 10
1121 1122 2969 10
1989 1990 3440 10
1070 1071 8225 10
1508 1509 3438 10
1602 1603 8341 10
1895 1896 8235 10
1215 1216 8236 10
1363 1364 3436 10
1747 1748 8350 10
1750 1751 8243 10
1360 1361 8352 10
2047 2048 8176 10
1218 1219 3433 10
1892 1893 8353 10
1605 1606 8249 10
1505 1506 8250 10
26 3354 9256 10
3337 25 9256 10
1073 1074 3431 10
1992 1993 8254 10
1118 1119 8256 10
1460 1461 8257 10
1650 1651 8362 10
6220 6218 7198 10
6219 6220 6221 10
7154 4774 11715 10
1847 1848 8258 10
1263 1264 8261 10
1315 1316 8265 10
1795 1796 8369 10
1702 1703 8268 10
1408 1409 8275 10
3858 3860 3861 10
1170 1171 8276 10
1940 1941 8277 10
1021 1022 2989 10
1557 1558 8287 10
1553 1554 8288 10
1025 1026 8294 10
1944 1945 8297 10
1166 1167 2960 10
1412 1413 8384 10
1698 1699 8299 10
1799 1800 8300 10
1311 1312 2931 10
5929 6864 7155 10
1267 1268 8301 10
1843 1844 8304 10
1654 1655 8308 10
1456 1457 2902 10
5450 3868 5451 10
1122 1123 8309 10
1988 1989 8313 10
1069 1070 3432 10
1509 1510 8314 10
1601 1602 2873 10
1896 1897 2814 10
1214 1215 3434 10
1364 1365 8315 10
1746 1747 2844 10
1751 1752 2843 10
1359 1360 3435 10
1219 1220 8319 10
2058 2059 8196 10
1891 1892 2815 10
5355 5300 6604 10
1606 1607 2872 10
9735 5451 10959 10
1504 1505 3437 10
2064 2065 8209 10
1074 1075 8323 10
1993 1994 3439 10
1117 1118 8448 10
1461 1462 2901 10
1649 1650 3441 10
1848 1849 3444 10
1262 1263 8324 10
2218 2219 8207 10
1316 1317 2930 10
1794 1795 3445 10
10395 10253 10877 10
1703 1704 3447 10
1407 1408 8466 10
1171 1172 2959 10
1939 1940 3449 10
3860 3862 7249 10
1020 1021 8328 10
1558 1559 3452 10
1552 1553 8330 10
1026 1027 2988 10
1165 1166 8493 10
1413 1414 3454 10
1697 1698 8497 10
6100 6099 12013 10
1800 1801 8500 10
1310 1311 8333 10
1268 1269 3455 10
1842 1843 8509 10
5883 6611 6612 10
1655 1656 8510 10
1455 1456 8516 10
2215 2216 8317 10
1123 1124 3457 10
1987 1988 8336 10
1068 1069 8339 10
2291 2292 2763 10
2340 2341 8562 10
2389 2390 3539 10
2427 2428 8570 10
2378 2379 3544 10
2329 2330 3535 10
2280 2281 8579 10
2302 2303 8583 10
2351 2352 2775 10
2400 2401 8590 10
1510 1511 8522 10
1600 1601 8342 10
8204 7192 10899 10
2416 2417 2788 10
2367 2368 8505 10
2318 2319 3549 10
2269 2270 8599 10
2313 2314 3534 10
2362 2363 8600 10
2411 2412 2787 10
1897 1898 8531 10
1213 1214 8345 10
1365 1366 8347 10
1745 1746 8348 10
2405 2406 8483 10
2356 2357 2776 10
2067 2068 8289 10
2307 2308 8482 10
2275 2276 8476 10
2324 2325 3552 10
2373 2374 3532 10
4804 5277 12501 10
2422 2423 8607 10
1752 1753 8351 10
10622 7231 11109 10
3907 4820 7254 10
1220 1221 8548 10
1890 1891 8549 10
2394 2395 3529 10
2345 2346 8622 10
2296 2297 2764 10
2286 2287 2762 10
1607 1608 8354 10
1503 1504 8357 10
2335 2336 8461 10
2384 2385 3553 10
2433 2434 3527 10
5708 5706 9034 10
1075 1076 8358 10
1994 1995 8359 10
1116 1117 2970 10
152 153 8905 10
1462 1463 8563 10
1648 1649 8360 10
2432 2433 8443 10
2383 2384 8442 10
2334 2335 3522 10
2285 2286 8659 10
2297 2298 8661 10
1849 1850 8363 10
1261 1262 2941 10
2346 2347 2774 10
6555 6554 6654 10
2395 2396 8667 10
6399 6437 6439 10
9711 6091 12165 10
3193 7973 11657 10
8053 3392 8859 10
1317 1318 8365 10
1793 1794 8373 10
5774 5775 5776 10
5393 5166 6587 10
1704 1705 8375 10
1406 1407 2912 10
2421 2422 2789 10
2372 2373 8684 10
1172 1173 8592 10
1938 1939 8378 10
2323 2324 8422 10
1019 1020 3460 10
2274 2275 3517 10
2308 2309 3515 10
2357 2358 8692 10
2406 2407 2786 10
1559 1560 8380 10
1551 1552 2883 10
1027 1028 8382 10
1946 1947 2804 10
1164 1165 3461 10
6857 9816 12167 10
1414 1415 8383 10
1696 1697 2854 10
2073 2074 8453 10
2410 2411 8699 10
2361 2362 2777 10
2312 2313 8710 10
1801 1802 2833 10
1309 1310 3464 10
8179 7237 10985 10
7037 9849 9893 10
2270 2271 8712 10
2319 2320 8406 10
2368 2369 3513 10
1269 1270 8386 10
2417 2418 8721 10
1841 1842 2825 10
2076 2077 8463 10
1656 1657 2862 10
2017 2018 8105 10
1454 1455 3465 10
1124 1125 8387 10
1986 1987 2796 10
1067 1068 8388 10
2038 2039 3411 10
2243 2244 8145 10
2399 2400 3512 10
2209 2210 8414 10
8291 8293 11603 10
2016 2017 2749 10
2265 2266 8344 10
1511 1512 2891 10
2350 2351 8402 10
1599 1600 3468 10
2241 2242 2752 10
2018 2019 3402 10
2263 2264 3403 10
2301 2302 2765 10
2244 2245 3410 10
2281 2282 2761 10
2053 2054 8182 10
2228 2229 8175 10
2330 2331 8401 10
2054 2055 3280 10
1898 1899 3470 10
2379 2380 8394 10
2212 2213 8487 10
2041 2042 2744 10
2036 2037 2745 10
2428 2429 3511 10
2216 2217 8214 10
2229 2230 3417 10
2020 2021 8114 10
2261 2262 2756 10
1366 1367 2920 10
2226 2227 2742 10
1744 1745 3471 10
2217 2218 3283 10
2075 2076 2724 10
2035 2036 8130 10
2246 2247 2753 10
2066 2067 3284 10
6548 6547 6650 10
2239 2240 3412 10
1753 1754 3473 10
2021 2022 2748 10
2074 2075 8488 10
2207 2208 8446 10
2205 2206 3287 10
2196 2197 2737 10
2051 2052 2728 10
2063 2064 2726 10
1221 1222 2949 10
1889 1890 3474 10
2084 2085 3290 10
535 2016 8325 10
2266 2015 2757 10
2096 2097 3294 10
2388 2389 8393 10
3268 350 8946 10
2034 2035 8135 10
2056 2057 8198 10
2225 2226 8187 10
2259 2260 3404 10
2339 2340 3509 10
2290 2291 8752 10
1608 1609 3475 10
2210 2211 8467 10
1502 1503 8612 10
2108 2109 3299 10
2043 2044 3413 10
2238 2239 8161 10
2292 2293 8389 10
2214 2215 2740 10
2172 2173 2733 10
2341 2342 2773 10
2208 2209 2739 10
2184 2185 2735 10
2187 2188 3293 10
2390 2391 8390 10
1076 1077 2978 10
1995 1996 8616 10
2077 2078 8575 10
2204 2205 8537 10
2126 2127 3305 10
1115 1116 8450 10
2231 2232 2750 10
2050 2051 8170 10
2154 2155 2730 10
2023 2024 3405 10
2258 2259 8118 10
2033 2034 3408 10
2087 2088 2722 10
2129 2130 2715 10
1463 1464 3476 10
2175 2176 3298 10
2157 2158 3304 10
1647 1648 8631 10
2062 2063 8203 10
2219 2220 8213 10
4679 4678 4780 10
2151 2152 3306 10
6508 6507 12399 10
2111 2112 2718 10
2057 2058 2727 10
2224 2225 8194 10
2123 2124 2716 10
1850 1851 8636 10
1260 1261 8638 10
2093 2094 2721 10
2070 2071 8430 10
2249 2250 3409 10
2426 2427 2790 10
1318 1319 3477 10
2068 2069 8379 10
2213 2214 8316 10
2377 2378 8398 10
2105 2106 2719 10
2132 2133 3307 10
2328 2329 8399 10
2072 2073 3286 10
2049 2050 8171 10
2078 2079 3288 10
2279 2280 3506 10
2256 2257 2755 10
2025 2026 8127 10
1705 1706 8647 10
1405 1406 8464 10
2169 2170 3300 10
2303 2304 3505 10
2199 2200 3289 10
2193 2194 3291 10
2352 2353 8793 10
2203 2204 8602 10
2148 2149 2729 10
2401 2402 2785 10
2160 2161 2731 10
1173 1174 3478 10
7002 6207 10765 10
1937 1938 8651 10
2031 2032 2746 10
1018 1019 8474 10
2099 2100 2720 10
2220 2221 2741 10
2061 2062 8208 10
6531 6530 12494 10
2236 2237 2751 10
1560 1561 8654 10
5649 5648 5650 10
1550 1551 8657 10
2223 2224 3281 10
2026 2027 2747 10
2120 2121 3303 10
1028 1029 3479 10
1947 1948 8489 10
1163 1164 8490 10
5016 4708 7307 10
2048 2049 3416 10
2030 2031 8139 10
2251 2252 2754 10
2135 2136 2714 10
9883 2866 12345 10
1415 1416 8494 10
1695 1696 8669 10
2415 2416 8403 10
2366 2367 2778 10
2069 2070 2725 10
2071 2072 8452 10
2317 2318 8814 10
2254 2255 3406 10
1802 1803 8501 10
2268 2269 3429 10
1308 1309 8502 10
2081 2082 2723 10
10702 8259 12168 10
5778 5780 6064 10
2145 2146 3309 10
2202 2203 2738 10
2314 2315 8410 10
2181 2182 3295 10
2198 2199 8640 10
365 366 8999 10
2114 2115 3301 10
2363 2364 3499 10
2083 2084 8608 10
2046 2047 2743 10
2178 2179 2734 10
1270 1271 8508 10
2412 2413 8413 10
1840 1841 8678 10
2079 2080 8594 10
3900 3898 9127 10
2029 2030 8146 10
2221 2222 8212 10
2060 2061 3282 10
4007 7664 9019 10
1657 1658 8512 10
2195 2196 8643 10
1453 1454 8513 10
2190 2191 2736 10
2028 2029 3407 10
2253 2254 8131 10
2085 2086 8655 10
2059 2060 8211 10
2222 2223 8200 10
5329 5328 12382 10
6885 6884 6886 10
1125 1126 8686 10
24 3337 9375 10
3330 23 9375 10
2163 2164 3302 10
1985 1986 8690 10
2234 2235 3415 10
1066 1067 2980 10
2197 2198 8653 10
2138 2139 3308 10
1512 1513 8523 10
2166 2167 2732 10
1598 1599 8525 10
2082 2083 8611 10
2404 2405 3495 10
2355 2356 8417 10
1899 1900 8530 10
2306 2307 2766 10
1211 1212 2951 10
2276 2277 2760 10
5834 6021 6022 10
2086 2087 8687 10
2102 2103 3296 10
2211 2212 3285 10
2325 2326 8425 10
2142 2143 2713 10
1367 1368 8541 10
2374 2375 8426 10
1743 1744 8542 10
2117 2118 2717 10
2090 2091 3292 10
2423 2424 3494 10
9266 3621 11297 10
6203 6202 11920 10
5772 5773 5774 10
1754 1755 8544 10
1356 1357 2922 10
5999 5683 12064 10
2200 2201 8621 10
2140 2141 3631 10
1222 1223 8704 10
1888 1889 8551 10
1609 1610 8556 10
1501 1502 2893 10
2194 2195 8709 10
2393 2394 8433 10
1077 1078 8719 10
1996 1997 2794 10
1114 1115 3490 10
2344 2345 3492 10
2295 2296 8437 10
2287 2288 8438 10
1464 1465 8565 10
2201 2202 8614 10
2080 2081 8613 10
1646 1647 2864 10
10605 7121 11241 10
2336 2337 2772 10
2385 2386 8847 10
1851 1852 2823 10
1259 1260 3491 10
7646 5129 9461 10
7599 4021 9461 10
2088 2089 8696 10
5635 7997 9051 10
9025 11540 12472 10
1319 1320 8571 10
1791 1792 2835 10
5312 5835 9223 10
1706 1707 2852 10
1404 1405 3493 10
1174 1175 8591 10
1936 1937 2806 10
1017 1018 8593 10
2431 2432 2791 10
2094 2095 8743 10
2382 2383 8857 10
2333 2334 8456 10
1561 1562 2881 10
1549 1550 3496 10
2284 2285 3489 10
2192 2193 8706 10
2298 2299 3488 10
1029 1030 8595 10
2347 2348 8462 10
1948 1949 3497 10
1162 1163 8734 10
2396 2397 2784 10
2188 2189 8737 10
7009 8108 12372 10
1416 1417 2910 10
1694 1695 3498 10
3205 94 9421 10
95 8069 9421 10
2095 2096 8749 10
1803 1804 3500 10
5420 6997 11326 10
5436 4905 6196 10
5399 5067 6554 10
1271 1272 2939 10
1839 1840 3501 10
2089 2090 8765 10
4943 9641 9642 10
2097 2098 8779 10
1658 1659 3502 10
2420 2421 8469 10
1452 1453 8755 10
2092 2093 8750 10
2189 2190 8741 10
2371 2372 2779 10
2322 2323 8473 10
1126 1127 2968 10
1984 1985 3503 10
2273 2274 8475 10
1065 1066 8759 10
2309 2310 8477 10
2358 2359 3487 10
1513 1514 3504 10
1597 1598 8762 10
2407 2408 8484 10
2091 2092 8751 10
5651 5652 5653 10
1900 1901 8767 10
1210 1211 8772 10
2183 2184 8800 10
2098 2099 8783 10
7418 7419 9505 10
7466 3249 12374 10
1368 1369 3507 10
7010 8119 10891 10
1742 1743 8777 10
5331 5098 6552 10
4650 4678 4679 10
2191 2192 8725 10
4075 4076 8887 10
1755 1756 8785 10
1355 1356 8789 10
429 430 9452 10
5417 6501 6502 10
6117 5396 6118 10
2409 2410 3486 10
1223 1224 3508 10
1887 1888 8792 10
2360 2361 8499 10
2311 2312 2767 10
9717 9719 10360 10
2271 2272 2759 10
1500 1501 8796 10
5433 4904 6198 10
2320 2321 8504 10
2369 2370 8506 10
1078 1079 3510 10
8397 5826 12268 10
1997 1998 8619 10
2418 2419 3484 10
1113 1114 8620 10
2182 2183 8834 10
1465 1466 8628 10
1645 1646 8632 10
8008 6408 12401 10
1852 1853 8807 10
1258 1259 8637 10
5367 5265 6547 10
5392 5074 6543 10
2106 2107 8840 10
2174 2175 8844 10
1790 1791 8641 10
5651 5650 5652 10
2100 2101 8824 10
6382 9847 11767 10
5770 5771 5772 10
2398 2399 8517 10
2109 2110 8849 10
1707 1708 8646 10
2176 2177 8837 10
1403 1404 8648 10
2349 2350 3482 10
2173 2174 8845 10
2300 2301 8526 10
2107 2108 8852 10
1175 1176 8650 10
2282 2283 8527 10
1935 1936 8818 10
1016 1017 2990 10
2331 2332 2771 10
22 3330 9456 10
3338 21 9456 10
2380 2381 8532 10
5007 4830 5008 10
1562 1563 8820 10
1548 1549 8656 10
2429 2430 8533 10
3228 7765 10683 10
2104 2105 8841 10
2177 2178 8839 10
5362 4934 5363 10
2180 2181 8831 10
1030 1031 8664 10
2103 2104 8854 10
1949 1950 8665 10
1161 1162 2961 10
2171 2172 8858 10
2110 2111 8850 10
7448 8095 11852 10
7288 6731 11473 10
1417 1418 8822 10
1693 1694 8671 10
2101 2102 8842 10
5018 5017 5624 10
2170 2171 8877 10
1804 1805 8672 10
1306 1307 2932 10
6794 5378 6797 10
6512 5008 6513 10
1272 1273 8676 10
2387 2388 8553 10
1838 1839 8677 10
2338 2339 8554 10
2179 2180 8843 10
3889 3890 6140 10
2112 2113 8870 10
2289 2290 3480 10
1659 1660 8681 10
1451 1452 2903 10
2293 2294 3481 10
27 28 9082 10
2342 2343 8559 10
9270 9269 11602 10
2391 2392 2783 10
1127 1128 8835 10
1983 1984 8688 10
1064 1065 3514 10
6520 6518 12295 10
1514 1515 8694 10
1596 1597 2874 10
2168 2169 8893 10
2113 2114 8873 10
1901 1902 2813 10
1209 1210 3516 10
2015 2268 8404 10
1369 1370 8697 10
1741 1742 2845 10
7158 3427 10065 10
6803 11306 11308 10
2425 2426 8566 10
1756 1757 2842 10
1354 1355 3518 10
2376 2377 2780 10
6024 6022 9627 10
2124 2125 8947 10
2327 2328 8573 10
5381 5342 5963 10
2278 2279 8580 10
1224 1225 8702 10
1886 1887 2816 10
2158 2159 8941 10
2304 2305 8584 10
2156 2157 8957 10
2167 2168 8932 10
4893 4645 7298 10
2125 2126 8954 10
2155 2156 8960 10
2127 2128 8958 10
2121 2122 8949 10
2353 2354 3483 10
5843 5493 5844 10
1611 1612 2871 10
2402 2403 8585 10
1499 1500 3519 10
3233 207 9087 10
2122 2123 8951 10
2159 2160 8944 10
7910 6165 9588 10
2153 2154 8966 10
1079 1080 8715 10
2161 2162 8939 10
1998 1999 3520 10
1112 1113 8723 10
2152 2153 8972 10
2115 2116 8919 10
5917 8825 8826 10
1466 1467 2900 10
2130 2131 8967 10
1644 1645 3521 10
2162 2163 8940 10
2119 2120 8948 10
2150 2151 8973 10
2131 2132 8974 10
1853 1854 3523 10
1257 1258 8856 10
2118 2119 8963 10
1321 1322 2929 10
2414 2415 3485 10
1789 1790 3524 10
2149 2150 8985 10
2165 2166 8933 10
2365 2366 8598 10
2316 2317 2768 10
3905 3902 9055 10
2133 2134 8981 10
2116 2117 8950 10
1708 1709 3525 10
1402 1403 8862 10
5774 5776 6030 10
2164 2165 8953 10
2315 2316 8813 10
2147 2148 8982 10
2364 2365 8812 10
1176 1177 2958 10
1934 1935 3526 10
2134 2135 8986 10
1015 1016 8727 10
2413 2414 8809 10
4945 4745 4994 10
1563 1564 3528 10
4709 3905 9055 10
1547 1548 8731 10
2146 2147 8989 10
1031 1032 2987 10
1950 1951 8874 10
1160 1161 8735 10
2136 2137 8988 10
3353 19 9534 10
20 3338 9534 10
1418 1419 3530 10
1692 1693 8880 10
2144 2145 8990 10
2137 2138 9000 10
5768 5769 5770 10
1805 1806 8742 10
1305 1306 8886 10
2403 2404 8795 10
2354 2355 8604 10
2143 2144 8994 10
1273 1274 3531 10
1837 1838 8888 10
2305 2306 8605 10
2277 2278 8790 10
2326 2327 2770 10
1660 1661 8754 10
1450 1451 8756 10
2375 2376 8606 10
2139 2140 9010 10
3310 7266 7267 10
2424 2425 8784 10
7116 7114 7117 10
1128 1129 3533 10
5755 5753 9882 10
7250 5359 12425 10
1982 1983 8901 10
5572 5096 12455 10
1063 1064 8760 10
2141 2142 9011 10
1515 1516 8906 10
1595 1596 8913 10
118 7061 12059 10
1902 1903 8770 10
1208 1209 8771 10
5409 5036 6441 10
4977 4976 5827 10
11666 3368 11833 10
5419 4903 6206 10
1370 1371 8774 10
1740 1741 8916 10
6229 6230 6231 10
2392 2393 8758 10
2343 2344 8624 10
1757 1758 8926 10
3795 9995 10431 10
1353 1354 8786 10
2294 2295 8625 10
4853 4852 5011 10
2288 2289 8627 10
4748 4606 7170 10
1225 1226 8791 10
1885 1886 8930 10
2337 2338 8634 10
10255 10256 11907 10
2386 2387 2782 10
4824 4823 4924 10
1612 1613 8938 10
1498 1499 8798 10
4738 4737 4911 10
1080 1081 8945 10
1999 2000 8799 10
1111 1112 2971 10
6230 6228 6246 10
4552 6628 12323 10
5831 5708 9034 10
6023 6024 6216 10
1467 1468 8801 10
1643 1644 8802 10
7150 11332 12343 10
1854 1855 8804 10
1256 1257 2942 10
2430 2431 8733 10
1322 1323 8808 10
2381 2382 2781 10
1788 1789 8811 10
2332 2333 8730 10
5420 4901 6209 10
101 102 9153 10
2283 2284 8660 10
3364 17 9598 10
18 3353 9598 10
1709 1710 8815 10
11063 8361 11591 10
1401 1402 2913 10
2299 2300 8662 10
2348 2349 8726 10
2397 2398 8668 10
1177 1178 8968 10
5343 5534 9628 10
1933 1934 8817 10
6153 6154 11023 10
1564 1565 8821 10
1546 1547 2884 10
6997 6210 7143 10
6483 6482 6561 10
6170 3428 11915 10
1032 1033 8977 10
1951 1952 2803 10
1159 1160 3536 10
5413 5411 5416 10
8568 9391 11805 10
1419 1420 8823 10
1691 1692 2855 10
8520 8521 10510 10
1806 1807 2832 10
2419 2420 8720 10
1304 1305 3537 10
2370 2371 8685 10
4981 4979 5012 10
5015 4983 5410 10
4975 4973 4976 10
2321 2322 2769 10
1274 1275 8827 10
1836 1837 2826 10
2272 2273 8714 10
7960 9275 9769 10
2310 2311 8691 10
6565 5884 12479 10
2359 2360 8693 10
1661 1662 2861 10
1449 1450 3538 10
4857 4855 4931 10
4971 4919 4972 10
2408 2409 8701 10
3269 7229 9838 10
1129 1130 8836 10
1981 1982 2797 10
4843 4828 4852 10
1062 1063 8996 10
5766 5767 5768 10
4746 4740 4823 10
1516 1517 2890 10
1594 1595 3540 10
4736 4683 4737 10
5404 5194 6497 10
1903 1904 3541 10
1207 1208 9009 10
5382 4899 6443 10
1371 1372 2919 10
1739 1740 3542 10
420 421 9679 10
5453 5452 6802 10
3376 15 9621 10
16 3364 9621 10
6224 6221 7246 10
6223 6224 6225 10
1758 1759 3543 10
1352 1353 9015 10
1226 1227 2948 10
1884 1885 3545 10
1613 1614 3546 10
5357 5047 9203 10
1497 1498 8848 10
5394 4893 5395 10
1081 1082 2977 10
2000 2001 8851 10
1110 1111 8853 10
10227 6044 12068 10
1468 1469 3547 10
1642 1643 8855 10
8635 5317 9740 10
10071 7359 11737 10
1855 1856 9028 10
1255 1256 9029 10
4275 4815 9637 10
4271 4272 9637 10
1323 1324 3548 10
1787 1788 9035 10
3696 10434 11739 10
6210 6209 6460 10
1710 1711 8860 10
1400 1401 8861 10
1178 1179 3550 10
1932 1933 8864 10
5649 5651 6020 10
6859 6858 11827 10
5006 5462 5463 10
1565 1566 8867 10
1545 1546 9042 10
3382 13 9630 10
14 3376 9630 10
9851 3845 11613 10
1033 1034 3551 10
1952 1953 9047 10
1158 1159 8875 10
5406 5169 6495 10
1420 1421 8878 10
1690 1691 8884 10
1807 1808 9052 10
1303 1304 8885 10
1275 1276 9056 10
1835 1836 8892 10
8806 6129 11377 10
66 3320 9314 10
5770 5772 5969 10
1662 1663 8895 10
1448 1449 8900 10
3798 10027 10565 10
1130 1131 9063 10
1980 1981 8902 10
1061 1062 2981 10
6501 5480 11951 10
8666 5450 9542 10
6644 6643 6902 10
7531 7532 9683 10
1517 1518 8907 10
1593 1594 8911 10
458 3389 9636 10
3398 457 9636 10
6111 5005 6112 10
4643 4841 7205 10
1904 1905 8914 10
8337 8336 10765 10
1206 1207 2952 10
4923 4709 5492 10
3387 11 9639 10
12 3382 9639 10
6774 6773 12362 10
7299 5125 9725 10
1372 1373 8915 10
1738 1739 8918 10
4780 4934 5362 10
5424 5037 6482 10
5764 5765 5766 10
3835 10000 10516 10
1759 1760 8923 10
1351 1352 2923 10
10026 3808 10482 10
1227 1228 8927 10
1883 1884 8929 10
2859 9270 11602 10
6107 5449 10924 10
169 7585 12153 10
5418 5243 6463 10
1614 1615 8935 10
9522 9521 11332 10
1496 1497 2894 10
7588 5374 9669 10
5375 7639 9669 10
1082 1083 9073 10
2001 2002 2793 10
1109 1110 3554 10
3171 10275 10414 10
1469 1470 8952 10
1641 1642 2865 10
6796 3314 12046 10
1856 1857 2822 10
1254 1255 3555 10
3380 9 9655 10
10 3387 9655 10
9169 9264 10996 10
7221 3321 7222 10
10016 3140 10196 10
1324 1325 8961 10
1786 1787 2836 10
6922 9529 9530 10
1711 1712 2851 10
1399 1400 3556 10
9679 5828 10926 10
10275 3715 10414 10
1179 1180 8969 10
1931 1932 2807 10
196 197 9671 10
3110 8083 9728 10
1566 1567 2880 10
1544 1545 3557 10
5699 5698 5700 10
5383 5694 11298 10
1034 1035 8976 10
1953 1954 3558 10
1157 1158 8979 10
25 26 9256 10
6451 6452 9275 10
1421 1422 2909 10
1689 1690 3559 10
3373 7 9661 10
8 3380 9661 10
11910 3953 12320 10
3320 7217 7218 10
1808 1809 3560 10
1302 1303 9079 10
9051 5312 9223 10
5865 9836 11710 10
5470 5471 5641 10
1276 1277 2938 10
1834 1835 3561 10
1663 1664 3562 10
1447 1448 9084 10
1131 1132 2967 10
1979 1980 3563 10
5681 7531 9683 10
6014 7796 9683 10
1060 1061 8995 10
1518 1519 3564 10
1592 1593 8997 10
9400 6902 11452 10
6 3373 9667 10
3361 5 9667 10
5806 6445 9640 10
5810 6465 9656 10
5802 6200 9631 10
1905 1906 9094 10
5814 6494 9662 10
1205 1206 9003 10
5798 6173 9623 10
8964 8965 10816 10
5818 6503 9668 10
1373 1374 3565 10
8107 2265 8344 10
1737 1738 9100 10
5794 6158 9603 10
11351 9282 11709 10
6551 5579 10001 10
1760 1761 9101 10
1350 1351 9016 10
5778 6064 9268 10
6465 5812 9662 10
6445 5808 9656 10
5790 6139 9541 10
6494 5816 9668 10
1228 1229 3566 10
1882 1883 9017 10
7764 3209 11622 10
5786 6123 9463 10
6200 5804 9640 10
6503 5820 9672 10
5782 6089 9382 10
1615 1616 9018 10
7405 4409 12504 10
1495 1496 9109 10
6816 6815 6819 10
3403 2264 8107 10
5762 5763 5764 10
6173 5800 9631 10
1083 1084 3567 10
2002 2003 9112 10
1108 1109 9020 10
4469 4794 9696 10
4465 4466 9696 10
6620 9432 11469 10
9977 3156 12024 10
4350 4351 9697 10
4354 4798 9697 10
3321 426 8102 10
1470 1471 9116 10
1640 1641 9024 10
5704 5705 5706 10
6158 5796 9623 10
5703 10096 11223 10
1857 1858 9026 10
1253 1254 9031 10
8156 8155 12450 10
8138 2248 8167 10
1325 1326 9033 10
1785 1786 9125 10
7397 7396 11781 10
7195 6214 7196 10
6139 5792 9603 10
6238 6235 7297 10
3402 2019 8111 10
2263 3403 8113 10
1712 1713 9036 10
1398 1399 9038 10
3472 1749 8239 10
2921 1362 8244 10
2950 1217 8321 10
1894 3469 8232 10
3467 1604 8228 10
2892 1507 8252 10
2979 1072 8322 10
1991 2795 8253 10
3458 1120 8311 10
3466 1459 8223 10
2863 1652 8306 10
1846 2824 8305 10
3456 1265 8303 10
3463 1314 8220 10
2834 1797 8266 10
1701 2853 8272 10
3453 1410 8273 10
220 7499 12282 10
3462 1169 8218 10
2805 1942 8279 10
1023 3459 8327 10
1556 2882 8282 10
3451 1555 8282 10
8111 2020 8114 10
2756 2262 8113 10
3459 1024 8215 10
1943 3450 8279 10
1168 3462 8332 10
1411 2911 8273 10
3448 1700 8272 10
1798 3446 8266 10
1313 3463 8222 10
1180 1181 9039 10
1266 2940 8303 10
3443 1845 8305 10
1930 1931 9129 10
1653 3442 8306 10
1458 3466 8224 10
4650 4679 4680 10
1121 2969 8311 10
3440 1990 8253 10
1071 2979 8225 10
1508 3438 8252 10
1603 3467 8341 10
3469 1895 8235 10
1216 2950 8236 10
2261 2756 8120 10
5412 6106 6957 10
1363 3436 8244 10
1748 3472 8350 10
6123 5788 9541 10
8239 1750 8243 10
1361 2921 8352 10
1567 1568 9135 10
1218 3433 8321 10
1543 1544 9040 10
1893 8232 8353 10
8228 1605 8249 10
1506 2892 8250 10
6254 6253 6255 10
1073 3431 8322 10
2795 1992 8254 10
1119 3458 8256 10
8223 1460 8257 10
1651 2863 8362 10
2748 2022 8117 10
3404 2260 8120 10
2824 1847 8258 10
1264 3456 8261 10
1035 1036 9044 10
1954 1955 9045 10
1156 1157 2962 10
8220 1315 8265 10
1796 2834 8369 10
191 3215 9685 10
2853 1702 8268 10
1409 3453 8275 10
2749 2017 8105 10
8218 1170 8276 10
1941 2805 8277 10
2989 1022 8327 10
2882 1557 8287 10
1554 3451 8288 10
2023 3405 8117 10
1422 1423 9136 10
1688 1689 9049 10
8215 1025 8294 10
3450 1944 8297 10
2960 1167 8332 10
2038 3411 8151 10
2911 1412 8384 10
1699 3448 8299 10
65 66 9314 10
3446 1799 8300 10
2931 1312 8222 10
6089 5784 9463 10
2940 1267 8301 10
1844 3443 8304 10
3411 2039 8154 10
1809 1810 9053 10
1301 1302 2933 10
3410 2245 8148 10
2745 2037 8151 10
2243 8145 8158 10
3442 1654 8308 10
2902 1457 8224 10
2246 2753 8148 10
2969 1122 8309 10
1989 3440 8313 10
3432 1070 8225 10
2752 2242 8158 10
3405 2024 8122 10
2258 8118 8125 10
8033 7955 10792 10
3438 1509 8314 10
2873 1602 8341 10
1277 1278 9057 10
1833 1834 9058 10
2753 2247 8138 10
1896 2814 8235 10
3434 1215 8236 10
6064 5780 9382 10
3436 1364 8315 10
2844 1747 8350 10
2018 3402 8105 10
2241 2752 8164 10
3367 451 9691 10
452 3372 9691 10
1751 2843 8243 10
3435 1360 8352 10
1664 1665 9060 10
1446 1447 2904 10
3433 1219 8319 10
2815 1892 8353 10
8122 2025 8127 10
2755 2257 8125 10
1606 2872 8249 10
3437 1505 8250 10
4334 4336 7033 10
8199 5853 10703 10
6030 5776 9268 10
3431 1074 8323 10
1993 3439 8254 10
1132 1133 9061 10
1118 8256 8448 10
1978 1979 9064 10
1059 1060 3568 10
2033 3408 8150 10
1461 2901 8257 10
3441 1650 8362 10
2249 3409 8167 10
2744 2042 8162 10
3412 2240 8164 10
8166 2045 8184 10
1848 3444 8258 10
1263 8261 8324 10
9037 6661 11234 10
1519 1520 9066 10
1316 2930 8265 10
1591 1592 2875 10
3445 1795 8369 10
5757 5755 9861 10
2256 2755 8142 10
1703 3447 8268 10
1408 8275 8466 10
5715 7495 9715 10
7487 6869 9715 10
2043 3413 8162 10
1171 2959 8276 10
5456 5455 5457 10
3449 1940 8277 10
1021 2989 8328 10
1906 1907 2812 10
1204 1205 3569 10
3409 2250 8143 10
2746 2032 8150 10
7374 7369 7375 10
1558 3452 8287 10
1553 8288 8330 10
6553 6552 6668 10
1026 2988 8294 10
1166 2960 8493 10
1374 1375 9067 10
6195 6803 6804 10
1736 1737 2846 10
1413 3454 8384 10
1698 8299 8497 10
2021 2748 8114 10
8300 1800 8500 10
1311 2931 8333 10
2251 2754 8143 10
2747 2027 8128 10
3406 2255 8142 10
6730 6729 11904 10
1268 3455 8301 10
1761 1762 2841 10
1843 8304 8509 10
1349 1350 3570 10
5766 5768 5913 10
6790 6789 6841 10
8308 1655 8510 10
1456 2902 8516 10
2244 3410 8145 10
3413 2044 8166 10
2238 8161 8169 10
1123 3457 8309 10
1988 8313 8336 10
1229 1230 9068 10
1069 3432 8339 10
1881 1882 2817 10
8180 2053 8182 10
8173 2233 8193 10
8314 1510 8522 10
1601 2873 8342 10
5440 5415 5441 10
2036 2745 8130 10
2754 2252 8147 10
2259 3404 8118 10
2028 3407 8128 10
2814 1897 8531 10
1214 3434 8345 10
1616 1617 2870 10
1494 1495 3571 10
2228 8175 8192 10
8315 1365 8347 10
1746 2844 8348 10
3417 2230 8177 10
2728 2052 8180 10
2035 8130 8135 10
2843 1752 8351 10
1084 1085 9069 10
2003 2004 3572 10
2231 2750 8177 10
2253 8131 8147 10
7556 3121 10700 10
1107 1108 9151 10
5412 5414 6106 10
3280 2055 8190 10
2742 2227 8192 10
8319 1220 8548 10
1891 2815 8549 10
2751 2237 8169 10
2872 1607 8354 10
3408 2034 8135 10
1504 3437 8357 10
1471 1472 2899 10
5072 5950 11025 10
1639 1640 3573 10
8323 1075 8358 10
3439 1994 8359 10
8190 2056 8198 10
2970 1117 8448 10
2901 1462 8563 10
1649 3441 8360 10
5011 5500 5930 10
1858 1859 3574 10
2750 2232 8173 10
1252 1253 9074 10
6421 6249 9607 10
2239 3412 8161 10
3444 1849 8363 10
4924 5342 5381 10
2941 1262 8324 10
5760 5761 5762 10
2930 1317 8365 10
1326 1327 2928 10
1794 3445 8373 10
1784 1785 3575 10
7143 8637 9469 10
3447 1704 8375 10
2912 1407 8466 10
2026 2747 8127 10
2229 3417 8175 10
2046 2743 8184 10
1713 1714 3576 10
2959 1172 8592 10
1397 1398 9075 10
1939 3449 8378 10
3460 1020 8328 10
2054 3280 8182 10
2236 2751 8178 10
3452 1559 8380 10
2883 1552 8330 10
7618 7629 9728 10
1181 1182 2957 10
1929 1930 3577 10
2988 1027 8382 10
3461 1165 8493 10
10867 9941 12067 10
2031 2746 8139 10
2051 2728 8170 10
8080 5595 9780 10
3454 1414 8383 10
2854 1697 8497 10
1568 1569 3578 10
1542 1543 9159 10
7485 7467 9730 10
5731 7853 9730 10
1801 2833 8500 10
2226 2742 8187 10
3464 1310 8333 10
5830 5831 5832 10
2433 3527 8443 10
2384 3553 8442 10
3522 2335 8461 10
2286 2762 8659 10
2764 2297 8661 10
2346 2774 8622 10
3529 2395 8667 10
11500 7466 12374 10
2048 3416 8176 10
2789 2422 8607 10
2373 3532 8684 10
2324 3552 8422 10
3283 2218 8207 10
2726 2064 8209 10
3517 2275 8476 10
2308 3515 8482 10
2234 3415 8193 10
3455 1269 8386 10
1036 1037 2986 10
2776 2357 8692 10
2825 1842 8509 10
2406 2786 8483 10
1955 1956 9161 10
1155 1156 9165 10
2411 2787 8699 10
2030 8139 8146 10
1656 2862 8510 10
2777 2362 8600 10
3465 1455 8516 10
2313 3534 8710 10
2216 8214 8317 10
8599 2270 8712 10
3549 2319 8406 10
2368 3513 8505 10
2743 2047 8176 10
3415 2235 8178 10
2788 2417 8721 10
2254 3406 8131 10
1423 1424 3579 10
2050 8170 8171 10
2727 2058 8196 10
1687 1688 9078 10
3457 1124 8387 10
8207 2219 8213 10
2796 1987 8336 10
1068 8339 8388 10
3512 2400 8590 10
2351 2775 8402 10
1511 2891 8522 10
2765 2302 8583 10
3468 1600 8342 10
2281 2761 8579 10
3535 2330 8401 10
3407 2029 8146 10
3544 2379 8394 10
1810 1811 9167 10
7090 3227 10862 10
1300 1301 9170 10
2428 3511 8570 10
4159 4160 9736 10
4163 4806 9736 10
1898 3470 8531 10
2057 2727 8198 10
2225 8187 8194 10
4455 4804 9737 10
4451 4452 9737 10
1278 1279 3580 10
1366 2920 8347 10
3471 1745 8348 10
1832 1833 9174 10
9674 5007 9791 10
2217 3283 8214 10
2389 3539 8393 10
3509 2340 8562 10
3284 2067 8289 10
2740 2215 8317 10
2291 2763 8752 10
3416 2049 8171 10
2763 2292 8389 10
2341 2773 8562 10
9447 6442 12132 10
1753 3473 8351 10
3539 2390 8390 10
5705 5702 9377 10
6948 8670 11869 10
1665 1666 9083 10
1445 1446 9086 10
1221 2949 8548 10
2063 2726 8203 10
3474 1890 8549 10
2790 2427 8570 10
1608 3475 8354 10
6022 6025 9627 10
1133 1134 3581 10
1503 8357 8612 10
9114 9201 10451 10
2378 3544 8398 10
2329 3535 8399 10
1058 1059 9088 10
2016 2749 8325 10
2266 2757 8344 10
3506 2280 8579 10
23 24 9375 10
8675 3882 9612 10
2303 3505 8583 10
3281 2224 8194 10
2775 2352 8793 10
1076 2978 8358 10
8196 2059 8211 10
8359 1995 8616 10
8289 2068 8379 10
2401 2785 8590 10
1116 2970 8450 10
4923 5492 5493 10
1520 1521 9089 10
1590 1591 9186 10
6172 6812 6813 10
1463 3476 8563 10
1648 8360 8631 10
8363 1850 8636 10
1261 2941 8638 10
1907 1908 9090 10
2416 2788 8403 10
1203 1204 9095 10
71 72 9757 10
2220 2741 8213 10
2062 8203 8208 10
2778 2367 8505 10
2318 3549 8814 10
8453 2074 8488 10
7059 7058 7128 10
2724 2076 8463 10
1318 3477 8365 10
3429 2269 8599 10
3534 2314 8410 10
2214 2740 8316 10
2363 3499 8600 10
1375 1376 9096 10
2787 2412 8413 10
1735 1736 9098 10
8375 1705 8647 10
1406 2912 8464 10
5837 7941 9743 10
7378 7381 9743 10
2075 2724 8488 10
2208 2739 8446 10
1173 3478 8592 10
7864 7910 9744 10
1938 8378 8651 10
1019 3460 8474 10
3921 4808 9745 10
3917 3918 9745 10
1762 1763 9192 10
1348 1349 9102 10
2739 2209 8414 10
3286 2073 8453 10
2741 2221 8212 10
3282 2061 8208 10
8380 1560 8654 10
1551 2883 8657 10
3495 2405 8483 10
2356 2776 8417 10
8463 2077 8575 10
2223 3281 8200 10
7038 10153 11194 10
1230 1231 9194 10
5774 6030 9311 10
2766 2307 8482 10
1880 1881 9197 10
2213 8316 8487 10
2276 2760 8476 10
1028 3479 8382 10
5969 5772 9311 10
2804 1947 8489 10
1164 3461 8490 10
3552 2325 8425 10
3532 2374 8426 10
2205 3287 8537 10
5702 5700 9377 10
2423 3494 8607 10
8383 1415 8494 10
1617 1618 9103 10
1696 2854 8669 10
1493 1494 9105 10
4340 4814 9746 10
4336 4337 9746 10
9181 9114 10202 10
8414 2210 8467 10
2833 1802 8501 10
2069 2725 8379 10
1309 3464 8502 10
1085 1086 9110 10
2004 2005 9111 10
1106 1107 2972 10
2060 3282 8211 10
2222 8200 8212 10
8386 1270 8508 10
6851 6852 6853 10
1841 2825 8678 10
2394 3529 8433 10
3492 2345 8622 10
6920 6919 6921 10
1472 1473 9206 10
2296 2764 8437 10
1638 1639 9117 10
2078 3288 8575 10
2862 1657 8512 10
1454 3465 8513 10
2204 8537 8602 10
2762 2287 8438 10
2336 2772 8461 10
5688 5134 5944 10
3553 2385 8847 10
8387 1125 8686 10
2072 3286 8452 10
1986 2796 8690 10
2980 1067 8388 10
1859 1860 9120 10
1251 1252 2943 10
2891 1512 8523 10
5012 9510 11475 10
1599 3468 8525 10
2084 3290 8608 10
1327 1328 9209 10
2196 2737 8643 10
1783 1784 9121 10
7311 7314 9750 10
5845 7952 9750 10
3470 1899 8530 10
8430 2071 8452 10
3290 2085 8655 10
2737 2197 8653 10
9326 6617 11312 10
2725 2070 8430 10
3285 2212 8487 10
2791 2432 8443 10
2211 3285 8467 10
2383 8442 8857 10
1714 1715 9126 10
2920 1367 8541 10
1396 1397 2914 10
1744 3471 8542 10
2334 3522 8456 10
8578 8577 12159 10
2198 8640 8653 10
3489 2285 8659 10
4225 4810 9752 10
4221 4222 9752 10
2298 3488 8661 10
2199 3289 8640 10
2774 2347 8462 10
3473 1754 8544 10
3288 2079 8594 10
2738 2203 8602 10
5635 9051 9223 10
1182 1183 9128 10
2396 2784 8667 10
1928 1929 9130 10
8655 2086 8687 10
2949 1222 8704 10
2087 2722 8687 10
5758 5759 5760 10
1889 3474 8551 10
2083 8608 8611 10
1569 1570 9132 10
1541 1542 2885 10
3475 1609 8556 10
2893 1502 8612 10
2757 2015 8404 10
5404 6497 11999 10
1037 1038 9219 10
1956 1957 2802 10
2978 1077 8719 10
1154 1155 3582 10
1996 2794 8616 10
3490 1115 8450 10
94 95 9421 10
2195 8643 8709 10
2421 2789 8469 10
3289 2200 8621 10
2779 2372 8684 10
2723 2082 8611 10
2323 8422 8473 10
3476 1464 8565 10
2864 1647 8631 10
1424 1425 9138 10
1686 1687 2856 10
2274 3517 8475 10
3515 2309 8477 10
3291 2194 8709 10
2722 2088 8696 10
2358 3487 8692 10
1851 2823 8636 10
3491 1260 8638 10
2786 2407 8484 10
1811 1812 2831 10
1299 1300 3583 10
4552 4553 9755 10
4556 4821 9755 10
3477 1319 8571 10
1279 1280 9139 10
2096 3294 8749 10
1831 1832 2827 10
1706 2852 8647 10
3493 1405 8464 10
2721 2094 8743 10
3293 2188 8737 10
2081 2723 8613 10
7097 6920 7164 10
2202 2738 8614 10
3478 1174 8591 10
1666 1667 2860 10
8594 2080 8613 10
2806 1937 8651 10
1444 1445 3584 10
1018 8474 8593 10
3294 2097 8779 10
3486 2410 8699 10
2201 8614 8621 10
2193 3291 8706 10
2361 2777 8499 10
4437 4438 9758 10
4441 4816 9758 10
2767 2312 8710 10
1561 2881 8654 10
3496 1550 8657 10
1134 1135 9140 10
1976 1977 2798 10
2271 2759 8712 10
7103 5095 7627 10
1057 1058 9143 10
4326 4819 9759 10
4322 4323 9759 10
8406 2320 8504 10
3513 2369 8506 10
3479 1029 8595 10
1948 3497 8489 10
1163 8490 8734 10
2418 3484 8721 10
2093 2721 8750 10
7520 5144 10669 10
1521 1522 2889 10
1589 1590 3585 10
6027 9123 10758 10
2184 2735 8800 10
7966 8603 9806 10
1416 2910 8494 10
3498 1695 8669 10
8743 2095 8749 10
1908 1909 3586 10
1202 1203 9146 10
4736 4738 4739 10
8696 2089 8765 10
1803 3500 8501 10
4746 4824 4825 10
4843 4853 4854 10
6513 6514 6515 10
1376 1377 2918 10
4971 4973 4974 10
1734 1735 3587 10
1271 2939 8508 10
2099 2720 8783 10
3501 1840 8678 10
7284 3222 12503 10
4975 4977 4978 10
443 3341 9751 10
3347 442 9751 10
3320 7218 9314 10
5015 5411 5412 10
2399 3512 8517 10
2190 2736 8741 10
10997 5978 11961 10
3482 2350 8402 10
1658 3502 8512 10
8737 2189 8741 10
1453 8513 8755 10
1763 1764 3588 10
1347 1348 9230 10
2301 2765 8526 10
2761 2282 8527 10
2331 2771 8401 10
1126 2968 8686 10
3503 1985 8690 10
1066 2980 8759 10
8394 2380 8532 10
1231 1232 2947 10
1879 1880 3589 10
3511 2429 8533 10
8779 2098 8783 10
5362 5363 5461 10
2090 3292 8765 10
3299 2109 8849 10
2733 2173 8845 10
1513 3504 8523 10
2175 3298 8844 10
1598 8525 8762 10
2736 2191 8725 10
2108 3299 8852 10
3292 2091 8751 10
1618 1619 3590 10
1492 1493 9235 10
2719 2106 8840 10
3298 2176 8837 10
6526 6527 11811 10
7004 3200 11632 10
2092 8750 8751 10
8530 1900 8767 10
1211 2951 8772 10
1086 1087 2976 10
2005 2006 9148 10
1105 1106 9149 10
2172 2733 8858 10
1368 3507 8541 10
3295 2182 8834 10
2720 2100 8824 10
1743 8542 8777 10
9274 9273 11845 10
2192 8706 8725 10
4912 4207 7270 10
4680 4681 4682 10
2183 8800 8834 10
2111 2718 8850 10
1473 1474 3591 10
1637 1638 9152 10
2105 2719 8841 10
2388 8393 8553 10
8544 1755 8785 10
1356 2922 8789 10
6239 6238 6240 10
2339 3509 8554 10
1357 1358 10801 10
3480 2290 8752 10
2293 3481 8389 10
1223 3508 8704 10
1860 1861 9241 10
1888 8551 8792 10
1250 1251 9154 10
7475 3258 12115 10
2773 2342 8559 10
5015 5410 5411 10
2391 2783 8390 10
2178 2734 8839 10
4975 4976 4977 10
3300 2170 8877 10
2718 2112 8870 10
5457 5698 5699 10
1501 2893 8796 10
1328 1329 3592 10
5762 5764 5824 10
4971 4972 4973 10
1782 1783 9156 10
7199 6062 10737 10
2181 3295 8831 10
4682 4683 4735 10
4739 4740 4745 10
4843 4852 4853 10
1078 3510 8719 10
2794 1997 8619 10
4746 4823 4824 10
4825 4826 4827 10
1114 3490 8620 10
1715 1716 9157 10
1395 1396 9245 10
4736 4737 4738 10
4854 4855 4856 10
8840 2107 8852 10
4021 7646 9461 10
4827 4828 4842 10
5441 5453 5454 10
2174 8844 8845 10
8610 5730 10824 10
5437 5018 9926 10
21 22 9456 10
8565 1465 8628 10
4856 4857 4918 10
4918 4919 4970 10
1646 2864 8632 10
5653 6182 9833 10
10170 6236 10627 10
6897 6994 10608 10
4978 4979 4980 10
1183 1184 3593 10
1927 1928 9248 10
5412 5413 5414 10
2169 3300 8893 10
4980 4981 4982 10
4982 4983 5014 10
3296 2103 8854 10
2734 2179 8843 10
2823 1852 8807 10
1259 3491 8637 10
8922 5867 11740 10
2426 2790 8566 10
6738 6737 8231 10
2126 3305 8954 10
9275 3194 9769 10
8849 2110 8850 10
3305 2127 8958 10
2730 2155 8960 10
2716 2124 8947 10
3304 2158 8941 10
2780 2377 8398 10
11379 6804 11380 10
1570 1571 9250 10
2157 3304 8957 10
1540 1541 9158 10
2102 3296 8842 10
2328 8399 8573 10
8837 2177 8839 10
2154 2730 8966 10
1791 2835 8641 10
2279 3506 8580 10
9496 6957 10554 10
2123 2716 8951 10
3505 2304 8584 10
1038 1039 3594 10
2114 3301 8873 10
1957 1958 9162 10
1153 1154 9164 10
2353 3483 8793 10
2171 8858 8877 10
2852 1707 8646 10
2160 2731 8944 10
1404 3493 8648 10
3306 2152 8972 10
2715 2130 8967 10
2785 2402 8585 10
2104 8841 8854 10
5700 6466 9377 10
5759 5757 9843 10
6003 8545 8546 10
6639 5592 10457 10
2151 3306 8973 10
1425 1426 9257 10
8824 2101 8842 10
1685 1686 9166 10
8591 1175 8650 10
3303 2121 8949 10
2731 2161 8939 10
1936 2806 8818 10
5614 7731 9769 10
2990 1017 8593 10
6464 6463 6575 10
2132 3307 8974 10
6237 6238 6239 10
6636 6031 12118 10
1812 1813 9264 10
2881 1562 8820 10
1298 1299 9171 10
1549 3496 8656 10
5756 5757 5758 10
2120 3303 8948 10
2729 2149 8985 10
3307 2133 8981 10
8595 1030 8664 10
3497 1949 8665 10
1280 1281 9173 10
2961 1162 8734 10
1830 1831 9175 10
2732 2167 8932 10
3301 2115 8919 10
2148 2729 8982 10
2180 8831 8843 10
3485 2415 8403 10
2910 1417 8822 10
2163 3302 8940 10
1694 3498 8671 10
1667 1668 9177 10
2366 2778 8598 10
1443 1444 9178 10
4538 4539 9771 10
4542 4833 9771 10
8870 2113 8873 10
2768 2317 8814 10
3500 1804 8672 10
2135 2714 8986 10
1135 1136 9276 10
4261 4834 9774 10
4257 4258 9774 10
8410 2315 8813 10
5348 7038 12388 10
1975 1976 9180 10
6175 6839 6840 10
1056 1057 2982 10
4308 4309 9775 10
4312 4835 9775 10
3499 2364 8812 10
4423 4424 9776 10
4427 4837 9776 10
8413 2413 8809 10
2939 1272 8676 10
1839 3501 8677 10
3326 431 7259 10
3312 411 7268 10
3319 423 7265 10
3310 408 7266 10
3317 417 7261 10
2166 2732 8933 10
1522 1523 9183 10
2717 2118 8963 10
3302 2164 8953 10
3309 2146 8989 10
2714 2136 8988 10
1588 1589 9185 10
6513 5008 6514 10
8947 2125 8954 10
2268 3429 8404 10
2156 8957 8960 10
2168 8893 8932 10
3502 1659 8681 10
2903 1452 8755 10
2117 2717 8950 10
529 530 9809 10
1909 1910 9188 10
1201 1202 2953 10
8941 2159 8944 10
2145 3309 8990 10
2153 8966 8972 10
2968 1127 8835 10
8949 2122 8951 10
1984 3503 8688 10
3514 1065 8759 10
5713 7418 9505 10
1377 1378 9189 10
1733 1734 9190 10
5844 5493 9791 10
8246 8247 12233 10
3504 1514 8694 10
2874 1597 8762 10
7222 3321 8102 10
4135 4832 9779 10
4131 4132 9779 10
7481 11835 12115 10
2138 3308 9000 10
8967 2131 8974 10
4076 4081 8887 10
1764 1765 9191 10
2404 3495 8795 10
1346 1347 2924 10
2355 8417 8604 10
1901 2813 8767 10
3516 1210 8772 10
2150 8973 8985 10
2306 2766 8605 10
8939 2162 8940 10
6988 5965 7062 10
1232 1233 9195 10
2760 2277 8790 10
1878 1879 9199 10
2713 2143 8994 10
3308 2139 9010 10
3507 1369 8697 10
2326 2770 8425 10
2845 1742 8777 10
8426 2375 8606 10
2119 8948 8963 10
1619 1620 9200 10
3494 2424 8784 10
1491 1492 2895 10
1756 2842 8785 10
3518 1355 8789 10
2140 3631 9010 10
2142 2713 9011 10
8981 2134 8986 10
1087 1088 9283 10
4992 4993 5005 10
4990 4991 4992 10
3866 3867 4990 10
2006 2007 2792 10
1104 1105 3595 10
3508 1224 8702 10
2816 1887 8792 10
8919 2116 8950 10
3631 2141 9011 10
3864 3865 3866 10
2147 8982 8989 10
1474 1475 9204 10
1636 1637 2866 10
3519 1500 8796 10
2165 8933 8953 10
5468 5469 5470 10
4243 4244 9781 10
4247 4840 9781 10
1861 1862 2821 10
4524 4525 9782 10
4528 4844 9782 10
5466 5467 5468 10
3510 1079 8715 10
1249 1250 3596 10
1998 3520 8619 10
1113 8620 8723 10
2393 8433 8758 10
5470 5469 5471 10
2344 3492 8624 10
1329 1330 9207 10
1466 2900 8628 10
1781 1782 2837 10
3521 1645 8632 10
8988 2137 9000 10
2295 8437 8625 10
10797 6984 12162 10
8438 2288 8627 10
9288 4943 9644 10
7306 5089 9741 10
2772 2337 8634 10
1716 1717 2850 10
1853 3523 8807 10
1394 1395 3597 10
1258 8637 8856 10
2386 2782 8847 10
4117 4118 9787 10
4121 4846 9787 10
3212 7490 11843 10
2144 8990 8994 10
1184 1185 9211 10
3524 1790 8641 10
1926 1927 2808 10
5770 5969 9450 10
9266 8195 11322 10
5776 5778 9268 10
5913 5768 9450 10
1708 3525 8646 10
1571 1572 2879 10
1403 8648 8862 10
1539 1540 3598 10
5836 8002 9664 10
4679 4780 9569 10
2922 1357 10801 10
1176 2958 8650 10
1039 1040 9216 10
3526 1935 8818 10
7133 6215 11114 10
1958 1959 3599 10
1016 2990 8727 10
1152 1153 9220 10
4853 5011 9478 10
4680 4679 4681 10
4824 4924 9479 10
1563 3528 8820 10
5464 5465 5466 10
1426 1427 2908 10
1548 8656 8731 10
2431 2791 8733 10
1684 1685 3600 10
19 20 9534 10
187 8080 9780 10
3213 186 9780 10
2781 2382 8857 10
9127 4829 9674 10
9673 3850 9959 10
2333 8456 8730 10
1031 2987 8664 10
8665 1950 8874 10
1161 2961 8735 10
1813 1814 3601 10
1297 1298 9222 10
2284 3489 8660 10
3862 3863 3864 10
5599 8091 10049 10
3488 2299 8662 10
8462 2348 8726 10
1418 3530 8822 10
1693 8671 8880 10
1281 1282 2937 10
1829 1830 3602 10
6564 6563 12015 10
2784 2397 8668 10
8672 1805 8742 10
1306 2932 8886 10
1668 1669 3603 10
1442 1443 9224 10
4409 4410 9797 10
4413 4839 9797 10
4298 4838 9798 10
4294 4295 9798 10
3271 7085 11647 10
1273 3531 8676 10
1838 8677 8888 10
1136 1137 2966 10
1974 1975 3604 10
1055 1056 9302 10
8397 8532 10819 10
8681 1660 8754 10
1451 2903 8756 10
1523 1524 3605 10
1587 1588 9225 10
7206 6722 9632 10
5622 7849 9806 10
9672 5822 9673 10
7159 3114 12006 10
8603 3268 9806 10
5754 5755 5756 10
1128 3533 8835 10
4842 7287 9641 10
1983 8688 8901 10
1064 3514 8760 10
1910 1911 9226 10
2420 8469 8720 10
1200 1201 9228 10
8547 8546 12044 10
2371 2779 8685 10
7087 7104 11305 10
2769 2322 8473 10
8694 1515 8906 10
4233 4847 9811 10
4229 4230 9811 10
1596 2874 8913 10
1378 1379 3606 10
1732 1733 9229 10
2273 8475 8714 10
2316 2768 8813 10
2365 8598 8812 10
2414 3485 8809 10
8585 2403 8795 10
3483 2354 8604 10
8584 2305 8605 10
2278 8580 8790 10
4625 4626 9812 10
4629 4851 9812 10
2770 2327 8573 10
2376 2780 8606 10
2425 8566 8784 10
8477 2310 8691 10
2783 2392 8758 10
8559 2343 8624 10
3481 2294 8625 10
2289 3480 8627 10
2338 8554 8634 10
2813 1902 8770 10
3487 2359 8693 10
2782 2387 8553 10
1209 3516 8771 10
1765 1766 9315 10
1345 1346 9319 10
8484 2408 8701 10
8533 2430 8733 10
2381 2781 8532 10
2771 2332 8730 10
7145 6120 7146 10
8527 2283 8660 10
2300 8526 8662 10
4766 5089 7306 10
2349 3482 8726 10
2398 8517 8668 10
8697 1370 8774 10
1741 2845 8916 10
8993 6029 12019 10
1233 1234 3607 10
5412 5411 5413 10
4978 4977 4979 10
4974 4973 4975 10
4854 4853 4855 10
4825 4824 4826 10
4739 4738 4740 10
1877 1878 9322 10
5468 5467 5469 10
5492 4709 9055 10
3484 2419 8720 10
4915 4192 7243 10
7285 4826 9479 10
8506 2370 8685 10
2321 2769 8504 10
2759 2272 8714 10
5005 4993 5006 10
4992 4991 4993 10
4990 3867 4991 10
2311 2767 8691 10
4625 6746 12092 10
3866 3865 3867 10
2360 8499 8693 10
2409 3486 8701 10
2842 1757 8926 10
1354 3518 8786 10
1620 1621 9325 10
1490 1491 9236 10
4682 4681 4683 10
381 382 9813 10
5466 5465 5467 10
4103 4104 9822 10
4107 4848 9822 10
4745 4740 4746 10
4827 4826 4828 10
4856 4855 4857 10
4980 4979 4981 10
4735 4683 4736 10
5414 5413 5415 10
8702 1225 8791 10
6165 6208 9588 10
3111 6996 12069 10
4842 4828 4843 10
4918 4857 4919 10
4970 4919 4971 10
1088 1089 3608 10
4982 4981 4983 10
1886 2816 8930 10
5014 4983 5015 10
6409 8057 12418 10
2007 2008 9331 10
5454 5453 5455 10
1103 1104 9237 10
4911 4997 9593 10
6824 6823 6888 10
3864 3863 3865 10
4284 4850 9823 10
4280 4281 9823 10
2871 1612 8938 10
1475 1476 9238 10
1499 3519 8798 10
1635 1636 9239 10
8715 1080 8945 10
3520 1999 8799 10
1862 1863 9336 10
2971 1112 8723 10
1248 1249 9242 10
4514 4849 9826 10
4510 4511 9826 10
6207 6206 6479 10
6828 6827 6904 10
1330 1331 9340 10
2900 1467 8801 10
1780 1781 9343 10
1644 3521 8802 10
7690 7530 12279 10
5441 5452 5453 10
6958 6959 10826 10
1717 1718 9243 10
3523 1854 8804 10
1393 1394 9244 10
2942 1257 8856 10
6615 6614 6643 10
1185 1186 9247 10
1925 1926 9249 10
2929 1322 8808 10
1789 3524 8811 10
4395 4396 9830 10
4399 4858 9830 10
3279 10668 11422 10
8766 6127 10999 10
1572 1573 9357 10
1538 1539 9251 10
3525 1709 8815 10
2913 1402 8862 10
8528 7084 9707 10
5457 5697 5698 10
5649 5650 5651 10
17 18 9598 10
1040 1041 9359 10
1959 1960 9253 10
5780 5782 9382 10
1151 1152 2963 10
2958 1177 8968 10
1934 3526 8817 10
6019 8588 11631 10
1427 1428 9361 10
1683 1684 9260 10
3208 7235 9924 10
6245 6244 9607 10
3528 1564 8821 10
2884 1547 8731 10
11493 9472 12366 10
1814 1815 9263 10
1296 1297 2934 10
2987 1032 8977 10
1951 2803 8874 10
3536 1160 8735 10
5761 5759 9831 10
1282 1283 9265 10
1828 1829 9267 10
8027 6421 12398 10
3530 1419 8823 10
2855 1692 8880 10
5389 6126 9838 10
7229 5390 9838 10
5963 7268 11574 10
7217 7216 10959 10
1669 1670 9269 10
1441 1442 2905 10
1806 2832 8742 10
3537 1305 8886 10
6255 6434 9946 10
7532 8082 11651 10
1137 1138 9365 10
1973 1974 9277 10
1054 1055 3609 10
3531 1274 8827 10
2826 1837 8888 10
1524 1525 9278 10
1586 1587 2876 10
1661 2861 8754 10
3538 1450 8756 10
5772 5774 9311 10
1911 1912 2811 10
1199 1200 3610 10
6853 7007 7008 10
3866 5319 9792 10
9742 10192 11739 10
3533 1129 8836 10
2797 1982 8901 10
1063 8760 8996 10
6392 6391 6393 10
1379 1380 9279 10
1731 1732 2847 10
1516 2890 8906 10
3540 1595 8913 10
6394 6393 6395 10
1766 1767 2840 10
1344 1345 3611 10
6390 6389 6391 10
4205 4891 9832 10
4201 4202 9832 10
6376 6375 6377 10
6396 6395 6397 10
6374 6373 6375 10
1903 3541 8770 10
6398 6397 6399 10
1208 8771 9009 10
6388 6387 6389 10
1234 1235 9280 10
1876 1877 2818 10
6693 5849 10755 10
6378 6377 6379 10
8491 6591 12441 10
6386 6385 6387 10
6380 6379 6381 10
4943 4827 9641 10
6384 6383 6385 10
6532 6531 12494 10
6382 6381 6383 10
1371 2919 8774 10
3542 1740 8916 10
1621 1622 2869 10
6372 6371 6373 10
1489 1490 3612 10
7266 7209 9617 10
3297 9926 11887 10
4606 4608 7170 10
5752 5753 5754 10
6370 6369 6371 10
6357 6356 6358 10
1758 3543 8926 10
1089 1090 9281 10
1353 8786 9015 10
2008 2009 3613 10
1102 1103 9284 10
6368 6367 6369 10
6359 6358 6360 10
6366 6365 6367 10
6362 6360 6363 10
6364 6363 6365 10
3848 9773 11764 10
1226 2948 8791 10
1476 1477 2898 10
3545 1885 8930 10
1634 1635 3614 10
5410 4983 9437 10
6355 6354 6356 10
5639 5395 5640 10
1863 1864 3615 10
1613 3546 8938 10
15 16 9621 10
1247 1248 9287 10
1498 8798 8848 10
6832 6831 6919 10
6353 6352 6354 10
6712 6711 6713 10
5784 5786 9463 10
1331 1332 2927 10
1779 1780 3616 10
1081 2977 8945 10
8799 2000 8851 10
1111 2971 8853 10
6351 6350 6352 10
5464 5463 5465 10
5932 6826 7253 10
1718 1719 3617 10
1392 1393 9289 10
6349 6348 6350 10
1468 3547 8801 10
1643 8802 8855 10
6740 5926 10689 10
6347 6346 6348 10
1186 1187 2956 10
1924 1925 3618 10
7289 4681 9569 10
10130 10131 12308 10
8804 1855 9028 10
6345 6344 6346 10
1256 2942 9029 10
6655 6654 6656 10
6343 6342 6344 10
1573 1574 3619 10
6341 6340 6342 10
1537 1538 9291 10
6072 5346 8293 10
6339 6338 6340 10
1323 3548 8808 10
1788 8811 9035 10
1041 1042 2985 10
330 331 9865 10
1960 1961 9397 10
1150 1151 9399 10
175 7136 11556 10
8815 1710 8860 10
1401 2913 8861 10
5946 5343 9628 10
6337 6336 6338 10
1428 1429 3620 10
1682 1683 9292 10
1178 3550 8968 10
10129 10128 12308 10
1933 8817 8864 10
1815 1816 9293 10
1295 1296 9296 10
8821 1565 8867 10
6335 6334 6336 10
1546 2884 9042 10
6745 6744 6858 10
1283 1284 3621 10
1827 1828 9298 10
8024 6407 12411 10
1033 3551 8977 10
2803 1952 9047 10
5012 4979 9510 10
1159 3536 8875 10
6773 6771 12410 10
1440 1441 9412 10
277 3247 9856 10
6333 6332 6334 10
379 3229 9857 10
8823 1420 8878 10
1138 1139 3622 10
1691 2855 8884 10
1972 1973 9301 10
328 3225 9858 10
1053 1054 9303 10
7065 8179 10979 10
6331 6330 6332 10
1525 1526 9305 10
2832 1807 9052 10
1585 1586 9307 10
1304 3537 8885 10
4823 4740 9517 10
5788 5790 9541 10
13 14 9630 10
1912 1913 9420 10
1198 1199 9309 10
8827 1275 9056 10
6879 6878 6880 10
1836 2826 8892 10
6329 6328 6330 10
9542 9735 11938 10
1380 1381 9422 10
5756 5758 5841 10
6020 5651 9833 10
1730 1731 9312 10
2861 1662 8895 10
1449 3538 8900 10
3862 3859 3863 10
7295 10921 12453 10
1767 1768 9317 10
7308 5503 9895 10
5423 5989 9895 10
1343 1344 9320 10
4931 4855 9478 10
6327 6326 6328 10
8836 1130 9063 10
1981 2797 8902 10
2981 1062 8996 10
1235 1236 9321 10
1875 1876 9323 10
4981 5012 9437 10
5127 5128 11725 10
2890 1517 8907 10
1594 3540 8911 10
5413 5416 9438 10
6325 6324 6326 10
5441 5415 5452 10
1622 1623 9431 10
1488 1489 9327 10
161 162 9894 10
8405 7247 10909 10
3541 1904 8914 10
2952 1207 9009 10
1090 1091 9329 10
2009 2010 9330 10
1101 1102 2973 10
8447 6976 10053 10
5453 6802 9434 10
6323 6322 6324 10
2919 1372 8915 10
1739 3542 8918 10
1477 1478 9332 10
6641 6412 10169 10
1633 1634 9335 10
6976 6975 12026 10
5670 7131 7132 10
10050 7480 11707 10
3543 1759 8923 10
1864 1865 9338 10
2923 1352 9015 10
1246 1247 2944 10
6132 6131 9762 10
6321 6320 6322 10
7198 6218 9627 10
8876 7250 11222 10
4173 4916 9537 10
4762 4171 9537 10
1332 1333 9341 10
2948 1227 8927 10
1778 1779 9345 10
1884 3545 8929 10
5792 5794 9603 10
4785 5285 7305 10
5763 5761 9807 10
457 458 9636 10
1719 1720 9346 10
1391 1392 2915 10
6319 6318 6320 10
3546 1614 8935 10
2894 1497 8848 10
6141 8943 12299 10
1187 1188 9347 10
11 12 9639 10
1923 1924 9350 10
5128 10048 11740 10
5750 5751 5752 10
2977 1082 9073 10
2001 2793 8851 10
3554 1110 8853 10
3324 429 9452 10
9370 9234 9371 10
1574 1575 9352 10
6317 6316 6318 10
1536 1537 2886 10
3547 1469 8952 10
2865 1642 8855 10
6106 7171 10479 10
5457 5455 5697 10
1042 1043 9448 10
1961 1962 2801 10
1149 1150 3623 10
8568 8569 9391 10
9366 10013 11374 10
6655 9272 9273 10
4272 4275 9637 10
7220 7221 10690 10
1856 2822 9028 10
3555 1255 9029 10
6252 6251 6253 10
1429 1430 9360 10
1681 1682 2857 10
4786 5209 7304 10
3548 1324 8961 10
5452 5415 9438 10
9902 6427 12146 10
2836 1787 9035 10
1816 1817 2830 10
1294 1295 3624 10
7269 3328 9765 10
6315 6314 6316 10
5427 3864 9792 10
1711 2851 8860 10
1284 1285 9363 10
3556 1400 8861 10
415 7223 9874 10
1826 1827 2828 10
6444 6443 6484 10
5796 5798 9623 10
1671 1672 2859 10
3550 1179 8969 10
1439 1440 3625 10
2807 1932 8864 10
279 280 9912 10
4827 4842 9641 10
1139 1140 9364 10
6228 6225 8109 10
1971 1972 2799 10
1052 1053 9367 10
1566 2880 8867 10
3557 1545 9042 10
5431 5983 9925 10
6558 5432 9925 10
4994 4745 9288 10
5978 5734 5979 10
6313 6312 6314 10
1526 1527 2888 10
5697 5455 9434 10
1584 1585 3626 10
3299 8849 9526 10
3551 1034 8976 10
1953 3558 9047 10
1158 8875 8979 10
11586 9023 11714 10
9 10 9655 10
6361 6358 9676 10
6938 6257 9946 10
1913 1914 3627 10
1197 1198 9369 10
8642 6861 11156 10
1421 2909 8878 10
3559 1690 8884 10
1381 1382 2917 10
1729 1730 3628 10
1808 3560 9052 10
1303 8885 9079 10
5011 5930 9478 10
7403 3250 12404 10
10532 3800 12067 10
81 3278 9824 10
1768 1769 3629 10
1342 1343 9370 10
5800 5802 9631 10
6787 5308 10581 10
8077 5521 10882 10
4924 5381 9479 10
6311 6310 6312 10
4791 5218 7303 10
1276 2938 9056 10
3561 1835 8892 10
1236 1237 2946 10
1874 1875 3630 10
5829 5708 5830 10
6891 8909 8910 10
6913 6912 6914 10
4977 5827 9510 10
1623 1624 3632 10
1663 3562 8895 10
1487 1488 9462 10
1448 8900 9084 10
7337 7330 11711 10
7267 7266 9617 10
7678 5132 9948 10
4077 4049 9948 10
1091 1092 2975 10
2010 2011 9464 10
1100 1101 9467 10
1131 2967 9063 10
3563 1980 8902 10
1061 2981 8995 10
1478 1479 3633 10
4738 4911 9517 10
1632 1633 9378 10
8427 8429 12064 10
4691 3975 9955 10
3977 4769 9955 10
1518 3564 8907 10
6309 6308 6310 10
3267 7292 9664 10
1593 8911 8997 10
278 279 9944 10
7554 5400 9962 10
5402 6115 9962 10
1865 1866 9473 10
1245 1246 9381 10
238 3208 9924 10
3419 237 9924 10
7164 6920 9587 10
7 8 9661 10
8914 1905 9094 10
5804 5806 9640 10
1206 2952 9003 10
5364 5997 11075 10
7530 7528 9965 10
1333 1334 3634 10
1777 1778 9384 10
5069 5068 12085 10
1373 3565 8915 10
5493 9674 9791 10
1738 8918 9100 10
1720 1721 9387 10
1390 1391 9388 10
3 4 9959 10
5858 5859 9970 10
10090 3045 11844 10
10524 6901 11917 10
8923 1760 9101 10
1188 1189 3635 10
1922 1923 9482 10
1351 2923 9016 10
7064 8679 12045 10
6307 6306 6308 10
1575 1576 9393 10
5359 6696 12425 10
1228 3566 8927 10
1535 1536 9488 10
1883 8929 9017 10
6222 6223 7228 10
10597 5917 12305 10
6450 5435 9980 10
5434 5966 9980 10
5768 5770 9450 10
1043 1044 3636 10
1962 1963 9395 10
1148 1149 9398 10
8935 1615 9018 10
5808 5810 9656 10
1496 2894 9109 10
9709 5735 10643 10
1430 1431 9401 10
1680 1681 9494 10
1083 3567 9073 10
2793 2002 9112 10
363 8007 9947 10
3271 362 9947 10
1109 3554 9020 10
5374 5375 9669 10
4830 8635 9740 10
8521 8588 11795 10
1817 1818 9402 10
1293 1294 9408 10
5 6 9667 10
5765 5763 9790 10
8952 1470 9116 10
6501 11258 11994 10
1641 2865 9024 10
6305 6304 6306 10
1285 1286 9409 10
1825 1826 9503 10
6721 8372 11059 10
7800 7801 9990 10
6056 7799 9990 10
2822 1857 9026 10
1254 3555 9031 10
1672 1673 9506 10
5461 5363 10678 10
1438 1439 9411 10
3317 9881 12289 10
5812 5814 9662 10
1140 1141 9511 10
8961 1325 9033 10
1970 1971 9515 10
1051 1052 2983 10
1786 2836 9125 10
5748 5749 5750 10
1527 1528 9414 10
1583 1584 9415 10
2851 1712 9036 10
1399 3556 9038 10
6197 6196 6201 10
1914 1915 9417 10
1196 1197 2954 10
8969 1180 9039 10
1931 2807 9129 10
4780 5362 9569 10
6303 6302 6304 10
197 3216 9671 10
3193 311 9978 10
312 8040 9978 10
1382 1383 9521 10
1728 1729 9423 10
6413 6272 9761 10
2880 1567 9135 10
4855 4853 9478 10
1544 3557 9040 10
6110 9665 10129 10
6010 6011 10004 10
4826 4824 9479 10
5816 5818 9668 10
1769 1770 9425 10
1341 1342 2925 10
8976 1035 9044 10
3558 1954 9045 10
7186 8767 8768 10
1237 1238 9426 10
2962 1157 8979 10
3240 7095 11724 10
1873 1874 9429 10
257 258 10001 10
11783 6905 12293 10
3863 6044 11931 10
1624 1625 9430 10
2909 1422 9136 10
1486 1487 2896 10
1689 3559 9049 10
4277 4280 12243 10
5442 5953 10009 10
6164 5443 10009 10
5327 5326 12030 10
1092 1093 9433 10
2011 2012 2758 10
1099 1100 3637 10
3560 1809 9053 10
6211 5360 6212 10
6951 10910 11545 10
2933 1302 9079 10
261 8095 9991 10
3266 260 9991 10
6301 6300 6302 10
5820 5822 9672 10
1479 1480 9435 10
1631 1632 2867 10
6897 6896 6898 10
2938 1277 9057 10
1834 3561 9058 10
5016 7307 10581 10
8385 6633 11154 10
1866 1867 2820 10
1244 1245 3638 10
6900 8906 11199 10
6218 6024 9627 10
6814 10699 11240 10
3562 1664 9060 10
2904 1447 9084 10
9124 10718 12347 10
1334 1335 9440 10
1776 1777 2838 10
3368 8009 11833 10
11008 10428 11435 10
5006 5463 5464 10
2967 1132 9061 10
1979 3563 9064 10
1721 1722 2849 10
3568 1060 8995 10
1389 1390 3639 10
4681 4679 9569 10
8002 5843 9664 10
6112 5005 9368 10
1189 1190 9442 10
1921 1922 2809 10
7796 5681 9683 10
3564 1519 9066 10
2875 1592 8997 10
9517 4911 9593 10
1576 1577 2878 10
1534 1535 3640 10
1906 2812 9094 10
3569 1205 9003 10
6299 6298 6300 10
159 3124 10008 10
1044 1045 9444 10
7442 3246 10855 10
6990 6989 6992 10
9792 5319 11346 10
1963 1964 3641 10
1147 1148 9449 10
4800 5062 7302 10
7201 11531 11532 10
6573 9441 11495 10
190 191 9685 10
3317 7261 9881 10
3565 1374 9067 10
2846 1737 9100 10
5752 5754 5896 10
1431 1432 2907 10
1679 1680 3642 10
9201 9202 12403 10
4746 4825 9288 10
1761 2841 9101 10
3570 1350 9016 10
1818 1819 3643 10
1292 1293 9451 10
6956 5021 9727 10
3566 1229 9068 10
3315 414 9874 10
1286 1287 2936 10
2817 1882 9017 10
1824 1825 3644 10
5767 5765 9777 10
1673 1674 3645 10
1437 1438 9547 10
1616 2870 9018 10
3571 1495 9109 10
2185 2186 11028 10
1141 1142 2965 10
451 452 9691 10
1969 1970 3646 10
5781 5779 9392 10
1050 1051 9553 10
3567 1084 9069 10
6614 9513 11557 10
2003 3572 9112 10
6297 6296 6298 10
7025 7029 12301 10
1108 9020 9151 10
1528 1529 3647 10
1582 1583 9558 10
9650 10290 11759 10
7996 8068 11965 10
1471 2899 9116 10
3573 1640 9024 10
6009 9308 11388 10
1915 1916 9453 10
1195 1196 9454 10
4466 4469 9696 10
4351 4354 9697 10
1858 3574 9026 10
1383 1384 3648 10
1253 9031 9074 10
1727 1728 9568 10
4745 4746 9288 10
6219 6218 6220 10
1770 1771 9457 10
1326 2928 9033 10
1340 1341 9460 10
3575 1785 9125 10
329 330 10043 10
5972 9213 9214 10
1238 1239 3649 10
1872 1873 9577 10
1713 3576 9036 10
1398 9038 9075 10
10156 3100 12120 10
1625 1626 9578 10
1485 1486 9581 10
1181 2957 9039 10
3670 10012 11911 10
3577 1930 9129 10
6665 9716 10686 10
1093 1094 3650 10
2012 2013 9466 10
6295 6294 6296 10
1098 1099 9468 10
9875 9876 10706 10
4793 5172 7301 10
226 7868 11614 10
1568 3578 9135 10
5746 5747 5748 10
1543 9040 9159 10
3671 10020 11944 10
1630 1631 9470 10
5739 5742 7276 10
10868 5686 10913 10
1036 2986 9044 10
1867 1868 9471 10
1243 1244 9475 10
9045 1955 9161 10
1156 2962 9165 10
9022 5872 9023 10
1335 1336 9476 10
1775 1776 9477 10
1423 3579 9136 10
10246 9646 10247 10
1688 9049 9078 10
3318 420 9679 10
7399 3199 12074 10
9612 6798 12413 10
8740 7252 11011 10
1722 1723 9480 10
1388 1389 9481 10
11741 10091 11844 10
7054 10930 10931 10
9053 1810 9167 10
6594 8219 11158 10
1301 2933 9170 10
5783 5781 9394 10
6802 5452 10783 10
1920 1921 9595 10
5479 7498 10062 10
1278 3580 9057 10
1833 9058 9174 10
1577 1578 9485 10
1533 1534 9487 10
6017 6019 12396 10
5769 5767 9766 10
1045 1046 9599 10
1964 1965 9491 10
9060 1665 9083 10
1146 1147 2964 10
1446 2904 9086 10
6293 6292 6294 10
5331 6645 6646 10
8091 193 10049 10
194 3230 10049 10
283 3258 10050 10
1432 1433 9492 10
5008 4830 9740 10
9635 6602 10992 10
1678 1679 9493 10
1133 3581 9061 10
1059 3568 9088 10
6805 4749 9954 10
6600 6599 7174 10
1819 1820 9497 10
5096 5097 12455 10
1291 1292 2935 10
7162 5379 7163 10
9066 1520 9089 10
1591 2875 9186 10
1287 1288 9498 10
1823 1824 9499 10
7673 6787 10581 10
3797 10014 11883 10
5779 5777 9604 10
5005 5006 9368 10
2812 1907 9090 10
1204 3569 9095 10
1674 1675 9508 10
1436 1437 2906 10
7172 6081 10724 10
1142 1143 9512 10
9067 1375 9096 10
1968 1969 9514 10
1049 1050 3651 10
1736 2846 9098 10
114 115 10068 10
7495 7487 9715 10
7275 5073 10752 10
1529 1530 9518 10
1581 1582 2877 10
8854 6854 10835 10
2841 1762 9192 10
1349 3570 9102 10
7097 7164 10648 10
1916 1917 2810 10
3059 10547 12456 10
1194 1195 3652 10
9505 7419 10756 10
9068 1230 9194 10
6101 6100 12013 10
1881 2817 9197 10
6291 6290 6292 10
1384 1385 9520 10
3427 142 10065 10
143 3114 10065 10
1726 1727 2848 10
6230 6246 10786 10
3750 10031 12009 10
6956 9727 11187 10
2870 1617 9103 10
1494 3571 9105 10
1771 1772 2839 10
11477 6868 12351 10
1339 1340 3653 10
1239 1240 9524 10
9069 1085 9110 10
1871 1872 2819 10
4983 4981 9437 10
3572 2004 9111 10
5771 5769 9754 10
2972 1107 9151 10
5415 5413 9438 10
5455 5453 9434 10
6895 6897 12495 10
1626 1627 2868 10
6391 6389 6424 10
1484 1485 3654 10
2899 1472 9206 10
1639 3573 9117 10
5646 5648 5649 10
1094 1095 9528 10
2013 2014 9531 10
1097 1098 9616 10
6395 6393 6432 10
334 3199 10071 10
242 243 10314 10
6914 6932 6933 10
6251 6249 6421 10
6387 6385 6416 10
6375 6373 6409 10
6399 6397 6437 10
3574 1859 9120 10
3349 7269 10772 10
2943 1252 9074 10
1481 1482 2897 10
1629 1630 3655 10
5829 5830 6901 10
5777 5775 9659 10
6383 6381 6407 10
6379 6377 6404 10
6371 6369 6417 10
5006 5464 9368 10
2928 1327 9209 10
6177 6764 6768 10
1784 3575 9121 10
1868 1869 3656 10
1242 1243 9618 10
308 309 10457 10
3240 91 10072 10
92 8068 10072 10
6747 8803 11153 10
1336 1337 2926 10
1774 1775 3657 10
6367 6365 6425 10
3576 1714 9126 10
2914 1397 9075 10
6360 6358 6361 10
1723 1724 3658 10
6289 6288 6290 10
1387 1388 9535 10
6354 6352 6438 10
7268 5963 12096 10
6794 6797 9757 10
5773 5771 9732 10
2957 1182 9128 10
1929 3577 9130 10
6966 6967 6969 10
1191 1192 2955 10
10664 6151 10696 10
3310 7267 10678 10
1919 1920 3659 10
3860 3859 3862 10
5775 5773 9705 10
3152 10036 12086 10
7101 3261 11635 10
3578 1569 9132 10
2885 1542 9159 10
4043 7673 10581 10
1578 1579 3660 10
1532 1533 9538 10
7397 11781 12074 10
6350 6348 6433 10
2986 1037 9219 10
1046 1047 2984 10
1956 2802 9161 10
1965 1966 9539 10
3582 1155 9165 10
1145 1146 9540 10
6149 6988 6989 10
3422 7575 12420 10
7575 3190 12420 10
7619 7618 9728 10
3426 7649 10874 10
5139 6958 7625 10
7659 7680 10601 10
1433 1434 3661 10
1677 1678 9543 10
6346 6344 6426 10
6250 6252 9802 10
3579 1424 9138 10
2856 1687 9078 10
1820 1821 9625 10
5656 5654 7044 10
7256 5348 12388 10
1290 1291 9545 10
6835 5718 7140 10
6342 6340 6418 10
380 381 10586 10
1811 2831 9167 10
7853 7485 9730 10
3583 1300 9170 10
4803 5029 7300 10
5744 5745 5746 10
5706 5705 9979 10
1288 1289 3662 10
1822 1823 9546 10
6338 6336 6408 10
385 3276 10517 10
7244 9413 11343 10
3580 1279 9139 10
2827 1832 9174 10
1675 1676 9624 10
1435 1436 9549 10
7261 7214 9881 10
1143 1144 3663 10
1967 1968 9550 10
1666 2860 9083 10
8419 8692 11747 10
1048 1049 9552 10
3584 1445 9086 10
4932 4186 7144 10
2014 535 3414 10
6287 6286 6288 10
1580 1581 9556 10
3581 1134 9140 10
6334 6332 6402 10
1058 9088 9143 10
4160 4163 9736 10
1917 1918 9559 10
1193 1194 9564 10
1521 2889 9089 10
4452 4455 9737 10
3585 1590 9186 10
1385 1386 9620 10
10399 9684 11856 10
1725 1726 9566 10
4979 4977 9510 10
5497 5405 10661 10
1908 3586 9090 10
1772 1773 9570 10
1203 9095 9146 10
1338 1339 9572 10
4740 4738 9517 10
5607 6873 6874 10
6330 6328 6406 10
6913 9172 12313 10
11028 2186 12331 10
1870 1871 9574 10
1376 2918 9096 10
3587 1735 9098 10
11029 10232 11764 10
5422 6082 9832 10
1627 1628 9580 10
1483 1484 9583 10
9663 5920 11430 10
1763 3588 9192 10
1348 9102 9230 10
1095 1096 9586 10
1096 1097 2974 10
6922 6921 6923 10
5911 6601 6602 10
1231 2947 9194 10
3589 1880 9197 10
5785 5783 9563 10
1482 1483 9615 10
1628 1629 9613 10
3987 3989 10666 10
6326 6324 6414 10
3366 440 10653 10
441 3347 10653 10
1869 1870 9611 10
1618 3590 9103 10
1241 1242 2945 10
1493 9105 9235 10
5144 5143 10669 10
1337 1338 9590 10
7941 7378 9743 10
1086 2976 9110 10
9111 2005 9148 10
6285 6284 6286 10
1106 2972 9149 10
6775 9353 9356 10
7663 4074 9725 10
5600 7864 9744 10
1724 1725 9591 10
3918 3921 9745 10
1386 1387 2916 10
5748 5750 5938 10
3811 10039 12080 10
6898 7031 7032 10
6889 6888 6890 10
1473 3591 9206 10
1638 9117 9152 10
7236 6819 10789 10
9658 6440 10575 10
1192 1193 9594 10
1918 1919 9610 10
6322 6320 6423 10
8773 6550 11145 10
9120 1860 9241 10
1579 1580 9596 10
7076 7077 7078 10
1251 2943 9154 10
1531 1532 2887 10
8088 7571 10849 10
1047 1048 9600 10
4337 4340 9746 10
1966 1967 2800 10
3227 7090 12056 10
1144 1145 9608 10
1328 3592 9209 10
1783 9121 9156 10
5128 5867 11725 10
3149 10064 10188 10
6865 5980 12389 10
1434 1435 9601 10
5809 5807 9114 10
1676 1677 2858 10
5650 5648 9677 10
9126 1715 9157 10
1396 2914 9245 10
1821 1822 2829 10
1289 1290 9605 10
6318 6316 6431 10
3772 10190 12137 10
1183 3593 9128 10
1928 9130 9248 10
6242 6240 10749 10
5834 5832 6021 10
88 89 10680 10
7339 5637 9813 10
3207 7339 9813 10
7786 5497 10683 10
9132 1570 9250 10
5097 7191 11988 10
1541 2885 9158 10
8060 5841 11978 10
9006 9007 12257 10
165 166 10681 10
9557 6687 11551 10
11767 10157 12120 10
1038 3594 9219 10
2802 1957 9162 10
6830 5927 10680 10
1154 3582 9164 10
6122 9501 9502 10
7952 7311 9750 10
6283 6282 6284 10
9138 1425 9257 10
1686 2856 9166 10
434 3388 10662 10
3351 50 10674 10
51 3362 10674 10
4222 4225 9752 10
3325 61 10684 10
7136 175 12204 10
5935 8596 10051 10
442 443 9751 10
2831 1812 9264 10
1299 3583 9171 10
293 294 10685 10
7053 6018 10075 10
9139 1280 9173 10
5123 5125 7299 10
1831 2827 9175 10
5334 5227 7226 10
6831 5283 7953 10
2860 1667 9177 10
1444 3584 9178 10
6312 6310 6436 10
5534 7635 10880 10
6827 5207 7890 10
9140 1135 9276 10
4812 5073 7275 10
1976 2798 9180 10
2982 1057 9143 10
6509 6508 12399 10
6684 5213 12274 10
9193 7005 11231 10
5742 5743 5744 10
359 360 10689 10
2889 1522 9183 10
1589 3585 9185 10
7005 6001 12304 10
7519 3216 11979 10
6603 6602 6690 10
8149 11279 12114 10
10036 3152 12412 10
4553 4556 9755 10
6217 6218 6219 10
3586 1909 9188 10
7060 3278 11669 10
2953 1202 9146 10
273 7172 10724 10
7680 5546 10695 10
2918 1377 9189 10
1734 3587 9190 10
6250 6249 6251 10
6823 5216 7858 10
10039 3811 12409 10
6281 6280 6282 10
3588 1764 9191 10
2924 1347 9230 10
6905 6904 6906 10
201 202 10693 10
4438 4441 9758 10
4323 4326 9759 10
5450 5451 9735 10
6806 5087 7567 10
2947 1232 9195 10
1879 3589 9199 10
5917 5124 12305 10
4820 5302 7254 10
5573 5425 10700 10
7724 7556 10700 10
7191 6767 11863 10
6308 6306 6428 10
5010 7274 7286 10
3590 1619 9200 10
2895 1492 9235 10
4982 6674 6675 10
3425 7648 12490 10
7648 3113 12490 10
6268 6267 9761 10
9203 5485 10773 10
2976 1087 9283 10
2006 2792 9148 10
3595 1105 9149 10
6224 7246 11330 10
8154 2040 11649 10
3591 1474 9204 10
2866 1637 9152 10
7218 9792 11346 10
4917 10047 10679 10
1861 2821 9241 10
3596 1250 9154 10
5428 5479 10707 10
3151 10045 12008 10
7138 5974 11327 10
3592 1329 9207 10
2837 1782 9156 10
6083 9762 11228 10
6731 6730 11904 10
3226 7346 10714 10
1716 2850 9157 10
6431 6316 9756 10
3597 1395 9245 10
5860 5861 10711 10
160 161 10709 10
6935 8271 10686 10
3593 1184 9211 10
2808 1927 9248 10
2041 2744 11649 10
6973 6974 6975 10
6304 6302 6422 10
1571 2879 9250 10
3598 1540 9158 10
6279 6278 6280 10
5730 8578 10824 10
6805 5060 7902 10
3594 1039 9216 10
1958 3599 9162 10
1153 9164 9220 10
7722 7721 12264 10
3389 459 10704 10
460 3394 10704 10
1426 2908 9257 10
3600 1685 9166 10
10507 10052 12385 10
71 9757 11024 10
10385 7151 10497 10
1813 3601 9264 10
5891 5892 10720 10
5895 7490 10720 10
1298 9171 9222 10
11833 8009 12054 10
196 9671 11320 10
6800 5210 7533 10
54 55 10717 10
1281 2937 9173 10
10682 4818 11245 10
3602 1830 9175 10
3855 9914 9982 10
6671 9131 9778 10
6543 4781 11627 10
391 3226 10714 10
5739 5741 5742 10
1668 3603 9177 10
8003 3418 10708 10
324 7199 10737 10
1443 9178 9224 10
6789 5170 7711 10
10374 9383 11223 10
7149 7119 11773 10
6129 6128 6130 10
1136 2966 9276 10
3604 1975 9180 10
3347 7198 12379 10
1056 2982 9302 10
8209 2065 11655 10
216 217 10725 10
6227 6228 6229 10
5795 5793 11513 10
11057 6722 11058 10
1523 3605 9183 10
1588 9185 9225 10
344 345 10727 10
2066 3284 11655 10
9188 1910 9226 10
6300 6298 6411 10
1201 2953 9228 10
7731 7960 9769 10
8297 1945 11680 10
3329 433 10662 10
1378 3606 9189 10
9788 7117 11255 10
1733 9190 9229 10
267 8081 10721 10
3242 266 10721 10
6453 5376 6454 10
3427 7158 11705 10
6998 5971 11073 10
6699 8097 9817 10
6435 10161 11956 10
7868 226 12107 10
10096 5703 12309 10
6036 5613 6942 10
3262 272 10724 10
1213 8345 11678 10
9191 1765 9315 10
1346 2924 9319 10
6710 6709 6711 10
6949 9396 11474 10
9680 10433 11889 10
5393 6587 11927 10
1793 8373 11677 10
10052 10507 11876 10
6277 6276 6278 10
1233 3607 9195 10
1878 9199 9322 10
9513 6612 11503 10
4539 4542 9771 10
9200 1620 9325 10
1491 2895 9236 10
4258 4261 9774 10
1946 2804 11680 10
5828 7294 10926 10
4309 4312 9775 10
6019 6017 8589 10
4424 4427 9776 10
1088 3608 9283 10
2792 2007 9331 10
3245 317 10728 10
318 8022 10728 10
1104 3595 9237 10
9204 1475 9238 10
1636 2866 9239 10
3414 535 8325 10
1308 8502 11676 10
7211 3324 11646 10
3328 7258 9765 10
7370 7367 7426 10
3287 2206 11660 10
2821 1862 9336 10
6723 5081 7733 10
2207 8446 11660 10
1249 3596 9242 10
2710 2711 9820 10
2951 1212 11678 10
9633 9563 10273 10
8556 1610 11675 10
9207 1330 9340 10
1781 2837 9343 10
6694 5027 7896 10
6697 5277 7917 10
4132 4135 9779 10
369 8011 10731 10
3231 368 10731 10
8571 1320 11674 10
6997 7143 9469 10
72 3314 9757 10
2835 1792 11677 10
2850 1717 9243 10
1394 3597 9244 10
6562 6561 6563 10
6296 6294 6403 10
9211 1185 9247 10
1926 2808 9249 10
7345 3226 12419 10
4917 7289 10047 10
6557 6043 11924 10
186 187 9780 10
6695 6694 7102 10
6249 6245 9607 10
2879 1572 9357 10
1539 3598 9251 10
5744 5746 5985 10
6685 5057 7501 10
9216 1040 9359 10
3599 1959 9253 10
2963 1152 9220 10
4841 5327 7205 10
6036 7148 8934 10
3195 323 10737 10
6256 6258 7151 10
8074 7721 10803 10
2908 1427 9361 10
1684 3600 9260 10
6237 6235 6238 10
11617 6649 11999 10
5438 5664 10751 10
6275 10591 11958 10
3236 9505 10756 10
7331 3276 12032 10
6275 6274 6276 10
80 81 9824 10
2932 1307 11676 10
9650 10439 11760 10
6726 7047 12357 10
3601 1814 9263 10
4244 4247 9781 10
2934 1297 9222 10
4525 4528 9782 10
2937 1282 9265 10
1829 3602 9267 10
5988 6788 10756 10
8104 4752 11370 10
3603 1669 9269 10
1611 2871 11675 10
2905 1442 9224 10
5791 5789 9699 10
6775 6774 12362 10
2966 1137 9365 10
1321 2929 11674 10
4118 4121 9787 10
1974 3604 9277 10
3189 10453 12183 10
6662 6663 6664 10
3609 1055 9302 10
8186 5851 10823 10
6358 6356 9676 10
9881 5930 12289 10
10791 10532 12067 10
3605 1524 9278 10
2876 1587 9225 10
3150 10059 11900 10
1911 2811 9226 10
3610 1200 9228 10
8887 4081 9741 10
6645 8819 11120 10
395 396 10763 10
6640 5041 7805 10
3606 1379 9279 10
6135 6934 6935 10
2847 1732 9229 10
6292 6290 6405 10
7214 7215 11784 10
6229 6228 6230 10
8206 5494 10795 10
6514 5008 9740 10
1766 2840 9315 10
9484 9562 12126 10
3611 1345 9319 10
11157 8816 12241 10
3273 374 10757 10
62 7262 10684 10
7209 3312 10759 10
5803 5801 9649 10
3607 1234 9280 10
5912 8560 8561 10
2818 1877 9322 10
3121 7556 11808 10
6449 11091 11092 10
1621 2869 9325 10
4437 6689 12464 10
3612 1490 9236 10
10125 3692 10518 10
6701 6704 6872 10
6621 5030 7435 10
6099 9160 11263 10
7649 7647 10874 10
3608 1089 9281 10
2008 3613 9331 10
1103 9237 9284 10
4410 4413 9797 10
4295 4298 9798 10
6608 5251 7865 10
406 7224 10798 10
6273 6272 6274 10
1476 2898 9238 10
3614 1635 9239 10
6196 4905 7493 10
6604 5300 8001 10
6485 6484 6486 10
3253 9203 10773 10
5487 6708 10773 10
1863 3615 9336 10
7039 9893 11249 10
1248 9242 9287 10
6534 6232 10786 10
2129 2715 11685 10
6587 5166 7742 10
7849 7966 9806 10
6725 6728 6870 10
1331 2927 9340 10
3616 1780 9343 10
5347 6875 9948 10
3324 10783 11646 10
6737 11080 11081 10
6183 5870 11439 10
5445 5638 10777 10
1718 3617 9243 10
4994 9288 9644 10
1393 9244 9289 10
6983 3981 11606 10
4230 4233 9811 10
10402 10404 11823 10
4626 4629 9812 10
1186 2956 9247 10
6971 6972 6973 10
3618 1925 9249 10
3037 10125 10518 10
9285 6833 11441 10
5373 6134 9823 10
6244 6242 11525 10
1573 3619 9357 10
6198 4904 7811 10
1538 9251 9291 10
3214 8186 10823 10
9852 11767 12120 10
10229 6401 12180 10
5987 5586 10782 10
5585 6116 10782 10
6784 6783 11957 10
3277 8074 10803 10
3224 97 10771 10
98 8070 10771 10
1041 2985 9359 10
9253 1960 9397 10
5865 9474 11493 10
1151 2963 9399 10
6086 7963 10784 10
5596 6157 10784 10
6065 7421 10785 10
5598 6457 10785 10
382 3207 9813 10
8958 2128 11685 10
6216 6217 10122 10
4997 4917 10679 10
9691 3372 10749 10
5371 6148 9830 10
1428 3620 9361 10
1683 9260 9292 10
6271 6268 6272 10
8038 6269 11458 10
6554 5067 7551 10
4104 4107 9822 10
6975 6976 6977 10
8280 5993 11148 10
9263 1815 9293 10
1296 2934 9296 10
6842 6841 12378 10
6288 6286 6410 10
3116 148 10778 10
149 8084 10778 10
5815 5813 9645 10
5656 7044 7045 10
4281 4284 9823 10
7955 7992 10792 10
1283 3621 9265 10
1828 9267 9298 10
6552 5098 7685 10
5797 5795 9717 10
6547 5265 7918 10
5365 6146 9826 10
5496 6648 10795 10
5122 7601 12330 10
6467 5918 11919 10
1441 2905 9412 10
4511 4514 9826 10
3237 8206 10795 10
200 3272 10781 10
10268 10263 12179 10
6543 5074 7695 10
7242 3223 10798 10
5950 9561 9562 10
1138 3622 9365 10
6182 5655 10802 10
1973 9277 9301 10
1054 3609 9303 10
7337 11711 12032 10
3953 3954 10800 10
3957 4796 10800 10
3101 10159 10502 10
6669 6668 6670 10
5657 6944 10802 10
6206 4903 7550 10
9278 1525 9305 10
1586 2876 9307 10
7061 6876 12059 10
7118 7113 11908 10
7721 7719 10803 10
6209 4901 7856 10
231 232 10556 10
5345 6144 9822 10
2811 1912 9420 10
1199 3610 9309 10
6226 10506 12385 10
6441 5036 7428 10
104 3206 10790 10
3420 103 10790 10
4396 4399 9830 10
5989 5845 12339 10
9279 1380 9422 10
5336 6155 9812 10
1731 2847 9312 10
7160 9282 12270 10
404 3223 10793 10
3418 403 10793 10
8423 6707 10991 10
7103 4712 10858 10
6717 6718 6719 10
10203 9114 10451 10
5353 6150 9811 10
6443 4899 7777 10
2840 1767 9317 10
1344 3611 9320 10
7585 7584 12153 10
10009 5953 11693 10
5459 5630 10812 10
9280 1235 9321 10
1876 2818 9323 10
7175 3222 11636 10
5983 5837 12371 10
7067 4755 10705 10
11220 10546 11785 10
7499 6940 12282 10
6931 8965 10827 10
9131 6918 11396 10
6763 10859 10889 10
2869 1622 9431 10
1489 3612 9327 10
6104 6103 12451 10
6751 6754 6930 10
6540 11294 11295 10
10279 6074 11871 10
5840 7042 7225 10
9281 1090 9329 10
6811 11197 11420 10
3613 2009 9330 10
2973 1102 9284 10
9403 5848 9404 10
10159 3831 10502 10
11229 9571 12510 10
6935 11086 12222 10
6576 6575 6577 10
2898 1477 9332 10
1634 3614 9335 10
6259 6938 10822 10
5131 5667 9461 10
6269 6261 10822 10
8018 6427 12391 10
3223 405 10798 10
5966 5731 12417 10
6497 5194 7798 10
5390 5389 9838 10
3615 1864 9338 10
2944 1247 9287 10
6495 5169 7746 10
2927 1332 9341 10
7081 7078 7082 10
1779 3616 9345 10
202 203 10823 10
7862 7938 10829 10
3118 7283 10601 10
7283 6016 10601 10
1978 9064 11686 10
6544 6543 11627 10
6420 6282 9837 10
3617 1719 9346 10
2915 1392 9289 10
6284 6282 6420 10
9377 3388 11809 10
6482 5037 7824 10
2956 1187 9347 10
1924 3618 9350 10
7165 6695 7166 10
5953 5715 12445 10
3246 7442 12041 10
3619 1574 9352 10
2886 1537 9291 10
5651 5653 9833 10
9689 5819 10424 10
6223 6221 6224 10
6463 5243 7884 10
7571 7570 10849 10
2985 1042 9448 10
1961 2801 9397 10
2925 9370 9371 10
3623 1150 9399 10
3804 10602 10825 10
5475 5691 10852 10
6404 6377 9786 10
6121 5821 9686 10
6375 6409 9786 10
3620 1429 9360 10
4202 4205 9832 10
5483 6136 10854 10
6940 5481 10854 10
2857 1682 9292 10
10142 12048 12513 10
6379 6404 9789 10
6407 6381 9789 10
3218 180 10046 10
180 181 10046 10
1816 2830 9293 10
3624 1295 9296 10
414 415 9874 10
3621 1284 9363 10
2828 1827 9298 10
9824 6515 11713 10
206 3233 10841 10
5329 6174 9797 10
5338 6171 9798 10
5128 7663 10048 10
3625 1440 9412 10
6248 6245 6249 10
3622 1139 9364 10
2799 1972 9301 10
1053 9303 9367 10
6085 5469 12414 10
7647 5408 10874 10
7584 5488 10875 10
5490 6124 10875 10
6506 5940 11952 10
2711 2712 3850 10
1526 2888 9305 10
3626 1585 9307 10
5521 5520 10882 10
235 8096 10855 10
3246 234 10855 10
6898 7107 12430 10
7019 8168 11820 10
276 277 9856 10
1913 3627 9420 10
1198 9309 9369 10
5826 8397 10716 10
6913 7169 9172 10
4982 5014 6674 10
4564 4566 10897 10
378 379 9857 10
6627 8578 12368 10
3227 183 10862 10
3316 70 11024 10
6977 6978 6979 10
9500 9300 9502 10
1381 2917 9422 10
327 328 9858 10
3628 1730 9312 10
133 3423 10864 10
3111 132 10864 10
7204 3336 11667 10
5316 6180 9787 10
1768 3629 9317 10
7562 7563 10912 10
6876 7748 10912 10
9316 6803 11308 10
1343 9320 9370 10
5166 5167 12271 10
6891 6890 6892 10
6334 6402 9800 10
6408 6336 9800 10
184 8099 10862 10
5340 6178 9782 10
1236 2946 9321 10
3630 1875 9323 10
7148 7147 11962 10
6269 8038 11666 10
6103 11122 11123 10
4073 6958 10826 10
3929 3931 10970 10
2798 1977 11686 10
10207 5740 11749 10
1623 3632 9431 10
3864 3866 9792 10
10398 3169 11856 10
1488 9327 9462 10
331 3243 9865 10
8557 2871 11792 10
8904 6478 9065 10
1091 2975 9329 10
9232 9233 11604 10
9555 8420 12405 10
9330 2010 9464 10
6999 8899 10851 10
1101 2973 9467 10
5579 5576 11001 10
6091 5610 12529 10
6402 6332 9808 10
6330 6406 9808 10
1478 3633 9332 10
1633 9335 9378 10
6582 7282 9526 10
8009 3355 12054 10
7226 5227 7825 10
7107 7032 7108 10
6704 6703 12408 10
5139 5448 6958 10
9338 1865 9473 10
1246 2944 9381 10
5961 8238 11997 10
6993 6992 9115 10
8091 5599 11691 10
6735 6733 12110 10
5324 6194 9781 10
11768 9987 12527 10
1333 3634 9341 10
1778 9345 9384 10
2922 9527 12277 10
8219 6592 11152 10
8449 6184 11111 10
9346 1720 9387 10
1391 2915 9388 10
7029 7028 7065 10
6457 8092 11991 10
11441 7097 11442 10
1188 3635 9347 10
1923 9350 9482 10
5592 5582 11101 10
6541 6540 8195 10
9352 1575 9393 10
1536 2886 9488 10
9643 7287 10676 10
439 3366 11023 10
9496 10554 11953 10
1043 3636 9448 10
2801 1962 9395 10
1149 3623 9398 10
3607 9280 10469 10
9360 1430 9401 10
1681 2857 9494 10
6566 9210 11319 10
3108 10558 12254 10
2830 1817 9402 10
5926 7980 11224 10
1294 3624 9408 10
6969 6970 6971 10
10590 10589 10591 10
9363 1285 9409 10
1826 2828 9503 10
7186 6752 11886 10
3250 7404 10713 10
5503 5423 9895 10
8246 8245 11957 10
3859 3857 6044 10
2859 1672 9506 10
1439 3625 9411 10
6278 6276 6427 10
12309 10131 12519 10
5306 6458 9775 10
9364 1140 9511 10
162 3190 9894 10
1971 2799 9515 10
2983 1052 9367 10
2888 1527 9414 10
6984 10797 10969 10
1584 3626 9415 10
8468 6978 10914 10
340 3250 10713 10
10278 10280 12143 10
3627 1914 9417 10
2954 1197 9369 10
3693 10333 10440 10
5833 6152 9930 10
5076 6499 9776 10
5135 5672 9019 10
2917 1382 9521 10
1729 3628 9423 10
3312 7268 12096 10
6844 6843 6845 10
8428 8427 12064 10
9671 5869 11320 10
5394 6936 10740 10
6813 9509 11920 10
6860 6481 6941 10
5409 6759 6760 10
3629 1769 9425 10
2925 1342 9370 10
211 212 11314 10
10333 3131 10440 10
9532 7126 11490 10
5100 6517 9779 10
5267 6504 9771 10
7192 7191 11863 10
9145 10750 12261 10
4171 4173 9537 10
2946 1237 9426 10
1874 3630 9429 10
8044 3350 9902 10
5069 6525 9774 10
3222 7175 12503 10
10485 10486 10487 10
6947 6582 9526 10
3632 1624 9430 10
2896 1487 9462 10
7084 6790 9707 10
1359 3435 11831 10
2975 1092 9433 10
2011 2758 9464 10
154 155 11340 10
3637 1100 9467 10
3230 195 11320 10
4477 4479 11370 10
6907 6906 6908 10
9182 9181 10204 10
3633 1479 9435 10
2867 1632 9378 10
10137 10136 10138 10
4822 3901 10804 10
10765 6207 12077 10
9839 10616 12254 10
8181 6762 10904 10
9536 6729 11562 10
5372 6050 8883 10
5073 5072 11025 10
1866 2820 9473 10
6682 5330 6683 10
3638 1245 9381 10
10219 10220 10221 10
4937 5607 12497 10
7121 3664 10606 10
3634 1334 9440 10
6480 6479 6481 10
2838 1777 9384 10
4774 7154 11697 10
75 3297 10847 10
10495 7152 10496 10
1721 2849 9387 10
10375 3013 10490 10
3639 1390 9388 10
3349 10772 11670 10
3635 1189 9442 10
2809 1922 9482 10
6999 5967 8899 10
4592 4594 11434 10
7365 7942 11438 10
3336 7204 11841 10
9634 9633 10275 10
8014 7365 11438 10
1576 2878 9393 10
3640 1535 9488 10
6564 9548 11481 10
49 3351 11389 10
3336 48 11389 10
11160 9705 11694 10
8538 8447 10053 10
7076 7081 12124 10
280 3263 9912 10
3636 1044 9444 10
1963 3641 9395 10
139 3112 11398 10
3421 138 11398 10
1148 9398 9449 10
413 3315 11574 10
6447 6446 6448 10
4362 4364 11467 10
9269 1670 11602 10
1431 2907 9401 10
3642 1680 9494 10
6792 9565 11508 10
5432 5431 9925 10
9754 10898 11716 10
247 3270 11421 10
1818 3643 9402 10
1293 9408 9451 10
237 238 9924 10
8197 10928 12461 10
7117 7118 11385 10
9980 5966 11661 10
1286 2936 9409 10
3644 1825 9503 10
3828 10375 10490 10
2799 9301 10588 10
3274 189 11445 10
9446 9445 12132 10
5352 6094 10719 10
7069 7068 7070 10
1673 3645 9506 10
1438 9411 9547 10
6705 6704 12408 10
10133 3075 12376 10
3394 461 11458 10
462 8038 11458 10
10017 9677 11435 10
10202 9114 10203 10
1141 2965 9511 10
3646 1970 9515 10
1051 2983 9553 10
6821 5358 6822 10
7026 11910 12320 10
8471 8607 11805 10
3217 7280 11577 10
1528 3647 9414 10
3426 10874 11682 10
1583 9415 9558 10
241 3232 11477 10
5253 6579 9759 10
9417 1915 9453 10
1196 2954 9454 10
6274 6272 6413 10
6461 6460 6462 10
5032 6585 9758 10
6104 7226 11684 10
8931 7038 11194 10
10258 9718 10259 10
6316 6314 9756 10
1383 3648 9521 10
298 3194 11491 10
1728 9423 9568 10
1670 1671 11602 10
287 288 11523 10
10383 10381 12443 10
7040 7041 10841 10
9425 1770 9457 10
109 110 11535 10
1341 2925 9460 10
5043 6628 9755 10
8329 6936 12186 10
4049 7678 9948 10
292 3259 11500 10
8663 6468 10987 10
6820 6819 7236 10
6257 6255 9946 10
9855 9854 10831 10
8753 5920 9663 10
1238 3649 9426 10
362 363 9947 10
108 109 11541 10
1873 9429 9577 10
251 252 11542 10
3247 278 9944 10
6272 6268 9761 10
9966 8561 12199 10
3975 3977 9955 10
3210 8072 9965 10
9430 1625 9578 10
1486 2896 9581 10
5212 6778 9696 10
174 175 11556 10
343 3239 11528 10
5956 5954 11349 10
5400 5402 9962 10
1093 3650 9433 10
2758 2012 9466 10
1099 3637 9468 10
3083 10519 11883 10
5229 6770 9697 10
7528 5590 9965 10
3278 82 11669 10
10047 5461 10679 10
10007 3086 10501 10
7188 9589 10332 10
5704 5702 5705 10
1631 2867 9470 10
4 3361 9959 10
394 3211 11547 10
6496 6495 11573 10
5467 5465 7188 10
5945 10028 12122 10
349 3268 11549 10
6729 7150 11562 10
9087 208 11701 10
2820 1867 9471 10
8078 3111 12069 10
1244 3638 9475 10
5859 7598 9970 10
6735 8763 12196 10
8020 3381 9979 10
9440 1335 9476 10
1776 2838 9477 10
5610 6090 12529 10
5921 7134 7135 10
4972 4919 10906 10
6088 4894 12012 10
5083 6750 9736 10
2849 1722 9480 10
1389 3639 9481 10
8695 6705 10958 10
6623 6622 12491 10
1921 2809 9595 10
5435 5434 9980 10
311 312 9978 10
3813 10007 10501 10
5279 6724 9737 10
6712 9054 11269 10
5059 6732 9746 10
1671 2859 11602 10
2878 1577 9485 10
1534 3640 9487 10
8097 6698 8098 10
338 339 11590 10
5215 6700 9745 10
396 397 11593 10
400 3217 11577 10
7295 7197 10921 10
9444 1045 9599 10
3279 79 11713 10
3641 1964 9491 10
2964 1147 9449 10
5018 5624 9926 10
3832 10566 11876 10
6853 7009 12372 10
2907 1432 9492 10
1679 3642 9493 10
7268 412 11574 10
4970 4971 7092 10
3643 1819 9497 10
2935 1292 9451 10
302 303 11608 10
7799 7800 9990 10
6855 5732 12384 10
2936 1287 9498 10
5589 7868 11619 10
1824 3644 9499 10
6703 8574 10995 10
10801 1358 11831 10
10869 4764 11772 10
6138 7577 11622 10
7578 7764 11622 10
225 226 11614 10
7867 5597 11624 10
7876 7877 11624 10
9569 5362 10047 10
3645 1674 9508 10
2906 1437 9547 10
260 261 9991 10
288 289 10723 10
6411 6298 9897 10
6607 8555 10944 10
6296 6403 9897 10
8302 11074 12051 10
6095 8757 11002 10
2965 1142 9512 10
1969 3646 9514 10
3651 1050 9553 10
345 346 11628 10
3647 1529 9518 10
2877 1582 9558 10
7085 5616 11647 10
5618 6740 11647 10
7361 3231 11898 10
1916 2810 9453 10
3652 1195 9454 10
4143 4145 11611 10
12010 9334 12400 10
5643 6125 11670 10
5605 7136 11653 10
389 390 11644 10
3648 1384 9520 10
7490 7489 11843 10
2848 1727 9568 10
6011 6014 10004 10
7973 7975 11657 10
5608 6639 11657 10
1771 2839 9457 10
3653 1340 9460 10
3200 275 11632 10
3256 257 10001 10
7006 9691 10749 10
7239 7242 11797 10
3241 231 10556 10
3261 326 11635 10
3222 377 11636 10
6263 6269 11666 10
3649 1239 9524 10
6944 5660 11667 10
5662 7204 11667 10
2819 1872 9577 10
12141 9992 12429 10
3268 8603 11549 10
6589 6462 7051 10
3706 10287 11889 10
7330 7324 11711 10
5611 6551 11672 10
7449 7962 11672 10
7174 6599 10587 10
210 211 11659 10
158 159 10008 10
1626 2868 9578 10
3654 1485 9581 10
294 295 11661 10
5443 5442 10009 10
7778 7722 11683 10
3650 1094 9528 10
353 354 11668 10
5122 5945 12348 10
9466 2013 9531 10
11096 8320 11952 10
1098 9468 9616 10
8262 5997 8264 10
11023 6154 12060 10
11172 6860 11173 10
5799 5797 10260 10
3655 1630 9470 10
6105 6104 12451 10
5599 5498 11691 10
1868 3656 9471 10
1243 9475 9618 10
10028 5122 12330 10
4612 4774 11697 10
4608 4609 11697 10
11330 3333 12244 10
6008 5345 12423 10
1336 2926 9476 10
6226 9974 10506 10
3657 1775 9477 10
7544 3122 11704 10
7158 5631 11705 10
7102 4764 10869 10
7324 7325 11711 10
6994 8522 10608 10
6403 6294 9909 10
1723 3658 9480 10
9351 6051 11356 10
1388 9481 9535 10
10848 5931 11821 10
6292 6405 9909 10
243 244 11693 10
5013 7239 11797 10
7689 7690 11720 10
3659 1920 9595 10
9735 3316 11938 10
5444 5437 11422 10
5634 6830 11724 10
7095 5632 11724 10
3314 73 12046 10
7123 7080 10787 10
1578 3660 9485 10
3673 9996 10175 10
1533 9487 9538 10
6528 6526 11811 10
3325 10684 11643 10
10105 10022 10973 10
3774 10334 11900 10
1046 2984 9599 10
9491 1965 9539 10
1146 2964 9540 10
9673 5822 11571 10
209 3220 11701 10
9996 3088 10175 10
354 355 11729 10
1433 3661 9492 10
3122 157 11704 10
1678 9493 9543 10
10013 9142 12361 10
9988 6581 10951 10
3263 281 11707 10
3082 10126 11911 10
10466 10465 10974 10
10362 9717 11942 10
7396 7391 11781 10
9497 1820 9625 10
1291 2935 9545 10
3728 10449 11940 10
9757 6797 11024 10
8195 6540 11295 10
8059 5760 11903 10
5941 8550 10853 10
7801 9087 11701 10
6420 12325 12429 10
1288 3662 9498 10
4774 7371 11715 10
1823 9499 9546 10
4764 4578 11772 10
11536 6676 11537 10
10800 4796 11943 10
7258 7257 12276 10
9034 5706 9979 10
9508 1675 9624 10
1436 2906 9549 10
3243 332 11737 10
5363 4934 11797 10
6850 6849 11761 10
7880 7861 11780 10
6671 9778 12291 10
7391 7392 11781 10
3260 8090 10829 10
1143 3663 9512 10
6050 9187 11268 10
1968 9514 9550 10
1049 3651 9552 10
3943 3945 11787 10
6236 9875 10627 10
1581 2877 9556 10
4392 4395 11929 10
3194 9275 11491 10
7036 8475 10949 10
8946 351 12007 10
5830 5708 5831 10
6937 10118 12528 10
303 304 11779 10
3207 383 11762 10
6645 6553 11914 10
2810 1917 9559 10
6244 11525 11906 10
10594 11832 12034 10
1194 3652 9564 10
6624 9246 11287 10
6657 6656 6658 10
9925 5983 11628 10
9520 1385 9620 10
1726 2848 9566 10
6157 8035 12000 10
6083 7049 7050 10
10521 11520 12512 10
2839 1772 9570 10
8418 6836 11003 10
1339 3653 9572 10
7540 7364 11814 10
9006 9095 11251 10
6767 6766 12461 10
1871 2819 9574 10
7474 7468 11835 10
7053 8700 12042 10
6405 6290 9945 10
6825 11459 11460 10
7151 6258 7152 10
6288 6410 9945 10
2868 1627 9580 10
11091 6840 11124 10
1484 3654 9583 10
7468 7469 11835 10
252 253 11813 10
7231 6777 11818 10
4081 7306 9741 10
9528 1095 9586 10
2974 1097 9616 10
3225 329 10043 10
221 3234 11803 10
2897 1482 9615 10
1629 3655 9613 10
113 3121 11808 10
7083 5909 10046 10
7350 7351 11861 10
5593 5992 11278 10
2014 3414 9531 10
6377 6375 9786 10
3656 1869 9611 10
2945 1242 9618 10
6381 6379 9789 10
6881 6880 6882 10
2926 1337 9590 10
9093 6456 11511 10
4750 4376 12511 10
7911 5669 11881 10
2040 2041 11649 10
7063 11450 11451 10
3345 448 11830 10
7175 6038 12503 10
6037 7284 12503 10
3341 7246 11788 10
7940 5676 11888 10
193 194 10049 10
3658 1724 9591 10
5678 7772 11890 10
2916 1387 9535 10
282 283 10050 10
4857 4931 10906 10
7347 5685 11898 10
7360 7361 11898 10
47 3336 11841 10
3332 46 11841 10
527 2 11877 10
2 529 11877 10
215 3212 11843 10
5813 5811 10595 10
2955 1192 9594 10
7532 3206 12481 10
1919 3659 9610 10
3951 3953 11910 10
3660 1579 9596 10
2887 1532 9538 10
7195 11548 12506 10
6271 10093 11741 10
10867 10284 12001 10
5213 7804 12274 10
5868 7743 11936 10
4809 4292 12446 10
5724 7701 11939 10
2984 1047 9600 10
1966 2800 9539 10
7135 6785 11836 10
360 361 12484 10
1145 9540 9608 10
7198 9627 12379 10
4101 4103 11959 10
8787 6785 11193 10
3270 9588 11421 10
3661 1434 9601 10
4507 4510 11963 10
5789 5787 10217 10
2858 1677 9543 10
3979 3981 12416 10
7729 5714 11975 10
6590 7651 11981 10
3155 11992 12336 10
5805 5803 11760 10
5851 5695 11987 10
6169 7887 12393 10
9686 9688 12183 10
1821 2829 9625 10
1290 9545 9605 10
10912 7563 12129 10
129 3425 12490 10
3113 128 12490 10
3206 105 12481 10
106 8082 12481 10
1096 2974 9586 10
1483 9583 9615 10
9580 1628 9613 10
1870 9574 9611 10
1338 9572 9590 10
1725 9566 9591 10
1386 2916 9620 10
1193 9564 9594 10
9559 1918 9610 10
1580 9556 9596 10
1048 9552 9600 10
2800 1967 9550 10
3663 1144 9608 10
1435 9549 9601 10
1676 2858 9624 10
2829 1822 9546 10
3662 1289 9605 10
4784 4269 12028 10
3428 122 11915 10
123 3115 11915 10
7637 7619 12352 10
7442 5874 12041 10
5873 7100 12041 10
6118 6119 6120 10
4257 6810 12489 10
7498 7499 10062 10
5927 9223 11368 10
4776 4219 12052 10
7090 5898 12056 10
5897 7083 12056 10
6996 5856 12069 10
7204 5736 12071 10
2065 2066 11655 10
6413 9761 12172 10
6915 6911 12097 10
4761 4093 12258 10
5817 9648 10424 10
3421 11398 12352 10
217 218 12029 10
55 56 11950 10
4760 7088 12274 10
6336 6334 9800 10
11146 6631 11789 10
245 246 12040 10
7232 4767 10897 10
398 399 12332 10
117 118 12059 10
164 3422 12420 10
3190 163 12420 10
3226 392 12419 10
142 143 10065 10
7061 118 11837 10
3216 198 11979 10
166 167 12082 10
8017 8018 12391 10
8092 249 11991 10
250 3204 11991 10
3250 341 12404 10
6604 12259 12440 10
226 227 12107 10
219 220 12282 10
301 3254 12000 10
8035 300 12000 10
352 3244 12007 10
296 297 12121 10
115 116 12129 10
10762 7000 12175 10
347 348 12240 10
5933 11289 11290 10
168 169 12153 10
3293 12100 12331 10
175 176 12204 10
3249 290 12374 10
10753 8460 12440 10
3214 204 12025 10
6410 6286 9992 10
6116 8946 12007 10
3208 239 12351 10
3386 8060 11978 10
11928 8503 12293 10
6103 6102 12437 10
6284 6420 9992 10
8018 3331 12325 10
2735 2185 11028 10
3381 437 12060 10
10926 7294 11864 10
6617 5981 11311 10
6753 7186 8768 10
6474 6475 6476 10
3303 8949 9733 10
7119 9091 11300 10
6619 6620 9870 10
6211 9379 11414 10
6332 6330 9808 10
5672 5673 6113 10
11202 6101 11203 10
6520 9048 11221 10
6982 6967 10962 10
4131 6809 12492 10
4074 7299 9725 10
333 334 10071 10
3121 114 10068 10
6924 6923 6925 10
6960 5448 12018 10
6212 6213 6214 10
6671 6670 6672 10
8925 8547 12044 10
6471 6470 12344 10
2206 2207 11660 10
6598 6599 6600 10
7098 8511 11501 10
3248 8014 11438 10
91 92 10072 10
4280 9716 12243 10
3277 10803 11653 10
5963 5342 12096 10
6531 11777 11824 10
3249 7482 10723 10
6633 8274 11154 10
7294 4972 11864 10
83 7271 11669 10
8153 6066 11671 10
289 3249 10723 10
3071 10011 10533 10
9099 7087 11304 10
6771 6772 12410 10
6466 5698 11736 10
8738 7252 12100 10
1320 1321 11674 10
1610 1611 11675 10
1307 1308 11676 10
11353 9150 11586 10
6454 6455 6456 10
1792 1793 11677 10
3232 242 10314 10
1212 1213 11678 10
3731 10017 10194 10
5890 4970 6943 10
7307 4043 10581 10
10284 3720 12001 10
10017 3139 10194 10
1945 1946 11680 10
6762 6071 10879 10
5463 5462 11262 10
7591 4787 9886 10
3081 10098 11944 10
3252 308 10457 10
6102 6101 12437 10
6979 6980 6981 10
9222 7169 11866 10
10244 3076 12380 10
384 385 10517 10
10011 3842 10533 10
1977 1978 11686 10
9081 9080 12097 10
7274 7273 10842 10
8036 3333 11330 10
7052 5915 11763 10
10479 7171 11847 10
6865 9104 11311 10
7585 169 11807 10
6975 6983 11606 10
7289 9569 10047 10
7100 5937 10556 10
10393 10677 11976 10
9895 5989 11593 10
7586 10070 12038 10
5629 5620 11658 10
11349 5954 12311 10
6766 6765 12461 10
10314 5953 12445 10
3318 9679 10926 10
6016 7659 10601 10
9678 9677 10017 10
7088 10970 11868 10
3229 380 10586 10
10811 2873 12231 10
433 434 10662 10
6282 6280 9837 10
5933 9258 11821 10
9435 1480 11727 10
2128 2129 11685 10
8415 6978 11834 10
3235 8999 10812 10
170 3228 11807 10
339 340 10713 10
5500 7223 12289 10
7499 220 11803 10
10367 3723 12298 10
6630 5976 11605 10
8540 6985 8615 10
5362 5461 10047 10
6227 6225 6228 10
10706 9876 12003 10
9442 1190 11731 10
190 9685 11445 10
440 441 10653 10
6627 5722 11977 10
8326 7125 11315 10
10056 3401 10240 10
4894 4682 12012 10
5419 7002 7003 10
10685 5966 12417 10
6959 6961 6962 10
9299 9298 11327 10
5405 7585 10661 10
7157 5886 11969 10
8310 6188 11164 10
11299 10234 11756 10
10293 3738 11992 10
10450 10451 12403 10
2187 3293 12331 10
11587 6653 11927 10
7545 5729 10788 10
7265 7220 10690 10
5314 6833 11586 10
6591 5854 12441 10
6147 6536 6537 10
7241 8159 12173 10
61 62 10684 10
8776 8915 11584 10
10191 3779 12403 10
10678 5363 11798 10
6990 6993 11386 10
7282 6581 9988 10
7136 6138 11556 10
10875 6124 12082 10
4687 3987 10666 10
9728 7629 11338 10
6962 6963 6964 10
5143 5869 10669 10
5944 5121 12348 10
3251 10009 11693 10
10727 5983 12371 10
6936 11064 12228 10
5574 5349 12099 10
1481 2897 11727 10
7099 6905 11783 10
10138 10460 10461 10
5869 9671 10669 10
3326 7259 12397 10
11033 6506 11952 10
10408 3713 12392 10
7224 3310 10678 10
6216 6024 6217 10
534 528 12327 10
6766 6767 7191 10
9368 6045 11643 10
9979 5705 11809 10
10974 10141 12370 10
9793 9794 10760 10
9551 11505 12287 10
50 51 10674 10
7666 4818 10682 10
8481 6476 11654 10
8267 11057 11058 10
8071 5472 10751 10
7201 6203 9509 10
7250 8980 11222 10
1191 2955 11731 10
5580 5357 12160 10
2925 9372 9460 10
5719 6835 7058 10
8999 5477 10812 10
5923 7230 7231 10
10789 6819 11352 10
11278 5992 12263 10
3201 88 10680 10
6722 6719 11058 10
6839 11488 11897 10
5426 7245 10698 10
7099 11054 11055 10
6720 10664 10696 10
8949 7208 9733 10
3422 165 10681 10
6618 11383 11384 10
8278 11148 12142 10
10639 6857 12167 10
10336 3734 12024 10
7763 7786 10683 10
6742 6156 11815 10
6511 8507 11019 10
3257 8112 10777 10
10763 5989 12339 10
7868 7867 11614 10
10033 9062 10761 10
7141 7055 10810 10
7236 10789 11369 10
3259 293 10685 10
10160 10161 10404 10
9518 1530 11673 10
9115 6992 9785 10
9394 5781 9609 10
9465 9533 11369 10
5781 9392 9609 10
4227 4229 12112 10
8318 7130 10916 10
6420 9837 12325 10
4735 8199 10703 10
375 7284 10757 10
7149 9226 9964 10
10744 10200 12183 10
10402 10401 10404 10
6627 8577 8578 10
8112 5474 10777 10
5395 4893 7298 10
3181 10747 12137 10
10111 10733 12120 10
6477 6478 12087 10
6487 11379 11463 10
9353 9355 9356 10
3520 8799 10675 10
10384 10385 10497 10
5135 5671 5672 10
9524 1240 11742 10
7033 6736 12448 10
3198 359 10689 10
6776 6775 9356 10
5951 5073 11025 10
5817 5815 12480 10
9254 6524 11337 10
9575 6193 11544 10
6298 6296 9897 10
10278 10277 10280 10
6003 8546 8547 10
3267 9664 11581 10
7346 7323 10714 10
10266 10265 10268 10
7222 8102 11986 10
10380 10381 10383 10
11907 10256 12341 10
6023 6216 10973 10
10102 7153 10385 10
3203 8033 10792 10
10236 10235 10383 10
10254 10255 10280 10
10495 10494 10497 10
10262 10263 10268 10
9708 9709 10828 10
9386 10025 11229 10
3080 10492 12009 10
10993 6730 12187 10
7284 6042 10757 10
5546 7061 10695 10
10161 3033 11956 10
5380 6610 11126 10
5421 6049 8891 10
1774 3657 11754 10
5333 6808 10044 10
3272 201 10693 10
3202 8071 10751 10
8104 11370 11793 10
6750 6751 6930 10
8711 6682 11896 10
12130 3154 12298 10
6724 6725 6870 10
10004 6014 11651 10
6963 8738 12447 10
5835 5836 12245 10
5623 5426 10698 10
9041 6099 11263 10
1531 2887 11673 10
8421 8499 10903 10
9664 5843 11581 10
5425 7724 10700 10
5722 6626 11977 10
1241 2945 11742 10
6700 6701 6872 10
3773 10294 12008 10
10361 10362 11942 10
9570 1773 11754 10
3134 10213 11949 10
10300 11623 11902 10
10337 10338 11923 10
8703 6507 11134 10
10325 10324 11945 10
7556 7555 11808 10
11202 8732 12437 10
5948 6035 6087 10
6803 6002 11307 10
11496 11497 12462 10
10870 6808 10901 10
8713 6850 10957 10
3258 7481 12115 10
6365 6363 10687 10
10591 10611 10612 10
6156 6742 6743 10
10854 6136 12029 10
5430 5428 10707 10
6294 6292 9909 10
5010 7273 7274 10
459 460 10704 10
5131 5666 5667 10
10479 10478 10555 10
10798 7224 11798 10
10880 7635 12006 10
7404 7390 10713 10
3124 160 10709 10
10044 8137 10913 10
8761 6742 11189 10
5861 5864 10711 10
3205 9421 10852 10
9145 9144 10750 10
530 3327 9809 10
7091 6710 10996 10
6607 10944 10945 10
8076 3427 11705 10
390 391 10714 10
6851 8405 11761 10
6087 6088 7121 10
10574 10575 10576 10
5976 6678 11605 10
3255 9980 11661 10
8429 5999 12064 10
8689 6480 12457 10
7210 9314 11346 10
3961 7193 11829 10
10935 3854 10936 10
9436 2897 11411 10
6202 4809 12446 10
10552 10553 10555 10
5449 6109 10924 10
6578 6577 11591 10
5334 8285 11015 10
3218 10046 11683 10
2932 8503 11928 10
5010 7272 7273 10
6425 6365 10687 10
3766 10209 10417 10
6476 6475 11654 10
6691 6690 11854 10
3126 10227 10291 10
532 533 3847 10
7047 6761 10866 10
3374 54 10717 10
6887 6882 11696 10
3744 10238 10427 10
3046 10093 10484 10
5892 5895 10720 10
3196 8077 10882 10
11286 6624 11287 10
3788 10373 10374 10
9869 10298 12407 10
10185 3724 10442 10
5636 5625 11692 10
6242 10749 11525 10
7482 7463 10723 10
9854 9853 11292 10
266 267 10721 10
8998 6734 10739 10
1480 1481 11727 10
10213 6085 11949 10
10584 3077 12402 10
10572 10571 10576 10
272 273 10724 10
6106 5414 7171 10
8782 5473 11679 10
8543 8003 10708 10
5318 6800 12072 10
3702 10525 10526 10
10961 6982 10962 10
3212 216 10725 10
3969 7586 12038 10
9005 9006 11251 10
1190 1191 11731 10
6628 6629 12323 10
6290 6288 9945 10
4831 5166 12271 10
3239 344 10727 10
8708 6968 11612 10
6749 5991 11540 10
10074 6917 11448 10
7048 6069 11487 10
10146 7163 12525 10
3858 3859 3860 10
119 3118 11837 10
10093 6271 11853 10
9837 8018 12325 10
9182 10420 10595 10
317 318 10728 10
6048 9240 9883 10
8674 6716 11401 10
7023 7197 7295 10
10751 5664 11852 10
9846 9845 10960 10
3757 10405 10503 10
11173 6860 12465 10
6631 7167 11789 10
9847 9846 10159 10
10841 7041 12025 10
6229 7096 9976 10
8346 5961 12328 10
6928 9376 11351 10
11670 6125 11950 10
6539 6538 12367 10
5973 4912 7270 10
368 369 10731 10
10463 3049 10592 10
10878 7048 10888 10
6811 9708 11197 10
5838 8746 11679 10
11431 6793 11432 10
7163 10140 12525 10
10269 3714 12412 10
1530 1531 11673 10
3273 10757 11861 10
6529 6530 6531 10
7005 9193 11307 10
6855 8233 11170 10
6752 7168 9221 10
3801 10537 12407 10
9407 9405 11567 10
9648 10387 11664 10
6066 8155 8156 10
323 324 10737 10
6861 9077 11156 10
2436 2437 9914 10
6701 6703 6704 10
6672 6673 6916 10
3401 10055 10239 10
276 9856 11632 10
378 9857 11636 10
5783 9394 9684 10
327 9858 11635 10
7282 8852 12061 10
9992 6420 12429 10
7121 6088 7122 10
1240 1241 11742 10
9392 5779 9680 10
6286 6284 9992 10
9885 6859 10743 10
6863 6028 10758 10
7246 6220 11788 10
8956 6075 11633 10
10712 6731 11518 10
3840 12402 12415 10
6572 6573 6574 10
6217 6024 6218 10
5694 9391 11298 10
6771 6773 6774 10
6176 6177 6768 10
8753 9663 12478 10
6779 6781 6782 10
6113 5673 11848 10
1773 1774 11754 10
6782 6783 6784 10
5307 6127 11022 10
6128 4915 7243 10
11647 6740 12484 10
8912 6734 11226 10
3192 9925 11628 10
8682 6837 11077 10
8160 6501 11994 10
5472 5438 10751 10
10787 7080 12111 10
9663 8440 12188 10
3989 7596 11786 10
4712 6768 10858 10
6240 7006 10749 10
8298 8297 11680 10
3117 8088 10849 10
7629 5682 11338 10
3953 10800 12320 10
1 3 12133 10
6188 8312 11164 10
3703 10228 12180 10
9421 5478 10852 10
3079 10557 12080 10
5467 7188 7189 10
3110 9728 11338 10
6704 6705 6706 10
3210 9965 11619 10
7208 6931 9733 10
5716 8081 12005 10
7056 4994 9644 10
3760 10409 12086 10
2912 8466 9880 10
7419 5988 10756 10
3260 10829 12005 10
3248 11438 11960 10
8345 8346 11678 10
10604 3059 12456 10
3215 8091 11691 10
8373 8374 11677 10
9762 7050 12354 10
10149 3667 10341 10
374 375 10757 10
7059 7128 7129 10
6915 10817 11168 10
6498 11777 11800 10
9443 11559 11560 10
2925 9371 9372 10
9563 5783 9684 10
9965 5590 11619 10
6593 6594 6595 10
3068 10149 10341 10
10225 5986 10226 10
7078 7079 11765 10
8502 8503 11676 10
11353 6833 11354 10
8086 3424 10880 10
8557 8556 11675 10
9562 9561 12126 10
8572 8571 11674 10
5661 5658 12436 10
6764 6765 6766 10
3211 395 10763 10
6546 8879 11244 10
6991 6990 11386 10
6736 6737 6738 10
7164 9468 10648 10
6862 8372 10696 10
9404 5848 9405 10
80 9824 11713 10
6521 6522 6523 10
3241 10556 11720 10
9229 7104 11381 10
5779 9604 9680 10
5974 5973 10998 10
3195 10737 11814 10
11449 8407 12381 10
3199 7397 12074 10
10054 534 12327 10
3849 10054 12327 10
3234 10062 11803 10
8109 11330 12244 10
9464 9465 11369 10
10777 5638 11874 10
9573 9372 12119 10
9795 6400 9957 10
8201 7075 12043 10
5502 5308 6787 10
12262 3153 12392 10
5630 7964 11905 10
5952 8776 11584 10
5760 5762 11903 10
6539 6540 6541 10
6774 6775 6776 10
6605 8460 12365 10
10596 11642 11953 10
6469 6470 6471 10
9850 9863 11794 10
7017 10800 11943 10
4782 6932 10980 10
7044 5654 7046 10
10391 3755 10392 10
4813 11386 11908 10
11494 10320 11776 10
5212 5922 6778 10
4948 5838 11679 10
9681 5444 10668 10
10852 5691 11965 10
3161 10391 10392 10
5485 5487 10773 10
10534 10535 11642 10
97 98 10771 10
5229 5924 6770 10
8140 6808 10870 10
10363 10221 10364 10
9064 9065 11686 10
10684 6112 11643 10
5417 6502 9836 10
8210 8209 11655 10
8446 8447 11660 10
8155 8154 11649 10
9634 10215 10217 10
10933 6874 10954 10
8959 8958 11685 10
5083 5733 6750 10
5474 5445 10777 10
6493 7137 10742 10
6134 6135 9716 10
9666 5829 12512 10
148 149 10778 10
5637 5627 11735 10
3275 9895 11593 10
7115 9504 11150 10
3420 10790 11890 10
6946 6774 12307 10
1010 1011 3664 10
6502 9749 11357 10
7370 9885 10743 10
2706 2707 3852 10
6092 6093 9849 10
5586 5585 10782 10
7635 7159 12006 10
199 200 10781 10
158 10008 11704 10
7963 5596 10784 10
8361 11065 11591 10
7421 5598 10785 10
7280 7281 11577 10
9944 5629 11658 10
6102 6103 6104 10
10774 8826 12238 10
10718 2837 12347 10
2709 2710 3400 10
6018 6168 10075 10
6615 6644 10869 10
6145 6815 6816 10
6192 6215 6856 10
5279 5905 6724 10
10995 8400 12408 10
11504 6000 11505 10
9169 6710 11526 10
8898 6137 10794 10
10046 5909 11683 10
5692 8022 11960 10
5059 5881 6732 10
6232 6230 10786 10
7992 5689 10792 10
103 104 10790 10
6801 9383 10375 10
10121 6216 10122 10
7670 4687 11884 10
5215 5907 6700 10
6184 8451 11111 10
403 404 10793 10
3262 10724 11780 10
6954 6782 12321 10
11870 10267 12469 10
5494 5496 10795 10
9665 5707 9666 10
11074 8263 12223 10
8251 7108 11142 10
6098 6099 6100 10
6110 10129 12308 10
10693 5851 11987 10
9784 10323 12230 10
405 406 10798 10
6185 6186 6187 10
8540 8615 12158 10
10641 3078 12409 10
531 532 7248 10
2437 2438 9982 10
3954 3957 10800 10
8472 8470 9390 10
6475 9984 11654 10
5655 5657 10802 10
6966 6969 10666 10
7137 7290 11205 10
6672 6918 9131 10
7055 8810 11016 10
8020 9979 11809 10
7047 10866 12356 10
9906 7062 12174 10
7719 5606 10803 10
282 10050 11707 10
9902 6413 12172 10
8044 9902 12172 10
7183 11297 12294 10
9902 3350 12391 10
6949 6496 11918 10
11058 6721 11059 10
155 10788 11340 10
7372 9734 12047 10
6487 6486 11379 10
6688 6009 11967 10
10241 10240 10366 10
7367 7370 12431 10
5852 4994 7056 10
6483 7244 12215 10
74 75 10847 10
9855 10831 11875 10
6798 6799 12413 10
6610 11125 11126 10
9647 9645 10388 10
1358 1359 11831 10
9119 9883 12345 10
5827 6166 12004 10
3313 10241 10366 10
11272 6049 11273 10
10812 5630 11905 10
5477 5459 10812 10
6849 6851 11761 10
8507 10809 10932 10
11178 8928 12229 10
9487 9404 9538 10
8953 7148 11962 10
5470 5641 10772 10
9675 6829 11163 10
9649 9651 10371 10
9665 9666 11520 10
6680 9085 11211 10
10463 10590 11404 10
6713 6714 6715 10
7203 6915 11168 10
9360 9401 11437 10
333 10071 11737 10
6658 6659 6660 10
12247 3710 12380 10
6528 8917 11176 10
6965 6964 6966 10
5638 7972 11874 10
607 608 10114 10
873 874 10113 10
994 995 3683 10
728 729 3063 10
752 753 3057 10
849 850 10116 10
583 584 10112 10
631 632 10109 10
897 898 10107 10
970 971 3685 10
704 705 3069 10
776 777 3051 10
825 826 10100 10
559 560 10099 10
655 656 10127 10
921 922 10130 10
946 947 3681 10
680 681 3075 10
800 801 3045 10
801 802 10094 10
679 680 10133 10
945 946 10088 10
922 923 3687 10
656 657 3081 10
558 559 3680 10
824 825 3039 10
777 778 10081 10
703 704 10080 10
969 970 10139 10
898 899 3678 10
632 633 3087 10
582 583 3677 10
848 849 3033 10
753 754 10142 10
727 728 10143 10
993 994 10144 10
874 875 3676 10
608 609 3093 10
606 607 3675 10
872 873 3027 10
995 996 10077 10
729 730 10078 10
751 752 10079 10
850 851 3689 10
584 585 3099 10
630 631 3673 10
896 897 3021 10
971 972 10147 10
705 706 10148 10
775 776 10084 10
826 827 3691 10
560 561 3105 10
654 655 3670 10
7126 7127 9533 10
920 921 3015 10
947 948 10085 10
681 682 10089 10
799 800 10090 10
802 803 3703 10
536 537 3849 10
678 679 3669 10
944 945 3009 10
923 924 10095 10
657 658 10098 10
557 558 10155 10
6261 6259 10822 10
823 824 10103 10
778 779 3716 10
702 703 3720 10
968 969 3003 10
899 900 10104 10
6925 6926 6927 10
633 634 10108 10
581 582 10111 10
847 848 10160 10
754 755 3666 10
726 727 3665 10
992 993 2997 10
875 876 10162 10
609 610 10163 10
605 606 10164 10
871 872 10115 10
996 997 2996 10
730 731 3733 10
750 751 3736 10
851 852 10117 10
585 586 10119 10
629 630 10175 10
895 896 10120 10
972 973 3002 10
706 707 3667 10
774 775 3742 10
827 828 10123 10
561 562 10177 10
653 654 10126 10
919 920 10128 10
948 949 3008 10
682 683 3668 10
798 799 3746 10
9642 9641 9643 10
803 804 10228 10
537 538 10239 10
677 678 10132 10
9687 11029 12275 10
943 944 10134 10
924 925 3014 10
8314 6994 11147 10
658 659 3671 10
556 557 3106 10
822 823 3753 10
779 780 10136 10
4229 10664 12112 10
701 702 10284 10
967 968 10141 10
900 901 3020 10
634 635 3672 10
580 581 3100 10
846 847 3758 10
6733 6735 6736 10
755 756 10299 10
725 726 10301 10
991 992 10303 10
876 877 3026 10
610 611 3674 10
604 605 3094 10
870 871 3764 10
997 998 10313 10
731 732 10320 10
749 750 10323 10
852 853 3032 10
10556 5937 11720 10
586 587 3770 10
628 629 3088 10
894 895 3679 10
973 974 10145 10
707 708 10341 10
4779 7031 11209 10
773 774 10150 10
828 829 3038 10
203 3214 10823 10
562 563 3776 10
652 653 3082 10
5043 5943 6628 10
918 919 3777 10
949 950 10354 10
683 684 10358 10
2681 2682 10389 10
2632 2633 3737 10
2583 2584 10390 10
2466 2467 3132 10
2534 2535 3149 10
2515 2516 10394 10
2485 2486 10378 10
2564 2565 3734 10
2613 2614 10398 10
2662 2663 3181 10
2700 2701 10406 10
2651 2652 10369 10
2602 2603 3166 10
2447 2448 10368 10
2553 2554 10407 10
2496 2497 3731 10
2504 2505 3743 10
2545 2546 10409 10
2455 2456 10363 10
2594 2595 3164 10
2643 2644 10361 10
2692 2693 3729 10
2670 2671 3183 10
2621 2622 10414 10
2572 2573 3727 10
2477 2478 10357 10
2523 2524 10417 10
797 798 10151 10
2526 2527 3147 10
2474 2475 3134 10
2575 2576 10348 10
2624 2625 3745 10
2673 2674 10347 10
2689 2690 10421 10
2640 2641 3725 10
2591 2592 10343 10
2458 2459 3130 10
2542 2543 3151 10
2507 2508 10427 10
2493 2494 10428 10
2556 2557 3723 10
2444 2445 3748 10
2605 2606 10434 10
804 805 3044 10
2654 2655 3179 10
2703 2704 3846 10
2659 2660 10438 10
2610 2611 3168 10
2439 2440 10340 10
2561 2562 10335 10
2488 2489 3722 10
2512 2513 3751 10
538 539 3401 10
2537 2538 10334 10
2463 2464 10440 10
7001 9185 10821 10
2586 2587 3162 10
2635 2636 10330 10
676 677 3076 10
2684 2685 3718 10
2678 2679 3185 10
2629 2630 10328 10
2580 2581 3755 10
2469 2470 10324 10
942 943 3781 10
2531 2532 10447 10
2518 2519 3145 10
2482 2483 3136 10
2567 2568 10321 10
925 926 10152 10
2616 2617 3756 10
2665 2666 10450 10
2697 2698 10317 10
2648 2649 3759 10
659 660 10154 10
2599 2600 10456 10
2450 2451 3128 10
2550 2551 3153 10
555 556 10377 10
2499 2500 10458 10
2501 2502 10308 10
2548 2549 3714 10
2452 2453 3761 10
2597 2598 10455 10
2646 2647 3177 10
821 822 10384 10
2695 2696 10453 10
2667 2668 10452 10
2618 2619 3170 10
2569 2570 10449 10
2480 2481 3763 10
2520 2521 3765 10
780 781 3050 10
2529 2530 10446 10
2471 2472 10444 10
2578 2579 3160 10
2627 2628 10300 10
2676 2677 3768 10
2686 2687 3187 10
700 701 3070 10
2637 2638 10442 10
2588 2589 3709 10
2461 2462 10441 10
2539 2540 10295 10
966 967 3682 10
2510 2511 3143 10
2490 2491 3138 10
2559 2560 10293 10
901 902 10393 10
2441 2442 10291 10
2608 2609 3706 10
2657 2658 10288 10
635 636 10397 10
2656 2657 3705 10
579 580 10156 10
2607 2608 10433 10
2442 2443 3126 10
2558 2559 3155 10
2491 2492 10429 10
2509 2510 10286 10
845 846 10401 10
2540 2541 3773 10
2460 2461 3775 10
2589 2590 10285 10
2638 2639 3175 10
2687 2688 10425 10
756 757 3056 10
2675 2676 10419 10
2626 2627 3172 10
2577 2578 10418 10
2472 2473 3700 10
2528 2529 3778 10
724 725 3064 10
2521 2522 10281 10
2479 2480 10277 10
2570 2571 3158 10
990 991 3784 10
2619 2620 10272 10
2668 2669 3699 10
877 878 10411 10
2694 2695 3189 10
2645 2646 10271 10
611 612 10412 10
2596 2597 3697 10
2453 2454 10410 10
603 604 10165 10
2547 2548 10269 10
2502 2503 3141 10
2498 2499 3140 10
2551 2552 10408 10
2449 2450 10265 10
869 870 10166 10
2600 2601 3780 10
998 999 3684 10
2649 2650 10261 10
2698 2699 3311 10
732 733 3062 10
2664 2665 3779 10
2615 2616 10399 10
2566 2567 3157 10
2483 2484 10396 10
2517 2518 10395 10
748 749 3058 10
2532 2533 3695 10
2468 2469 3694 10
2581 2582 10392 10
2630 2631 3173 10
853 854 10171 10
2679 2680 10245 10
2683 2684 10386 10
587 588 10174 10
2634 2635 3174 10
627 628 10430 10
2585 2586 10242 10
2464 2465 3693 10
2536 2537 3774 10
2513 2514 10380 10
893 894 10436 10
2487 2488 10379 10
2562 2563 3156 10
974 975 3786 10
2438 2439 3125 10
2611 2612 10233 10
7269 9765 10772 10
6943 4970 7092 10
2660 2661 3772 10
708 709 3068 10
2702 2703 10231 10
2653 2654 10372 10
2604 2605 3696 10
772 773 3052 10
2445 2446 10224 10
2555 2556 10367 10
2494 2495 3139 10
2506 2507 3142 10
2543 2544 10365 10
2457 2458 10219 10
829 830 10176 10
2592 2593 3698 10
2641 2642 10359 10
563 564 10178 10
2690 2691 3188 10
651 652 10179 10
2672 2673 3767 10
2623 2624 10218 10
917 918 10180 10
2574 2575 3159 10
950 951 3686 10
2475 2476 10212 10
2525 2526 10356 10
2524 2525 3766 10
2476 2477 3701 10
684 685 3074 10
7938 5717 10829 10
2573 2574 10353 10
2622 2623 3171 10
2671 2672 10346 10
796 797 3046 10
2691 2692 10345 10
2642 2643 3176 10
2593 2594 10344 10
805 806 10454 10
2456 2457 3762 10
2544 2545 3760 10
2505 2506 10197 10
539 540 10240 10
2495 2496 10194 10
2554 2555 3154 10
675 676 10244 10
2446 2447 3127 10
2603 2604 10192 10
941 942 10250 10
2652 2653 3704 10
926 927 3788 10
2701 2702 3323 10
2661 2662 10190 10
660 661 3080 10
2612 2613 3707 10
554 555 3688 10
2563 2564 10336 10
2486 2487 3137 10
2514 2515 3144 10
820 821 3040 10
2535 2536 10187 10
2465 2466 10331 10
2584 2585 3708 10
2633 2634 10181 10
781 782 10460 10
2682 2683 3186 10
6791 9878 10941 10
2680 2681 3754 10
699 700 10464 10
2631 2632 10186 10
2582 2583 3161 10
965 966 10465 10
2467 2468 10327 10
2533 2534 10189 10
902 903 3789 10
2516 2517 3711 10
2484 2485 3712 10
2565 2566 10322 10
636 637 3086 10
2614 2615 3169 10
5451 7249 11882 10
578 579 3791 10
2663 2664 10191 10
844 845 3034 10
2699 2700 10315 10
2650 2651 3178 10
9641 7287 9643 10
2601 2602 10193 10
757 758 10298 10
2448 2449 3749 10
2552 2553 3713 10
2497 2498 10195 10
2503 2504 10307 10
2546 2547 3152 10
2454 2455 3129 10
723 724 10302 10
2595 2596 10306 10
989 990 10470 10
2644 2645 3747 10
878 879 3792 10
2693 2694 10200 10
2669 2670 10201 10
612 613 3092 10
2620 2621 3715 10
602 603 3793 10
2571 2572 10205 10
2478 2479 3135 10
868 869 3028 10
2522 2523 3146 10
6992 7277 11409 10
999 1000 10310 10
2527 2528 10206 10
2473 2474 10211 10
2576 2577 3717 10
733 734 10319 10
2625 2626 10214 10
2674 2675 3184 10
2688 2689 3719 10
747 748 10473 10
2639 2640 10297 10
2590 2591 3163 10
854 855 3690 10
2459 2460 10296 10
2541 2542 10294 10
2508 2509 3744 10
2492 2493 3721 10
588 589 3098 10
2557 2558 10223 10
2443 2444 10292 10
626 627 3795 10
2606 2607 3167 10
5687 5601 11810 10
892 893 3022 10
2655 2656 10289 10
2712 1 12133 10
975 976 10337 10
2658 2659 3180 10
709 710 10342 10
2609 2610 10287 10
6935 8498 11086 10
6100 6101 6102 10
2440 2441 3739 10
2560 2561 3738 10
771 772 10477 10
2489 2490 10234 10
2511 2512 10235 10
2538 2539 3150 10
2462 2463 3131 10
2587 2588 10243 10
830 831 3692 10
2636 2637 3724 10
564 565 3104 10
2685 2686 10283 10
650 651 3797 10
2677 2678 10282 10
916 917 3016 10
2628 2629 3726 10
951 952 10480 10
2579 2580 10248 10
2470 2471 3133 10
2530 2531 3148 10
685 686 10481 10
2519 2520 10251 10
2481 2482 10254 10
9208 6566 11319 10
2568 2569 3728 10
795 796 10484 10
2617 2618 10276 10
2666 2667 3182 10
5686 5088 11744 10
2696 2697 3732 10
806 807 3702 10
6567 6568 6569 10
2647 2648 10257 10
540 541 10366 10
2598 2599 3165 10
674 675 3710 10
2451 2452 10262 10
2549 2550 10270 10
10146 10145 11923 10
9604 5777 9742 10
2500 2501 3730 10
940 941 3010 10
927 928 10373 10
661 662 10492 10
553 554 10376 10
819 820 10494 10
782 783 3799 10
698 699 3800 10
964 965 3004 10
5677 8011 11932 10
903 904 10498 10
637 638 10501 10
577 578 10400 10
843 844 10504 10
7129 8391 12128 10
8242 8239 8243 10
2921 8246 8352 10
758 759 3801 10
8232 8234 8353 10
6256 7151 7153 10
3472 8241 8350 10
722 723 3803 10
988 989 2998 10
384 10517 11762 10
879 880 10505 10
613 614 10413 10
601 602 10415 10
8284 2882 8287 10
867 868 10416 10
8281 3450 8297 10
1000 1001 2995 10
734 735 3805 10
3424 9628 10880 10
3467 8230 8341 10
10463 6277 10735 10
746 747 3735 10
7012 7011 7013 10
855 856 10426 10
6932 4782 11553 10
6156 6741 11815 10
589 590 10514 10
625 626 10432 10
891 892 10437 10
3276 7337 12032 10
976 977 3001 10
710 711 3740 10
770 771 3741 10
5032 5976 6585 10
8261 8264 8324 10
831 832 10518 10
565 566 10443 10
649 650 10519 10
915 916 10521 10
952 953 3007 10
686 687 3808 10
9677 10069 11435 10
6986 11316 11317 10
794 795 3809 10
807 808 10525 10
541 542 3313 10
673 674 10529 10
10666 3989 11786 10
939 940 10459 10
928 929 3013 10
3434 8238 8345 10
662 663 3750 10
11790 4750 12511 10
552 553 3107 10
818 819 3752 10
783 784 10531 10
3459 8217 8327 10
697 698 10532 10
9372 6953 12119 10
963 964 10468 10
904 905 3019 10
638 639 3813 10
576 577 3101 10
3445 8371 8373 10
842 843 3757 10
205 206 10841 10
759 760 10537 10
10758 9123 12340 10
10715 8630 12256 10
721 722 10538 10
533 534 10054 10
8296 2988 8382 10
987 988 10471 10
880 881 3025 10
614 615 3814 10
600 601 3095 10
866 867 3815 10
5253 5981 6579 10
1001 1002 10542 10
9607 6244 11906 10
3228 10661 11807 10
735 736 10546 10
745 746 10547 10
8227 2979 8322 10
856 857 3031 10
590 591 3769 10
624 625 3089 10
890 891 3771 10
977 978 10475 10
9836 6502 11710 10
711 712 10549 10
7183 9286 11296 10
769 770 10476 10
832 833 3037 10
566 567 3818 10
648 649 3083 10
914 915 3820 10
5977 10382 10877 10
953 954 10478 10
10824 8578 12159 10
687 688 10483 10
8377 8375 8647 10
5613 5138 6955 10
793 794 10485 10
7570 7569 10849 10
808 809 3043 10
542 543 10489 10
672 673 3077 10
938 939 3782 10
929 930 10490 10
3464 8335 8502 10
663 664 10491 10
551 552 10493 10
817 818 10559 10
10209 10210 12070 10
784 785 3049 10
2796 8338 8690 10
696 697 3071 10
962 963 3783 10
905 906 10500 10
2824 8260 8305 10
8263 3456 8303 10
639 640 10562 10
575 576 10502 10
841 842 10503 10
760 761 3055 10
8356 3475 8556 10
720 721 3065 10
3835 10516 10570 10
2853 8270 8272 10
986 987 3785 10
881 882 10507 10
6054 6055 10028 10
615 616 10568 10
599 600 10508 10
865 866 10509 10
5478 5475 10852 10
1002 1003 3824 10
5696 4932 7144 10
8367 3477 8571 10
736 737 3061 10
744 745 3059 10
857 858 10569 10
591 592 10511 10
623 624 10515 10
8490 8492 8734 10
889 890 10574 10
6934 6034 11869 10
5481 5483 10854 10
978 979 3826 10
5042 5972 11955 10
712 713 3067 10
6094 9344 10718 10
6972 6985 8540 10
768 769 3053 10
6447 8630 10715 10
5002 5719 11751 10
833 834 10577 10
8513 8515 8755 10
6526 6528 6529 10
567 568 10579 10
8797 7115 11150 10
647 648 10520 10
9762 6131 11228 10
5691 7996 11965 10
11760 10439 12137 10
913 914 10522 10
954 955 3787 10
688 689 3073 10
6541 9286 10729 10
792 793 3047 10
809 810 10583 10
8546 8544 8785 10
543 544 10528 10
671 672 10584 10
937 938 10530 10
930 931 3828 10
664 665 3079 10
550 551 3829 10
8618 2794 8619 10
8286 5334 10833 10
816 817 3041 10
785 786 10592 10
7179 7178 7180 10
695 696 10533 10
961 962 10534 10
234 235 10855 10
9905 11455 11913 10
906 907 3790 10
640 641 3085 10
574 575 3831 10
840 841 3035 10
10708 7241 12173 10
761 762 10536 10
9889 9802 10578 10
8597 8595 8664 10
719 720 10599 10
8496 2910 8822 10
985 986 10539 10
882 883 3832 10
616 617 3091 10
598 599 3833 10
864 865 3029 10
1003 1004 10543 10
737 738 10603 10
743 744 10604 10
9607 11906 12398 10
1009 1010 10605 10
858 859 3794 10
592 593 3097 10
3795 10431 10432 10
622 623 3835 10
888 889 3023 10
979 980 10607 10
713 714 10548 10
5668 6053 6054 10
767 768 10550 10
834 835 3796 10
8775 7207 11175 10
568 569 3103 10
183 184 10862 10
646 647 3798 10
5609 6193 11390 10
912 913 3017 10
955 956 10552 10
689 690 10609 10
5911 6603 11318 10
3515 8479 8482 10
8471 2789 8607 10
8519 3512 8590 10
791 792 10613 10
2761 8529 8579 10
3511 8535 8570 10
8458 3522 8461 10
9896 11592 11842 10
8435 3529 8667 10
810 811 3839 10
7016 7015 7018 10
544 545 3109 10
3532 8428 8684 10
3721 10428 11008 10
8419 2776 8692 10
670 671 3840 10
936 937 3011 10
931 932 10614 10
665 666 10557 10
10516 3090 10570 10
549 550 10558 10
132 133 10864 10
815 816 10617 10
786 787 3841 10
694 695 3842 10
8674 8672 8742 10
960 961 3005 10
907 908 10560 10
8291 8289 8379 10
8200 8202 8212 10
641 642 10561 10
573 574 10564 10
3544 8396 8398 10
8683 8681 8754 10
8116 2748 8117 10
839 840 10620 10
762 763 3843 10
6029 10946 11129 10
2874 8764 8913 10
718 719 3802 10
3549 8408 8814 10
984 985 2999 10
8769 2813 8770 10
3408 8137 8150 10
883 884 10566 10
8133 3406 8142 10
617 618 10567 10
597 598 10625 10
10360 10359 11942 10
863 864 10626 10
1004 1005 2994 10
3203 10792 11932 10
8131 8134 8147 10
8424 3552 8425 10
4435 4437 12464 10
738 739 3804 10
6400 9795 12236 10
742 743 3845 10
1008 1009 2992 10
859 860 10629 10
10431 3089 10432 10
8718 8715 8945 10
593 594 10630 10
8189 2742 8192 10
621 622 10570 10
8630 2900 8801 10
887 888 10571 10
8153 3411 8154 10
8603 6560 11549 10
9853 9852 10733 10
980 981 3000 10
8455 8453 8488 10
714 715 3844 10
6845 6846 6847 10
7028 7027 7067 10
766 767 3806 10
7291 6839 11897 10
8205 2726 8209 10
835 836 10632 10
10994 10758 12340 10
569 570 10580 10
645 646 10635 10
911 912 10582 10
6751 6753 6754 10
2739 8416 8446 10
956 957 3006 10
3673 10109 10110 10
6574 6951 6952 10
690 691 3807 10
7256 5941 11984 10
790 791 3810 10
5408 7535 10874 10
9628 5534 10880 10
811 812 10637 10
5488 5490 10875 10
545 546 10640 10
669 670 10585 10
8537 8539 8602 10
935 936 10642 10
932 933 3012 10
8645 2737 8653 10
666 667 3811 10
548 549 3108 10
9962 6115 11535 10
814 815 3838 10
8577 3288 8594 10
787 788 10589 10
693 694 10593 10
5452 9438 10783 10
2721 8747 8750 10
959 960 10596 10
5777 9659 9742 10
908 909 3018 10
642 643 3812 10
8411 6682 10956 10
5100 5840 6517 10
572 573 3102 10
8608 8610 8611 10
838 839 3837 10
763 764 10650 10
5520 7503 10882 10
8956 3305 8958 10
717 718 10598 10
983 984 10600 10
5847 6097 6098 10
8984 2729 8985 10
884 885 3024 10
8409 8406 8504 10
618 619 3836 10
596 597 3096 10
5595 5593 11278 10
862 863 3834 10
1005 1006 10656 10
9002 3308 9010 10
739 740 10602 10
6728 6729 6730 10
741 742 10657 10
1007 1008 10654 10
860 861 3030 10
594 595 3816 10
620 621 3090 10
8745 8743 8749 10
8706 8708 8725 10
886 887 3817 10
8739 8737 8741 10
981 982 10652 10
5069 5889 6525 10
715 716 10651 10
8397 8394 8532 10
7192 8204 12272 10
765 766 10649 10
8781 8779 8783 10
2855 8882 8884 10
836 837 3036 10
570 571 3819 10
644 645 3084 10
910 911 3821 10
2826 8890 8892 10
957 958 10647 10
3175 10297 10856 10
691 692 10646 10
9436 9435 11727 10
4767 4564 10897 10
789 790 10611 10
812 813 3042 10
546 547 3830 10
8831 8833 8843 10
11310 6617 11311 10
668 669 3078 10
8826 8824 8842 10
8216 5934 10740 10
934 935 3827 10
6177 6763 6764 10
933 934 10645 10
11015 8285 12278 10
8572 11185 11969 10
9023 11313 12302 10
667 668 10641 10
8776 2919 8915 10
6449 6448 11091 10
547 548 10616 10
2711 3850 9820 10
70 71 11024 10
813 814 10618 10
9579 6620 11469 10
9225 7001 11375 10
788 789 3048 10
9976 11572 12363 10
692 693 3072 10
9113 6814 11240 10
958 959 3822 10
10445 3700 11949 10
909 910 10636 10
8872 8870 8873 10
643 644 10634 10
9617 7209 10759 10
6882 6883 6884 10
571 572 10633 10
837 838 10621 10
9443 9442 11731 10
764 765 3054 10
8152 7185 10895 10
716 717 3066 10
982 983 3825 10
885 886 10623 10
7181 7180 7182 10
619 620 10631 10
3723 10223 11270 10
8943 8941 8944 10
595 596 10624 10
8921 8919 8950 10
861 862 10628 10
1006 1007 3823 10
740 741 3060 10
3032 10171 10172 10
8412 8410 8813 10
11227 9821 12113 10
7748 7562 10912 10
7019 7018 7020 10
8990 8992 8994 10
7265 10690 11475 10
7070 7071 7072 10
11708 9643 12518 10
9910 11358 11964 10
7217 10959 11882 10
8429 8426 8606 10
5267 5940 6504 10
6875 5722 7278 10
4836 4198 12426 10
8440 8438 8627 10
3689 10118 11956 10
4760 3929 10970 10
7183 7182 9286 10
9406 9407 9519 10
6682 8711 10956 10
8971 8969 9039 10
2807 8866 9129 10
10885 7075 10886 10
8869 2880 9135 10
11497 9355 12462 10
2791 8445 8733 10
5917 8826 10774 10
5076 5932 6499 10
8456 8459 8730 10
11381 7104 11382 10
10929 6107 11079 10
11032 6506 11033 10
8897 3562 9060 10
6044 10799 12068 10
3563 8904 9064 10
8909 3564 9066 10
5664 7448 11852 10
8469 8472 8720 10
8587 8585 8795 10
8580 8582 8790 10
8566 8568 8784 10
8392 2783 8758 10
8561 8559 8624 10
8480 8477 8691 10
9845 9844 10806 10
8486 8484 8701 10
8517 8520 8668 10
11012 9814 12205 10
1012 1013 2991 10
9898 11648 11819 10
8246 6783 8247 10
6193 9575 11390 10
6518 6520 6521 10
3196 10882 12035 10
7304 5209 11595 10
4622 4625 12092 10
9020 9022 9151 10
7305 5285 11618 10
6632 6633 6634 10
6908 6909 6910 10
5576 5574 11001 10
10833 6105 11690 10
10703 5853 12036 10
6725 6727 6728 10
8816 11236 12241 10
3327 531 7248 10
8856 7143 11752 10
2933 9081 9170 10
5347 5722 6875 10
11583 6714 12052 10
3666 10299 12048 10
7216 7260 10959 10
6706 10753 12440 10
438 439 11023 10
6892 6893 6894 10
6801 10375 10615 10
9072 9069 9110 10
7213 3318 10926 10
11279 7295 12114 10
10746 3708 11578 10
5797 9718 10260 10
6034 6948 11869 10
9234 6953 9371 10
9862 9877 11785 10
7021 7020 7022 10
5306 5991 6458 10
8736 5908 12488 10
12014 9945 12317 10
10323 9784 12460 10
3813 10562 10563 10
10547 9828 12456 10
9525 9524 11742 10
6840 11091 11899 10
3510 8717 8719 10
4987 7052 11763 10
11484 9835 12021 10
3419 9924 11349 10
9196 7145 11281 10
10810 7055 11016 10
6537 6538 6539 10
11313 9023 11586 10
9105 9107 9235 10
9117 9119 9152 10
5582 5580 11101 10
8046 12049 12062 10
7014 7013 7015 10
9121 9124 9156 10
9701 9699 10184 10
4779 4384 11941 10
9571 9570 11754 10
9134 9132 9250 10
10387 9648 12480 10
7087 9099 11253 10
6524 9768 11573 10
9930 6152 10499 10
9169 2831 9264 10
11502 10342 11893 10
7120 6999 11341 10
7110 7109 7111 10
9142 9140 9276 10
8788 3518 8789 10
2435 2436 2993 10
5890 6943 10775 10
7235 5956 11349 10
6734 8912 12098 10
3523 8806 8807 10
9793 10760 10832 10
8644 6982 10968 10
10544 5852 10846 10
9974 9975 11570 10
6595 6597 6598 10
5865 5696 9836 10
6613 6614 6615 10
10273 9563 10274 10
12049 6403 12062 10
9834 9920 11756 10
7150 6727 11332 10
12043 7076 12124 10
6471 6473 6474 10
7086 8421 10903 10
8195 9266 11296 10
8586 8588 12148 10
7177 6933 7178 10
2982 9145 9302 10
10193 10748 11576 10
7980 5712 11224 10
3828 10614 10615 10
7023 7022 7024 10
9683 7532 11651 10
9141 5903 10761 10
5324 6002 6194 10
7303 5218 11738 10
2924 9232 9319 10
10444 10445 11945 10
9405 5848 11567 10
9441 6571 11446 10
7109 7032 11215 10
8546 8785 12044 10
5734 4937 7094 10
5730 5502 12368 10
7031 4779 11215 10
9213 9211 9247 10
7302 5062 11582 10
3120 10912 12129 10
6916 6673 10752 10
10043 5636 11692 10
9677 5648 10069 10
9259 2908 9361 10
4919 4857 10906 10
10817 6915 11225 10
9646 5813 10595 10
3173 10184 10329 10
2861 10794 12251 10
3213 9780 11278 10
3543 8925 8926 10
3546 8937 8938 10
6936 5639 12186 10
7256 11099 11100 10
9838 6126 11314 10
9802 9803 10125 10
6580 6618 6619 10
6586 6631 6632 10
5340 6032 6178 10
12073 3669 12376 10
9659 5775 9770 10
5316 5995 6180 10
3567 9071 9073 10
9901 11702 11804 10
8780 8782 12209 10
6502 8160 9749 10
8245 11174 11957 10
2812 9092 9094 10
9760 6133 11110 10
9255 9253 9397 10
9123 3575 9125 10
9885 4811 11901 10
6505 6507 6508 10
9260 9262 9292 10
3213 11278 12263 10
6427 6276 12146 10
4145 7275 10752 10
10806 9844 11980 10
9147 6821 12027 10
6187 6188 6189 10
5329 5929 6174 10
11338 5682 12194 10
7301 5172 11589 10
7131 5688 12296 10
5338 5968 6171 10
3117 10849 11996 10
11810 6756 12500 10
11159 7233 11925 10
7025 7024 7027 10
2705 2267 12335 10
195 196 11320 10
6108 9373 9374 10
7088 6476 10670 10
212 3269 11314 10
10803 5606 11653 10
9275 6452 11491 10
6204 9584 11770 10
3594 9218 9219 10
3129 10363 10364 10
9272 3617 9346 10
6745 6858 6859 10
7277 6989 11615 10
3296 8854 10835 10
6934 11046 11047 10
6070 6071 6176 10
11564 6659 12028 10
11398 7639 12352 10
5919 6469 11589 10
2267 2706 12335 10
6840 9767 11124 10
6274 6413 12146 10
11011 2735 11028 10
3119 154 11340 10
8087 3110 11338 10
6676 7253 11537 10
9732 9840 11335 10
8109 6224 11330 10
10772 5641 11670 10
10595 10420 11867 10
10795 6648 11813 10
7248 9795 9957 10
4499 4501 11937 10
11817 4761 12258 10
6836 6691 11854 10
6569 6571 6572 10
11198 6899 11199 10
7102 6644 11974 10
6258 6260 12476 10
3619 9354 9357 10
9355 9352 9393 10
6820 7127 11245 10
11252 6527 11253 10
1011 1012 10672 10
4752 4477 11370 10
9595 9484 12126 10
5775 9705 9770 10
9295 2830 9402 10
9954 4749 11434 10
10204 3767 11717 10
11735 6510 12434 10
3901 3903 10804 10
9006 6651 9007 10
8707 10961 10962 10
48 49 11389 10
9334 3633 9435 10
10087 3009 10088 10
10106 3021 10107 10
3419 11349 12311 10
5803 9650 11760 10
10083 3742 10084 10
138 139 11398 10
3636 9446 9448 10
10102 3753 10103 10
9349 3635 9442 10
5871 6184 6185 10
6571 9342 11446 10
9890 9889 11698 10
5381 5963 11187 10
7248 3847 9795 10
7089 6889 12486 10
6410 12141 12317 10
10473 3058 12460 10
7152 9810 10496 10
5849 7208 10755 10
7234 8753 10966 10
7119 6456 9093 10
6901 9929 10688 10
9419 9417 9453 10
246 247 11421 10
7049 6047 12045 10
9801 9732 11335 10
9271 6657 11361 10
6127 8766 11022 10
10092 3046 10151 10
3788 10097 10152 10
9212 6821 11323 10
4749 4592 11434 10
5336 6006 6155 10
2867 9380 9470 10
4255 4257 12489 10
10312 2996 10313 10
7942 5693 11438 10
6189 6191 6192 10
2838 9386 9477 10
5353 6028 6150 10
5345 6008 6144 10
2809 9484 9595 10
6473 6471 12344 10
9509 9867 11530 10
7194 6490 11419 10
9447 9444 9599 10
6149 6989 6990 10
189 190 11445 10
8132 7014 11596 10
5627 6510 11735 10
7264 3279 11422 10
7300 5029 11630 10
9765 5470 10772 10
3702 10230 10454 10
9576 2819 9577 10
7146 7296 12229 10
6800 8104 12117 10
10326 3132 10327 10
11692 6516 12369 10
8400 10958 12408 10
10874 7535 11682 10
3713 10407 11355 10
5919 6468 6469 10
3160 10350 10418 10
10423 3187 10425 10
4129 4131 12492 10
5365 5971 6146 10
5371 5965 6148 10
7279 5952 11584 10
5915 5916 12207 10
461 462 11458 10
10326 7188 10332 10
3853 3854 10935 10
3775 10222 10296 10
10274 3756 10276 10
10226 3126 10292 10
10279 3701 10357 10
10199 3141 10307 10
10247 3768 10282 10
10267 3127 10368 10
7010 7008 7011 10
10056 10240 10241 10
7137 11205 12383 10
3711 10382 10394 10
10316 10315 10406 10
10208 3766 10356 10
10216 3171 10218 10
4754 4362 11467 10
9252 6096 11391 10
3712 10256 10396 10
10522 3820 12512 10
3129 10264 10410 10
10259 3747 10271 10
3724 10183 10330 10
9428 3649 9524 10
10237 3744 10286 10
10203 3182 10452 10
6840 7291 9767 10
6990 6992 6993 10
3118 10695 11837 10
6220 7198 11788 10
6281 10057 11722 10
9008 11579 11650 10
6743 6744 6745 10
10773 6708 11779 10
6765 10863 10894 10
10364 7124 12179 10
8160 9241 9749 10
10252 5825 10253 10
6527 10754 11216 10
10055 3401 10056 10
6897 10608 11115 10
7069 7123 12496 10
240 241 11477 10
11036 6084 11037 10
10158 3101 10400 10
10403 3757 10504 10
9499 9501 9546 10
8085 3426 11682 10
3856 11575 12050 10
8466 7167 9880 10
10168 3815 10416 10
5610 6091 6092 10
7178 6933 11553 10
11522 9551 12287 10
7137 6739 7290 10
6150 6151 10664 10
5962 8412 10730 10
5855 6592 6593 10
9405 9406 12458 10
7012 9764 10893 10
9240 6048 12449 10
5885 6566 6567 10
297 298 11491 10
9459 2839 9570 10
8031 3252 12160 10
6047 7064 12045 10
9530 9528 9586 10
11427 6073 11428 10
5883 6613 11582 10
5373 6034 6134 10
3805 10546 11220 10
6877 8185 11487 10
6667 11157 12241 10
10792 5689 11932 10
3049 10462 10531 10
3073 10609 10694 10
291 292 11500 10
9817 8097 11993 10
412 413 11574 10
5855 6593 11630 10
10467 3783 10468 10
9561 9559 9610 10
8396 11745 11746 10
6093 6834 12318 10
7254 5302 11318 10
6585 6586 6689 10
5719 7058 7059 10
10253 5977 10877 10
10513 3098 10514 10
199 10781 11979 10
7168 6855 10776 10
6833 11353 11586 10
6769 8805 11214 10
9702 10182 10183 10
3221 10875 12082 10
10332 9589 12116 10
7324 3219 12474 10
6519 7225 10488 10
3826 10339 10475 10
11296 9266 11297 10
6083 7050 9762 10
7179 9606 11555 10
7034 5501 10953 10
6918 11395 11396 10
342 343 11528 10
6579 6580 6647 10
3197 287 11523 10
9705 5773 9801 10
3764 10115 11572 10
9223 5835 11368 10
5601 6756 11810 10
9873 9900 11776 10
3372 8021 11525 10
10496 3041 10559 10
110 3123 11535 10
11912 6172 11920 10
5711 8070 12035 10
11277 7279 11584 10
4501 7511 12329 10
10952 7034 10953 10
9727 5381 11187 10
9875 10706 10768 10
9588 6208 11421 10
3191 108 11541 10
7167 6630 9880 10
393 394 11547 10
3204 251 11542 10
11683 7722 12264 10
6532 8349 11050 10
11775 4776 12052 10
5625 6516 11692 10
11509 9921 12428 10
348 349 11549 10
9700 5789 10217 10
10756 6788 11729 10
10033 6857 10639 10
6804 11379 11934 10
6615 6643 6644 10
5843 5844 11581 10
6927 6926 7154 10
5063 6857 10033 10
10351 3727 10353 10
3209 174 11556 10
4691 9955 12438 10
8520 10510 11600 10
8576 6627 11977 10
8121 7010 10891 10
8381 5984 12278 10
3159 10351 10353 10
8089 3256 12099 10
7505 4779 11209 10
3230 11320 11936 10
7196 11514 11515 10
11653 7136 12204 10
6816 6819 6820 10
4782 4499 11937 10
3714 10270 11471 10
7872 4782 10980 10
5885 6567 11595 10
8511 7098 12169 10
11755 4784 12028 10
6812 7120 9270 10
6987 9116 11254 10
10668 5444 11422 10
11901 4811 12092 10
11482 6688 11483 10
10606 2991 11880 10
7224 10678 11798 10
7250 8876 12488 10
10461 10462 10735 10
9687 10318 11872 10
2704 2705 11859 10
6981 7130 11990 10
6446 4802 12285 10
10829 5717 12005 10
5773 9732 9801 10
5822 6121 11571 10
5972 9214 11955 10
10701 6610 11169 10
3124 11810 12500 10
6479 4801 12286 10
8825 5917 10597 10
11069 8673 11401 10
6504 6505 6642 10
9888 11769 12514 10
10849 7569 11996 10
8481 6683 10670 10
5883 6612 6613 10
6460 4799 12303 10
399 400 11577 10
6603 6690 6691 10
6744 8761 11143 10
11720 7690 12279 10
7793 11934 12310 10
6148 6149 6991 10
9929 9930 11801 10
9780 5595 11278 10
5914 11763 12207 10
205 10841 12025 10
10923 6109 11027 10
10167 6641 10168 10
9891 9890 10779 10
9589 9660 10333 10
8652 6645 11120 10
6540 6539 12367 10
6696 10472 11267 10
7242 10798 11798 10
7321 7324 12474 10
3225 11692 12369 10
10124 3038 10176 10
6484 4795 12310 10
6748 11063 11591 10
6818 11245 11959 10
6858 9622 11051 10
8766 11021 11022 10
5407 11885 12315 10
6675 10466 10974 10
3149 10188 10189 10
9314 7218 11346 10
7107 8251 11138 10
5998 8428 12064 10
10188 3695 10189 10
3692 10124 10176 10
2991 10606 10672 10
6525 6526 6810 10
3264 338 11590 10
6517 6518 6809 10
3383 8006 12387 10
7405 11899 12285 10
7271 3267 11581 10
6583 6584 10048 10
6114 9427 11598 10
397 3275 11593 10
5986 3863 11931 10
9233 9234 11604 10
5620 6533 11658 10
10196 3140 10458 10
10882 7503 12035 10
10524 3821 10582 10
5422 6047 6082 10
6155 6156 6746 10
11619 7868 12107 10
10586 5637 11735 10
5690 8084 11996 10
74 10847 12046 10
5930 5500 12289 10
5710 6582 6583 10
3981 7670 11606 10
3730 10196 10458 10
9719 5795 11513 10
7043 8894 11585 10
11225 6915 12097 10
12207 5916 12505 10
3229 11735 12434 10
6773 9134 10769 10
7150 9620 11562 10
11658 6533 12358 10
8115 6887 10890 10
7238 9804 12485 10
11029 9773 12275 10
5848 5217 11567 10
10505 3025 12385 10
82 83 11669 10
6144 6145 6818 10
3254 302 11608 10
11540 5990 12472 10
3202 10751 11852 10
10541 3825 10600 10
3736 10079 12230 10
3823 10545 10656 10
11609 10143 11769 10
5694 12090 12505 10
10173 3690 10426 10
8588 6019 8589 10
8928 11233 12229 10
7213 10926 11864 10
3319 7265 11475 10
5398 5902 12170 10
3076 10132 11454 10
10742 7137 12383 10
3822 10554 10647 10
5871 6185 11618 10
8486 7053 10075 10
3265 225 11614 10
3 9959 12133 10
5920 5171 11430 10
6524 9163 11337 10
5590 5589 11619 10
4384 4386 11941 10
7391 3264 12442 10
3031 10173 10426 10
6519 10488 11182 10
6202 11912 11920 10
7065 7028 7066 10
6421 9607 12398 10
7577 7578 11622 10
5675 6067 6068 10
3077 10529 11510 10
10644 3012 10645 10
7233 11159 11914 10
6131 4836 12426 10
9718 10258 10260 10
10573 3024 10623 10
5597 7876 11624 10
10264 3129 10364 10
8062 3201 12245 10
9732 5771 9840 10
3075 10089 11393 10
438 11023 12060 10
8819 6645 11914 10
6886 7126 11855 10
8589 11620 11795 10
3238 10854 12029 10
5648 9834 10069 10
3047 10487 12346 10
6636 9619 11517 10
7463 7461 12406 10
346 3192 11628 10
6413 9902 12146 10
5326 5935 12030 10
10610 3807 10646 10
6072 10907 10908 10
7203 11168 11928 10
10215 10214 11902 10
10757 6042 11861 10
275 276 11632 10
11757 6168 12396 10
5934 8295 11026 10
326 327 11635 10
377 378 11636 10
8081 3260 12005 10
6146 6147 6542 10
6121 9686 9687 10
1013 1014 10915 10
9371 6953 9372 10
9076 6026 11634 10
9137 6546 11244 10
6617 9326 12454 10
3072 10610 10646 10
3078 10585 11566 10
6014 9683 11651 10
9286 6541 11296 10
6758 8420 9555 10
6820 7236 9533 10
8952 6987 10918 10
5616 5618 11647 10
5853 10545 12036 10
8757 6095 11849 10
3219 389 11644 10
6973 11606 11884 10
10101 7153 10102 10
5502 7278 12368 10
3247 11658 12358 10
4773 4143 11611 10
3691 10123 11271 10
8588 8519 12148 10
5606 5605 11653 10
8596 8597 10051 10
4735 10703 12012 10
6492 9446 12132 10
10729 11963 11966 10
7807 3272 11987 10
5722 6627 7278 10
3074 10481 11345 10
6927 7154 11715 10
7388 7391 12442 10
5771 9754 9840 10
10482 3808 10483 10
5705 9377 11809 10
7371 7372 12047 10
11224 5712 12248 10
6903 11096 11952 10
7975 5608 11657 10
79 80 11713 10
5936 5327 12030 10
5009 5826 12189 10
6839 7155 11488 10
6051 9351 9739 10
9091 7119 9093 10
10232 10231 11764 10
11621 10548 11850 10
8535 8534 11451 10
7140 10819 11983 10
5945 9013 12019 10
6928 11351 11709 10
6804 11378 11380 10
3073 10482 10483 10
3220 210 11659 10
6265 6263 11666 10
9996 3673 10110 10
5694 5383 12090 10
6068 6069 6070 10
9218 6493 10742 10
5660 5662 11667 10
295 3255 11661 10
3046 10092 10093 10
6575 4792 12435 10
10097 3788 10374 10
7062 5965 10741 10
10230 3702 10526 10
7962 5611 11672 10
3244 353 11668 10
3126 10226 10227 10
5641 5643 11670 10
6989 9582 11615 10
5911 6602 6603 10
3766 10208 10209 10
3757 10403 10405 10
3744 10237 10238 10
10183 3724 10185 10
10007 3813 10563 10
11930 6883 12258 10
7196 6214 9870 10
11438 5693 11960 10
3099 10119 11292 10
10462 3049 10463 10
7535 5623 11682 10
5909 7778 11683 10
4271 9637 11564 10
10375 3828 10615 10
3123 9962 11535 10
2707 2708 3848 10
3798 10565 10635 10
9525 9619 12118 10
7093 7162 12493 10
10097 10374 11223 10
5332 8441 11430 10
8782 8745 12209 10
9632 6722 11056 10
10653 3347 12379 10
6561 4797 12468 10
9888 9911 11769 10
11533 9548 12015 10
8087 11338 12194 10
5498 6159 11691 10
10021 11393 12316 10
5480 6769 11951 10
5826 5009 10796 10
6622 6621 12187 10
10737 6062 11814 10
10800 7017 12320 10
10565 3084 10635 10
11511 6456 11639 10
3547 8952 10918 10
7188 5465 9589 10
11525 8021 11906 10
4609 4612 11697 10
10749 3372 11525 10
4221 9752 11583 10
244 3251 11693 10
8022 3248 11960 10
6807 7190 10902 10
5319 7263 12364 10
9012 9014 11264 10
9563 9684 10274 10
208 209 11701 10
5887 10087 11151 10
9754 5769 9864 10
5631 7588 11705 10
6644 7102 10869 10
7468 3197 12406 10
11899 6448 12285 10
157 158 11704 10
11039 8278 12142 10
7113 8126 11908 10
7325 7328 11711 10
281 282 11707 10
10606 3664 10672 10
7198 9751 11788 10
11736 5697 12397 10
7108 7032 7109 10
8283 8286 11089 10
10783 9438 11646 10
5908 8736 10865 10
10427 10238 10671 10
11306 6803 11307 10
5954 5879 12311 10
9645 5813 9646 10
118 119 11837 10
5314 11586 11714 10
7155 6864 11005 10
7185 8152 11671 10
11700 9993 12144 10
5937 7689 11720 10
5879 8096 12311 10
9227 6767 10928 10
7461 7468 12406 10
9114 5807 9201 10
5632 5634 11724 10
3269 9838 11314 10
3087 10108 11641 10
9699 5789 9700 10
9926 5624 11887 10
5809 9114 9181 10
9924 7235 11349 10
7181 11498 11499 10
5424 6680 11796 10
355 3236 11729 10
3722 10234 11299 10
7390 7388 12442 10
6043 9313 11382 10
7146 6120 7296 10
7037 6723 9849 10
6635 11625 11626 10
5769 9766 9864 10
332 333 11737 10
6988 9906 11516 10
11077 6837 11078 10
240 11477 12351 10
6693 8955 11633 10
5803 9649 9650 10
9795 10056 12236 10
10434 10435 11739 10
9168 6712 11269 10
10591 6275 11404 10
7200 3961 11829 10
8740 11028 12331 10
6699 9817 11131 10
7147 11167 11962 10
6265 11666 11833 10
5395 7298 11284 10
291 11500 12374 10
10948 7035 10949 10
10724 6081 11780 10
9406 9405 9407 10
6508 7296 11822 10
7122 10655 11241 10
9887 11712 12452 10
383 384 11762 10
7099 11055 11563 10
12063 6893 12511 10
342 11528 12404 10
6966 10666 11786 10
3071 10532 10791 10
7078 7077 7079 10
10709 5687 11810 10
5665 6693 11633 10
8485 8486 10075 10
8205 5850 12272 10
4578 4580 11772 10
8530 7186 11886 10
8263 11074 11075 10
3257 10777 11874 10
393 11547 12419 10
9772 6295 9784 10
3085 10561 11640 10
11533 6677 11534 10
8011 3203 11932 10
10729 4817 11963 10
11643 6045 12276 10
169 170 11807 10
9254 9255 9768 10
8408 10730 12166 10
3327 7248 9957 10
10216 9634 10275 10
10382 3711 10877 10
10217 10215 11902 10
6279 10138 10735 10
3183 10204 12193 10
10730 8412 12182 10
11899 7405 12504 10
6081 7880 11780 10
3013 10375 12065 10
7392 7395 11781 10
11937 4501 12329 10
8825 10597 12214 10
9903 6835 10940 10
6931 5866 8965 10
8574 6703 11638 10
5992 7494 12263 10
6987 6199 10715 10
4934 5013 11797 10
304 3253 11779 10
6295 9783 9784 10
9766 5767 9892 10
6468 9043 10987 10
10834 6105 12451 10
10011 3071 10791 10
10370 9652 11629 10
529 9809 11877 10
6410 9992 12141 10
5433 6986 11317 10
4753 3943 11787 10
5797 9717 9718 10
3847 533 10054 10
3316 11024 11938 10
9751 3341 11788 10
9800 12105 12401 10
11796 6095 12382 10
9356 9355 11497 10
6550 9215 11145 10
6660 6659 11564 10
10055 3849 10239 10
7600 6054 12330 10
5418 6837 9871 10
9793 6400 9794 10
7008 7007 7026 10
9509 6203 11920 10
9945 6410 12317 10
7494 8099 12263 10
9438 5416 11646 10
8507 6511 10809 10
7225 7042 11403 10
6029 5944 12019 10
9012 9013 9014 10
9529 6922 12473 10
6976 8416 11834 10
8070 3196 12035 10
6476 8481 10670 10
10339 3826 11610 10
7066 7067 7068 10
6522 11265 11266 10
5981 6865 11311 10
5767 9777 9892 10
7291 8257 9767 10
10527 10526 12076 10
6687 11550 11551 10
6524 9254 9768 10
6661 9037 11688 10
220 221 11803 10
3086 10007 10745 10
12125 9786 12418 10
9724 6741 11247 10
6293 9772 9819 10
6405 12014 12084 10
6530 11083 11084 10
4811 4622 12092 10
112 113 11808 10
9933 10003 12001 10
10790 7106 11890 10
6654 4784 11755 10
11565 10527 12076 10
6062 7540 11814 10
6247 10405 11823 10
10342 3740 11893 10
3388 8020 11809 10
7125 6886 11855 10
5847 6098 11738 10
7323 7321 12474 10
12108 9808 12373 10
253 3237 11813 10
8732 11122 12437 10
6874 10809 12497 10
3759 10261 11629 10
11148 5993 12142 10
7104 9190 11305 10
6112 9368 11643 10
10184 3737 12185 10
11362 6623 11363 10
9188 7149 11773 10
5682 8103 12194 10
11711 7328 12032 10
6035 5640 11284 10
7126 6886 7127 10
7039 7037 9893 10
3088 9996 10813 10
6715 6714 11583 10
7206 9632 11070 10
9686 5821 9688 10
6267 6265 11833 10
448 449 11830 10
5698 5697 11736 10
7469 7472 11835 10
7094 4822 11802 10
3363 8046 12062 10
9922 10815 12428 10
10911 2741 12124 10
3858 3857 3859 10
6975 6977 6983 10
10419 3768 11867 10
9777 5765 9907 10
46 47 11841 10
8103 3423 12194 10
5979 9555 12405 10
7152 6258 12476 10
3205 10852 11965 10
9904 9940 11766 10
214 215 11843 10
10197 3142 10671 10
10482 3073 10694 10
8281 8297 8298 10
8345 8238 8346 10
3311 10315 11872 10
8373 8371 8374 10
3731 10195 11470 10
8502 8335 8503 10
8356 8556 8557 10
8367 8571 8572 10
4221 11583 12052 10
9789 12131 12411 10
8084 3117 11996 10
2186 2187 12331 10
8296 5935 11026 10
10338 7093 11923 10
9064 8904 9065 10
8086 10880 12006 10
9783 6297 9828 10
8956 8958 8959 10
9376 10660 12322 10
9717 5795 9719 10
8102 7211 11986 10
5397 10510 11795 10
6042 7350 11861 10
10091 10090 11844 10
8095 3202 11852 10
9818 6293 9819 10
6709 4776 11775 10
8286 10833 11690 10
3070 10284 10867 10
5639 6838 12186 10
5765 9790 9907 10
6498 6497 11777 10
6398 9793 9839 10
6071 7048 10879 10
3139 10017 11435 10
8446 8416 8447 10
10174 3098 11875 10
9334 9435 9436 10
6783 8246 11957 10
9349 9442 9443 10
9637 6663 11564 10
8205 8209 8210 10
6854 5709 10774 10
11781 7395 12074 10
6622 7288 12491 10
9815 6398 9839 10
5815 9645 9647 10
6768 6764 10858 10
5669 7440 11881 10
9428 9524 9525 10
8794 6690 10972 10
8318 10896 11990 10
10821 3585 12175 10
6297 9827 9828 10
9099 11252 11253 10
9459 9570 9571 10
4775 7033 12448 10
3851 527 11877 10
10198 10197 10671 10
8040 3257 11874 10
9941 10010 12067 10
5676 7429 11888 10
7106 5678 11890 10
10028 6055 12122 10
8153 8154 8155 10
6907 7203 11928 10
10388 3186 12177 10
3754 10388 12178 10
10157 10156 12120 10
5685 7360 11898 10
6511 5591 10809 10
6851 6849 6852 10
6900 6899 11862 10
8368 5886 11364 10
5785 9563 9633 10
3842 10011 10594 10
7022 7020 7200 10
6739 6491 9339 10
10122 9658 10697 10
6841 6843 12378 10
3333 8101 12244 10
9214 9348 11954 10
10718 9124 10719 10
6901 10688 11917 10
6396 9815 9841 10
73 74 12046 10
9790 5763 9917 10
10209 5823 10210 10
8908 6899 11198 10
7372 9747 11568 10
9649 5801 9651 10
4787 3951 11910 10
6962 6964 6965 10
9390 5694 12505 10
7121 7122 11241 10
4790 4129 12492 10
3430 8728 8729 10
8007 3235 11905 10
6832 7097 11441 10
10149 3068 11502 10
8101 6246 12244 10
4789 4255 12489 10
9814 6396 9841 10
122 123 11915 10
10730 8408 11449 10
9994 11509 12144 10
5986 10225 12469 10
8021 3396 11906 10
6612 9726 11503 10
7215 7213 11864 10
6667 10040 11157 10
7038 8931 12388 10
10732 8340 11149 10
5948 5640 6035 10
3009 10087 10135 10
3021 10106 10121 10
3742 10083 11665 10
6930 6754 11512 10
6108 8838 11040 10
9037 11285 11688 10
3753 10102 10385 10
7074 7072 10070 10
3767 10347 11717 10
9891 10779 12095 10
5689 5677 11932 10
3097 10630 11712 10
7068 7067 10705 10
11835 7472 12115 10
10545 10655 12036 10
6087 7121 10606 10
5869 5868 11936 10
3847 10054 10055 10
7071 7068 10705 10
8226 10732 11149 10
8233 6855 12384 10
3235 10812 11905 10
5729 5724 11939 10
7191 7192 11988 10
5763 9807 9917 10
7048 10878 10879 10
5872 5284 11714 10
3667 10149 12427 10
2996 10312 11708 10
6394 9814 9842 10
10439 3772 12137 10
5846 9403 11687 10
10199 7046 10309 10
4813 4392 11929 10
8105 3402 8106 10
6853 6852 7007 10
9748 7002 12104 10
3132 10326 10332 10
6692 6691 6757 10
10222 3775 10857 10
4818 4101 11959 10
3141 10199 10309 10
11324 6097 11325 10
8114 2748 8115 10
11934 6486 12310 10
8118 3404 8119 10
5693 5692 11960 10
9955 7079 12438 10
8130 2745 10067 10
3403 8107 8108 10
9821 6394 9842 10
3408 8135 8136 10
4817 4507 11963 10
11600 8435 12154 10
3187 10423 11664 10
3769 10513 10514 10
8139 2746 8140 10
8131 3406 8132 10
3323 10316 10406 10
10382 3144 10394 10
3749 10267 10368 10
3135 10279 10357 10
8120 2756 8121 10
10256 3712 11645 10
10183 3174 10330 10
3684 10312 10313 10
3405 8122 8123 10
8151 3411 8152 10
3747 10259 10362 10
2755 8125 9764 10
3410 8148 8149 10
3699 10203 10452 10
10488 7225 12147 10
8167 3409 8168 10
3719 10423 10425 10
10350 3717 10418 10
8175 3417 10787 10
9872 7166 11397 10
8143 2754 8144 10
3143 10237 10286 10
3412 8164 8165 10
6069 6877 11487 10
8162 3413 8163 10
8171 8170 8172 10
8128 3407 8129 10
5714 7797 11975 10
3182 10203 10451 10
3678 10106 10107 10
3177 10259 10271 10
8107 8344 10818 10
10264 3761 10410 10
3681 10087 10088 10
8187 2742 8188 10
11345 9956 12316 10
3051 10083 10084 10
10256 3136 10396 10
3039 10102 10103 10
2751 8169 10770 10
3945 7591 11860 10
2728 8180 8181 10
8520 11600 12201 10
8184 2743 8185 10
3280 8190 8191 10
2750 8173 8174 10
9729 6949 11474 10
7651 5946 11981 10
2757 8404 8405 10
5650 9677 9678 10
3745 10216 10218 10
3746 10092 10151 10
3147 10208 10356 10
10097 3014 10152 10
8203 2726 8204 10
3694 10326 10327 10
8059 3386 11978 10
9827 6299 9851 10
3415 8178 8179 10
10230 3044 10454 10
8200 3281 8201 10
6987 10715 10918 10
5695 7807 11987 10
2727 8196 8197 10
8068 3205 11965 10
3743 10199 10307 10
8317 8214 8318 10
8207 8213 10673 10
198 199 11979 10
3791 10158 10400 10
3034 10403 10504 10
3028 10168 10416 10
5791 9699 9701 10
8211 3282 9227 10
10222 3130 10296 10
3748 10226 10292 10
8325 2749 8326 10
8316 2740 10726 10
10462 3799 10531 10
6863 10758 10994 10
3284 8289 8290 10
3004 10467 10468 10
3185 10247 10282 10
9919 11645 12039 10
9648 5817 12480 10
3170 10274 10276 10
3827 10644 10645 10
9560 9559 9561 10
10339 3001 10475 10
5762 5824 11903 10
4198 4201 12426 10
6870 6728 10993 10
3752 10496 10559 10
6509 11177 11178 10
6904 4747 11778 10
7569 5690 11996 10
2724 8463 10780 10
3286 8453 8454 10
2739 8414 8415 10
5385 8543 12173 10
9708 10828 11197 10
9807 5761 9931 10
249 250 11991 10
8537 3287 8538 10
9389 8472 9390 10
8467 3285 8468 10
5717 5716 12005 10
2725 8430 8431 10
8575 3288 8576 10
10691 10029 12432 10
3271 11647 12484 10
9575 2819 9576 10
3017 10524 10582 10
8608 3290 8609 10
8643 2737 8644 10
8640 3289 10797 10
300 301 12000 10
3817 10573 10623 10
2999 10541 10600 10
3515 8477 8478 10
2786 8484 8485 10
8469 2789 8470 10
10545 2994 10656 10
3486 8699 8700 10
8499 2777 10903 10
2767 8710 8711 10
8712 2759 8713 10
3513 8506 8507 10
8721 3484 8722 10
3489 8659 9878 10
8456 3522 8457 10
2791 8443 8444 10
8517 3512 8518 10
8526 2765 10667 10
2761 8527 8528 10
3553 8847 9903 10
8401 2771 8695 10
2762 8438 8439 10
3511 8533 8534 10
8433 3529 8434 10
8554 3509 8555 10
3532 8426 8427 10
11926 7250 12488 10
2773 8559 8560 10
8390 2783 8391 10
8476 2760 9597 10
8417 2776 8418 10
3495 8483 10722 10
10554 3006 10647 10
8566 2790 8567 10
8580 3506 8581 10
9529 9528 9530 10
3505 8584 9799 10
8600 3499 8601 10
8793 3483 8794 10
3534 8410 8411 10
2785 8585 8586 10
3429 8599 10076 10
8696 8765 8766 10
351 352 12007 10
3485 8403 10810 10
8614 2738 8615 10
8413 8809 8810 10
8399 3535 8400 10
8605 2766 9984 10
6392 9821 9848 10
8752 2763 8753 10
9458 2839 9459 10
8706 3291 8707 10
3293 8737 8738 10
2721 8743 8744 10
10038 6960 12018 10
3544 8394 8395 10
2772 8634 10015 10
8402 2775 9635 10
3783 10467 10535 10
5342 6625 12096 10
3294 8779 8780 10
3488 8662 8663 10
3549 8406 8407 10
6821 9147 11323 10
2770 8573 8574 10
3481 8625 8626 10
8685 2779 10808 10
8726 3482 9928 10
2769 8473 10839 10
6267 11833 12054 10
8422 3552 8423 10
9499 9500 9501 10
8622 2774 8623 10
2764 8661 9043 10
9703 9274 12459 10
2720 8824 8825 10
3298 8837 8838 10
2733 8845 8846 10
2719 8840 9988 10
8122 8127 10830 10
8839 2734 9373 10
8831 3295 8832 10
8045 12105 12108 10
3114 8086 12006 10
12100 8740 12331 10
2718 8870 8871 10
9867 6813 11480 10
8893 3300 8894 10
6888 4750 11790 10
4269 4271 12028 10
6536 8828 11208 10
3304 8941 8942 10
8954 3305 8955 10
2730 8960 10305 10
10636 3821 11917 10
6299 9850 9851 10
2731 8939 9592 10
204 205 12025 10
9427 3649 9428 10
2747 8128 10837 10
3306 8972 9710 10
3301 8919 8920 10
9829 6392 9848 10
8974 3307 8975 10
8933 2732 8934 10
8982 2729 8983 10
7328 7331 12032 10
2717 8963 8964 10
12105 6402 12108 10
6748 11062 11063 10
6291 9818 9869 10
8986 2714 8987 10
8148 2753 10838 10
8990 3309 8991 10
10614 3012 12135 10
9000 3308 9001 10
3357 8025 12014 10
9011 2713 9012 10
12015 6563 12016 10
7503 5711 12035 10
9445 9444 9447 10
10554 3822 11953 10
218 3238 12029 10
10652 3825 11922 10
9510 5827 12004 10
2809 9483 9484 10
11702 9967 12452 10
9013 9012 12283 10
2838 9385 9386 10
8274 6633 12487 10
5874 5873 12041 10
8164 2752 10843 10
4271 11564 12028 10
2867 9379 9380 10
4781 4435 12464 10
56 3349 11950 10
5325 9407 11567 10
5761 9831 9931 10
9418 9417 9419 10
5890 10775 11922 10
12125 8026 12131 10
6032 6637 12022 10
10839 10840 12181 10
4219 4221 12052 10
8588 8589 11795 10
3251 245 12040 10
8964 10816 12267 10
5898 5897 12056 10
6216 10106 10973 10
8169 8161 10850 10
4815 4277 12243 10
6404 12125 12131 10
9348 3635 9349 10
8920 8922 12260 10
6843 6844 12378 10
6703 10995 12408 10
3711 10395 10877 10
9333 3633 9334 10
7154 6926 12145 10
12014 8025 12084 10
5856 5858 12069 10
437 438 12060 10
5736 5738 12071 10
6082 6083 11228 10
11906 3396 12398 10
7395 7399 12074 10
10201 3183 12193 10
8046 3383 12049 10
9374 9373 12242 10
6390 9829 9866 10
7001 5880 11388 10
9294 2830 9295 10
10453 10665 12183 10
3120 117 12059 10
6186 11067 11068 10
8180 8182 10859 10
3755 10391 10551 10
9353 9352 9355 10
11065 6578 11591 10
2749 8105 10872 10
8135 8130 10868 10
5886 5208 11364 10
8434 8436 12200 10
9954 11434 11878 10
6837 8682 9871 10
9752 6718 11583 10
6705 8695 10753 10
10499 6152 10677 10
8190 8198 10863 10
3636 9445 9446 10
8146 8139 10870 10
9835 6390 9866 10
3737 10181 12185 10
167 3221 12082 10
11297 9363 12294 10
9389 8722 12195 10
9739 9351 11412 10
8536 8534 12190 10
4810 4227 12112 10
10241 3313 11891 10
7049 11048 11049 10
8283 8285 8286 10
11123 8658 12451 10
6568 11359 11360 10
6717 6715 6718 10
8025 3363 12084 10
9271 3617 9272 10
4493 7872 12037 10
7111 7112 7113 10
3335 8045 12108 10
9333 9739 11412 10
7070 7068 7071 10
3069 10148 11261 10
9913 9987 11768 10
5684 10268 12179 10
9831 5759 9953 10
4095 7666 11930 10
8895 3562 8896 10
9056 2938 9362 10
3563 8902 8903 10
8995 2981 9724 10
8907 3564 8908 10
8878 2909 8879 10
9003 2952 9004 10
9100 8918 10754 10
8867 2880 8868 10
2807 8864 8865 10
3550 8969 8970 10
9109 2894 9788 10
2836 9035 10994 10
3548 8961 8962 10
9020 3554 9021 10
9024 2865 9025 10
2822 9026 9027 10
9031 3555 9032 10
8851 2793 10699 10
3546 8935 8936 10
8929 3545 10153 10
2948 8927 8928 10
2923 9015 10764 10
3543 8923 8924 10
9040 3557 9041 10
3558 9045 9046 10
2962 8979 8980 10
3541 8914 9763 10
9049 3559 9050 10
8911 3540 8912 10
3560 9053 9054 10
2933 9079 9080 10
9058 3561 9059 10
2904 9084 9085 10
7472 7475 12115 10
2967 9061 9062 10
8885 3537 10817 10
2875 8997 8998 10
8875 3536 8876 10
2803 9047 9048 10
3566 9068 10042 10
3567 9069 9070 10
9112 3572 9113 10
9029 2942 9030 10
9036 3576 9037 10
9075 9038 9076 10
3542 8916 8917 10
8774 2919 8775 10
9136 3579 9137 10
3533 8836 9816 10
9057 3580 10736 10
3538 8756 8757 10
6829 9675 10659 10
2826 8888 8889 10
3531 8827 8828 10
2855 8880 8881 10
3530 8823 10060 10
2812 9090 9091 10
9098 2846 9099 10
2987 8977 8978 10
2884 8731 8732 10
2841 9192 9193 10
3528 8821 10622 10
9197 2817 9198 10
2870 9103 9104 10
2913 8862 8863 10
9105 3571 9106 10
3525 8815 8816 10
8811 3524 9077 10
227 3210 12107 10
2899 9206 10844 10
9117 3573 9118 10
3523 8804 8805 10
8802 3521 8803 10
2928 9209 9210 10
9121 3575 9122 10
2971 8723 8724 10
8798 3519 9504 10
5990 9884 12472 10
2957 9128 9147 10
9130 3577 9778 10
8930 2816 8931 10
3186 10386 12177 10
10245 3754 12178 10
3578 9132 9133 10
2885 9159 9160 10
8786 3518 8787 10
3582 9165 10472 10
2856 9078 9187 10
8771 3516 9215 10
6908 6906 6909 10
9167 2831 9168 10
9883 9119 9884 10
8760 3514 8761 10
3581 9140 9141 10
6388 9835 9879 10
9260 9261 9262 10
9096 2918 9097 10
8735 2961 8736 10
8665 8874 10488 10
8173 8193 10871 10
8727 2990 8728 10
8650 2958 10587 10
9254 9253 9255 10
3416 8171 10878 10
9154 2943 9155 10
8045 3344 12105 10
8628 2900 8629 10
6914 6912 6932 10
3510 8715 8716 10
3508 8702 8703 10
5947 5640 5948 10
2802 9162 9163 10
3283 8207 10876 10
2845 8777 8778 10
3507 8697 8698 10
3402 8111 10883 10
9171 3583 9172 10
8127 2747 10887 10
8767 2813 8768 10
9175 2827 9176 10
2874 8762 8763 10
9458 6487 11464 10
2860 9177 10851 10
9178 3584 9179 10
4378 7505 12063 10
8688 3503 8689 10
9180 2798 9860 10
2982 9143 9144 10
3502 8681 8682 10
9185 3585 10821 10
2939 8676 10663 10
3500 8672 8673 10
2924 9230 9231 10
2947 9195 9196 10
9199 3589 11087 10
8818 2806 8819 10
2976 9283 9376 10
9148 2792 10018 10
3595 9149 9150 10
2852 8646 10040 10
3591 9204 9205 10
8641 2835 8642 10
9241 2821 9749 10
8637 3491 9469 10
3592 9207 9208 10
8111 8114 10890 10
8632 2864 8633 10
9157 2850 11288 10
3597 9245 9246 10
8161 3412 10884 10
3593 9211 9212 10
9844 6388 9879 10
8796 2893 8797 10
3594 9216 9217 10
9257 2908 9258 10
3404 8120 10891 10
8194 8187 10885 10
8772 2951 8773 10
3407 8146 10901 10
3255 296 12121 10
8523 3504 8524 10
8759 2980 9622 10
8026 3340 12131 10
6002 7005 11307 10
9183 3605 9184 10
6214 6213 11186 10
10930 7054 12042 10
3501 8678 8679 10
9189 3606 10866 10
9191 9315 9316 10
3498 8669 8670 10
8494 2910 8495 10
6588 7091 11799 10
2745 8151 10895 10
3479 8595 8596 10
9200 9325 9326 10
8125 8118 10893 10
3357 12014 12317 10
3496 8657 8658 10
3478 8591 9859 10
3493 8464 8465 10
7076 7074 7077 10
9242 3596 9714 10
8636 2823 9760 10
9251 3598 9252 10
3490 8450 8451 10
3281 8194 10886 10
8616 2794 8617 10
3599 9253 9254 10
2963 9220 9872 10
9258 2908 9259 10
9260 3600 9261 10
8551 3474 8552 10
2949 8704 8705 10
8170 2728 10904 10
3473 8544 8545 10
2920 8541 9817 10
116 3120 12129 10
9277 3604 9690 10
8182 3280 10889 10
6510 7446 12434 10
9212 9211 9213 10
9226 2811 9964 10
11988 5850 12455 10
8513 3465 8514 10
5399 6557 11924 10
3810 10613 12346 10
6898 6896 7031 10
5984 11015 12278 10
9376 6928 10660 10
3358 8026 12125 10
2818 9322 9711 10
3612 9236 9785 10
3608 9281 9282 10
9331 3613 10789 10
8490 3461 8491 10
2804 8489 11402 10
9238 2898 9351 10
3614 9239 9240 10
9336 3615 9337 10
4095 11930 12258 10
8651 8378 8652 10
3616 9343 9344 10
9243 3617 9271 10
8365 3477 8366 10
11695 10302 11766 10
8638 2941 8639 10
6892 6890 6893 10
8208 8203 10899 10
9940 9913 11768 10
9850 6301 9863 10
8563 3476 8564 10
4682 4735 12012 10
8358 2978 9328 10
8354 3475 8355 10
9296 2934 9297 10
2924 9231 9232 10
9265 3621 9266 10
3282 8208 10900 10
9412 2905 9413 10
9365 3622 9366 10
9303 3609 9304 10
3471 8348 8349 10
9307 2876 9308 10
8531 3470 9221 10
8198 2727 10894 10
9309 3610 9310 10
3468 8342 8343 10
8522 2891 10608 10
9312 2847 9313 10
9868 6291 9869 10
2796 8336 8337 10
3221 168 12153 10
3457 8387 9805 10
12071 5738 12386 10
2982 9144 9145 10
8510 2862 8511 10
3464 8333 8334 10
8500 2833 9632 10
2973 9284 9285 10
5406 6950 11782 10
3343 8023 12141 10
2944 9287 9738 10
2927 9341 9342 10
3452 8380 8381 10
2915 9289 9290 10
3460 8328 8329 10
9350 3618 10074 10
3447 8375 8376 10
3619 9352 9353 10
9842 11012 12113 10
3623 9399 9400 10
3444 8363 8364 10
10371 3179 12163 10
10788 5729 11340 10
8214 3283 10896 10
8360 3441 8361 10
9391 8569 11298 10
10369 3704 12164 10
8344 2757 10909 10
8213 2741 10911 10
9293 2830 9294 10
8176 3416 10888 10
2970 8448 8449 10
2828 9298 9299 10
8357 3437 9629 10
6250 9802 9889 10
3619 9353 9354 10
8549 2815 8550 10
9305 2888 9306 10
9645 10246 12178 10
3704 10371 12164 10
8113 3403 10975 10
2756 8113 10976 10
5759 9843 9953 10
9317 3629 9318 10
8430 8452 10907 10
9321 2946 9731 10
3630 9323 9324 10
2752 8158 10921 10
8339 3432 8340 10
9431 3632 9432 10
3179 10289 12163 10
8516 2902 11005 10
7089 9184 11371 10
8509 8304 9704 10
8301 3455 8302 10
9332 3633 9333 10
2740 8317 10916 10
2753 8138 10943 10
8497 8299 8498 10
8384 3454 8385 10
3355 8044 12172 10
8294 2988 8295 10
10958 6705 12408 10
9347 3635 9348 10
8330 8288 8331 10
6143 5671 11732 10
7089 11371 11372 10
9841 10881 12205 10
9488 2886 9489 10
8276 2959 10249 10
2801 9395 9396 10
9141 9140 9142 10
176 3277 12204 10
9848 11227 12057 10
9494 2857 9495 10
8196 8211 10928 10
3445 8369 8370 10
8265 2930 9675 10
9408 3624 9712 10
3413 8166 10977 10
8487 8316 10919 10
6756 7751 12500 10
3409 8143 10981 10
8257 2901 9767 10
2859 9506 9507 10
9411 3625 10692 10
9168 2831 9169 10
8254 3439 8255 10
3431 8323 10738 10
8414 8467 10914 10
5912 5301 11858 10
8249 2872 10701 10
9415 3626 9416 10
5712 5713 12248 10
3627 9417 9418 10
6757 6758 9555 10
3433 8319 8320 10
2917 9521 9522 10
9423 3628 9424 10
9133 9132 9134 10
6101 11202 12437 10
3423 8087 12194 10
3436 8315 10658 10
8178 2751 10979 10
6978 8468 12157 10
3434 8236 8237 10
8235 2814 10776 10
5945 12019 12348 10
2975 9433 10905 10
9464 2758 9465 10
9810 6430 10619 10
9121 9122 9124 10
2969 8309 8310 10
8452 3286 10908 10
2867 9378 9379 10
7036 7035 11748 10
4093 4095 12258 10
7042 11402 11403 10
9473 2820 9474 10
8193 3415 10985 10
9117 9118 9119 10
3290 8655 10952 10
6301 9862 9863 10
3634 9440 9441 10
9856 3247 12358 10
2838 9384 9385 10
2809 9482 9483 10
8463 8575 10971 10
9105 9106 9107 10
2960 8332 9753 10
10272 3715 12156 10
3636 9444 9445 10
3539 8390 10947 10
10765 8313 12104 10
3509 8562 10944 10
2763 8389 10966 10
2743 8176 10986 10
2775 8793 10972 10
8687 2722 11000 10
2765 8583 10938 10
3535 8401 10958 10
8277 2805 8278 10
2788 8721 10934 10
8505 3513 10932 10
8562 2773 10945 10
8599 8712 10957 10
8699 2787 10930 10
8583 3505 10939 10
8710 3534 10956 10
2777 8600 10955 10
2853 8268 8269 10
9409 2936 9410 10
2778 8505 10933 10
3291 8709 10961 10
2787 8413 10931 10
8483 2786 10950 10
3517 8476 10948 10
3192 347 12240 10
9959 3850 12133 10
3492 8622 10982 10
4378 12063 12511 10
8261 3456 8262 10
9511 2965 9726 10
8437 2764 10983 10
2824 8258 8259 10
3646 9515 9516 10
9553 2983 9554 10
3285 8487 10978 10
3289 8621 10969 10
8858 2733 10923 10
11332 3648 12343 10
8844 3298 10929 10
12105 3344 12401 10
8659 2762 10941 10
9454 2954 9455 10
9647 10387 12480 10
8442 3553 10940 10
10558 10881 12254 10
8443 3527 10935 10
8661 3488 10987 10
2774 8462 10988 10
8250 2892 8251 10
6649 5404 11999 10
8850 2718 10927 10
10545 3823 10655 10
6516 7946 12369 10
9426 3649 9427 10
6103 11123 12451 10
8473 8422 10991 10
9430 9578 9579 10
9581 2896 9582 10
8966 2730 10917 10
8957 3304 10920 10
3300 8877 10937 10
8841 2719 10951 10
9468 3637 10648 10
12141 8023 12317 10
8475 3517 10949 10
8973 3306 10922 10
3295 8834 10965 10
9475 3638 10836 10
8252 3438 9796 10
5845 9750 12339 10
8225 2979 8226 10
3440 8253 9748 10
9481 3639 10712 10
8224 3466 11488 10
3307 8981 10925 10
11215 4779 11941 10
9487 3640 10860 10
9918 10110 11641 10
8266 3446 8267 10
3641 9491 9729 10
2964 9449 10805 10
3482 8402 10992 10
3826 10607 11610 10
8273 2911 8274 10
9493 3642 9584 10
9070 9069 9072 10
8421 8420 11747 10
8279 3450 8280 10
3459 8215 8216 10
3643 9497 11291 10
9499 3644 9500 10
8282 2882 8283 10
2714 8988 10942 10
10807 10398 11856 10
3309 8989 10946 10
8404 3429 10990 10
3645 9508 9867 10
2906 9547 9548 10
3462 8218 8219 10
2732 8932 10964 10
4763 6954 12321 10
3358 12125 12418 10
4765 6946 12307 10
10776 6855 11170 10
9642 9643 11708 10
3647 9518 9519 10
3463 8220 8221 10
8389 3481 10967 10
3349 11670 11950 10
10853 8550 12232 10
8099 3213 12263 10
2863 8306 8307 10
9457 2839 9458 10
3024 10573 11321 10
3458 8311 8312 10
8073 3218 12264 10
3089 10431 10892 10
8573 8399 10995 10
5902 11599 11600 10
3467 8228 8229 10
3238 219 12282 10
3650 9528 9529 10
9466 9531 9532 10
10901 6808 10902 10
2933 9080 9081 10
8232 3469 8233 10
7223 3317 12289 10
2921 8244 8245 10
3472 8239 8240 10
5837 9743 12371 10
9471 3656 9472 10
9858 3225 12369 10
8709 8643 10968 10
7257 3325 12276 10
9866 11367 12021 10
9476 2926 10910 10
3343 12141 12429 10
2722 8696 10999 10
10008 3124 12500 10
9485 3660 9486 10
3499 8812 10997 10
8094 3241 12279 10
8598 2778 10954 10
9545 2935 9723 10
9020 9021 9022 10
8998 10739 10762 10
8604 8417 11003 10
9843 5757 9977 10
9512 3663 9513 10
9556 2877 9557 10
2810 9559 9560 10
9564 3652 9565 10
8159 5385 12173 10
9566 2848 9567 10
8908 3564 8909 10
6565 11242 11243 10
9572 3653 9573 10
7639 7637 12352 10
5731 9730 12417 10
3563 8903 8904 10
9574 2819 9575 10
6533 7904 12358 10
8896 3562 8897 10
9583 3654 9906 10
6952 6953 12072 10
8847 2782 11006 10
8625 8437 10984 10
2945 9618 9619 10
6662 6660 6663 10
9857 3229 12434 10
8126 4813 11908 10
8868 2880 8869 10
3658 9591 9703 10
2916 9535 9536 10
10809 6874 10932 10
2807 8865 8866 10
8970 8969 8971 10
6246 8109 12244 10
5612 7043 11585 10
3275 398 12332 10
239 240 12351 10
8096 3419 12311 10
8660 3489 11013 10
9608 9540 9971 10
8765 3292 11021 10
6550 8773 12328 10
3661 9601 9602 10
5715 9715 12445 10
6786 6006 10750 10
8023 3357 12317 10
10447 3695 11989 10
9625 2829 9626 10
9580 9613 9614 10
9600 9552 10766 10
2800 9550 9551 10
3662 9605 9606 10
8462 8726 10989 10
5738 7276 12386 10
3331 8030 12325 10
7887 7741 12393 10
8809 3485 11016 10
8634 8554 11017 10
3400 2710 9820 10
3483 8604 11004 10
8662 8526 11018 10
290 291 12374 10
8800 2735 11010 10
2782 8553 11007 10
9609 9392 10820 10
8834 8800 11009 10
8506 8685 11019 10
8527 8660 11014 10
2759 8714 11020 10
4769 3979 12416 10
6270 11741 11844 10
10769 9134 12350 10
8553 8393 11892 10
7195 9614 11548 10
3090 10516 11257 10
9048 6520 12295 10
341 342 12404 10
6912 6910 10980 10
10597 8781 12214 10
3693 10331 12116 10
8837 8839 11040 10
4292 4294 12446 10
392 393 12419 10
163 164 12420 10
7804 4760 12274 10
8845 8844 11079 10
12325 8030 12429 10
3594 9217 9218 10
6175 6840 11899 10
8775 2919 8776 10
4795 7793 12310 10
4792 7892 12435 10
8019 3335 12373 10
5121 5122 12348 10
4801 7677 12286 10
9394 9609 10807 10
4802 7405 12285 10
7007 4787 11910 10
6038 6037 12503 10
4797 7879 12468 10
4376 4378 12511 10
4799 7409 12303 10
2826 8889 8890 10
9879 11484 11980 10
3723 11270 12298 10
2855 8881 8882 10
3350 8017 12391 10
8877 8858 11027 10
3396 8027 12398 10
3344 8008 12401 10
3340 8024 12411 10
105 106 12481 10
128 129 12490 10
3335 12108 12373 10
8057 3358 12418 10
10888 7048 10986 10
8030 3343 12429 10
8990 8991 8992 10
7278 6627 12368 10
7238 10101 11271 10
361 3271 12484 10
3511 8534 8535 10
9862 6303 9877 10
2761 8528 8529 10
8920 8919 8921 10
8518 3512 8519 10
6523 6524 11573 10
12131 3340 12411 10
6665 4815 12243 10
9880 6630 11605 10
8942 8941 8943 10
5757 9861 9977 10
9054 6712 11721 10
3515 8478 8479 10
8871 8870 8872 10
8831 8832 8833 10
8470 2789 8471 10
8960 8957 11082 10
8939 8940 11166 10
8825 8824 8826 10
8457 3522 8458 10
6120 6119 10861 10
8629 2900 8630 10
8716 8715 8718 10
8434 3529 8435 10
3532 8427 8428 10
8706 8707 8708 10
8967 8974 11181 10
8418 2776 8419 10
8152 3411 8153 10
8780 8779 8781 10
8738 8737 8739 10
3247 9944 11658 10
7601 7600 12330 10
8768 2813 8769 10
3733 10320 11494 10
2874 8763 8764 10
11080 6737 12196 10
8744 8743 8745 10
8200 8201 8202 10
8131 8132 8134 10
8132 3406 8133 10
8682 8681 8683 10
8608 8609 8610 10
8980 7250 12425 10
8576 3288 8577 10
8673 8672 8674 10
3544 8395 8396 10
8537 8538 8539 10
3408 8136 8137 10
8981 8986 11104 10
6797 9542 11938 10
2739 8415 8416 10
3549 8407 8408 10
8115 2748 8116 10
8204 2726 8205 10
8423 3552 8424 10
8188 2742 8189 10
2721 8744 8747 10
8644 2737 8645 10
8290 8289 8291 10
8454 8453 8455 10
8989 8982 11129 10
9001 3308 9002 10
8407 8406 8409 10
8395 8394 8397 10
8586 8585 8587 10
8580 8581 8582 10
8988 9000 11132 10
8566 8567 8568 10
8391 2783 8392 10
8940 3302 11167 10
8560 8559 8561 10
8517 8518 8520 10
8411 8410 8412 10
8427 8426 8429 10
8485 8484 8486 10
8478 8477 8480 10
8469 8470 8472 10
8439 8438 8440 10
8456 8457 8459 10
2791 8444 8445 10
5302 5911 11318 10
8983 2729 8984 10
3715 10275 12156 10
9778 9131 12109 10
8955 3305 8956 10
3735 10473 11681 10
7119 11300 11773 10
6303 9873 9877 10
3845 10604 11613 10
8495 2910 8496 10
9651 10370 12164 10
8596 8595 8597 10
6872 6704 11569 10
8617 2794 8618 10
8545 8544 8546 10
2980 8388 11051 10
8678 2825 11048 10
8669 2854 11046 10
8383 8494 11044 10
2893 8612 11060 10
8592 3478 11042 10
2864 8631 11062 10
8464 2912 11041 10
8387 8686 11113 10
2891 8523 11115 10
8380 8654 11106 10
8474 3460 11105 10
8359 8616 11036 10
3491 8638 11119 10
8363 8636 11110 10
8548 2949 11032 10
8450 2970 11111 10
2806 8651 11120 10
8351 3473 11030 10
8501 3500 11069 10
3474 8549 11112 10
8489 3497 11403 10
8508 2939 11071 10
8512 3502 11077 10
6896 6894 11209 10
2862 8512 11078 10
8386 8508 11072 10
8525 3468 11081 10
2833 8501 11070 10
8542 3471 11084 10
8762 8525 11080 10
8513 8514 8515 10
3476 8565 11092 10
8631 8360 11063 10
3465 8516 11116 10
8612 8357 11061 10
8777 8542 11083 10
8654 2881 11107 10
8541 3507 11131 10
3461 8493 11034 10
2715 8967 11995 10
8388 8339 11052 10
8704 3508 11134 10
8378 3449 11038 10
8565 8628 11090 10
8686 2968 11114 10
2825 8509 11049 10
3455 8386 11076 10
2854 8497 11047 10
3454 8383 11045 10
2930 8365 11121 10
8490 8491 8492 10
2990 8593 11093 10
8792 8551 11100 10
2901 8563 11124 10
2959 8592 11043 10
8591 8650 11137 10
8620 3490 11103 10
9122 3575 9123 10
2872 8354 11125 10
8348 2844 11050 10
3439 8359 11037 10
8315 8347 11130 10
8648 3493 11118 10
11334 3083 11883 10
8319 8548 11033 10
2881 8820 11108 10
8656 3496 11123 10
2843 8351 11031 10
8366 3477 8367 10
8309 3457 11133 10
3514 8759 11143 10
8671 3498 11128 10
3504 8694 11144 10
8333 2931 11053 10
3516 8772 11145 10
8300 8500 11056 10
8677 3501 11136 10
11122 6103 12437 10
9794 6400 12236 10
2816 8792 11099 10
6878 4761 11817 10
8723 8620 11102 10
3519 8796 11150 10
8355 3475 8356 10
8328 2989 11064 10
9354 10769 12433 10
8493 2960 11035 10
8268 3447 11139 10
3521 8632 11153 10
3449 8277 11039 10
9533 7236 11369 10
8258 3444 11141 10
8862 8648 11117 10
3524 8641 11156 10
3441 8362 11065 10
8646 3525 11157 10
8448 8256 11067 10
8731 8656 11122 10
3526 8818 11159 10
3437 8250 11142 10
8880 8671 11127 10
2796 8337 8338 10
11505 6000 12287 10
8888 8677 11135 10
8820 3528 11109 10
6386 9844 9845 10
8676 3531 11165 10
3438 8314 11147 10
3464 8334 8335 10
9861 5755 9989 10
3432 8225 11149 10
8901 8688 11171 10
7091 10996 11399 10
2812 9091 9092 10
8304 3443 11085 10
10566 11321 11876 10
3442 8308 11162 10
8697 8774 11175 10
8916 2845 11176 10
8299 3448 11086 10
2911 8384 11154 10
8376 8375 8377 10
2931 8222 11054 10
3446 8300 11057 10
8215 8294 11155 10
8702 8791 11177 10
8288 3451 11088 10
8218 8276 11158 10
11512 11511 11639 10
6541 8195 11296 10
8220 8265 11163 10
11988 7192 12272 10
2795 8254 11094 10
2958 8968 11179 10
8362 2863 11066 10
6380 9852 9853 10
7117 7114 7118 10
2929 8808 11185 10
8228 8249 11169 10
8256 3458 11068 10
6523 11573 12466 10
8321 3433 11096 10
8874 2803 11182 10
3536 8735 11183 10
5902 5397 12170 10
4294 11912 12446 10
8817 3526 11925 10
3537 8886 11168 10
8244 3436 11174 10
3469 8235 11170 10
8393 3539 11935 10
9386 11229 12510 10
8236 2950 11098 10
8584 8605 12023 10
8311 2969 11164 10
8996 8760 11189 10
8295 2988 8296 10
8306 3442 11161 10
10051 8597 12078 10
9009 8771 11191 10
3727 10351 10352 10
9875 6237 9876 10
2797 8901 11172 10
3445 8370 8371 10
8906 2890 11199 10
6464 7098 11501 10
9015 8786 11193 10
8222 3463 11055 10
6720 4810 12112 10
8332 3462 11152 10
3545 8930 11194 10
10899 7192 10900 10
11539 9949 11842 10
8853 2971 11195 10
2805 8279 11148 10
3451 8282 11089 10
8791 2948 11178 10
3453 8273 11146 10
6638 6179 12022 10
8808 3548 11184 10
3434 8237 8238 10
6289 9868 9922 10
3567 9070 9071 10
8864 8817 11188 10
3631 9011 11264 10
8804 9028 11214 10
5613 6955 11848 10
11924 6043 12085 10
6132 9762 10702 10
8821 8867 11201 10
9042 2884 11202 10
2892 8252 11138 10
8253 2795 11095 10
8815 8860 11236 10
9297 7176 11423 10
8977 3551 11204 10
8968 3550 11180 10
8823 8878 11206 10
2950 8321 11097 10
5993 8280 12011 10
8261 8262 8264 10
8827 9056 11208 10
8900 3538 11210 10
2832 9052 11218 10
2890 8907 11198 10
9911 9904 11766 10
11592 9950 11819 10
8902 2797 11173 10
2981 8996 11190 10
8918 3542 11216 10
2952 9009 11192 10
2894 8848 11207 10
8280 3450 8281 10
8283 2882 8284 10
11455 9963 11873 10
6626 10780 10971 10
9327 7277 9462 10
2865 8855 11212 10
9028 2822 11213 10
3555 9029 11219 10
3554 8853 11196 10
8232 8233 8234 10
6109 10923 10924 10
2921 8245 8246 10
8240 8239 8242 10
3472 8240 8241 10
3467 8229 8230 10
8860 2851 11235 10
9047 3558 11221 10
8979 8875 11222 10
9052 3560 11217 10
3459 8216 8217 10
3557 9042 11203 10
9079 8885 11225 10
7016 8134 11596 10
3551 8976 11205 10
9873 6305 9900 10
8226 2979 8227 10
6845 6843 6846 10
5826 10796 11745 10
8997 8911 11226 10
2824 8259 8260 10
8262 3456 8263 10
9084 8900 11211 10
2853 8269 8270 10
10287 10820 11889 10
8923 9101 11230 10
9016 2923 11232 10
6900 6895 12495 10
8927 3566 11233 10
11832 9981 12034 10
8935 9018 11238 10
6886 6884 10682 10
2793 9112 11240 10
2942 8856 11752 10
3072 10593 12034 10
10660 9072 12322 10
8961 9033 11242 10
2851 9036 11234 10
9038 3556 11237 10
3690 10173 12337 10
7104 5888 11382 10
5755 9882 9989 10
6099 9041 12013 10
2909 9136 11244 10
6849 6847 9886 10
10042 7146 11233 10
2938 9057 11246 10
6305 9888 9900 10
3075 11393 12376 10
8560 5912 11857 10
9354 6775 10769 10
3568 8995 11247 10
11648 9968 11804 10
3400 9820 11571 10
3569 9003 11250 10
11654 9984 12150 10
2846 9100 11252 10
9809 3851 11877 10
6277 10463 11404 10
2817 9017 11249 10
6374 9887 9967 10
5062 5883 11582 10
3546 8936 8937 10
5361 7207 11895 10
10158 9847 10159 10
6646 11038 11039 10
3571 9109 11255 10
9101 2841 11231 10
5209 5885 11595 10
3570 9016 11303 10
3510 8716 8717 10
9116 2899 11254 10
3543 8924 8925 10
3573 9024 11256 10
10734 3774 11900 10
8861 2913 11921 10
8787 3518 8788 10
9018 2870 11239 10
3523 8805 8806 10
9026 3574 11258 10
11358 9983 11913 10
9074 9031 11259 10
11840 5933 12088 10
11347 3082 11911 10
10226 5986 10227 10
8428 5998 12482 10
11144 6900 12495 10
10963 3728 11940 10
10936 5407 12315 10
9033 2928 11243 10
9159 9040 11263 10
7253 6826 11437 10
9045 9161 11265 10
9165 2962 11267 10
11420 10135 12333 10
9078 9049 11268 10
9901 6374 9967 10
9053 9167 11269 10
9805 6191 11133 10
9174 9058 11272 10
6692 6757 10804 10
3045 801 10094 10
680 3075 10133 10
946 3681 10088 10
922 3687 10130 10
656 3081 10127 10
3680 559 10099 10
3039 825 10100 10
3051 777 10081 10
704 3069 10080 10
970 3685 10139 10
898 3678 10107 10
632 3087 10109 10
3677 583 10112 10
3033 849 10116 10
3057 753 10142 10
728 3063 10143 10
994 3683 10144 10
874 3676 10113 10
608 3093 10114 10
3675 607 10114 10
3027 873 10113 10
3683 995 10077 10
9816 8836 12167 10
3063 729 10078 10
752 3057 10079 10
850 3689 10116 10
584 3099 10112 10
3673 631 10109 10
11174 8098 11957 10
3021 897 10107 10
3685 971 10147 10
3069 705 10148 10
776 3051 10084 10
826 3691 10100 10
9086 2904 11274 10
560 3105 10099 10
3670 655 10127 10
3015 921 10130 10
3681 947 10085 10
3075 681 10089 10
8857 8442 11983 10
800 3045 10090 10
802 3703 10094 10
3669 679 10133 10
3009 945 10088 10
3687 923 10095 10
3081 657 10098 10
558 3680 10155 10
824 3039 10103 10
778 3716 10081 10
9061 3581 11276 10
3720 703 10080 10
3003 969 10139 10
3678 899 10104 10
3087 633 10108 10
582 3677 10111 10
848 3033 10160 10
754 3666 10142 10
3665 727 10143 10
2997 993 10144 10
3676 875 10162 10
3093 609 10163 10
606 3675 10164 10
872 3027 10115 10
996 2996 10077 10
730 3733 10078 10
3736 751 10079 10
3689 851 10117 10
3099 585 10119 10
630 3673 10175 10
896 3021 10120 10
972 3002 10147 10
9067 9096 11277 10
706 3667 10148 10
3742 775 10084 10
3691 827 10123 10
3105 561 10177 10
654 3670 10126 10
920 3015 10128 10
948 3008 10085 10
682 3668 10089 10
6854 10774 10835 10
3746 799 10090 10
9088 3568 11248 10
3703 803 10228 10
3849 537 10239 10
678 3669 10132 10
944 3009 10134 10
924 3014 10095 10
658 3671 10098 10
3106 557 10155 10
3753 823 10103 10
3716 779 10136 10
702 3720 10284 10
968 3003 10141 10
900 3020 10104 10
634 3672 10108 10
3100 581 10111 10
3758 847 10160 10
9095 3569 11251 10
9068 9194 11280 10
3666 755 10299 10
726 3665 10301 10
992 2997 10303 10
876 3026 10162 10
610 3674 10163 10
3094 605 10164 10
9802 6252 9803 10
3764 871 10115 10
2996 997 10313 10
3733 731 10320 10
750 3736 10323 10
852 3032 10117 10
586 3770 10119 10
3088 629 10175 10
11339 7138 12246 10
9102 3570 11302 10
3679 895 10120 10
3002 973 10145 10
3572 9111 11282 10
3667 707 10341 10
774 3742 10150 10
10753 8695 12191 10
828 3038 10123 10
562 3776 10177 10
3082 653 10126 10
3777 919 10128 10
3008 949 10354 10
3668 683 10358 10
8835 3533 11916 10
798 3746 10151 10
804 3044 10228 10
538 3401 10239 10
3076 677 10132 10
3781 943 10134 10
3014 925 10152 10
3671 659 10154 10
556 3106 10377 10
822 3753 10384 10
5172 5919 11589 10
6491 6489 11616 10
780 3050 10136 10
3070 701 10284 10
3682 967 10141 10
3020 901 10393 10
3672 635 10397 10
3576 9126 11285 10
2914 9075 11286 10
580 3100 10156 10
3068 10342 11502 10
846 3758 10401 10
6372 9901 9968 10
756 3056 10299 10
3064 725 10301 10
2943 9074 11260 10
3784 991 10303 10
3026 877 10411 10
3674 611 10412 10
604 3094 10165 10
870 3764 10166 10
998 3684 10313 10
732 3062 10320 10
3058 749 10323 10
3032 853 10171 10
3770 587 10174 10
10716 8397 10819 10
628 3088 10430 10
894 3679 10436 10
974 3786 10145 10
6817 6008 10710 10
3807 10610 12390 10
7077 7074 10070 10
708 3068 10341 10
3705 2657 10288 10
2608 3706 10433 10
2442 3126 10291 10
3155 2559 10293 10
3138 2491 10429 10
2510 3143 10286 10
2540 3773 10295 10
3775 2461 10441 10
3709 2589 10285 10
2638 3175 10442 10
3187 2687 10425 10
2676 3768 10419 10
3172 2627 10300 10
2578 3160 10418 10
2472 3700 10444 10
3778 2529 10446 10
3765 2521 10281 10
2480 3763 10277 10
2570 3158 10449 10
3170 2619 10272 10
2668 3699 10452 10
9520 7150 12343 10
3189 2695 10453 10
2646 3177 10271 10
3052 773 10150 10
3697 2597 10455 10
3761 2453 10410 10
2548 3714 10269 10
2502 3141 10308 10
3140 2499 10458 10
3153 2551 10408 10
2450 3128 10265 10
2600 3780 10456 10
3579 9138 11289 10
3759 2649 10261 10
2698 3311 10317 10
3779 2665 10450 10
2616 3756 10399 10
11074 5970 11075 10
3157 2567 10321 10
3136 2483 10396 10
2518 3145 10395 10
2532 3695 10447 10
3694 2469 10324 10
3755 2581 10392 10
3038 829 10176 10
2630 3173 10328 10
3185 2679 10245 10
9898 6372 9968 10
2684 3718 10386 10
3174 2635 10330 10
2586 3162 10242 10
2464 3693 10440 10
3774 2537 10334 10
3776 563 10178 10
3751 2513 10380 10
2488 3722 10379 10
2562 3156 10335 10
3125 2439 10340 10
3168 2611 10233 10
652 3082 10179 10
2660 3772 10438 10
2703 3846 10231 10
2654 3179 10372 10
3696 2605 10434 10
3748 2445 10224 10
2556 3723 10367 10
918 3777 10180 10
2494 3139 10428 10
3142 2507 10427 10
3151 2543 10365 10
2458 3130 10219 10
2592 3698 10343 10
950 3686 10354 10
3725 2641 10359 10
2690 3188 10421 10
3767 2673 10347 10
2624 3745 10218 10
684 3074 10358 10
3159 2575 10348 10
3134 2475 10212 10
2526 3147 10356 10
2524 3766 10417 10
3701 2477 10357 10
3727 2573 10353 10
9882 5753 10005 10
2622 3171 10414 10
9144 6786 10750 10
3183 2671 10346 10
3046 797 10151 10
2692 3729 10345 10
3176 2643 10361 10
2594 3164 10344 10
2456 3762 10363 10
3760 2545 10409 10
3743 2505 10197 10
2496 3731 10194 10
2554 3154 10407 10
3127 2447 10368 10
3044 805 10454 10
3166 2603 10192 10
2652 3704 10369 10
9161 2802 11266 10
2701 3323 10406 10
3580 9139 11293 10
3401 539 10240 10
2662 3181 10190 10
3707 2613 10398 10
676 3076 10244 10
2564 3734 10336 10
2486 3137 10378 10
3144 2515 10394 10
3149 2535 10187 10
2466 3132 10331 10
2584 3708 10390 10
942 3781 10250 10
3737 2633 10181 10
8347 2920 11993 10
926 3788 10152 10
2682 3186 10389 10
3754 2681 10389 10
2632 3737 10186 10
660 3080 10154 10
3161 2583 10390 10
3132 2467 10327 10
2534 3149 10189 10
11568 8718 12255 10
3688 555 10377 10
2516 3711 10394 10
3712 2485 10378 10
3734 2565 10322 10
2614 3169 10398 10
3040 821 10384 10
3181 2663 10191 10
10315 2700 10406 10
3178 2651 10369 10
2602 3166 10193 10
3050 781 10460 10
2448 3749 10368 10
3713 2553 10407 10
3731 2497 10195 10
2504 3743 10307 10
2546 3152 10409 10
3129 2455 10363 10
3164 2595 10306 10
700 3070 10464 10
2644 3747 10361 10
3729 2693 10200 10
2670 3183 10201 10
966 3682 10465 10
3715 2621 10414 10
902 3789 10393 10
2572 3727 10205 10
2478 3135 10357 10
2849 9480 11845 10
3146 2523 10417 10
3147 2527 10206 10
2474 3134 10211 10
636 3086 10397 10
2576 3717 10348 10
3791 579 10156 10
3745 2625 10214 10
2674 3184 10347 10
3719 2689 10421 10
3034 845 10401 10
2640 3725 10297 10
3163 2591 10343 10
2827 9174 11273 10
3130 2459 10296 10
9921 6289 9922 10
2542 3151 10294 10
3056 757 10298 10
2508 3744 10427 10
3721 2493 10428 10
3766 2525 10356 10
2476 3701 10212 10
2574 3159 10353 10
3171 2623 10218 10
3723 2557 10223 10
2672 3767 10346 10
3188 2691 10345 10
2642 3176 10359 10
2444 3748 10292 10
3698 2593 10344 10
3762 2457 10219 10
2544 3760 10365 10
2506 3142 10197 10
3139 2495 10194 10
3154 2555 10367 10
2446 3127 10224 10
2604 3696 10192 10
3704 2653 10372 10
3323 2702 10231 10
3772 2661 10190 10
2612 3707 10233 10
2606 3167 10434 10
3156 2563 10336 10
3137 2487 10379 10
2514 3144 10380 10
2536 3774 10187 10
3693 2465 10331 10
3708 2585 10242 10
2634 3174 10181 10
3186 2683 10386 10
3179 2655 10289 10
2680 3754 10245 10
3173 2631 10186 10
724 3064 10302 10
2582 3161 10392 10
2468 3694 10327 10
3695 2533 10189 10
3711 2517 10395 10
2484 3712 10396 10
2566 3157 10322 10
3169 2615 10399 10
2664 3779 10191 10
3311 2699 10315 10
3180 2659 10438 10
2650 3178 10261 10
3780 2601 10193 10
990 3784 10470 10
3749 2449 10265 10
2552 3713 10408 10
2610 3168 10287 10
2498 3140 10195 10
3141 2503 10307 10
3152 2547 10269 10
2454 3129 10410 10
2596 3697 10306 10
878 3792 10411 10
2440 3739 10340 10
3747 2645 10271 10
3738 2561 10335 10
2694 3189 10200 10
3699 2669 10201 10
3722 2489 10234 10
2620 3715 10272 10
2512 3751 10235 10
3584 9086 11275 10
9090 3586 11300 10
3158 2571 10205 10
3135 2479 10277 10
2522 3146 10281 10
2538 3150 10334 10
612 3092 10412 10
2528 3778 10206 10
3131 2463 10440 10
3700 2473 10211 10
3717 2577 10418 10
2626 3172 10214 10
3162 2587 10243 10
3184 2675 10419 10
3793 603 10165 10
2688 3719 10425 10
2636 3724 10330 10
3175 2639 10297 10
2590 3163 10285 10
2460 3775 10296 10
3773 2541 10294 10
3718 2685 10283 10
3744 2509 10286 10
2492 3721 10429 10
3028 869 10166 10
2558 3155 10223 10
3126 2443 10292 10
2678 3185 10282 10
3167 2607 10433 10
3684 999 10310 10
2656 3705 10289 10
3726 2629 10328 10
2658 3180 10288 10
3706 2609 10287 10
2580 3755 10248 10
3739 2441 10291 10
2560 3738 10293 10
3062 733 10319 10
2490 3138 10234 10
2470 3133 10324 10
3143 2511 10235 10
3148 2531 10447 10
3150 2539 10295 10
2462 3131 10441 10
9230 9102 11301 10
2588 3709 10243 10
3145 2519 10251 10
2482 3136 10254 10
3724 2637 10442 10
3587 9098 11304 10
2686 3187 10283 10
2568 3728 10321 10
3768 2677 10282 10
3756 2617 10276 10
2628 3726 10300 10
748 3058 10473 10
3160 2579 10248 10
3133 2471 10444 10
2666 3182 10450 10
2530 3148 10446 10
2520 3765 10251 10
3763 2481 10254 10
9888 6307 9911 10
3732 2697 10317 10
3728 2569 10449 10
2618 3170 10276 10
2648 3759 10257 10
3182 2667 10452 10
854 3690 10171 10
2696 3732 10453 10
3165 2599 10456 10
3177 2647 10257 10
2598 3165 10455 10
3128 2451 10262 10
2550 3153 10270 10
588 3098 10174 10
2452 3761 10262 10
6370 9898 9950 10
3714 2549 10270 10
2500 3730 10458 10
3730 2501 10308 10
9192 3588 11306 10
3795 627 10430 10
3022 893 10436 10
3786 975 10337 10
3068 709 10342 10
3589 9197 11309 10
772 3052 10477 10
6535 10663 11165 10
830 3692 10176 10
564 3104 10178 10
3797 651 10179 10
9149 2972 11313 10
9103 3590 11310 10
3016 917 10180 10
3686 951 10480 10
9715 3232 12445 10
3074 685 10481 10
796 3046 10484 10
806 3702 10454 10
8248 10801 11831 10
12062 9909 12084 10
10240 540 10366 10
3710 675 10244 10
9896 6370 9950 10
9194 2947 11281 10
9206 3591 11316 10
3010 941 10250 10
3788 927 10373 10
6401 10073 12180 10
3080 661 10492 10
554 3688 10376 10
820 3040 10494 10
782 3799 10460 10
3800 699 10464 10
11010 2735 11011 10
9209 3592 11319 10
3004 965 10465 10
9111 9148 11283 10
3789 903 10498 10
3086 637 10501 10
578 3791 10400 10
844 3034 10504 10
758 3801 10298 10
9938 10563 11640 10
10658 8098 11174 10
5285 5871 11618 10
3803 723 10302 10
5354 6688 11967 10
9128 3593 11323 10
2998 989 10470 10
3792 879 10505 10
3092 613 10413 10
602 3793 10415 10
868 3028 10416 10
1000 2995 10310 10
9158 2885 11324 10
734 3805 10319 10
3735 747 10473 10
9245 2914 11287 10
3690 855 10426 10
6307 9904 9911 10
3098 589 10514 10
626 3795 10432 10
536 3849 12327 10
892 3022 10437 10
11257 9999 11964 10
9166 2856 11328 10
976 3001 10337 10
710 3740 10342 10
3741 771 10477 10
3692 831 10518 10
6368 9896 9949 10
3713 11355 12392 10
3104 565 10443 10
5903 5061 12502 10
650 3797 10519 10
916 3016 10521 10
9164 3582 11971 10
952 3007 10480 10
686 3808 10481 10
11745 8396 12268 10
3809 795 10484 10
9138 9257 11290 10
3702 807 10525 10
541 3313 10366 10
3225 10043 11692 10
2889 9183 11331 10
674 3710 10529 10
940 3010 10459 10
928 3013 10373 10
662 3750 10492 10
9680 9604 10435 10
3107 553 10376 10
9139 9173 11294 10
3752 819 10494 10
3799 783 10531 10
9899 6368 9949 10
698 3800 10532 10
11553 4782 11937 10
964 3004 10468 10
904 3019 10498 10
638 3813 10501 10
2918 9189 11333 10
2438 3125 9982 10
3101 577 10400 10
11451 8536 11885 10
3757 843 10504 10
3084 10565 10691 10
3801 759 10537 10
10290 9649 12163 10
722 3803 10538 10
3237 10795 11813 10
988 2998 10471 10
880 3025 10505 10
614 3814 10413 10
3556 8861 11947 10
3095 601 10415 10
3815 867 10416 10
2995 1001 10542 10
3805 735 10546 10
9190 3587 11305 10
3076 11454 12380 10
746 3735 10547 10
856 3031 10426 10
3588 9191 11308 10
9013 5945 9014 10
590 3769 10514 10
6606 10015 11017 10
3089 625 10432 10
8855 8802 12033 10
3771 891 10437 10
3001 977 10475 10
3740 711 10549 10
770 3741 10476 10
3596 9154 11336 10
3590 9200 11312 10
832 3037 10518 10
566 3818 10443 10
5734 7094 11802 10
3083 649 10519 10
3820 915 10521 10
3007 953 10478 10
3808 687 10483 10
6366 9899 9963 10
794 3809 10485 10
9852 6382 11767 10
808 3043 10525 10
3313 542 10489 10
3077 673 10529 10
3782 939 10459 10
3013 929 10490 10
3750 663 10491 10
8740 11011 11028 10
552 3107 10493 10
818 3752 10559 10
5392 6546 11840 10
9162 3599 11337 10
784 3049 10531 10
3071 697 10532 10
3783 963 10468 10
3019 905 10500 10
2808 9248 11396 10
9905 6366 9963 10
3813 639 10562 10
6828 7099 11563 10
576 3101 10502 10
842 3757 10503 10
3598 9158 11325 10
760 3055 10537 10
3065 721 10538 10
3602 9175 11339 10
3785 987 10471 10
3025 881 10507 10
9723 7179 11555 10
3814 615 10568 10
9177 3603 11341 10
9224 9178 11342 10
600 3095 10508 10
5753 9908 10005 10
3600 9166 11329 10
866 3815 10509 10
6212 5360 6213 10
1002 3824 10542 10
736 3061 10546 10
3604 9180 11344 10
3059 745 10547 10
6118 5396 6119 10
3414 8325 11315 10
3031 857 10569 10
9173 2937 11295 10
3769 591 10511 10
6607 10945 11857 10
624 3089 10515 10
7032 7031 11215 10
890 3771 10574 10
978 3826 10475 10
712 3067 10549 10
5640 5395 11284 10
6507 8703 12399 10
3053 769 10476 10
3037 833 10577 10
3818 567 10579 10
11332 6727 11933 10
648 3083 10520 10
914 3820 10522 10
954 3787 10478 10
9236 2895 11350 10
688 3073 10483 10
9195 3607 11348 10
3047 793 10485 10
9904 6309 9940 10
6364 9905 9983 10
10054 3849 10055 10
3043 809 10583 10
10489 543 10528 10
672 3077 10584 10
938 3782 10530 10
9283 3608 11351 10
2792 9331 11352 10
9237 3595 11353 10
930 3828 10490 10
11400 3081 11944 10
5419 7003 11734 10
664 3079 10491 10
3829 551 10493 10
9220 9164 11970 10
9204 9238 11356 10
3041 817 10559 10
3049 785 10592 10
6195 6804 11934 10
2821 9336 11357 10
696 3071 10533 10
962 3783 10534 10
906 3790 10500 10
6408 9800 12401 10
9207 9340 11359 10
640 3085 10562 10
3831 575 10502 10
9910 6364 9983 10
3035 841 10503 10
2850 9243 11361 10
9244 3597 11362 10
3055 761 10536 10
720 3065 10599 10
986 3785 10539 10
882 3832 10507 10
616 3091 10568 10
11021 8748 11022 10
3833 599 10508 10
3029 865 10509 10
3824 1003 10543 10
6309 9913 9940 10
3061 737 10603 10
9216 9359 11365 10
6454 5376 6455 10
744 3059 10604 10
5348 7256 11984 10
858 3794 10569 10
592 3097 10511 10
3835 623 10515 10
9249 2808 11395 10
3023 889 10574 10
8323 8358 12075 10
3826 979 10607 10
3067 713 10548 10
768 3053 10550 10
8403 2788 12106 10
9808 6406 12373 10
834 3796 10577 10
2966 9365 11374 10
568 3103 10579 10
9567 6556 11561 10
9633 10273 12156 10
3798 647 10520 10
3017 913 10522 10
3787 955 10552 10
2876 9225 11375 10
9900 9888 12514 10
3073 689 10609 10
6415 10526 10527 10
9909 6405 12084 10
792 3047 10613 10
3610 9228 11376 10
3605 9278 11371 10
6362 9910 9999 10
810 3839 10583 10
6873 10997 12140 10
2937 9265 11322 10
544 3109 10528 10
2847 9229 11381 10
3840 671 10584 10
6754 6755 11511 10
3011 937 10530 10
8868 6777 11201 10
3828 931 10614 10
9071 11568 12326 10
2905 9224 11343 10
3079 665 10557 10
8396 11746 12161 10
550 3829 10558 10
11620 5397 11795 10
3586 9188 11773 10
816 3041 10617 10
6683 5330 6684 10
9786 6409 12418 10
786 3841 10592 10
9315 2840 11378 10
3842 695 10533 10
5029 5855 11630 10
3005 961 10534 10
3790 907 10560 10
10928 6767 12461 10
3085 641 10561 10
6653 5393 11927 10
6405 9945 12014 10
574 3831 10564 10
5409 6760 11743 10
9923 6362 9999 10
9325 2869 11383 10
840 3035 10620 10
9300 5974 10998 10
762 3843 10536 10
11746 8429 12184 10
3253 10773 11779 10
3802 719 10599 10
2999 985 10539 10
5826 11745 12268 10
3832 883 10566 10
3091 617 10567 10
598 3833 10625 10
864 3029 10626 10
1004 2994 10543 10
9287 9242 11387 10
738 3804 10603 10
9908 5751 10023 10
3845 743 10604 10
2992 1009 10605 10
3794 859 10629 10
8658 8657 12101 10
3618 9249 11394 10
9284 9237 11354 10
3097 593 10630 10
622 3835 10570 10
888 3023 10571 10
980 3000 10607 10
9282 7160 11709 10
714 3844 10548 10
6681 6658 11688 10
3806 767 10550 10
9291 9251 11391 10
6168 10722 10950 10
3796 835 10632 10
3103 569 10580 10
9340 2927 11360 10
646 3798 10635 10
9881 7214 11784 10
9399 2963 11397 10
912 3017 10582 10
10360 9719 10856 10
2708 2709 9773 10
956 3006 10552 10
9263 9293 11399 10
10135 5887 12333 10
9289 9244 11363 10
690 3807 10609 10
9279 9422 12357 10
3810 791 10613 10
6359 9923 10000 10
6407 9789 12411 10
3839 811 10637 10
9913 6311 9987 10
3109 545 10640 10
670 3840 10585 10
936 3011 10642 10
9592 6142 12299 10
932 3012 10614 10
9548 6564 12015 10
666 3811 10557 10
6000 5315 11782 10
9359 2985 11366 10
9649 10371 12163 10
3108 549 10558 10
3838 815 10617 10
3841 787 10589 10
9301 9277 11405 10
6882 6880 6883 10
694 3842 10593 10
11391 6096 11392 10
960 3005 10596 10
908 3018 10560 10
8534 8536 11451 10
9916 6359 10000 10
642 3812 10561 10
3738 11200 11992 10
3077 11510 12402 10
6048 9883 9884 10
3102 573 10564 10
2811 9420 11406 10
2992 10605 11241 10
3837 839 10620 10
3846 2704 11859 10
3843 763 10650 10
9834 5647 9920 10
718 3802 10598 10
6311 9939 9987 10
9280 9321 11410 10
984 2999 10600 10
884 3024 10566 10
10747 10191 12403 10
618 3836 10567 10
3430 8729 10915 10
3096 597 10625 10
8230 10811 12231 10
9278 9305 11372 10
9555 5979 11802 10
9323 2818 11408 10
3834 863 10626 10
2994 1005 10656 10
2968 8835 12002 10
3804 739 10602 10
9327 3612 11409 10
11591 6577 11812 10
742 3845 10657 10
11217 9054 11721 10
1008 2992 10654 10
10070 7072 12038 10
860 3030 10629 10
594 3816 10630 10
3090 621 10570 10
9730 3259 12417 10
3817 887 10571 10
3252 11101 12160 10
2898 9332 11412 10
2840 9317 11380 10
9335 3614 11413 10
3000 981 10652 10
3844 715 10651 10
3615 9338 11415 10
766 3806 10649 10
5697 9434 12397 10
11274 6679 11275 10
5359 7250 11926 10
836 3036 10632 10
2869 9431 11384 10
9345 3616 11417 10
570 3819 10580 10
1010 3664 10605 10
10651 3066 12017 10
3714 11471 12412 10
3084 645 10635 10
3821 911 10582 10
3006 957 10647 10
8227 7375 11816 10
6357 9916 9995 10
6907 11928 12293 10
3807 691 10646 10
10073 6270 11844 10
6025 10653 12379 10
790 3810 10611 10
10840 8409 12181 10
6774 6776 12307 10
812 3042 10637 10
546 3830 10640 10
3078 669 10585 10
3827 935 10642 10
3012 933 10645 10
6287 9921 9994 10
3811 667 10641 10
548 3108 10616 10
814 3838 10618 10
788 3048 10589 10
3236 10756 11729 10
9915 6357 9995 10
3624 9296 11423 10
3072 693 10593 10
3822 959 10596 10
3018 909 10636 10
9742 9659 10748 10
3812 643 10634 10
2886 9291 11392 10
572 3102 10633 10
9373 6108 11040 10
3036 10621 11698 10
838 3837 10621 10
3625 9412 11424 10
764 3054 10650 10
6378 9854 9855 10
3622 9364 11425 10
9367 9303 11427 10
3066 717 10598 10
5624 9612 12413 10
3825 983 10600 10
3024 885 10623 10
3626 9307 11429 10
3836 619 10631 10
596 3096 10624 10
9422 2917 11436 10
8992 9013 12283 10
862 3834 10628 10
10541 5890 11922 10
10844 6986 11254 10
1006 3823 10656 10
9369 9309 11431 10
9939 6313 10002 10
740 3060 10602 10
7206 11069 11401 10
934 3827 10645 10
668 3078 10641 10
3830 547 10616 10
3042 813 10618 10
3048 789 10611 10
692 3072 10646 10
958 3822 10647 10
910 3821 10636 10
644 3084 10634 10
3819 571 10633 10
3036 837 10621 10
3054 765 10649 10
716 3066 10651 10
982 3825 10652 10
886 3817 10623 10
620 3090 10631 10
3816 595 10624 10
3030 861 10628 10
3823 1007 10654 10
3060 741 10657 10
3628 9312 11433 10
3734 11140 12024 10
11612 8739 12208 10
6603 6692 11318 10
6624 11286 11634 10
10816 8921 12267 10
7170 4608 12145 10
8922 8872 12260 10
11304 7087 11305 10
8708 11612 12206 10
9420 3627 11407 10
6616 6615 10869 10
9652 10260 11629 10
10060 11652 12239 10
528 536 12327 10
9467 2973 11440 10
6313 9935 10002 10
3686 10480 11847 10
5751 9934 10023 10
11673 2887 12458 10
8833 9374 12242 10
9381 2944 11443 10
5447 6108 11728 10
9341 3634 11446 10
10894 8197 12461 10
9362 6536 11208 10
6384 9846 9847 10
10125 3037 12139 10
7108 9629 11142 10
5908 5028 11926 10
8436 8392 12200 10
9482 9350 11448 10
8972 8966 12134 10
9378 9335 11414 10
8472 9389 12195 10
8445 8536 12190 10
6353 9918 10006 10
9897 6403 12049 10
9338 9473 11416 10
10467 6674 10535 10
9398 3623 11452 10
9927 6353 10006 10
9384 9345 11418 10
10017 3731 11470 10
3229 10586 11735 10
8812 8598 12140 10
5961 5266 11839 10
9503 2828 11456 10
9515 2799 11462 10
9914 2437 9982 10
10766 6759 11447 10
10835 10774 12238 10
9702 10185 11513 10
2888 9414 11459 10
9935 6315 9998 10
11461 3080 12009 10
8964 8963 12300 10
6349 9938 10029 10
6726 11436 11933 10
6477 9690 11344 10
10237 7045 10238 10
3037 10577 12139 10
7140 5718 10716 10
6315 9932 9998 10
9960 6349 10029 10
6600 7174 10873 10
3629 9425 11463 10
9364 9511 11426 10
3741 10477 11865 10
6729 9536 11904 10
2983 9367 11428 10
2946 9426 11465 10
9429 3630 11466 10
7034 10952 12360 10
3632 9430 11469 10
6347 9960 10027 10
2954 9369 11432 10
3078 11566 12409 10
8728 5947 8729 10
10062 7499 11803 10
9104 11310 11311 10
2934 9222 11866 10
9942 6347 10027 10
5367 6550 11839 10
3639 9388 11473 10
9932 6317 9997 10
10048 6584 11740 10
10865 8736 12221 10
9705 9801 11694 10
6317 9933 9997 10
2940 8301 12051 10
6345 9942 10014 10
3637 9467 11442 10
6183 11102 11103 10
9329 2975 11968 10
3256 11001 12099 10
11552 3773 12008 10
3640 9488 11472 10
8234 10853 12232 10
3638 9381 11444 10
9395 3641 11474 10
9790 10349 10350 10
9936 6345 10014 10
2814 8531 12136 10
9934 5749 10036 10
11315 7125 11468 10
3642 9494 11476 10
5964 12010 12400 10
6782 6784 12321 10
9451 9408 11478 10
9933 6319 10003 10
6319 9941 10003 10
8275 3453 11789 10
9770 9705 11160 10
6343 9936 10012 10
9506 3645 11480 10
9547 9411 11481 10
11236 7105 12241 10
11289 5933 11879 10
5502 6787 11806 10
9449 9398 11453 10
9993 6287 9994 10
7184 11937 12329 10
8521 8519 8588 10
9558 9415 11482 10
9248 9130 12109 10
9937 6343 10012 10
9941 6321 10010 10
6321 9961 10010 10
3664 1011 10672 10
9568 9423 11485 10
3644 9503 11457 10
11203 6101 12013 10
9627 6025 12379 10
9743 3239 12371 10
10548 3844 11850 10
9971 6614 11557 10
6341 9937 10020 10
11191 6549 11192 10
10998 5973 12271 10
9414 3647 11460 10
9622 6744 11143 10
9433 3650 11489 10
2758 9466 11490 10
10980 6910 12037 10
8166 8184 12212 10
6677 11533 12015 10
9840 9754 11716 10
9406 9518 11673 10
9951 6341 10020 10
11485 6557 11486 10
2820 9471 11492 10
9425 9457 11464 10
6325 9969 10032 10
9388 2915 12083 10
9981 6325 10032 10
6619 9870 11972 10
9440 9476 11495 10
9115 11350 12342 10
5318 6953 11846 10
5331 6646 11838 10
9761 6267 12054 10
2878 9485 11496 10
10760 9794 11891 10
6327 9956 10026 10
9969 6327 10026 10
6339 9951 10031 10
6329 9952 10021 10
8581 12149 12477 10
9956 6329 10021 10
6509 11178 12229 10
9973 6339 10031 10
10796 5999 11745 10
6331 9958 10024 10
9952 6331 10024 10
5218 5847 11738 10
2936 9498 11498 10
9958 6333 10030 10
6333 9972 10030 10
8177 2750 12102 10
2965 9512 11503 10
9514 3646 11504 10
3651 9553 11506 10
6337 9973 10039 10
3497 8665 12147 10
2907 9492 11537 10
3652 9454 11508 10
9972 6335 10037 10
7132 9710 12134 10
6335 9985 10037 10
2935 9451 11479 10
9985 6337 10039 10
10387 9647 12177 10
3470 8530 11886 10
5607 6874 12497 10
6567 6570 11595 10
6026 5031 11699 10
9768 9255 11918 10
9578 2868 11514 10
3654 9581 11516 10
4201 11228 12426 10
2877 9558 11483 10
2848 9568 11486 10
9618 9475 11517 10
10333 3693 12116 10
6629 6793 11579 10
5749 9986 10036 10
10184 9699 10329 10
9535 9481 11518 10
8746 8745 8782 10
6713 6711 6714 10
6824 7089 11373 10
3067 10548 11621 10
9877 9873 11776 10
9492 3661 11536 10
8910 11331 12486 10
9491 9539 11521 10
9540 2964 11524 10
6469 6472 11589 10
9543 9493 11527 10
3827 10643 10644 10
9497 9625 11529 10
3817 10572 10573 10
9974 6227 9975 10
7015 7013 7017 10
6672 6670 6673 10
3302 8953 11962 10
532 3847 7248 10
9214 11954 11955 10
10553 3006 10554 10
9508 9624 11530 10
9549 2906 11533 10
5952 5278 11895 10
10351 9807 10352 10
10544 2994 10545 10
9007 6651 9008 10
2999 10540 10541 10
3017 10523 10524 10
10688 9929 11801 10
6073 5335 11743 10
11774 6523 12466 10
6592 9753 11152 10
9708 5456 9709 10
9531 3414 11468 10
3769 10512 10513 10
9803 10124 10125 10
9498 3662 11499 10
7227 9021 11196 10
10537 10815 12407 10
3752 10495 10496 10
10338 3001 10339 10
9550 9514 11505 10
9552 3651 11507 10
3004 10466 10467 10
10461 3799 10462 10
9613 3655 11548 10
3028 10167 10168 10
3034 10402 10403 10
3791 10157 10158 10
3684 10311 10312 10
9750 3211 12339 10
7112 7109 11215 10
3135 10278 10279 10
8185 6877 12212 10
3719 10422 10423 10
10229 3044 10230 10
10349 3717 10350 10
3749 10266 10267 10
10381 3144 10382 10
3323 10232 10316 10
3656 9611 11543 10
10182 3174 10183 10
10096 3014 10097 10
3699 10202 10203 10
3746 10091 10092 10
3143 10236 10237 10
3177 10258 10259 10
10263 3761 10264 10
3694 10325 10326 10
6185 6190 11618 10
10255 3136 10256 10
3678 10105 10106 10
3039 10101 10102 10
3170 10273 10274 10
3681 10086 10087 10
3051 10082 10083 10
3185 10246 10247 10
2926 9590 11545 10
3745 10215 10216 10
3147 10207 10208 10
3748 10225 10226 10
10220 3130 10222 10
3743 10198 10199 10
6613 6616 11582 10
9967 9887 12452 10
2868 9580 11515 10
8145 3410 12114 10
3660 9596 11550 10
9986 5747 10045 10
3292 8751 12284 10
11519 3079 12080 10
11209 6894 12063 10
9764 7012 11726 10
8369 2834 11946 10
9620 2916 11562 10
9605 9545 11555 10
7026 7007 11910 10
9591 9566 11561 10
9594 9564 11558 10
6646 11039 12142 10
3663 9608 11557 10
8871 8872 11663 10
2955 9594 11559 10
6994 6898 12430 10
6556 9703 11561 10
5984 5228 11015 10
8776 5952 11894 10
6285 9993 10035 10
2834 8266 12094 10
6019 11757 12396 10
9597 7035 10948 10
9539 2800 11522 10
10069 9834 11756 10
2858 9543 11532 10
8308 8510 12169 10
9518 9406 9519 10
9611 9574 11544 10
9590 9572 11546 10
9596 9556 11551 10
9601 9549 11534 10
9624 2858 11531 10
11448 6917 12066 10
6586 6632 6689 10
9754 9864 10898 10
10661 7585 11807 10
10228 10229 12180 10
8295 8296 11026 10
9800 6402 12105 10
6611 11425 11426 10
6580 6619 6647 10
11554 3760 12086 10
6404 9786 12125 10
6151 6862 10696 10
8578 5730 12368 10
9141 10761 11276 10
10761 9062 11276 10
6933 6932 11553 10
9929 5833 9930 10
5940 6903 11952 10
6402 9808 12108 10
9789 6404 12131 10
11518 6731 11904 10
8479 11654 12150 10
3417 8177 12220 10
3790 10560 11801 10
10919 6980 10978 10
9734 6929 12047 10
5852 7056 10846 10
9294 9295 11799 10
9766 9892 10746 10
10185 10856 11513 10
9089 2889 12281 10
6997 9469 11119 10
8872 8922 11663 10
6658 6656 6659 10
8852 3299 12061 10
10404 6419 11823 10
6884 6883 11930 10
8848 8798 12288 10
7130 8318 11990 10
7189 10325 11945 10
6526 6529 6810 10
5747 10019 10045 10
8129 10901 10902 10
7278 5502 11806 10
6493 9218 11419 10
10015 10767 12152 10
6518 6521 6809 10
9777 9907 10551 10
6925 6923 6926 10
3363 12062 12084 10
6852 6849 9886 10
5916 9389 12505 10
9953 9843 11140 10
9790 9917 10349 10
5881 7000 10739 10
6502 11357 11710 10
6764 6766 10858 10
9286 7182 10845 10
10779 9890 11698 10
9807 9931 10352 10
8459 10753 12191 10
10034 6285 10035 10
2896 9462 11615 10
6084 5344 11734 10
11233 7146 12229 10
9831 9953 10963 10
6924 10905 11489 10
3299 9526 12061 10
10775 6943 11610 10
5793 9702 11513 10
5615 11493 12366 10
10172 6937 12528 10
7197 7025 12301 10
6098 6100 6205 10
7059 7129 11750 10
6106 10479 10555 10
11718 8581 12477 10
10259 9718 10362 10
6690 9635 10972 10
9143 9088 12312 10
10831 9854 11292 10
6593 6596 11630 10
5949 9419 11607 10
5889 7087 11253 10
8803 6749 12033 10
11383 6618 12454 10
10019 5745 10059 10
10034 11865 12463 10
8655 8687 12360 10
9887 6376 11588 10
9829 12057 12523 10
7167 8275 11789 10
6631 11146 12487 10
10549 3067 12213 10
9615 9583 12174 10
7086 10903 10955 10
6505 6508 6642 10
7176 9712 11423 10
6965 6966 11786 10
3201 11368 12245 10
9646 10595 11867 10
6403 9909 12062 10
9184 7089 12486 10
3124 10709 11810 10
9863 9862 11785 10
9035 8811 12334 10
10051 5936 12030 10
5993 5099 11838 10
11613 10604 12456 10
5941 5082 11984 10
3232 10314 12445 10
8781 10597 11637 10
10575 6440 10576 10
6728 6730 10993 10
6777 5924 11818 10
3665 10143 11609 10
11375 7001 11388 10
10025 6444 11229 10
6620 9579 12444 10
7446 9857 12434 10
10695 7061 11837 10
10702 9762 12354 10
7210 11346 12364 10
10388 9645 12178 10
7184 7178 11553 10
11044 6635 11045 10
10445 11949 12414 10
8331 10834 12355 10
9998 11893 12213 10
9886 6847 11860 10
7110 11060 11061 10
10983 6467 10984 10
8242 11617 11998 10
12273 9592 12299 10
9977 9861 11200 10
6185 6187 6190 10
10853 8234 12384 10
11873 9899 12522 10
6932 6912 10980 10
5745 10041 10059 10
8479 8481 11654 10
7099 11053 11054 10
7207 8775 11894 10
6283 10034 10058 10
8459 8460 10753 10
6991 11386 11929 10
6098 6205 11738 10
9281 9329 12270 10
6044 10227 11931 10
11340 5729 11939 10
5908 11926 12488 10
11625 8496 11652 10
12225 8381 12278 10
2887 9538 11753 10
10975 7009 10976 10
6500 6677 12016 10
10405 9891 12095 10
9374 8833 10038 10
3466 8223 11897 10
11320 5869 11936 10
9193 11306 11307 10
11523 7463 12406 10
6152 10022 10677 10
5355 6607 11858 10
8409 10840 12381 10
5458 7138 11703 10
9907 9790 10350 10
5473 8782 11637 10
9062 10639 12349 10
10041 5743 10064 10
10391 9777 10551 10
6546 9137 11879 10
9919 5659 12341 10
6847 6846 11860 10
6135 6935 10686 10
8340 10732 11827 10
11189 6742 11190 10
11652 8496 12239 10
7946 9858 12369 10
3020 10393 11976 10
5884 7157 12479 10
9802 10125 12139 10
3325 11643 12276 10
2744 8162 12450 10
7147 11166 11167 10
6567 6569 6570 10
5850 8292 12455 10
7904 9856 12358 10
10052 6226 12385 10
7126 9532 11855 10
3066 10598 11730 10
9739 9333 12010 10
7127 6886 10682 10
10732 8226 11816 10
10876 7082 10896 10
6950 11522 12287 10
3822 10596 11953 10
6844 8582 11718 10
9023 5872 11714 10
6906 6904 11778 10
7591 9886 11860 10
9710 7131 10922 10
8392 8436 12128 10
6553 7233 11914 10
11765 6981 11990 10
5823 10209 11749 10
8992 8993 9013 10
10811 8230 11656 10
10060 6545 11652 10
8492 10865 12221 10
6979 6981 10474 10
10057 6283 10058 10
7031 6896 11209 10
8921 10816 11594 10
5647 9919 9920 10
9560 11607 12498 10
3607 10469 11348 10
9007 9008 11650 10
3574 9120 11994 10
3272 10693 11987 10
10840 5906 12381 10
9956 10021 12316 10
2993 2436 9914 10
10682 6884 11930 10
10280 5842 12143 10
6108 9374 11728 10
11171 6860 11172 10
10469 9280 11410 10
3142 10427 10671 10
8349 6532 12494 10
6171 6172 11912 10
8313 3440 12104 10
8976 9044 12383 10
6133 9760 11377 10
9401 2907 12359 10
10588 9301 11405 10
10299 11662 12048 10
8932 8893 12471 10
11327 9267 12246 10
3606 9279 12356 10
9975 9976 11597 10
3850 2712 12133 10
5674 7185 11671 10
5743 10061 10064 10
6765 10894 12461 10
9313 11381 11382 10
7093 10338 12053 10
2799 10588 11462 10
10934 7141 12106 10
8292 8290 11603 10
7872 10980 12037 10
9126 9157 12424 10
6890 6888 11790 10
12259 6706 12440 10
8543 10708 12173 10
10865 8492 12441 10
6602 9928 10992 10
9851 9850 11794 10
11828 8971 12027 10
6009 5058 11967 10
8158 8145 12453 10
9322 9199 12439 10
6755 9763 12031 10
6248 9890 9891 10
9404 9487 10860 10
6411 9897 12387 10
3119 11340 11939 10
10959 5451 11882 10
6147 6537 6542 10
6456 6455 11639 10
8293 5572 11603 10
9427 9428 11598 10
7751 10008 12500 10
6545 10060 11206 10
11326 8639 12219 10
5391 6624 11699 10
7075 10885 11771 10
9146 9006 12257 10
9258 9259 11821 10
3856 3857 3858 10
3259 10685 12417 10
6181 6941 11580 10
9017 8929 12483 10
6121 9687 12275 10
6156 6743 6746 10
12211 10922 12296 10
6786 9144 12312 10
8917 6528 11811 10
11681 10473 12460 10
7050 9704 11085 10
10002 11850 12017 10
6613 6615 6616 10
6527 11216 11811 10
6578 11065 11066 10
8460 6605 12440 10
7011 7008 7026 10
10839 6707 10840 10
11285 6681 11688 10
3480 8752 12478 10
11631 8587 11757 10
11824 4789 12489 10
8377 11601 12103 10
9228 2953 12475 10
1012 2991 10672 10
6145 6816 6818 10
9295 11587 11799 10
6189 6192 9954 10
10058 10034 12463 10
6459 6748 11812 10
6754 11511 11512 10
3313 10489 11891 10
6953 9234 11846 10
6926 6923 12314 10
10015 6606 10767 10
10896 7082 11990 10
9181 10202 12193 10
6143 10305 11082 10
6642 6508 11822 10
11745 5999 11746 10
7505 11209 12063 10
6785 5922 11836 10
3768 10247 11867 10
6745 6859 9885 10
11078 6837 11501 10
6474 6476 7088 10
7143 6210 11758 10
10315 10316 11872 10
6469 6471 6472 10
10615 10614 12135 10
7111 7109 7112 10
2902 8224 12507 10
9853 10733 12515 10
7180 7178 7184 10
10034 10035 11865 10
8970 8971 11828 10
9870 6214 11186 10
7511 10845 12329 10
6000 11504 12324 10
6276 6274 12146 10
5719 7059 11751 10
10523 10522 12512 10
6572 6574 8104 10
11376 9007 11650 10
6174 6175 12504 10
6598 6600 7232 10
9396 11918 12421 10
6982 8644 11791 10
11774 4790 12492 10
9428 9525 10814 10
3098 10513 11875 10
6149 6990 6991 10
10936 3854 12050 10
11046 6934 11869 10
6593 6595 6596 10
9917 9807 10351 10
8117 3405 12081 10
9814 9841 12205 10
6539 6541 10729 10
9092 9093 12031 10
11722 10082 12520 10
10137 11722 12520 10
8142 2755 12089 10
9234 9233 11846 10
2746 8150 12091 10
6815 11282 11283 10
9821 9842 12113 10
9014 5945 12122 10
2754 8147 12093 10
9383 5701 11223 10
5921 7135 11836 10
6063 10383 12443 10
7162 7163 12493 10
6819 10018 11352 10
10767 8458 12152 10
7066 7028 7067 10
9714 6638 11387 10
3855 2993 9914 10
9480 3658 12459 10
5670 7132 11732 10
10761 5903 12502 10
5923 7231 11818 10
6663 6660 11564 10
9829 9848 12057 10
8192 8175 12111 10
11851 4769 12416 10
6895 6900 11862 10
6702 8424 11638 10
11377 9760 12280 10
6929 6927 11715 10
11169 6610 11826 10
3701 10279 11871 10
9267 3602 12246 10
3127 10267 11870 10
10070 4691 12438 10
6718 6715 11583 10
9951 10020 11461 10
6865 11238 11239 10
3821 10524 11917 10
11590 7390 12442 10
9973 10031 11519 10
11085 12224 12354 10
9937 10012 11400 10
6712 9168 11526 10
9202 11760 12137 10
6638 9738 11387 10
10006 11641 12395 10
3825 10541 11922 10
10169 6412 10170 10
10022 6023 10973 10
8379 2725 12127 10
2953 9146 12257 10
6217 9658 10122 10
11456 9300 11457 10
7247 6853 12372 10
7082 7078 11765 10
8488 2724 12138 10
5995 6477 12087 10
9819 9772 11733 10
3012 10644 12135 10
9835 9866 12021 10
3856 3855 3857 10
9976 7096 11572 10
8965 5867 10816 10
9936 10014 11347 10
2709 3400 9773 10
6603 6691 6692 10
10750 6005 12261 10
2738 8602 12158 10
2766 8482 12150 10
8590 2785 12148 10
3506 8579 12149 10
2790 8570 12151 10
8461 2772 12152 10
8653 8640 12162 10
8667 2784 12154 10
10474 4769 11851 10
2779 8684 12155 10
6638 9714 12353 10
10667 6470 11018 10
4754 11467 11684 10
7296 6120 10861 10
8594 8613 12159 10
9842 9814 11012 10
9363 9409 12294 10
3854 2993 3855 10
9262 9825 12055 10
9848 9821 11227 10
11506 6760 11507 10
2780 8398 12161 10
6591 11034 11035 10
9920 9919 12039 10
8751 8750 12176 10
2768 8814 12166 10
9841 9815 10881 10
8240 8242 11998 10
8425 2770 12171 10
9839 9793 10832 10
8264 5997 11326 10
9785 6992 11409 10
10506 10505 12385 10
8163 8156 12450 10
6179 7051 11538 10
9963 9899 11873 10
3239 10727 12371 10
6634 6635 11626 10
8795 3495 12203 10
2760 8790 12202 10
11331 8910 12281 10
9844 9879 11980 10
8758 8433 12200 10
8624 3492 12199 10
10743 10732 11816 10
9983 9905 11913 10
6704 6706 11569 10
8813 2768 12182 10
8606 2780 12184 10
8749 3294 12209 10
2784 8668 12201 10
2736 8725 12206 10
8627 3480 12188 10
8504 2769 12181 10
9866 9829 11367 10
8533 8733 12190 10
2771 8730 12191 10
8985 8973 12211 10
8741 2736 12208 10
9949 9896 11842 10
3484 8720 12195 10
8691 2767 12197 10
8701 3486 12198 10
9348 9349 11954 10
7089 11372 11373 10
10079 11733 12230 10
9942 10027 11334 10
8783 2720 12214 10
3695 10188 11989 10
8366 8368 10659 10
9796 7107 11138 10
3803 10302 11695 10
9986 10045 11554 10
7161 11217 11721 10
10866 6761 11333 10
3400 11571 12275 10
10267 5723 12469 10
9921 9922 12428 10
9168 9169 11526 10
9999 9910 11964 10
3277 11653 12204 10
8842 3296 12238 10
2734 8843 12242 10
6875 7278 11806 10
9879 9835 11484 10
9950 9898 11819 10
9927 10006 10745 10
6894 6893 12063 10
6848 7036 11748 10
9010 3631 12249 10
10182 9701 12185 10
6767 9227 11863 10
6109 10937 11027 10
7228 10052 11876 10
7666 10682 11930 10
10805 6643 11524 10
9899 9949 11539 10
8873 3301 12260 10
9935 9998 12213 10
3218 11683 12264 10
9915 9995 10813 10
3520 10675 12227 10
10610 3072 12034 10
9896 9950 11592 10
9575 9576 11390 10
8944 2731 12273 10
9905 9963 11455 10
8950 2717 12267 10
6429 10527 11565 10
6929 11715 12047 10
3648 9520 12343 10
11450 8535 11451 10
6910 6909 12037 10
9120 8160 11994 10
9960 10029 10691 10
2713 8994 12283 10
9501 9500 9502 10
9892 9777 10391 10
7022 7200 11829 10
6950 11521 11522 10
6656 6654 11755 10
9916 10000 10892 10
5407 10936 12050 10
11612 6968 12447 10
9386 9385 10025 10
9898 9968 11648 10
11099 7256 12388 10
8748 11021 12284 10
8647 2852 12217 10
9910 9983 11358 10
3503 8690 12218 10
2978 8719 12265 10
9968 9901 11804 10
8382 3479 12216 10
2961 8734 12221 10
8789 2922 12277 10
2823 8807 12280 10
8619 3520 12227 10
9262 9261 9825 10
8664 2987 12237 10
2941 8324 12219 10
8822 3530 12239 10
2707 3848 3852 10
8283 8284 8285 10
8217 8216 10740 10
7174 11179 11180 10
9218 9217 11419 10
9562 5951 11025 10
8260 8259 10702 10
6647 6619 11972 10
8270 8269 8271 10
9107 9106 9108 10
8371 8370 8372 10
8287 3452 12225 10
10578 9802 12139 10
5918 7234 11919 10
6690 8794 11854 10
9869 9818 11662 10
9339 6491 11616 10
8366 10659 11121 10
8366 8367 8368 10
8896 8897 8898 10
10196 3730 11985 10
8742 2832 12250 10
3210 11619 12107 10
8495 8496 11625 10
8754 2861 12251 10
8682 8683 9871 10
8716 8718 9747 10
2815 8353 12232 10
3435 8352 12233 10
8243 2843 12234 10
3540 8913 12252 10
6132 10702 12168 10
2844 8350 12235 10
10033 10761 12502 10
8770 3541 12253 10
2873 8341 12231 10
6826 10848 11437 10
9092 9091 9093 10
12155 8428 12482 10
2989 8327 12228 10
8945 2977 12255 10
9071 9070 9734 10
8801 3547 12256 10
8322 3431 12226 10
11475 9510 12004 10
6473 10938 10939 10
3443 8305 12224 10
8303 2940 12223 10
6711 6709 11775 10
10451 9201 12403 10
3448 8272 12222 10
10659 9675 11121 10
3856 3858 11575 10
8290 8291 11603 10
10173 3031 12003 10
10382 5977 12443 10
9901 9967 11702 10
9923 9999 11257 10
7122 10703 12036 10
6801 10615 12135 10
8582 8581 11718 10
8568 8567 8569 10
5947 5948 8729 10
8238 8237 11997 10
8459 8457 8460 10
8439 8440 8441 10
8992 8991 8993 10
8529 8528 9707 10
7097 10648 11442 10
8518 8519 8521 10
3559 8884 12266 10
8479 8478 8481 10
8833 8832 10038 10
3561 8892 12269 10
8134 8132 11596 10
9392 9680 11889 10
8744 8745 8746 10
8152 8153 11671 10
8137 8136 10913 10
8955 8956 11633 10
8711 11896 12197 10
12145 6926 12314 10
9684 9394 11856 10
10986 7048 11487 10
2977 9073 12326 10
8574 11638 12171 10
8894 7043 12471 10
6453 11406 11407 10
6889 8910 12486 10
11607 9419 12498 10
8914 9094 12338 10
8588 8586 11631 10
6909 6906 11778 10
6168 6018 12396 10
9125 2836 12340 10
9899 11539 12522 10
7163 10146 12493 10
2991 1013 10915 10
8264 11326 12219 10
9039 2957 12290 10
3577 9129 12291 10
10222 10857 11262 10
9135 3578 12292 10
7105 6662 12241 10
9939 10002 12017 10
11210 6680 11211 10
9803 9804 10124 10
8416 8415 11834 10
11606 7670 11884 10
6616 10869 11772 10
11689 4781 12464 10
7140 10716 10819 10
7062 11411 12174 10
10019 10059 11552 10
2972 9151 12302 10
6880 6878 11817 10
9893 6093 12318 10
10918 10715 12256 10
11437 9401 12359 10
11094 7003 11095 10
7173 10196 11985 10
3583 9170 12313 10
11497 11496 11909 10
8782 8780 11637 10
9690 6167 11405 10
3211 10763 12339 10
6893 6890 11790 10
8338 8337 12077 10
6899 6892 11862 10
9110 2976 12322 10
6478 6181 12087 10
11627 4781 11689 10
11644 7323 12474 10
6993 11385 11386 10
6713 7161 11721 10
9860 6477 11344 10
6696 11267 12425 10
11091 6448 11899 10
6941 6481 11580 10
10565 9960 10691 10
12083 9290 12491 10
7082 11765 11990 10
7014 8133 11726 10
5870 7227 11439 10
6971 6973 11884 10
6681 11285 12424 10
7086 5979 12405 10
8226 8227 11816 10
2912 9880 11041 10
11663 8922 11740 10
8836 9063 12167 10
10692 6564 11481 10
6881 8116 11719 10
2895 9235 12342 10
10374 10373 12065 10
2866 9152 12345 10
10417 10209 12070 10
2837 9156 12347 10
3241 11720 12279 10
10291 10227 12068 10
8657 2883 12101 10
6519 11182 12295 10
9250 2879 12350 10
8292 5572 12455 10
10526 10525 12076 10
11573 6495 12466 10
9922 9868 10815 10
8421 7086 12405 10
9276 2966 12361 10
7062 10741 11411 10
11024 6797 11938 10
6172 6813 11920 10
6983 6977 11851 10
6683 6684 10670 10
9876 10063 10173 10
7063 11451 11885 10
10503 10405 12095 10
11096 6903 11097 10
11646 5416 11986 10
9731 6117 11410 10
8586 8587 11631 10
6717 7206 11401 10
8202 8201 12043 10
10027 9960 10565 10
10487 10486 11853 10
9772 9784 12230 10
10420 10419 11867 10
10510 8521 11795 10
12055 9495 12422 10
10318 3311 11872 10
9943 6675 10974 10
9768 6496 11573 10
9333 9334 12010 10
8963 8948 12300 10
8780 8781 11637 10
9969 10026 10482 10
10040 6667 11601 10
3137 10379 12039 10
10249 6594 11158 10
3609 9302 12377 10
7023 7295 11279 10
6772 8869 12192 10
8920 8921 11594 10
6074 10279 12143 10
6102 6104 11684 10
4790 11774 12466 10
10831 10174 11875 10
8434 8435 11599 10
2706 3852 12335 10
12192 6773 12410 10
2879 9357 12433 10
11147 6994 12430 10
7173 10016 10196 10
11918 9255 12421 10
9328 7374 12075 10
7072 7071 12038 10
9247 2956 12394 10
8465 11041 11605 10
7211 11646 11986 10
9784 9783 12460 10
5979 5734 11802 10
11514 7196 12444 10
7051 6462 11538 10
11840 6546 11879 10
9221 7168 12136 10
9716 6665 12243 10
6260 6430 12476 10
9604 9742 11739 10
11291 11587 12467 10
6600 10873 11825 10
6632 6634 11689 10
6094 10718 10719 10
11450 8567 12151 10
8589 6017 11620 10
9397 2801 12421 10
10736 6538 11246 10
2857 9292 12422 10
11001 5574 12099 10
9981 10032 10610 10
9077 6863 12334 10
10312 9642 11708 10
9993 9994 12144 10
10040 11601 12217 10
10041 10064 10734 10
10655 7122 12036 10
8806 11377 12280 10
10688 10636 11917 10
10775 10652 11922 10
6678 11117 11118 10
8376 8377 12103 10
11259 6589 11260 10
9818 9819 12048 10
6953 5318 12072 10
2883 8330 12355 10
2985 9448 12470 10
6193 11543 11544 10
7183 11296 11297 10
7197 10843 10921 10
8775 8776 11894 10
1014 1015 3430 10
10379 11299 12039 10
9994 9921 11509 10
8223 7291 11897 10
7160 6925 11709 10
3319 11475 12004 10
10487 6273 11958 10
6850 10076 10957 10
9063 2967 12349 10
6883 6880 11817 10
11379 6486 11934 10
6942 5613 11848 10
6609 11656 11826 10
6487 11463 11464 10
5935 10051 12030 10
9700 10217 11902 10
11386 4813 11929 10
5950 9562 11025 10
7005 11230 11231 10
6741 9724 11815 10
9783 9828 11681 10
8511 11078 11501 10
9393 2878 12462 10
10202 10201 12193 10
7252 8740 12100 10
7029 10850 10884 10
3296 10835 12238 10
9402 3643 12467 10
10612 3810 12346 10
10181 10182 12185 10
11367 9829 12523 10
7024 7022 11829 10
10748 9659 11576 10
10246 10245 12178 10
10386 10387 12177 10
10741 5964 12400 10
11042 6597 11043 10
9828 9827 12456 10
6601 10988 10989 10
6677 12015 12016 10
2434 2435 3853 10
6918 11394 11395 10
11634 6026 11699 10
11392 6096 11687 10
9995 9916 10431 10
6634 11626 11627 10
11101 5580 12160 10
10035 9993 11700 10
10431 9916 10892 10
10370 10369 12164 10
9147 12027 12290 10
9538 9404 11753 10
10289 10290 12163 10
9827 9851 11613 10
8644 8645 11791 10
10273 10272 12156 10
9766 10746 11578 10
7081 10673 10911 10
8123 11719 12081 10
3852 3848 11764 10
9764 11726 12089 10
12297 4775 12448 10
7058 11006 11007 10
8185 10986 11487 10
10000 9923 10516 10
9453 2810 12498 10
10029 11640 12432 10
10057 10058 11665 10
7059 11750 11751 10
10130 3687 10131 10
10127 3081 11400 10
3039 10100 10101 10
3051 10081 10082 10
10139 3685 10140 10
10143 3063 11769 10
10113 3676 11597 10
10114 3093 11539 10
10079 3057 11733 10
10099 3105 12057 10
3681 10085 10086 10
10155 3680 11227 10
3678 10104 10105 10
10111 3677 10733 10
10160 3033 10161 10
2997 10144 10676 10
10164 3675 11842 10
10077 2996 11708 10
3689 10117 10118 10
10120 3021 10121 10
3746 10090 10091 10
10134 3009 10135 10
10095 3014 10096 10
3716 10136 10137 10
10141 3003 12370 10
10162 3026 11570 10
10163 3674 11873 10
8764 6735 12098 10
3002 10145 10146 10
10150 3742 11665 10
10177 3776 11367 10
3777 10128 10129 10
3008 10354 10355 10
3655 9470 12506 10
10228 3044 10229 10
10377 3106 12113 10
10384 3753 10385 10
10299 3056 11662 10
3784 10303 10304 10
10165 3094 11592 10
9659 9770 11576 10
10320 3062 11776 10
3770 10174 10831 10
10430 3088 10813 10
10179 3082 11347 10
10448 10447 11989 10
10006 9918 11641 10
10250 3781 11420 10
10154 3080 11461 10
10397 3086 10745 10
3791 10156 10157 10
3034 10401 10402 10
10302 3064 11766 10
10412 3092 11455 10
9383 10374 12065 10
3028 10166 10167 10
3684 10310 10311 10
8286 11088 11089 10
3022 10436 10697 10
10295 3773 11552 10
3775 10441 10857 10
10444 3700 10445 10
3778 10446 11948 10
3170 10272 10273 10
10308 3141 10309 10
10317 3311 10318 10
3694 10324 10325 10
10328 3173 10329 10
3185 10245 10246 10
10386 3718 10387 10
3125 10340 10799 10
10438 3772 10439 10
3748 10224 10225 10
10428 3139 11435 10
10219 3130 10220 10
10178 3104 12021 10
3725 10359 10360 10
3134 10212 10213 10
3743 10197 10198 10
3707 10398 10807 10
3657 9477 12510 10
10331 3132 10332 10
10390 3708 10746 10
3712 10378 11645 10
3734 10322 11140 10
3181 10191 10747 10
3178 10369 10370 10
10193 3166 10748 10
10361 3747 10362 10
3729 10200 10744 10
10376 3688 11012 10
10205 3727 10352 10
3147 10206 10207 10
10348 3717 10349 10
3745 10214 10215 10
10460 3799 10461 10
3719 10421 10422 10
3004 10465 10466 10
10434 3167 10435 10
10287 3168 10820 10
3738 10335 11200 10
10248 3755 10551 10
3148 10447 10448 10
10254 3136 10255 10
10321 3728 10963 10
10450 3182 10451 10
3792 10505 10506 10
10262 3761 10263 10
10415 3793 11819 10
10455 3165 11160 10
3177 10257 10258 10
10453 3732 10665 10
10251 3765 10252 10
10300 3726 11623 10
10283 3187 11664 10
10243 3709 10898 10
3143 10235 10236 10
10234 3138 11756 10
10288 3180 11759 10
10289 3705 10290 10
9014 12122 12123 10
10285 3163 11716 10
3184 10419 10420 10
3135 10277 10278 10
10337 3001 10338 10
3699 10201 10202 10
10306 3697 11694 10
3749 10265 10266 10
10521 3016 11520 10
10181 3174 10182 10
10187 3774 10734 10
10380 3144 10381 10
3323 10231 10232 10
10365 3760 11554 10
3698 10344 11335 10
3188 10345 11723 10
10459 3010 11197 10
3752 10494 10495 10
10498 3019 10499 10
10471 2998 10842 10
10413 3814 11913 10
10331 10332 12116 10
9504 7116 12288 10
10443 3818 11484 10
3007 10478 10479 10
10485 3809 10486 10
8436 8434 11599 10
10537 3055 10815 10
10508 3095 11648 10
10542 3824 10846 10
10546 3061 11785 10
3769 10511 10512 10
10515 3089 10892 10
10574 3771 10575 10
10520 3083 11334 10
10530 3782 10828 10
10491 3079 11519 10
10534 3783 10535 10
10599 3065 11768 10
10568 3091 11358 10
10569 3794 10706 10
10550 3053 11700 10
10577 3796 10578 10
10579 3103 11980 10
3017 10522 10523 10
10209 10208 11749 10
10583 3839 11565 10
10528 3109 10760 10
10558 3829 10881 10
2999 10539 10540 10
10625 3833 11804 10
10543 2994 10544 10
10493 3107 12205 10
6521 6523 11774 10
10552 3006 10553 10
10078 11494 12514 10
3841 10589 10590 10
3066 11730 12017 10
10593 3842 10594 10
3102 10564 10960 10
3837 10620 10779 10
3668 10358 12316 10
10566 3024 11321 10
10567 3836 11964 10
8978 12078 12237 10
10629 3030 10768 10
6714 6711 11775 10
3817 10571 10572 10
8922 8920 11594 10
3000 10652 10775 10
3585 9186 12175 10
10580 3819 10806 10
10611 3810 10612 10
10637 3042 10638 10
11857 5912 11858 10
10640 3830 10832 10
3827 10642 10643 10
11796 6680 11849 10
10618 3838 10619 10
7155 11005 12507 10
3018 10636 10688 10
6574 6952 12117 10
10650 3054 11509 10
10624 3096 11702 10
10602 3060 11794 10
8407 8409 12381 10
3823 10654 10655 10
10631 3090 11257 10
10634 3084 10691 10
7277 9327 11409 10
8420 8421 12405 10
7185 10067 10895 10
11799 11587 11927 10
10593 10594 12034 10
8108 8107 10818 10
7002 10765 12104 10
9868 9869 12407 10
11638 8424 12171 10
11048 7049 12045 10
11896 8480 12197 10
10513 10512 11588 10
10516 9923 11257 10
10538 3803 11695 10
5850 11988 12272 10
10423 10422 10424 10
10675 6817 10710 10
10316 10232 11029 10
10403 10402 11823 10
10649 3806 12144 10
8123 8122 10830 10
6977 6979 11851 10
8128 8129 10837 10
6273 10487 11853 10
10106 10105 10973 10
10087 10086 11151 10
10092 10091 11741 10
8149 8148 10838 10
3032 10172 12528 10
9932 9997 10149 10
11002 8515 12375 10
10900 7192 11863 10
8165 8164 10843 10
11887 5624 12413 10
11571 6121 12275 10
8120 8121 10891 10
10770 8169 10850 10
6323 9981 11832 10
9764 8125 10893 10
10064 10061 10188 10
10435 9604 11739 10
8105 8106 10872 10
8151 8152 10895 10
10280 10255 11907 10
12090 5384 12505 10
8181 8180 10859 10
6095 11796 11849 10
3844 10651 11850 10
8143 8144 10981 10
6644 6902 11973 10
8191 8190 10863 10
8130 10067 10868 10
8136 8135 10868 10
8139 8140 10870 10
11478 7177 11479 10
10029 9938 11640 10
8326 2749 10872 10
10664 6720 12112 10
11368 5835 12245 10
8174 8173 10871 10
8234 8233 12384 10
8179 8178 10979 10
6530 11084 12494 10
8171 8172 10878 10
2435 2993 3853 10
8106 3402 10883 10
8207 10673 10876 10
10883 8111 10890 10
11090 6449 11092 10
8172 8170 10904 10
8114 8115 10890 10
8119 3404 10891 10
9987 9939 11730 10
9815 9839 12254 10
8197 8196 10928 10
8983 8984 12319 10
8187 8188 10885 10
8118 8119 10893 10
10146 11923 12493 10
10067 2745 10895 10
8129 3407 10901 10
2757 8405 10909 10
3412 8165 10884 10
8201 3281 10886 10
5867 8965 11725 10
11346 5319 12364 10
9394 10807 11856 10
7207 11894 11895 10
10263 10264 12179 10
9804 7238 11271 10
8203 8204 10899 10
2728 8181 10904 10
9227 3282 10900 10
8317 8318 10916 10
8325 8326 11315 10
9115 9785 11350 10
6859 10732 10743 10
3280 8191 10889 10
10577 10578 12139 10
6659 6656 11755 10
10830 8127 10887 10
2747 10837 10887 10
8113 10975 10976 10
2727 8197 10894 10
8370 8369 11946 10
8431 8430 10907 10
10673 8213 10911 10
8318 8214 10896 10
8146 10870 10901 10
10818 8344 10909 10
10726 2740 10916 10
8467 8468 10914 10
8316 10726 10919 10
8211 9227 10928 10
8415 8414 10914 10
10839 8473 10991 10
3403 8108 10975 10
3488 8663 10987 10
8121 2756 10976 10
9928 3482 10992 10
8405 8404 10990 10
10850 8161 10884 10
10083 10057 11665 10
10780 8463 10971 10
8492 8491 12441 10
8163 3413 10977 10
8168 3409 10981 10
3481 8626 10967 10
9961 6323 11832 10
3286 8454 10908 10
2751 10770 10979 10
8574 8573 10995 10
8413 8810 10931 10
7138 11339 11703 10
8609 3290 10952 10
3429 10076 10990 10
8793 8794 10972 10
5063 10033 12502 10
3505 9799 10939 10
3415 8179 10985 10
8185 2743 10986 10
8390 8391 10947 10
8575 8576 10971 10
2733 8846 10923 10
8555 3509 10944 10
2773 8560 10945 10
8707 3291 10961 10
7296 10861 11822 10
10797 3289 10969 10
3298 8838 10929 10
8468 3285 10978 10
10970 6472 11868 10
2718 8871 10927 10
2730 10305 10917 10
11374 10013 12361 10
3304 8942 10920 10
2719 9988 10951 10
8401 8695 10958 10
10667 2765 10938 10
8894 3300 10937 10
3306 9710 10922 10
8713 2759 11020 10
8507 8506 11019 10
8526 10667 11018 10
3489 9878 11013 10
8554 8555 11017 10
3854 3855 3856 10
8528 8527 11014 10
9903 8847 11006 10
8975 3307 10925 10
8832 3295 10965 10
8626 8625 10984 10
10871 8193 10985 10
8417 8418 11003 10
8721 8722 10934 10
3485 10810 11016 10
8794 3483 11004 10
10859 8182 10889 10
3513 8507 10932 10
8810 8809 11016 10
8712 8713 10957 10
8601 3499 10997 10
8711 8710 10956 10
10903 2777 10955 10
8700 8699 10930 10
8987 2714 10942 10
8991 3309 10946 10
8176 10888 10986 10
8399 8400 10995 10
8934 2732 10964 10
8726 9928 10989 10
10015 8634 11017 10
2786 8485 10950 10
8663 8662 11018 10
8402 9635 10992 10
6626 10971 11977 10
8685 10808 11019 10
8445 8444 12315 10
8194 10885 10886 10
9878 8659 10941 10
5384 12207 12505 10
8444 8443 10935 10
10838 2753 10943 10
10076 8599 10957 10
3534 8411 10956 10
8600 8601 10955 10
10722 8483 10950 10
8400 3535 10958 10
8476 9597 10948 10
8753 2763 10966 10
2762 8439 10941 10
3553 9903 10940 10
10863 8198 10894 10
9635 2775 10972 10
8422 8423 10991 10
10843 2752 10921 10
8623 2774 10988 10
8643 8644 10968 10
9043 8661 10987 10
8622 8623 10982 10
2764 9043 10983 10
8696 8766 10999 10
3416 10878 10888 10
6529 6531 11824 10
8208 10899 10900 10
11072 11073 11076 10
3283 10876 10896 10
8766 8765 11021 10
5936 10051 12078 10
5977 5661 12436 10
7035 6845 11748 10
10016 9678 11470 10
7145 11280 11281 10
9799 8584 12023 10
8605 9984 12023 10
10820 9392 11889 10
7107 9796 12430 10
8487 10919 10978 10
12049 3383 12387 10
9897 12049 12387 10
10837 7190 10887 10
2917 9522 11436 10
9516 9515 11462 10
9321 9731 11410 10
10712 3639 11473 10
9424 3628 11433 10
3634 9441 11446 10
9416 3626 11429 10
9483 9482 11448 10
10692 3625 11424 10
9712 3624 11423 10
9293 9294 11399 10
9332 9333 11412 10
9426 9427 11465 10
9430 9579 11469 10
9324 9323 11408 10
6569 6572 11793 10
10074 3618 11394 10
10860 3640 11472 10
10907 8452 10908 10
3641 9729 11474 10
9584 3642 11476 10
3645 9867 11480 10
9548 9547 11481 10
9400 9399 11397 10
9485 9486 11496 10
9313 2847 11381 10
9738 9287 11387 10
9310 3610 11376 10
9308 2876 11375 10
3650 9529 11489 10
9466 9532 11490 10
9365 9366 11374 10
9471 9472 11492 10
9476 10910 11495 10
6430 9810 12476 10
3627 9418 11407 10
9489 2886 11392 10
9379 9378 11414 10
9473 9474 11416 10
9385 9384 11418 10
9431 9432 11384 10
9317 9318 11380 10
9305 9306 11372 10
9511 9726 11426 10
9554 2983 11428 10
9455 2954 11432 10
9512 9513 11503 10
10648 3637 11442 10
9290 9289 11363 10
10836 3638 11444 10
2927 9342 11360 10
9565 3652 11508 10
9243 9271 11361 10
9285 9284 11354 10
10805 9449 11453 10
9785 9236 11350 10
9336 9337 11357 10
9500 3644 11457 10
9906 3654 11516 10
9238 9351 11356 10
9331 10789 11352 10
3608 9282 11351 10
3647 9519 11460 10
3661 9602 11536 10
9619 9618 11517 10
9413 2905 11343 10
9265 9266 11322 10
9457 9458 11464 10
9536 9535 11518 10
8839 9373 11040 10
8838 8837 11040 10
9971 9540 11524 10
9690 3604 11344 10
9625 9626 11529 10
9723 2935 11479 10
3599 9254 11337 10
9557 2877 11483 10
9567 2848 11486 10
9714 3596 11336 10
9261 3600 11329 10
9252 3598 11325 10
9532 9531 11468 10
8846 8845 11079 10
7253 11437 12359 10
9183 9184 11331 10
9189 10866 11333 10
9200 9326 11312 10
3662 9606 11499 10
9191 9316 11308 10
3593 9212 11323 10
3592 9208 11319 10
9350 10074 11448 10
3623 9400 11452 10
9342 9341 11446 10
2944 9738 11443 10
9257 9258 11290 10
2828 9299 11456 10
2973 9285 11440 10
3430 1015 8727 10
9306 2888 11459 10
9312 9313 11433 10
9318 3629 11463 10
9309 9310 11431 10
9731 2946 11465 10
3630 9324 11466 10
9307 9308 11429 10
9432 3632 11469 10
9303 9304 11427 10
9366 3622 11425 10
9412 9413 11424 10
9150 9149 11313 10
9551 9550 11505 10
9296 9297 11423 10
10766 9552 11507 10
3740 10549 11893 10
3591 9205 11316 10
9488 9489 11472 10
9396 9395 11474 10
9872 9220 11970 10
9494 9495 11476 10
3616 9344 11417 10
9408 9712 11478 10
9337 3615 11415 10
3614 9240 11413 10
9351 2898 11412 10
9507 9506 11480 10
9411 10692 11481 10
8437 10983 10984 10
3612 9785 11409 10
9415 9416 11482 10
9246 9245 11287 10
2818 9711 11408 10
6834 9711 12439 10
9423 9424 11485 10
9231 9230 11301 10
10988 8462 10989 10
9964 2811 11406 10
3067 11621 12213 10
11087 3589 11309 10
2778 10933 10954 10
9277 9690 11405 10
10905 9433 11489 10
9465 2758 11490 10
9474 2820 11492 10
9441 9440 11495 10
2963 9872 11397 10
9251 9252 11391 10
9148 10018 11283 10
2975 10905 11968 10
10966 8389 10967 10
8396 8395 12268 10
9410 2936 11498 10
2722 10999 11000 10
9242 9714 11387 10
2947 9196 11281 10
9726 2965 11503 10
3646 9516 11504 10
9553 9554 11506 10
9326 9325 11383 10
9454 9455 11508 10
9316 9315 11378 10
9579 9578 11514 10
9581 9582 11516 10
9184 3605 11371 10
9614 9613 11548 10
9475 10836 11517 10
9481 10712 11518 10
9179 3584 11275 10
9217 9216 11365 10
9176 2827 11273 10
9729 9491 11521 10
2964 10805 11524 10
9493 9584 11527 10
11291 9497 11529 10
3597 9246 11362 10
11288 2850 11361 10
9208 9207 11359 10
9867 9508 11530 10
2906 9548 11533 10
9749 2821 11357 10
2802 9163 11266 10
9205 9204 11356 10
3595 9150 11353 10
10018 2792 11352 10
9376 9283 11351 10
3517 10948 10949 10
10944 8562 10945 10
3547 10918 12256 10
10938 8583 10939 10
9196 9195 11348 10
8505 10932 10933 10
10930 2787 10931 10
9580 9614 11515 10
6471 6474 11868 10
9472 3656 11543 10
9155 2943 11260 10
9180 9860 11344 10
10910 2926 11545 10
9178 9179 11342 10
10851 9177 11341 10
9175 9176 11339 10
6653 11291 11529 10
9096 9097 11277 10
10002 9935 11621 10
9486 3660 11550 10
9163 9162 11337 10
9545 9723 11555 10
11073 8302 11076 10
9513 3663 11557 10
3581 9141 11276 10
9154 9155 11336 10
9564 9565 11558 10
9566 9567 11561 10
9167 9168 11269 10
8604 11003 11004 10
9187 9078 11268 10
9097 2918 11333 10
7077 10070 12438 10
10472 9165 11267 10
9160 9159 11263 10
2916 9536 11562 10
9592 8939 11166 10
9703 9591 11561 10
2856 9187 11328 10
9608 9971 11557 10
2899 10844 11254 10
9606 9605 11555 10
2885 9160 11324 10
11053 7099 11783 10
9118 3573 11256 10
11006 2782 11007 10
2928 9210 11243 10
9147 9128 11323 10
11270 10223 12336 10
9556 9557 11551 10
10305 8960 11082 10
9106 3571 11255 10
9198 2817 11249 10
9210 9209 11319 10
3582 10472 11971 10
9572 9573 11546 10
10961 8709 10968 10
10844 9206 11316 10
9574 9575 11544 10
2870 9104 11239 10
2800 9551 11522 10
9099 2846 11252 10
9104 9103 11310 10
8660 11013 11014 10
11007 8553 11892 10
9197 9198 11309 10
10172 10171 12337 10
2841 9193 11231 10
9193 9192 11306 10
9098 9099 11304 10
9091 9090 11300 10
8974 8975 11181 10
9602 9601 11534 10
9057 10736 11246 10
10736 3580 11293 10
9136 9137 11244 10
9137 3579 11289 10
7375 10743 11816 10
9076 9038 11237 10
9036 9037 11234 10
9075 9076 11286 10
9037 3576 11285 10
8986 8987 11104 10
8982 8983 11129 10
6799 11887 12413 10
5333 10044 11744 10
9113 3572 11282 10
9112 9113 11240 10
2915 9290 12083 10
10042 9068 11280 10
9000 9001 11132 10
3566 10042 11233 10
9062 9061 11276 10
2904 9085 11274 10
8998 8997 11226 10
9058 9059 11272 10
6197 11770 12055 10
9054 9053 11269 10
9049 9050 11268 10
2962 8980 11267 10
9046 9045 11265 10
3560 9054 11217 10
9085 9084 11211 10
9040 9041 11263 10
9080 9079 11225 10
8980 8979 11222 10
3558 9046 11221 10
9297 2934 11866 10
9031 9032 11259 10
9027 9026 11258 10
9024 9025 11256 10
9041 3557 11203 10
9109 9788 11255 10
2822 9027 11213 10
9032 3555 11219 10
9025 2865 11212 10
9100 10754 11252 10
9003 9004 11250 10
9788 2894 11207 10
9021 3554 11196 10
8995 9724 11247 10
9262 12055 12422 10
9362 2938 11246 10
10754 8918 11216 10
8879 2909 11244 10
10965 8834 11009 10
8907 8908 11198 10
9004 2952 11192 10
6254 7238 12485 10
9724 2981 11190 10
8903 8902 11173 10
9056 9362 11208 10
8962 8961 11242 10
10810 8403 12106 10
8457 8458 12365 10
8878 8879 11206 10
11177 6509 12399 10
10699 2793 11240 10
8280 8281 12011 10
8936 8935 11238 10
8867 8868 11201 10
8739 11612 12447 10
8865 8864 11188 10
8928 8927 11233 10
2923 10764 11232 10
8924 8923 11230 10
3550 8970 11180 10
3548 8962 11184 10
8844 10929 11079 10
8911 8912 11226 10
8885 10817 11225 10
6090 12165 12529 10
10153 3545 11194 10
11009 8800 11010 10
10764 9015 11193 10
2948 8928 11178 10
8875 8876 11222 10
9048 9047 11221 10
8858 10923 11027 10
9583 9906 12174 10
10937 6109 11585 10
9029 9030 11219 10
10937 8877 11027 10
3539 10947 11935 10
10817 3537 11168 10
8876 3536 11183 10
2803 9048 11182 10
3542 8917 11216 10
8184 8185 12212 10
3538 8757 11210 10
8828 8827 11208 10
9011 9012 11264 10
11468 7125 11855 10
9582 2896 11615 10
10060 8823 11206 10
8978 8977 11204 10
11892 8393 11935 10
9864 9766 11578 10
2884 8732 11202 10
10622 8821 11201 10
8917 8916 11176 10
8774 8775 11175 10
8816 8815 11236 10
8957 10920 11082 10
8805 8804 11214 10
2971 8724 11195 10
9931 9831 11940 10
8889 8888 11135 10
3531 8828 11165 10
8930 8931 11194 10
9825 6197 12055 10
8786 8787 11193 10
8881 8880 11127 10
5854 10865 12441 10
8771 9215 11191 10
8732 8731 11122 10
3528 10622 11109 10
8760 8761 11189 10
8863 8862 11117 10
3525 8816 11157 10
10925 8981 11104 10
9077 3524 11156 10
9030 2942 11752 10
8803 3521 11153 10
8724 8723 11102 10
8735 8736 11183 10
10488 8874 11182 10
10946 8989 11129 10
10942 8988 11132 10
9504 3519 11150 10
10587 2958 11179 10
8931 2816 11099 10
11355 10407 12130 10
8442 10940 11983 10
9215 3516 11145 10
8761 3514 11143 10
2913 8863 11921 10
8391 8392 12128 10
12261 9304 12377 10
8703 8702 11177 10
2845 8778 11176 10
8698 8697 11175 10
6475 9799 12023 10
6607 11857 11858 10
8688 8689 11171 10
8728 2990 11093 10
8650 10587 11137 10
9998 9932 11502 10
10663 8676 11165 10
9130 9778 12109 10
9652 5799 10260 10
6714 11775 12052 10
11601 8377 12217 10
8535 11450 12151 10
10733 9852 12120 10
8628 8629 11090 10
8818 8819 11159 10
6743 6745 11901 10
10040 8646 11157 10
3508 8703 11134 10
8641 8642 11156 10
8778 8777 11083 10
11166 8940 11167 10
3507 8698 11131 10
8632 8633 11153 10
8763 8762 11080 10
8796 8797 11150 10
9996 9915 10813 10
3533 9816 11916 10
2750 8174 12102 10
3502 8682 11077 10
2939 10663 11071 10
8894 10937 11585 10
3410 8149 12114 10
8772 8773 11145 10
3500 8673 11069 10
8524 3504 11144 10
8759 9622 11143 10
8819 2806 11120 10
3501 8679 11136 10
3498 8670 11128 10
9469 3491 11119 10
8967 11181 11995 10
3496 8658 11123 10
8633 2864 11062 10
9859 8591 11137 10
3493 8465 11118 10
8797 2893 11060 10
8802 8803 12033 10
3490 8451 11103 10
3031 10569 12003 10
8705 8704 11134 10
8523 8524 11115 10
8551 8552 11100 10
9622 2980 11051 10
2788 10934 12106 10
9817 8541 11131 10
8679 8678 11048 10
8670 8669 11046 10
8494 8495 11044 10
10787 3417 12220 10
3730 10308 11985 10
8162 8163 12450 10
3568 11247 11248 10
3569 11250 11251 10
9074 11259 11260 10
11242 9033 11243 10
11265 9161 11266 10
3478 9859 11042 10
11238 9018 11239 10
11301 9102 11302 10
10977 8166 12212 10
10722 11757 12203 10
9016 11232 11303 10
11230 9101 11231 10
9174 11272 11273 10
9086 11274 11275 10
9710 8972 12134 10
11302 3570 11303 10
8465 8464 11041 10
11280 9194 11281 10
2851 11234 11235 10
6498 11800 11998 10
11282 9111 11283 10
11402 8489 11403 10
2914 11286 11287 10
11289 9138 11290 10
11293 9139 11294 10
8636 9760 11110 10
8651 8652 11120 10
9052 11217 11218 10
8900 11210 11211 10
3587 11304 11305 10
11306 3588 11308 10
11310 3590 11312 10
11204 3551 11205 10
8616 8617 11036 10
8451 8450 11111 10
9042 11202 11203 10
9028 11213 11214 10
8638 8639 11119 10
8860 11235 11236 10
9158 11324 11325 10
8853 11195 11196 10
8552 3474 11112 10
2949 8705 11032 10
9166 11328 11329 10
8564 3476 11092 10
3473 8545 11030 10
2890 11198 11199 10
9733 6931 10827 10
9009 11191 11192 10
9282 9281 12270 10
8996 11189 11190 10
11294 9173 11295 10
6659 11755 12028 10
2797 11172 11173 10
11188 8817 11925 10
11179 8968 11180 10
8808 11184 11185 10
3471 8349 11084 10
10981 8144 11820 10
8569 8567 11450 10
8514 3465 11116 10
9422 11436 12357 10
10608 2891 11115 10
11177 8791 11178 10
11970 9164 11971 10
11395 2808 11396 10
3468 8343 11081 10
11587 9295 12467 10
9224 11342 11343 10
9805 8387 11113 10
8598 10954 12140 10
10997 8812 12140 10
8901 11171 11172 10
11295 2937 11322 10
8511 2862 11078 10
8491 3461 11034 10
9237 11353 11354 10
9632 2833 11070 10
11394 9249 11395 10
3526 11159 11925 10
3658 9703 12459 10
11359 9340 11360 10
8652 8378 11038 10
9244 11362 11363 10
10005 9908 11355 10
8381 8380 11106 10
11365 9359 11366 10
8365 8366 11121 10
3460 8329 11105 10
9144 9143 12312 10
7166 6695 11974 10
9843 9977 12024 10
8563 8564 11124 10
11371 9278 11372 10
8364 8363 11110 10
11300 3586 11773 10
11378 2840 11380 10
8354 8355 11125 10
11135 8677 11136 10
8360 8361 11063 10
11383 2869 11384 10
2970 8449 11111 10
11127 8671 11128 10
11122 8656 11123 10
8357 9629 11061 10
8349 8348 11050 10
11108 8820 11109 10
8549 8550 11112 10
11117 8648 11118 10
9997 9933 11261 10
9291 11391 11392 10
10739 7000 10762 10
11102 8620 11103 10
3457 9805 11133 10
5933 11840 11879 10
11099 8792 11100 10
12308 10131 12309 10
8339 8340 11052 10
10722 6168 11757 10
8503 8335 12293 10
8516 11005 11116 10
8334 8333 11053 10
11406 9420 11407 10
8500 9632 11056 10
8509 9704 11049 10
8302 3455 11076 10
8204 8205 12272 10
10026 9956 11345 10
8497 8498 11047 10
11237 3556 11947 10
8385 3454 11045 10
11998 11617 11999 10
9335 11413 11414 10
8329 8328 11064 10
11415 9338 11416 10
9345 11417 11418 10
11107 2881 11108 10
3447 8376 11139 10
3720 10080 12001 10
10249 2959 11043 10
3444 8364 11141 10
8565 11090 11092 10
9675 2930 11121 10
8361 3441 11065 10
8449 8448 11067 10
9711 9322 12439 10
9767 2901 11124 10
11425 9364 11426 10
11190 6742 11815 10
9367 11427 11428 10
9629 3437 11142 10
11083 8542 11084 10
10866 3606 12356 10
8255 3439 11037 10
9369 11431 11432 10
10701 2872 11125 10
2920 9817 11993 10
11080 8525 11081 10
9688 10744 12183 10
11113 8686 11114 10
10878 8172 10879 10
8320 8319 11033 10
8512 11077 11078 10
8508 11071 11072 10
11212 8855 12033 10
11055 8221 11563 10
9467 11440 11442 10
8501 11069 11070 10
10658 8315 11130 10
10747 9202 12137 10
9381 11443 11444 10
9409 9410 12294 10
8340 3432 11149 10
11031 11617 12234 10
11141 8364 12168 10
8966 10917 12134 10
11106 8654 11107 10
11125 8355 11126 10
8310 8309 11133 10
10885 8188 11771 10
9704 8304 11085 10
9398 11452 11453 10
11105 8329 12186 10
11062 8631 11063 10
9876 10173 12003 10
8498 8299 11086 10
8384 8385 11154 10
9503 11456 11457 10
8294 8295 11155 10
11060 8612 11061 10
8331 8288 11088 10
2960 9753 11035 10
9406 11673 12458 10
11459 9414 11460 10
11770 9495 12055 10
8276 10249 11158 10
9030 11752 11758 10
8861 11921 11947 10
8277 8278 11039 10
8444 10935 10936 10
9157 11288 12424 10
11463 9425 11464 10
9389 9390 12505 10
8269 8268 11139 10
10007 9927 10745 10
8265 9675 11163 10
11051 8388 11052 10
11159 8819 11914 10
9199 11087 12439 10
10923 8846 10924 10
11048 2825 11049 10
11752 7143 11758 10
8259 8258 11141 10
8386 11072 11076 10
8609 10952 10953 10
8254 8255 11094 10
11046 2854 11047 10
8383 11044 11045 10
10023 9934 11471 10
8249 10701 11169 10
10021 9952 11393 10
8250 8251 11142 10
11454 10132 12073 10
3433 8320 11096 10
9989 9882 11270 10
8592 11042 11043 10
8140 2746 12091 10
11195 8724 11439 10
3436 10658 11174 10
8235 10776 11170 10
9428 10814 11598 10
9451 11478 11479 10
8237 8236 11098 10
8359 11036 11037 10
2810 9560 12498 10
9796 3438 11147 10
6019 11631 11757 10
2969 8310 11164 10
11021 3292 12284 10
8225 8226 11149 10
8548 11032 11033 10
9558 11482 11483 10
11473 9388 12083 10
8351 11030 11031 10
9568 11485 11486 10
8175 10787 12111 10
8267 3446 11057 10
3643 11291 12467 10
8274 2911 11154 10
9753 8332 11152 10
8216 8215 11155 10
11167 3302 11962 10
8278 2805 11148 10
11396 9248 12109 10
8219 8218 11158 10
3405 8123 12081 10
11034 8493 11035 10
10921 8158 12453 10
8221 8220 11163 10
8665 10488 12147 10
9492 11536 11537 10
2755 9764 12089 10
11038 3449 11039 10
10808 2779 12155 10
8752 8753 12478 10
8144 2754 12093 10
2863 8307 11066 10
8358 9328 12075 10
6187 6189 11878 10
11316 9205 11317 10
10003 9941 10867 10
9861 9989 11992 10
3458 8312 11068 10
11498 9498 11499 10
8251 2892 11138 10
11286 9076 11634 10
6624 11634 11699 10
8229 8228 11169 10
2772 10015 12152 10
9495 2857 12422 10
9514 11504 11505 10
3651 11506 11507 10
2801 9396 12421 10
8273 8274 11146 10
8279 8280 11148 10
8252 9796 11138 10
3462 8219 11152 10
9984 2766 12150 10
8307 8306 11161 10
8312 8311 11164 10
2725 8431 12127 10
8233 3469 11170 10
8245 8244 11174 10
9748 8253 11095 10
8282 8283 11089 10
3463 8221 11055 10
11072 6998 11073 10
2724 10780 12138 10
2770 8574 12171 10
10024 9958 11454 10
10994 9035 12334 10
11514 2868 11515 10
2785 8586 12148 10
6838 11105 12186 10
8581 3506 12149 10
11357 9337 11710 10
10952 8655 12360 10
8567 2790 12151 10
9308 11375 11388 10
8687 11000 12360 10
11053 2931 11054 10
8300 11056 11057 10
9310 11376 11650 10
8798 9504 12288 10
8615 2738 12158 10
8534 8533 12190 10
8695 2771 12191 10
8722 3484 12195 10
2767 8711 12197 10
11719 8116 12081 10
3486 8700 12198 10
8893 8894 12471 10
2769 10839 12181 10
11372 9306 11373 10
9304 3609 12377 10
8640 10797 12162 10
3294 8780 12209 10
8433 8434 12200 10
11521 9539 11522 10
9597 2760 12202 10
3495 10722 12203 10
9543 11527 11532 10
3414 11315 11468 10
2720 8825 12214 10
10587 6599 11137 10
12072 6800 12117 10
11530 9624 11531 10
9549 11533 11534 10
11065 8362 11066 10
10738 8323 12075 10
9373 2734 12242 10
11067 8256 11068 10
2731 9592 12273 10
11726 8133 12089 10
11087 11309 12318 10
3301 8920 12260 10
2717 8964 12267 10
11130 8347 11993 10
5658 6063 12436 10
8811 9077 12334 10
9012 2713 12283 10
11850 10651 12017 10
11114 2968 12002 10
6748 11591 11812 10
10945 8560 11857 10
11543 9611 11544 10
11161 3442 11162 10
11545 9590 11546 10
11054 8222 11055 10
9594 11558 11559 10
3800 10464 12067 10
11550 9596 11551 10
3197 11523 12406 10
10510 5902 11600 10
11088 3451 11089 10
10030 9972 11510 10
9882 10005 12298 10
3853 2993 3854 10
2976 9376 12322 10
12027 8971 12290 10
11440 9285 11441 10
7018 7015 11943 10
11531 2858 11532 10
6834 11087 12318 10
2795 11094 11095 10
9172 3583 12313 10
8321 11096 11097 10
8531 9221 12136 10
2950 11097 11098 10
10158 10157 11767 10
9221 3470 11886 10
2889 11331 12281 10
11471 10270 12262 10
11476 9495 11770 10
8929 10153 12483 10
8835 11916 12002 10
6599 9859 11137 10
11845 9480 12459 10
10010 9961 10791 10
9474 11492 11493 10
3578 9133 12292 10
3146 10417 12070 10
9908 10023 12392 10
9778 3577 12291 10
2957 9147 12290 10
3739 10291 12068 10
6584 11663 11740 10
10227 5986 11931 10
9831 10963 11940 10
11559 6871 11560 10
10373 3013 12065 10
5328 11796 12382 10
9088 11248 12312 10
2967 9062 12349 10
8301 8302 12051 10
10536 3843 12428 10
10776 2814 12136 10
9870 11186 11972 10
10037 9985 11566 10
10694 10609 12390 10
6860 11171 12457 10
11403 3497 12147 10
9059 3561 12269 10
10964 8932 12471 10
11207 8848 12288 10
9050 3559 12266 10
6537 6539 11966 10
9952 10024 12376 10
11216 8917 11811 10
9958 10030 12380 10
10525 3043 12076 10
8510 8511 12169 10
3492 10982 12199 10
9972 10037 12402 10
11958 10612 12346 10
6689 6632 11689 10
9985 10039 12409 10
2836 10994 12340 10
9489 11392 11687 10
7086 10955 11961 10
9763 8914 12338 10
11510 10529 12247 10
11275 6679 12215 10
8285 8284 12278 10
10338 10339 12053 10
12078 8597 12237 10
3541 9763 12253 10
10036 9986 12086 10
8912 3540 12252 10
11782 6950 12287 10
9329 11968 12270 10
9934 10036 12412 10
11572 10115 12363 10
11258 3574 11994 10
11580 6481 12286 10
7130 10726 10916 10
10039 9973 12080 10
11839 6550 12328 10
6822 10873 11828 10
11285 9126 12424 10
12356 9279 12357 10
10031 9951 12009 10
11413 6211 11414 10
3035 10503 12095 10
9707 6842 12477 10
3530 10060 12239 10
2987 8978 12237 10
2907 11537 12359 10
11205 8976 12383 10
8973 10922 12211 10
9810 7152 12476 10
10915 8729 11880 10
9025 11212 11540 10
10020 9937 11944 10
11838 6646 12142 10
11976 10022 12526 10
11376 9228 12475 10
8266 8267 12094 10
8736 2961 12221 10
3453 11146 11789 10
11249 9017 12483 10
10032 9969 10694 10
11625 6544 11626 10
3854 3856 12050 10
10012 9936 11911 10
6777 10622 11201 10
5473 11637 12305 10
8177 12102 12220 10
3631 11264 12249 10
8689 3503 12218 10
11140 9843 12024 10
12166 10730 12182 10
11339 9176 11703 10
3602 11339 12246 10
7112 11215 11941 10
11162 8308 12169 10
10225 10224 11870 10
10213 10212 11871 10
2852 10040 12217 10
10014 9942 11883 10
9760 2823 12280 10
12176 8748 12284 10
9462 7277 11615 10
11088 8286 11690 10
12257 9007 12475 10
3479 8596 12216 10
10594 10011 11832 10
6481 6479 12286 10
10132 3669 12073 10
10010 10791 12067 10
4771 11512 11639 10
5811 9182 10595 10
9324 11408 12165 10
7227 11195 11439 10
6448 6446 12285 10
10045 10019 12008 10
9328 2978 12265 10
3264 11590 12442 10
11488 3466 11897 10
11370 6570 11793 10
3440 9748 12104 10
9349 9443 12020 10
6486 6484 12310 10
12031 9763 12338 10
11313 2972 12302 10
11005 2902 12507 10
10279 10278 12143 10
10375 9383 12065 10
8639 2941 12219 10
9137 11289 11879 10
8460 8457 12365 10
6634 11627 11689 10
11350 2895 12342 10
8229 11169 11826 10
3099 11292 12516 10
2966 11374 12361 10
2832 11218 12250 10
9007 11376 12475 10
8331 11088 11690 10
8330 8331 12355 10
3452 8381 12225 10
6462 6460 12303 10
12048 9819 12513 10
8224 11488 12507 10
11566 10585 12415 10
8550 2815 12232 10
6858 11051 11052 10
10769 12350 12433 10
11366 2985 12470 10
9202 5805 11760 10
11538 6462 12303 10
10770 7065 10979 10
8529 9707 12477 10
11684 11467 12079 10
11894 5952 11895 10
11195 7227 11196 10
11245 4818 11959 10
3431 10738 12226 10
8444 10936 12315 10
10308 10309 11985 10
9984 6475 12023 10
6893 11790 12511 10
10407 3154 12130 10
6883 11817 12258 10
10316 9687 11872 10
2878 11496 12462 10
10212 3701 11871 10
10224 3127 11870 10
10569 10706 12003 10
10059 10041 11900 10
6999 10851 11341 10
6054 10028 12330 10
11569 6706 12259 10
10063 6937 10172 10
9819 11733 12513 10
8536 8445 12315 10
9522 11332 11933 10
10978 6980 12157 10
8145 12114 12453 10
11548 3655 12506 10
8670 11046 11869 10
7184 11553 11937 10
8334 11053 11783 10
2843 11031 12234 10
11050 2844 12235 10
11200 9861 11992 10
6809 6521 11774 10
9687 10316 11029 10
10990 10076 11761 10
6496 9768 11918 10
11064 2989 12228 10
6974 10053 12026 10
6952 12072 12117 10
7015 7017 11943 10
5787 9634 10217 10
11893 10549 12213 10
9804 9803 12485 10
11085 3443 12224 10
9714 11336 12353 10
11086 3448 12222 10
6785 10764 11193 10
10982 9966 12199 10
8260 10702 12354 10
5659 11907 12341 10
6577 6575 12435 10
7375 7369 12431 10
11030 6649 11031 10
3219 11644 12474 10
6734 12098 12110 10
6680 11210 11849 10
6924 11489 12473 10
6100 6102 12079 10
10301 3665 11609 10
10816 5867 11594 10
7079 7077 12438 10
9374 10038 12018 10
8104 6574 12117 10
11434 6190 11878 10
5961 11839 12328 10
8751 12176 12284 10
11292 9853 12516 10
9536 11518 11904 10
9182 10204 11717 10
10910 6573 11495 10
11641 10108 12395 10
11291 6653 11587 10
10076 6850 11761 10
8106 10883 11696 10
6563 6561 12468 10
6810 6529 11824 10
10529 3710 12247 10
9227 10900 11863 10
6511 10808 12482 10
10270 3153 12262 10
6000 11782 12287 10
11859 2705 12335 10
9145 12261 12377 10
11640 10561 12432 10
9118 11256 12472 10
9702 10183 10185 10
8700 10930 12042 10
9724 11190 11815 10
11954 9349 12020 10
6972 8540 11982 10
10003 10867 12001 10
7138 11327 12246 10
11757 8587 12203 10
9796 11147 12430 10
12098 8912 12252 10
5993 11838 12142 10
11617 8242 12234 10
10223 3155 12336 10
11005 6864 11116 10
10171 3690 12337 10
11031 6649 11617 10
6983 11851 12416 10
7677 11580 12286 10
5097 11988 12455 10
10861 4788 11822 10
12305 5124 12306 10
11321 7228 11876 10
2953 12257 12475 10
2940 12051 12223 10
9041 11203 12013 10
7232 6600 11825 10
9969 10482 10694 10
2991 10915 11880 10
10922 7131 12296 10
9773 3400 12275 10
5068 11924 12085 10
6215 11113 11114 10
9133 12192 12292 10
4770 11569 12259 10
11637 10597 12305 10
11331 9184 12486 10
12188 3480 12478 10
3293 8738 12100 10
10115 3027 12363 10
11496 9486 11909 10
10381 10382 12443 10
9532 11468 11855 10
11949 6085 12414 10
11210 8757 11849 10
11004 6836 11854 10
3527 2434 3853 10
6979 10474 11851 10
12436 6063 12443 10
7174 10587 11179 10
8524 11144 12495 10
11954 5942 11955 10
7050 11085 12354 10
5075 11840 12088 10
10780 6626 12058 10
12154 2784 12201 10
2780 12161 12184 10
2768 12166 12182 10
6745 9885 11901 10
11712 10630 12452 10
6570 6569 11793 10
2736 12206 12208 10
10857 9660 11262 10
8965 5866 11725 10
10609 3807 12390 10
11052 8340 11827 10
11520 9666 12512 10
10108 3672 12395 10
9080 11225 12097 10
8540 6974 11982 10
9483 11448 12066 10
10808 12155 12482 10
10971 8576 11977 10
11217 7161 11218 10
8458 10767 12365 10
11417 6945 11418 10
11467 6205 12079 10
10585 3840 12415 10
11186 4783 11972 10
6190 6187 11878 10
11212 6749 11540 10
11706 10086 12524 10
10305 6143 12210 10
10355 11706 12524 10
8984 12296 12319 10
11732 7132 12210 10
6948 11127 11128 10
10955 8601 11961 10
9660 5463 11262 10
8763 11080 12196 10
11228 6131 12426 10
6189 9954 11878 10
6205 6100 12079 10
6540 11293 11294 10
11600 12154 12201 10
10148 3667 12427 10
10808 6511 11019 10
11946 2834 12094 10
10561 3812 12432 10
11261 10148 12427 10
12255 2977 12326 10
9643 10676 12517 10
6858 11052 11827 10
12149 8529 12477 10
9443 11560 12020 10
10836 6636 11517 10
6572 8104 11793 10
11238 6865 12389 10
6707 10839 10991 10
9855 10513 11588 10
12350 2879 12433 10
6095 11002 12375 10
8679 11048 12045 10
6474 7088 11868 10
10256 11645 12341 10
9932 10149 11502 10
5933 11821 12088 10
12122 6055 12123 10
9092 12031 12338 10
6736 6738 12448 10
10780 12058 12138 10
10630 3816 12452 10
11443 6637 11444 10
8284 12225 12278 10
9937 11400 11944 10
10487 11958 12346 10
9936 11347 11911 10
7409 11538 12303 10
9951 11461 12009 10
6472 6471 11868 10
6686 11497 11909 10
11973 7166 11974 10
6746 6743 11901 10
10477 3052 12463 10
7170 12145 12314 10
9973 11519 12080 10
9942 11334 11883 10
6842 11718 12477 10
10044 10913 11744 10
10814 9525 12118 10
6470 10667 12344 10
8116 8117 12081 10
10938 6473 12344 10
10153 7039 12483 10
8133 8142 12089 10
9981 10610 12034 10
8150 8137 12091 10
10883 6887 11696 10
8147 8134 12093 10
11171 8689 12457 10
1014 3430 10915 10
8189 8192 12111 10
8291 8379 12127 10
6773 10769 12362 10
6031 10814 12118 10
9998 11502 11893 10
9986 11554 12086 10
6887 10883 10890 10
11151 10086 11706 10
6539 10729 11966 10
8455 8488 12138 10
10809 5591 12497 10
6542 6537 11966 10
8684 8428 12155 10
8435 8667 12154 10
11623 9700 11902 10
8458 8461 12152 10
8398 8396 12161 10
8482 8479 12150 10
8814 8408 12166 10
8424 8425 12171 10
8519 8590 12148 10
8579 8529 12149 10
8570 8535 12151 10
8602 8539 12158 10
8764 12098 12252 10
8943 12273 12299 10
8645 8653 12162 10
8577 8594 12159 10
8409 8504 12181 10
8750 8747 12176 10
8412 8813 12182 10
8984 8985 12211 10
8429 8606 12184 10
8440 8627 12188 10
10513 9855 11875 10
8733 8445 12190 10
8730 8459 12191 10
3848 2708 9773 10
8720 8472 12195 10
8480 8691 12197 10
8486 8701 12198 10
10967 8626 11919 10
8668 8520 12201 10
8561 8624 12199 10
8392 8758 12200 10
8790 8582 12202 10
8587 8795 12203 10
11328 6939 11329 10
9002 9010 12249 10
8725 8708 12206 10
8739 8741 12208 10
8468 10978 12157 10
8745 8749 12209 10
10247 9646 11867 10
10881 9815 12254 10
10225 11870 12469 10
11436 9522 11933 10
11558 6871 11559 10
8781 8783 12214 10
11230 7005 12304 10
10598 3802 12527 10
11494 9900 12514 10
11182 9048 12295 10
8826 8842 12238 10
8843 8833 12242 10
11992 9989 12336 10
8876 11183 12488 10
11945 10445 12414 10
12192 8869 12292 10
10913 5686 11744 10
8630 8801 12256 10
8718 8945 12255 10
8769 8770 12253 10
8913 8764 12252 10
10078 3733 11494 10
8683 8754 12251 10
8674 8742 12250 10
11213 9027 11951 10
8884 8882 12266 10
8892 8890 12269 10
10053 6976 12026 10
8496 8822 12239 10
8597 8664 12237 10
10932 6874 10933 10
8872 8873 12260 10
8618 8619 12227 10
6102 11684 12079 10
11504 9516 12324 10
8734 8492 12221 10
8971 9039 12290 10
9129 8866 12291 10
8869 9135 12292 10
2887 11753 12458 10
7039 11249 12483 10
8690 8338 12218 10
9151 9022 12302 10
8921 8950 12267 10
8377 8647 12217 10
11543 6193 12366 10
9170 9081 12313 10
8943 8944 12273 10
11568 12255 12326 10
9072 9110 12322 10
8296 8382 12216 10
10843 7197 12301 10
9179 11275 12215 10
11865 10477 12463 10
10917 10305 12210 10
9235 9107 12342 10
9152 9119 12345 10
9156 9124 12347 10
8994 8992 12283 10
9134 9250 12350 10
8324 8264 12219 10
11213 6769 11214 10
6738 12297 12448 10
6923 6921 12314 10
11912 6202 12446 10
9142 9276 12361 10
3677 10112 12515 10
10144 3683 12517 10
3057 10142 12513 10
3063 10078 12514 10
3687 10095 12519 10
10081 3716 12520 10
10147 3002 12525 10
3676 10162 12521 10
3093 10163 12522 10
3105 10177 12523 10
10085 3008 12524 10
10104 3020 12526 10
8284 8287 12225 10
10117 3032 12528 10
10149 9997 12427 10
8353 8234 12232 10
8352 8246 12233 10
8242 8243 12234 10
9302 9145 12377 10
8350 8241 12235 10
8341 8230 12231 10
8327 8217 12228 10
9213 9247 12394 10
8227 8322 12226 10
6544 11625 11652 10
8931 11099 12388 10
8305 8260 12224 10
8263 8303 12223 10
8272 8270 12222 10
10019 11552 12008 10
7233 11188 11925 10
11452 6902 11453 10
10002 11621 11850 10
9255 9397 12421 10
9292 9262 12422 10
8719 8717 12265 10
11003 6836 11004 10
5977 12436 12443 10
9326 11383 12454 10
8788 8789 12277 10
5815 9647 12480 10
8807 8806 12280 10
9847 10158 11767 10
6746 11901 12092 10
11728 9374 12018 10
10732 6859 11827 10
9094 9092 12338 10
9073 9071 12326 10
9123 9125 12340 10
11730 9939 12017 10
8231 10811 11656 10
8903 11173 12465 10
9975 11597 12521 10
10767 6605 12365 10
9355 9393 12462 10
11267 8980 12425 10
9295 9402 12467 10
9357 9354 12433 10
3027 10113 12508 10
6007 10710 12423 10
9403 10860 11472 10
9419 9453 12498 10
8703 11177 12399 10
9448 9446 12470 10
3672 10397 12509 10
9470 9380 12506 10
9477 9386 12510 10
7374 10738 12075 10
12402 10037 12415 10
11146 8274 12487 10
3683 10077 12518 10
10112 3099 12516 10
6143 11732 12210 10
3052 10150 12499 10
10743 7375 12431 10
8729 5948 11880 10
8165 10843 12301 10
5572 8292 11603 10
10241 11891 12236 10
9436 11411 12400 10
7064 11135 11136 10
9334 9436 12400 10
10005 12130 12298 10
6538 10736 12367 10
8924 11230 12304 10
10667 10938 12344 10
9579 11514 12444 10
10379 3722 11299 10
12058 8455 12138 10
5448 11728 12018 10
11621 9935 12213 10
9803 6252 12485 10
10041 10734 11900 10
11715 7371 12047 10
6749 11212 12033 10
10745 10006 12509 10
9961 10011 10791 10
8936 11238 12389 10
9509 11530 11531 10
11069 7206 11070 10
11730 10598 12527 10
3020 11976 12526 10
11084 8349 12494 10
5842 10280 11907 10
11963 6542 11966 10
5826 10716 12189 10
7234 10966 10967 10
10610 10032 12390 10
10173 10063 12337 10
6769 11213 11951 10
5732 10853 12384 10
10023 12262 12392 10
11181 7057 11995 10
7116 11207 12288 10
8195 11295 11322 10
7132 10917 12210 10
10716 5718 12189 10
10856 9719 11513 10
6689 11689 12464 10
7141 10810 12106 10
6995 10942 11132 10
9472 11543 12366 10
11184 7157 11185 10
7168 10776 12136 10
11489 9529 12473 10
7234 10967 11919 10
10005 11355 12130 10
7370 10743 12431 10
11527 7201 11532 10
7288 12083 12491 10
10023 11471 12262 10
5361 11895 12501 10
10736 11293 12367 10
10204 9181 12193 10
6811 11420 12333 10
10030 12247 12380 10
6211 11413 12449 10
6822 11828 12027 10
8984 12211 12296 10
10024 11454 12073 10
6809 11774 12492 10
9701 10184 12185 10
10030 11510 12247 10
9647 10388 12177 10
6810 11824 12489 10
6588 11799 11927 10
11413 9240 12449 10
10188 10061 11989 10
12051 11074 12223 10
9943 10974 12370 10
8108 10818 12372 10
10037 11566 12415 10
10677 10022 11976 10
5906 11449 12381 10
10769 6775 12362 10
10319 3805 11220 10
11411 10741 12400 10
12224 8260 12354 10
6167 10588 11405 10
11293 6540 12367 10
12019 5944 12348 10
10954 6873 12140 10
6117 10469 11410 10
10371 9651 12164 10
11718 6842 12378 10
11570 9975 12521 10
9131 11396 12109 10
11250 9005 11251 10
10815 9868 12407 10
6877 10977 12212 10
6951 11545 11546 10
9853 12515 12516 10
6095 12375 12382 10
11750 5720 11751 10
6043 11382 12085 10
11087 6834 12439 10
6863 10994 12334 10
11184 8962 12479 10
11662 9818 12048 10
10275 9633 12156 10
11299 9920 12039 10
11733 9772 12230 10
10024 12073 12376 10
10429 3721 11008 10
8174 10871 12496 10
6175 11899 12504 10
10011 9961 11832 10
11248 6786 12312 10
10917 7132 12134 10
11288 6681 12424 10
11537 7253 12359 10
11185 7157 11969 10
8794 11004 11854 10
9989 11270 12336 10
7081 10911 12124 10
10710 6008 12423 10
11355 9908 12392 10
10676 10144 12517 10
10733 3677 12515 10
10095 10096 12519 10
3716 10137 12520 10
10162 11570 12521 10
3002 10146 12525 10
10163 11873 12522 10
11733 3057 12513 10
10177 11367 12523 10
3008 10355 12524 10
11769 3063 12514 10
10131 3687 12519 10
10082 10081 12520 10
11597 3676 12521 10
11539 3093 12522 10
12057 3105 12523 10
10086 10085 12524 10
10105 10104 12526 10
10118 10117 12528 10
10113 11597 12508 10
10397 10745 12509 10
10077 11708 12518 10
10150 11665 12499 10
11270 9882 12298 10
9678 10017 11470 10
7237 10871 10985 10
5942 11954 12020 10
5473 12305 12306 10
11642 9496 11953 10
11471 9934 12412 10
7288 11473 12083 10
9589 10333 12116 10
8097 11130 11993 10
7142 10925 11104 10
11923 7093 12493 10
7194 11365 11366 10
11393 9952 12376 10
11382 5888 12085 10
11454 9958 12380 10
11510 9972 12402 10
7247 10818 10909 10
7230 11106 11107 10
7156 11009 11010 10
12296 5688 12319 10
11566 9985 12409 10
9643 12517 12518 10
12098 6735 12110 10
12206 11612 12208 10
7225 11403 12147 10
11235 7105 11236 10
11000 7034 12360 10
7157 11184 12479 10
7043 10964 12471 10
10603 3804 10825 10
6844 11718 12378 10
11342 7244 11343 10
12161 11746 12184 10
6498 11998 11999 10
5440 11151 11706 10
11013 7084 11014 10
11071 6998 11072 10
7290 11204 11205 10
11645 9919 12341 10
9663 12188 12478 10
11488 7155 12507 10
11753 9405 12458 10
11821 5931 12088 10
11232 7135 11303 10
9976 12363 12508 10
7231 11108 11109 10
6110 12308 12309 10
7134 11301 11302 10
3852 11859 12335 10
5167 10998 12271 10
6772 12192 12410 10
10818 7247 12372 10
12363 3027 12508 10
9827 11613 12456 10
12395 3672 12509 10
7098 11162 12169 10
10871 7237 12496 10
11597 9976 12508 10
9783 11681 12460 10
12463 3052 12499 10
7165 11970 11971 10
9274 11845 12459 10
11895 5278 12501 10
12517 3683 12518 10
12515 10112 12516 10
7128 11892 11935 10
7047 12356 12357 10
11968 7160 12270 10
11921 7251 11947 10
10058 12463 12499 10
12167 9063 12349 10
12102 7123 12220 10
11916 7133 12002 10
10063 10172 12337 10
12114 7295 12453 10
12165 6091 12529 10
12101 2883 12355 10
12375 5928 12382 10
11891 9794 12236 10
10032 10694 12390 10
10006 12395 12509 10
7189 11945 12414 10
11059 11946 12094 10
11665 10058 12499 10
9997 11261 12427 10
10639 12167 12349 10
10834 12101 12355 10
9987 11730 12527 10
2956 9347 9348 10
10303 2997 10676 10
3003 10139 10140 10
10632 3036 11698 10
10080 3069 11261 10
10464 3070 10867 10
10562 3085 11640 10
10109 3087 11641 10
3094 10164 11842 10
3106 10155 11227 10
9982 3125 10799 10
10442 3175 10856 10
3613 9330 11369 10
10089 3668 12316 10
3670 10127 11400 10
3675 10114 11539 10
3679 10120 10121 10
3680 10099 12057 10
3685 10147 12525 10
10476 3741 11865 10
10500 3790 11801 10
6564 10692 11424 10
6596 6595 6598 10
6657 9271 9272 10
6762 8181 10859 10
7194 11366 12470 10
8897 9060 9083 10
8909 9066 9089 10
8947 8954 8955 10
9272 9346 9387 10
10220 10222 11262 10

Edges
2712
2267 2706 1
2706 2707 1
2707 2708 1
2708 2709 1
2709 2710 1
2710 2711 1
2711 2712 1
2712 1 1
2 529 2
529 530 2
530 531 2
531 532 2
532 533 2
533 534 2
534 528 2
528 536 3
536 537 3
537 538 3
538 539 3
539 540 3
540 541 3
541 542 3
542 543 3
543 544 3
544 545 3
545 546 3
546 547 3
547 548 3
548 549 3
549 550 3
550 551 3
551 552 3
552 553 3
553 554 3
554 555 3
555 556 3
556 557 3
557 558 3
558 559 3
559 560 3
560 561 3
561 562 3
562 563 3
563 564 3
564 565 3
565 566 3
566 567 3
567 568 3
568 569 3
569 570 3
570 571 3
571 572 3
572 573 3
573 574 3
574 575 3
575 576 3
576 577 3
577 578 3
578 579 3
579 580 3
580 581 3
581 582 3
582 583 3
583 584 3
584 585 3
585 586 3
586 587 3
587 588 3
588 589 3
589 590 3
590 591 3
591 592 3
592 593 3
593 594 3
594 595 3
595 596 3
596 597 3
597 598 3
598 599 3
599 600 3
600 601 3
601 602 3
602 603 3
603 604 3
604 605 3
605 606 3
606 607 3
607 608 3
608 609 3
609 610 3
610 611 3
611 612 3
612 613 3
613 614 3
614 615 3
615 616 3
616 617 3
617 618 3
618 619 3
619 620 3
620 621 3
621 622 3
622 623 3
623 624 3
624 625 3
625 626 3
626 627 3
627 628 3
628 629 3
629 630 3
630 631 3
631 632 3
632 633 3
633 634 3
634 635 3
635 636 3
636 637 3
637 638 3
638 639 3
639 640 3
640 641 3
641 642 3
642 643 3
643 644 3
644 645 3
645 646 3
646 647 3
647 648 3
648 649 3
649 650 3
650 651 3
651 652 3
652 653 3
653 654 3
654 655 3
655 656 3
656 657 3
657 658 3
658 659 3
659 660 3
660 661 3
661 662 3
662 663 3
663 664 3
664 665 3
665 666 3
666 667 3
667 668 3
668 669 3
669 670 3
670 671 3
671 672 3
672 673 3
673 674 3
674 675 3
675 676 3
676 677 3
677 678 3
678 679 3
679 680 3
680 681 3
681 682 3
682 683 3
683 684 3
684 685 3
685 686 3
686 687 3
687 688 3
688 689 3
689 690 3
690 691 3
691 692 3
692 693 3
693 694 3
694 695 3
695 696 3
696 697 3
697 698 3
698 699 3
699 700 3
700 701 3
701 702 3
702 703 3
703 704 3
704 705 3
705 706 3
706 707 3
707 708 3
708 709 3
709 710 3
710 711 3
711 712 3
712 713 3
713 714 3
714 715 3
715 716 3
716 717 3
717 718 3
718 719 3
719 720 3
720 721 3
721 722 3
722 723 3
723 724 3
724 725 3
725 726 3
726 727 3
727 728 3
728 729 3
729 730 3
730 731 3
731 732 3
732 733 3
733 734 3
734 735 3
735 736 3
736 737 3
737 738 3
738 739 3
739 740 3
740 741 3
741 742 3
742 743 3
743 744 3
744 745 3
745 746 3
746 747 3
747 748 3
748 749 3
749 750 3
750 751 3
751 752 3
752 753 3
753 754 3
754 755 3
755 756 3
756 757 3
757 758 3
758 759 3
759 760 3
760 761 3
761 762 3
762 763 3
763 764 3
764 765 3
765 766 3
766 767 3
767 768 3
768 769 3
769 770 3
770 771 3
771 772 3
772 773 3
773 774 3
774 775 3
775 776 3
776 777 3
777 778 3
778 779 3
779 780 3
780 781 3
781 782 3
782 783 3
783 784 3
784 785 3
785 786 3
786 787 3
787 788 3
788 789 3
789 790 3
790 791 3
791 792 3
792 793 3
793 794 3
794 795 3
795 796 3
796 797 3
797 798 3
798 799 3
799 800 3
800 801 3
801 802 3
802 803 3
803 804 3
804 805 3
805 806 3
806 807 3
807 808 3
808 809 3
809 810 3
810 811 3
811 812 3
812 813 3
813 814 3
814 815 3
815 816 3
816 817 3
817 818 3
818 819 3
819 820 3
820 821 3
821 822 3
822 823 3
823 824 3
824 825 3
825 826 3
826 827 3
827 828 3
828 829 3
829 830 3
830 831 3
831 832 3
832 833 3
833 834 3
834 835 3
835 836 3
836 837 3
837 838 3
838 839 3
839 840 3
840 841 3
841 842 3
842 843 3
843 844 3
844 845 3
845 846 3
846 847 3
847 848 3
848 849 3
849 850 3
850 851 3
851 852 3
852 853 3
853 854 3
854 855 3
855 856 3
856 857 3
857 858 3
858 859 3
859 860 3
860 861 3
861 862 3
862 863 3
863 864 3
864 865 3
865 866 3
866 867 3
867 868 3
868 869 3
869 870 3
870 871 3
871 872 3
872 873 3
873 874 3
874 875 3
875 876 3
876 877 3
877 878 3
878 879 3
879 880 3
880 881 3
881 882 3
882 883 3
883 884 3
884 885 3
885 886 3
886 887 3
887 888 3
888 889 3
889 890 3
890 891 3
891 892 3
892 893 3
893 894 3
894 895 3
895 896 3
896 897 3
897 898 3
898 899 3
899 900 3
900 901 3
901 902 3
902 903 3
903 904 3
904 905 3
905 906 3
906 907 3
907 908 3
908 909 3
909 910 3
910 911 3
911 912 3
912 913 3
913 914 3
914 915 3
915 916 3
916 917 3
917 918 3
918 919 3
919 920 3
920 921 3
921 922 3
922 923 3
923 924 3
924 925 3
925 926 3
926 927 3
927 928 3
928 929 3
929 930 3
930 931 3
931 932 3
932 933 3
933 934 3
934 935 3
935 936 3
936 937 3
937 938 3
938 939 3
939 940 3
940 941 3
941 942 3
942 943 3
943 944 3
944 945 3
945 946 3
946 947 3
947 948 3
948 949 3
949 950 3
950 951 3
951 952 3
952 953 3
953 954 3
954 955 3
955 956 3
956 957 3
957 958 3
958 959 3
959 960 3
960 961 3
961 962 3
962 963 3
963 964 3
964 965 3
965 966 3
966 967 3
967 968 3
968 969 3
969 970 3
970 971 3
971 972 3
972 973 3
973 974 3
974 975 3
975 976 3
976 977 3
977 978 3
978 979 3
979 980 3
980 981 3
981 982 3
982 983 3
983 984 3
984 985 3
985 986 3
986 987 3
987 988 3
988 989 3
989 990 3
990 991 3
991 992 3
992 993 3
993 994 3
994 995 3
995 996 3
996 997 3
997 998 3
998 999 3
999 1000 3
1000 1001 3
1001 1002 3
1002 1003 3
1003 1004 3
1004 1005 3
1005 1006 3
1006 1007 3
1007 1008 3
1008 1009 3
1009 1010 3
1010 1011 3
1011 1012 3
1012 1013 3
1013 1014 3
1014 1015 3
1015 1016 3
1016 1017 3
1017 1018 3
1018 1019 3
1019 1020 3
1020 1021 3
1021 1022 3
1022 1023 3
1023 1024 3
1024 1025 3
1025 1026 3
1026 1027 3
1027 1028 3
1028 1029 3
1029 1030 3
1030 1031 3
1031 1032 3
1032 1033 3
1033 1034 3
1034 1035 3
1035 1036 3
1036 1037 3
1037 1038 3
1038 1039 3
1039 1040 3
1040 1041 3
1041 1042 3
1042 1043 3
1043 1044 3
1044 1045 3
1045 1046 3
1046 1047 3
1047 1048 3
1048 1049 3
1049 1050 3
1050 1051 3
1051 1052 3
1052 1053 3
1053 1054 3
1054 1055 3
1055 1056 3
1056 1057 3
1057 1058 3
1058 1059 3
1059 1060 3
1060 1061 3
1061 1062 3
1062 1063 3
1063 1064 3
1064 1065 3
1065 1066 3
1066 1067 3
1067 1068 3
1068 1069 3
1069 1070 3
1070 1071 3
1071 1072 3
1072 1073 3
1073 1074 3
1074 1075 3
1075 1076 3
1076 1077 3
1077 1078 3
1078 1079 3
1079 1080 3
1080 1081 3
1081 1082 3
1082 1083 3
1083 1084 3
1084 1085 3
1085 1086 3
1086 1087 3
1087 1088 3
1088 1089 3
1089 1090 3
1090 1091 3
1091 1092 3
1092 1093 3
1093 1094 3
1094 1095 3
1095 1096 3
1096 1097 3
1097 1098 3
1098 1099 3
1099 1100 3
1100 1101 3
1101 1102 3
1102 1103 3
1103 1104 3
1104 1105 3
1105 1106 3
1106 1107 3
1107 1108 3
1108 1109 3
1109 1110 3
1110 1111 3
1111 1112 3
1112 1113 3
1113 1114 3
1114 1115 3
1115 1116 3
1116 1117 3
1117 1118 3
1118 1119 3
1119 1120 3
1120 1121 3
1121 1122 3
1122 1123 3
1123 1124 3
1124 1125 3
1125 1126 3
1126 1127 3
1127 1128 3
1128 1129 3
1129 1130 3
1130 1131 3
1131 1132 3
1132 1133 3
1133 1134 3
1134 1135 3
1135 1136 3
1136 1137 3
1137 1138 3
1138 1139 3
1139 1140 3
1140 1141 3
1141 1142 3
1142 1143 3
1143 1144 3
1144 1145 3
1145 1146 3
1146 1147 3
1147 1148 3
1148 1149 3
1149 1150 3
1150 1151 3
1151 1152 3
1152 1153 3
1153 1154 3
1154 1155 3
1155 1156 3
1156 1157 3
1157 1158 3
1158 1159 3
1159 1160 3
1160 1161 3
1161 1162 3
1162 1163 3
1163 1164 3
1164 1165 3
1165 1166 3
1166 1167 3
1167 1168 3
1168 1169 3
1169 1170 3
1170 1171 3
1171 1172 3
1172 1173 3
1173 1174 3
1174 1175 3
1175 1176 3
1176 1177 3
1177 1178 3
1178 1179 3
1179 1180 3
1180 1181 3
1181 1182 3
1182 1183 3
1183 1184 3
1184 1185 3
1185 1186 3
1186 1187 3
1187 1188 3
1188 1189 3
1189 1190 3
1190 1191 3
1191 1192 3
1192 1193 3
1193 1194 3
1194 1195 3
1195 1196 3
1196 1197 3
1197 1198 3
1198 1199 3
1199 1200 3
1200 1201 3
1201 1202 3
1202 1203 3
1203 1204 3
1204 1205 3
1205 1206 3
1206 1207 3
1207 1208 3
1208 1209 3
1209 1210 3
1210 1211 3
1211 1212 3
1212 1213 3
1213 1214 3
1214 1215 3
1215 1216 3
1216 1217 3
1217 1218 3
1218 1219 3
1219 1220 3
1220 1221 3
1221 1222 3
1222 1223 3
1223 1224 3
1224 1225 3
1225 1226 3
1226 1227 3
1227 1228 3
1228 1229 3
1229 1230 3
1230 1231 3
1231 1232 3
1232 1233 3
1233 1234 3
1234 1235 3
1235 1236 3
1236 1237 3
1237 1238 3
1238 1239 3
1239 1240 3
1240 1241 3
1241 1242 3
1242 1243 3
1243 1244 3
1244 1245 3
1245 1246 3
1246 1247 3
1247 1248 3
1248 1249 3
1249 1250 3
1250 1251 3
1251 1252 3
1252 1253 3
1253 1254 3
1254 1255 3
1255 1256 3
1256 1257 3
1257 1258 3
1258 1259 3
1259 1260 3
1260 1261 3
1261 1262 3
1262 1263 3
1263 1264 3
1264 1265 3
1265 1266 3
1266 1267 3
1267 1268 3
1268 1269 3
1269 1270 3
1270 1271 3
1271 1272 3
1272 1273 3
1273 1274 3
1274 1275 3
1275 1276 3
1276 1277 3
1277 1278 3
1278 1279 3
1279 1280 3
1280 1281 3
1281 1282 3
1282 1283 3
1283 1284 3
1284 1285 3
1285 1286 3
1286 1287 3
1287 1288 3
1288 1289 3
1289 1290 3
1290 1291 3
1291 1292 3
1292 1293 3
1293 1294 3
1294 1295 3
1295 1296 3
1296 1297 3
1297 1298 3
1298 1299 3
1299 1300 3
1300 1301 3
1301 1302 3
1302 1303 3
1303 1304 3
1304 1305 3
1305 1306 3
1306 1307 3
1307 1308 3
1308 1309 3
1309 1310 3
1310 1311 3
1311 1312 3
1312 1313 3
1313 1314 3
1314 1315 3
1315 1316 3
1316 1317 3
1317 1318 3
1318 1319 3
1319 1320 3
1320 1321 3
1321 1322 3
1322 1323 3
1323 1324 3
1324 1325 3
1325 1326 3
1326 1327 3
1327 1328 3
1328 1329 3
1329 1330 3
1330 1331 3
1331 1332 3
1332 1333 3
1333 1334 3
1334 1335 3
1335 1336 3
1336 1337 3
1337 1338 3
1338 1339 3
1339 1340 3
1340 1341 3
1341 1342 3
1342 1343 3
1343 1344 3
1344 1345 3
1345 1346 3
1346 1347 3
1347 1348 3
1348 1349 3
1349 1350 3
1350 1351 3
1351 1352 3
1352 1353 3
1353 1354 3
1354 1355 3
1355 1356 3
1356 1357 3
1357 1358 3
1358 1359 3
1359 1360 3
1360 1361 3
1361 1362 3
1362 1363 3
1363 1364 3
1364 1365 3
1365 1366 3
1366 1367 3
1367 1368 3
1368 1369 3
1369 1370 3
1370 1371 3
1371 1372 3
1372 1373 3
1373 1374 3
1374 1375 3
1375 1376 3
1376 1377 3
1377 1378 3
1378 1379 3
1379 1380 3
1380 1381 3
1381 1382 3
1382 1383 3
1383 1384 3
1384 1385 3
1385 1386 3
1386 1387 3
1387 1388 3
1388 1389 3
1389 1390 3
1390 1391 3
1391 1392 3
1392 1393 3
1393 1394 3
1394 1395 3
1395 1396 3
1396 1397 3
1397 1398 3
1398 1399 3
1399 1400 3
1400 1401 3
1401 1402 3
1402 1403 3
1403 1404 3
1404 1405 3
1405 1406 3
1406 1407 3
1407 1408 3
1408 1409 3
1409 1410 3
1410 1411 3
1411 1412 3
1412 1413 3
1413 1414 3
1414 1415 3
1415 1416 3
1416 1417 3
1417 1418 3
1418 1419 3
1419 1420 3
1420 1421 3
1421 1422 3
1422 1423 3
1423 1424 3
1424 1425 3
1425 1426 3
1426 1427 3
1427 1428 3
1428 1429 3
1429 1430 3
1430 1431 3
1431 1432 3
1432 1433 3
1433 1434 3
1434 1435 3
1435 1436 3
1436 1437 3
1437 1438 3
1438 1439 3
1439 1440 3
1440 1441 3
1441 1442 3
1442 1443 3
1443 1444 3
1444 1445 3
1445 1446 3
1446 1447 3
1447 1448 3
1448 1449 3
1449 1450 3
1450 1451 3
1451 1452 3
1452 1453 3
1453 1454 3
1454 1455 3
1455 1456 3
1456 1457 3
1457 1458 3
1458 1459 3
1459 1460 3
1460 1461 3
1461 1462 3
1462 1463 3
1463 1464 3
1464 1465 3
1465 1466 3
1466 1467 3
1467 1468 3
1468 1469 3
1469 1470 3
1470 1471 3
1471 1472 3
1472 1473 3
1473 1474 3
1474 1475 3
1475 1476 3
1476 1477 3
1477 1478 3
1478 1479 3
1479 1480 3
1480 1481 3
1481 1482 3
1482 1483 3
1483 1484 3
1484 1485 3
1485 1486 3
1486 1487 3
1487 1488 3
1488 1489 3
1489 1490 3
1490 1491 3
1491 1492 3
1492 1493 3
1493 1494 3
1494 1495 3
1495 1496 3
1496 1497 3
1497 1498 3
1498 1499 3
1499 1500 3
1500 1501 3
1501 1502 3
1502 1503 3
1503 1504 3
1504 1505 3
1505 1506 3
1506 1507 3
1507 1508 3
1508 1509 3
1509 1510 3
1510 1511 3
1511 1512 3
1512 1513 3
1513 1514 3
1514 1515 3
1515 1516 3
1516 1517 3
1517 1518 3
1518 1519 3
1519 1520 3
1520 1521 3
1521 1522 3
1522 1523 3
1523 1524 3
1524 1525 3
1525 1526 3
1526 1527 3
1527 1528 3
1528 1529 3
1529 1530 3
1530 1531 3
1531 1532 3
1532 1533 3
1533 1534 3
1534 1535 3
1535 1536 3
1536 1537 3
1537 1538 3
1538 1539 3
1539 1540 3
1540 1541 3
1541 1542 3
1542 1543 3
1543 1544 3
1544 1545 3
1545 1546 3
1546 1547 3
1547 1548 3
1548 1549 3
1549 1550 3
1550 1551 3
1551 1552 3
1552 1553 3
1553 1554 3
1554 1555 3
1555 1556 3
1556 1557 3
1557 1558 3
1558 1559 3
1559 1560 3
1560 1561 3
1561 1562 3
1562 1563 3
1563 1564 3
1564 1565 3
1565 1566 3
1566 1567 3
1567 1568 3
1568 1569 3
1569 1570 3
1570 1571 3
1571 1572 3
1572 1573 3
1573 1574 3
1574 1575 3
1575 1576 3
1576 1577 3
1577 1578 3
1578 1579 3
1579 1580 3
1580 1581 3
1581 1582 3
1582 1583 3
1583 1584 3
1584 1585 3
1585 1586 3
1586 1587 3
1587 1588 3
1588 1589 3
1589 1590 3
1590 1591 3
1591 1592 3
1592 1593 3
1593 1594 3
1594 1595 3
1595 1596 3
1596 1597 3
1597 1598 3
1598 1599 3
1599 1600 3
1600 1601 3
1601 1602 3
1602 1603 3
1603 1604 3
1604 1605 3
1605 1606 3
1606 1607 3
1607 1608 3
1608 1609 3
1609 1610 3
1610 1611 3
1611 1612 3
1612 1613 3
1613 1614 3
1614 1615 3
1615 1616 3
1616 1617 3
1617 1618 3
1618 1619 3
1619 1620 3
1620 1621 3
1621 1622 3
1622 1623 3
1623 1624 3
1624 1625 3
1625 1626 3
1626 1627 3
1627 1628 3
1628 1629 3
1629 1630 3
1630 1631 3
1631 1632 3
1632 1633 3
1633 1634 3
1634 1635 3
1635 1636 3
1636 1637 3
1637 1638 3
1638 1639 3
1639 1640 3
1640 1641 3
1641 1642 3
1642 1643 3
1643 1644 3
1644 1645 3
1645 1646 3
1646 1647 3
1647 1648 3
1648 1649 3
1649 1650 3
1650 1651 3
1651 1652 3
1652 1653 3
1653 1654 3
1654 1655 3
1655 1656 3
1656 1657 3
1657 1658 3
1658 1659 3
1659 1660 3
1660 1661 3
1661 1662 3
1662 1663 3
1663 1664 3
1664 1665 3
1665 1666 3
1666 1667 3
1667 1668 3
1668 1669 3
1669 1670 3
1670 1671 3
1671 1672 3
1672 1673 3
1673 1674 3
1674 1675 3
1675 1676 3
1676 1677 3
1677 1678 3
1678 1679 3
1679 1680 3
1680 1681 3
1681 1682 3
1682 1683 3
1683 1684 3
1684 1685 3
1685 1686 3
1686 1687 3
1687 1688 3
1688 1689 3
1689 1690 3
1690 1691 3
1691 1692 3
1692 1693 3
1693 1694 3
1694 1695 3
1695 1696 3
1696 1697 3
1697 1698 3
1698 1699 3
1699 1700 3
1700 1701 3
1701 1702 3
1702 1703 3
1703 1704 3
1704 1705 3
1705 1706 3
1706 1707 3
1707 1708 3
1708 1709 3
1709 1710 3
1710 1711 3
1711 1712 3
1712 1713 3
1713 1714 3
1714 1715 3
1715 1716 3
1716 1717 3
1717 1718 3
1718 1719 3
1719 1720 3
1720 1721 3
1721 1722 3
1722 1723 3
1723 1724 3
1724 1725 3
1725 1726 3
1726 1727 3
1727 1728 3
1728 1729 3
1729 1730 3
1730 1731 3
1731 1732 3
1732 1733 3
1733 1734 3
1734 1735 3
1735 1736 3
1736 1737 3
1737 1738 3
1738 1739 3
1739 1740 3
1740 1741 3
1741 1742 3
1742 1743 3
1743 1744 3
1744 1745 3
1745 1746 3
1746 1747 3
1747 1748 3
1748 1749 3
1749 1750 3
1750 1751 3
1751 1752 3
1752 1753 3
1753 1754 3
1754 1755 3
1755 1756 3
1756 1757 3
1757 1758 3
1758 1759 3
1759 1760 3
1760 1761 3
1761 1762 3
1762 1763 3
1763 1764 3
1764 1765 3
1765 1766 3
1766 1767 3
1767 1768 3
1768 1769 3
1769 1770 3
1770 1771 3
1771 1772 3
1772 1773 3
1773 1774 3
1774 1775 3
1775 1776 3
1776 1777 3
1777 1778 3
1778 1779 3
1779 1780 3
1780 1781 3
1781 1782 3
1782 1783 3
1783 1784 3
1784 1785 3
1785 1786 3
1786 1787 3
1787 1788 3
1788 1789 3
1789 1790 3
1790 1791 3
1791 1792 3
1792 1793 3
1793 1794 3
1794 1795 3
1795 1796 3
1796 1797 3
1797 1798 3
1798 1799 3
1799 1800 3
1800 1801 3
1801 1802 3
1802 1803 3
1803 1804 3
1804 1805 3
1805 1806 3
1806 1807 3
1807 1808 3
1808 1809 3
1809 1810 3
1810 1811 3
1811 1812 3
1812 1813 3
1813 1814 3
1814 1815 3
1815 1816 3
1816 1817 3
1817 1818 3
1818 1819 3
1819 1820 3
1820 1821 3
1821 1822 3
1822 1823 3
1823 1824 3
1824 1825 3
1825 1826 3
1826 1827 3
1827 1828 3
1828 1829 3
1829 1830 3
1830 1831 3
1831 1832 3
1832 1833 3
1833 1834 3
1834 1835 3
1835 1836 3
1836 1837 3
1837 1838 3
1838 1839 3
1839 1840 3
1840 1841 3
1841 1842 3
1842 1843 3
1843 1844 3
1844 1845 3
1845 1846 3
1846 1847 3
1847 1848 3
1848 1849 3
1849 1850 3
1850 1851 3
1851 1852 3
1852 1853 3
1853 1854 3
1854 1855 3
1855 1856 3
1856 1857 3
1857 1858 3
1858 1859 3
1859 1860 3
1860 1861 3
1861 1862 3
1862 1863 3
1863 1864 3
1864 1865 3
1865 1866 3
1866 1867 3
1867 1868 3
1868 1869 3
1869 1870 3
1870 1871 3
1871 1872 3
1872 1873 3
1873 1874 3
1874 1875 3
1875 1876 3
1876 1877 3
1877 1878 3
1878 1879 3
1879 1880 3
1880 1881 3
1881 1882 3
1882 1883 3
1883 1884 3
1884 1885 3
1885 1886 3
1886 1887 3
1887 1888 3
1888 1889 3
1889 1890 3
1890 1891 3
1891 1892 3
1892 1893 3
1893 1894 3
1894 1895 3
1895 1896 3
1896 1897 3
1897 1898 3
1898 1899 3
1899 1900 3
1900 1901 3
1901 1902 3
1902 1903 3
1903 1904 3
1904 1905 3
1905 1906 3
1906 1907 3
1907 1908 3
1908 1909 3
1909 1910 3
1910 1911 3
1911 1912 3
1912 1913 3
1913 1914 3
1914 1915 3
1915 1916 3
1916 1917 3
1917 1918 3
1918 1919 3
1919 1920 3
1920 1921 3
1921 1922 3
1922 1923 3
1923 1924 3
1924 1925 3
1925 1926 3
1926 1927 3
1927 1928 3
1928 1929 3
1929 1930 3
1930 1931 3
1931 1932 3
1932 1933 3
1933 1934 3
1934 1935 3
1935 1936 3
1936 1937 3
1937 1938 3
1938 1939 3
1939 1940 3
1940 1941 3
1941 1942 3
1942 1943 3
1943 1944 3
1944 1945 3
1945 1946 3
1946 1947 3
1947 1948 3
1948 1949 3
1949 1950 3
1950 1951 3
1951 1952 3
1952 1953 3
1953 1954 3
1954 1955 3
1955 1956 3
1956 1957 3
1957 1958 3
1958 1959 3
1959 1960 3
1960 1961 3
1961 1962 3
1962 1963 3
1963 1964 3
1964 1965 3
1965 1966 3
1966 1967 3
1967 1968 3
1968 1969 3
1969 1970 3
1970 1971 3
1971 1972 3
1972 1973 3
1973 1974 3
1974 1975 3
1975 1976 3
1976 1977 3
1977 1978 3
1978 1979 3
1979 1980 3
1980 1981 3
1981 1982 3
1982 1983 3
1983 1984 3
1984 1985 3
1985 1986 3
1986 1987 3
1987 1988 3
1988 1989 3
1989 1990 3
1990 1991 3
1991 1992 3
1992 1993 3
1993 1994 3
1994 1995 3
1995 1996 3
1996 1997 3
1997 1998 3
1998 1999 3
1999 2000 3
2000 2001 3
2001 2002 3
2002 2003 3
2003 2004 3
2004 2005 3
2005 2006 3
2006 2007 3
2007 2008 3
2008 2009 3
2009 2010 3
2010 2011 3
2011 2012 3
2012 2013 3
2013 2014 3
2014 535 3
2015 2268 3
2268 2269 3
2269 2270 3
2270 2271 3
2271 2272 3
2272 2273 3
2273 2274 3
2274 2275 3
2275 2276 3
2276 2277 3
2277 2278 3
2278 2279 3
2279 2280 3
2280 2281 3
2281 2282 3
2282 2283 3
2283 2284 3
2284 2285 3
2285 2286 3
2286 2287 3
2287 2288 3
2288 2289 3
2289 2290 3
2290 2291 3
2291 2292 3
2292 2293 3
2293 2294 3
2294 2295 3
2295 2296 3
2296 2297 3
2297 2298 3
2298 2299 3
2299 2300 3
2300 2301 3
2301 2302 3
2302 2303 3
2303 2304 3
2304 2305 3
2305 2306 3
2306 2307 3
2307 2308 3
2308 2309 3
2309 2310 3
2310 2311 3
2311 2312 3
2312 2313 3
2313 2314 3
2314 2315 3
2315 2316 3
2316 2317 3
2317 2318 3
2318 2319 3
2319 2320 3
2320 2321 3
2321 2322 3
2322 2323 3
2323 2324 3
2324 2325 3
2325 2326 3
2326 2327 3
2327 2328 3
2328 2329 3
2329 2330 3
2330 2331 3
2331 2332 3
2332 2333 3
2333 2334 3
2334 2335 3
2335 2336 3
2336 2337 3
2337 2338 3
2338 2339 3
2339 2340 3
2340 2341 3
2341 2342 3
2342 2343 3
2343 2344 3
2344 2345 3
2345 2346 3
2346 2347 3
2347 2348 3
2348 2349 3
2349 2350 3
2350 2351 3
2351 2352 3
2352 2353 3
2353 2354 3
2354 2355 3
2355 2356 3
2356 2357 3
2357 2358 3
2358 2359 3
2359 2360 3
2360 2361 3
2361 2362 3
2362 2363 3
2363 2364 3
2364 2365 3
2365 2366 3
2366 2367 3
2367 2368 3
2368 2369 3
2369 2370 3
2370 2371 3
2371 2372 3
2372 2373 3
2373 2374 3
2374 2375 3
2375 2376 3
2376 2377 3
2377 2378 3
2378 2379 3
2379 2380 3
2380 2381 3
2381 2382 3
2382 2383 3
2383 2384 3
2384 2385 3
2385 2386 3
2386 2387 3
2387 2388 3
2388 2389 3
2389 2390 3
2390 2391 3
2391 2392 3
2392 2393 3
2393 2394 3
2394 2395 3
2395 2396 3
2396 2397 3
2397 2398 3
2398 2399 3
2399 2400 3
2400 2401 3
2401 2402 3
2402 2403 3
2403 2404 3
2404 2405 3
2405 2406 3
2406 2407 3
2407 2408 3
2408 2409 3
2409 2410 3
2410 2411 3
2411 2412 3
2412 2413 3
2413 2414 3
2414 2415 3
2415 2416 3
2416 2417 3
2417 2418 3
2418 2419 3
2419 2420 3
2420 2421 3
2421 2422 3
2422 2423 3
2423 2424 3
2424 2425 3
2425 2426 3
2426 2427 3
2427 2428 3
2428 2429 3
2429 2430 3
2430 2431 3
2431 2432 3
2432 2433 3
2433 2434 3
2434 2435 3
2435 2436 3
2436 2437 3
2437 2438 3
2438 2439 3
2439 2440 3
2440 2441 3
2441 2442 3
2442 2443 3
2443 2444 3
2444 2445 3
2445 2446 3
2446 2447 3
2447 2448 3
2448 2449 3
2449 2450 3
2450 2451 3
2451 2452 3
2452 2453 3
2453 2454 3
2454 2455 3
2455 2456 3
2456 2457 3
2457 2458 3
2458 2459 3
2459 2460 3
2460 2461 3
2461 2462 3
2462 2463 3
2463 2464 3
2464 2465 3
2465 2466 3
2466 2467 3
2467 2468 3
2468 2469 3
2469 2470 3
2470 2471 3
2471 2472 3
2472 2473 3
2473 2474 3
2474 2475 3
2475 2476 3
2476 2477 3
2477 2478 3
2478 2479 3
2479 2480 3
2480 2481 3
2481 2482 3
2482 2483 3
2483 2484 3
2484 2485 3
2485 2486 3
2486 2487 3
2487 2488 3
2488 2489 3
2489 2490 3
2490 2491 3
2491 2492 3
2492 2493 3
2493 2494 3
2494 2495 3
2495 2496 3
2496 2497 3
2497 2498 3
2498 2499 3
2499 2500 3
2500 2501 3
2501 2502 3
2502 2503 3
2503 2504 3
2504 2505 3
2505 2506 3
2506 2507 3
2507 2508 3
2508 2509 3
2509 2510 3
2510 2511 3
2511 2512 3
2512 2513 3
2513 2514 3
2514 2515 3
2515 2516 3
2516 2517 3
2517 2518 3
2518 2519 3
2519 2520 3
2520 2521 3
2521 2522 3
2522 2523 3
2523 2524 3
2524 2525 3
2525 2526 3
2526 2527 3
2527 2528 3
2528 2529 3
2529 2530 3
2530 2531 3
2531 2532 3
2532 2533 3
2533 2534 3
2534 2535 3
2535 2536 3
2536 2537 3
2537 2538 3
2538 2539 3
2539 2540 3
2540 2541 3
2541 2542 3
2542 2543 3
2543 2544 3
2544 2545 3
2545 2546 3
2546 2547 3
2547 2548 3
2548 2549 3
2549 2550 3
2550 2551 3
2551 2552 3
2552 2553 3
2553 2554 3
2554 2555 3
2555 2556 3
2556 2557 3
2557 2558 3
2558 2559 3
2559 2560 3
2560 2561 3
2561 2562 3
2562 2563 3
2563 2564 3
2564 2565 3
2565 2566 3
2566 2567 3
2567 2568 3
2568 2569 3
2569 2570 3
2570 2571 3
2571 2572 3
2572 2573 3
2573 2574 3
2574 2575 3
2575 2576 3
2576 2577 3
2577 2578 3
2578 2579 3
2579 2580 3
2580 2581 3
2581 2582 3
2582 2583 3
2583 2584 3
2584 2585 3
2585 2586 3
2586 2587 3
2587 2588 3
2588 2589 3
2589 2590 3
2590 2591 3
2591 2592 3
2592 2593 3
2593 2594 3
2594 2595 3
2595 2596 3
2596 2597 3
2597 2598 3
2598 2599 3
2599 2600 3
2600 2601 3
2601 2602 3
2602 2603 3
2603 2604 3
2604 2605 3
2605 2606 3
2606 2607 3
2607 2608 3
2608 2609 3
2609 2610 3
2610 2611 3
2611 2612 3
2612 2613 3
2613 2614 3
2614 2615 3
2615 2616 3
2616 2617 3
2617 2618 3
2618 2619 3
2619 2620 3
2620 2621 3
2621 2622 3
2622 2623 3
2623 2624 3
2624 2625 3
2625 2626 3
2626 2627 3
2627 2628 3
2628 2629 3
2629 2630 3
2630 2631 3
2631 2632 3
2632 2633 3
2633 2634 3
2634 2635 3
2635 2636 3
2636 2637 3
2637 2638 3
2638 2639 3
2639 2640 3
2640 2641 3
2641 2642 3
2642 2643 3
2643 2644 3
2644 2645 3
2645 2646 3
2646 2647 3
2647 2648 3
2648 2649 3
2649 2650 3
2650 2651 3
2651 2652 3
2652 2653 3
2653 2654 3
2654 2655 3
2655 2656 3
2656 2657 3
2657 2658 3
2658 2659 3
2659 2660 3
2660 2661 3
2661 2662 3
2662 2663 3
2663 2664 3
2664 2665 3
2665 2666 3
2666 2667 3
2667 2668 3
2668 2669 3
2669 2670 3
2670 2671 3
2671 2672 3
2672 2673 3
2673 2674 3
2674 2675 3
2675 2676 3
2676 2677 3
2677 2678 3
2678 2679 3
2679 2680 3
2680 2681 3
2681 2682 3
2682 2683 3
2683 2684 3
2684 2685 3
2685 2686 3
2686 2687 3
2687 2688 3
2688 2689 3
2689 2690 3
2690 2691 3
2691 2692 3
2692 2693 3
2693 2694 3
2694 2695 3
2695 2696 3
2696 2697 3
2697 2698 3
2698 2699 3
2699 2700 3
2700 2701 3
2701 2702 3
2702 2703 3
2703 2704 3
2704 2705 3
2705 2267 3
1 3 4
3 4 4
4 5 4
5 6 4
6 7 4
7 8 4
8 9 4
9 10 4
10 11 4
11 12 4
12 13 4
13 14 4
14 15 4
15 16 4
16 17 4
17 18 4
18 19 4
19 20 4
20 21 4
21 22 4
22 23 4
23 24 4
24 25 4
25 26 4
26 27 4
27 28 4
28 29 4
29 30 4
30 31 4
31 32 4
32 33 4
33 34 4
34 35 4
35 36 4
36 37 4
37 38 4
38 39 4
39 40 4
40 41 4
41 42 4
42 43 4
43 44 4
44 45 4
45 46 4
46 47 4
47 48 4
48 49 4
49 50 4
50 51 4
51 52 4
52 53 4
53 54 4
54 55 4
55 56 4
56 57 4
57 58 4
58 59 4
59 60 4
60 61 4
61 62 4
62 63 4
63 64 4
64 65 4
65 66 4
66 67 4
67 68 4
68 69 4
69 70 4
70 71 4
71 72 4
72 73 4
73 74 4
74 75 4
75 76 4
76 77 4
77 78 4
78 79 4
79 80 4
80 81 4
81 82 4
82 83 4
83 84 4
84 85 4
85 86 4
86 87 4
87 88 4
88 89 4
89 90 4
90 91 4
91 92 4
92 93 4
93 94 4
94 95 4
95 96 4
96 97 4
97 98 4
98 99 4
99 100 4
100 101 4
101 102 4
102 103 4
103 104 4
104 105 4
105 106 4
106 107 4
107 108 4
108 109 4
109 110 4
110 111 4
111 112 4
112 113 4
113 114 4
114 115 4
115 116 4
116 117 4
117 118 4
118 119 4
119 120 4
120 121 4
121 122 4
122 123 4
123 124 4
124 125 4
125 126 4
126 127 4
127 128 4
128 129 4
129 130 4
130 131 4
131 132 4
132 133 4
133 134 4
134 135 4
135 136 4
136 137 4
137 138 4
138 139 4
139 140 4
140 141 4
141 142 4
142 143 4
143 144 4
144 145 4
145 146 4
146 147 4
147 148 4
148 149 4
149 150 4
150 151 4
151 152 4
152 153 4
153 154 4
154 155 4
155 156 4
156 157 4
157 158 4
158 159 4
159 160 4
160 161 4
161 162 4
162 163 4
163 164 4
164 165 4
165 166 4
166 167 4
167 168 4
168 169 4
169 170 4
170 171 4
171 172 4
172 173 4
173 174 4
174 175 4
175 176 4
176 177 4
177 178 4
178 179 4
179 180 4
180 181 4
181 182 4
182 183 4
183 184 4
184 185 4
185 186 4
186 187 4
187 188 4
188 189 4
189 190 4
190 191 4
191 192 4
192 193 4
193 194 4
194 195 4
195 196 4
196 197 4
197 198 4
198 199 4
199 200 4
200 201 4
201 202 4
202 203 4
203 204 4
204 205 4
205 206 4
206 207 4
207 208 4
208 209 4
209 210 4
210 211 4
211 212 4
212 213 4
213 214 4
214 215 4
215 216 4
216 217 4
217 218 4
218 219 4
219 220 4
220 221 4
221 222 4
222 223 4
223 224 4
224 225 4
225 226 4
226 227 4
227 228 4
228 229 4
229 230 4
230 231 4
231 232 4
232 233 4
233 234 4
234 235 4
235 236 4
236 237 4
237 238 4
238 239 4
239 240 4
240 241 4
241 242 4
242 243 4
243 244 4
244 245 4
245 246 4
246 247 4
247 248 4
248 249 4
249 250 4
250 251 4
251 252 4
252 253 4
253 254 4
254 255 4
255 256 4
256 257 4
257 258 4
258 259 4
259 260 4
260 261 4
261 262 4
262 263 4
263 264 4
264 265 4
265 266 4
266 267 4
267 268 4
268 269 4
269 270 4
270 271 4
271 272 4
272 273 4
273 274 4
274 275 4
275 276 4
276 277 4
277 278 4
278 279 4
279 280 4
280 281 4
281 282 4
282 283 4
283 284 4
284 285 4
285 286 4
286 287 4
287 288 4
288 289 4
289 290 4
290 291 4
291 292 4
292 293 4
293 294 4
294 295 4
295 296 4
296 297 4
297 298 4
298 299 4
299 300 4
300 301 4
301 302 4
302 303 4
303 304 4
304 305 4
305 306 4
306 307 4
307 308 4
308 309 4
309 310 4
310 311 4
311 312 4
312 313 4
313 314 4
314 315 4
315 316 4
316 317 4
317 318 4
318 319 4
319 320 4
320 321 4
321 322 4
322 323 4
323 324 4
324 325 4
325 326 4
326 327 4
327 328 4
328 329 4
329 330 4
330 331 4
331 332 4
332 333 4
333 334 4
334 335 4
335 336 4
336 337 4
337 338 4
338 339 4
339 340 4
340 341 4
341 342 4
342 343 4
343 344 4
344 345 4
345 346 4
346 347 4
347 348 4
348 349 4
349 350 4
350 351 4
351 352 4
352 353 4
353 354 4
354 355 4
355 356 4
356 357 4
357 358 4
358 359 4
359 360 4
360 361 4
361 362 4
362 363 4
363 364 4
364 365 4
365 366 4
366 367 4
367 368 4
368 369 4
369 370 4
370 371 4
371 372 4
372 373 4
373 374 4
374 375 4
375 376 4
376 377 4
377 378 4
378 379 4
379 380 4
380 381 4
381 382 4
382 383 4
383 384 4
384 385 4
385 386 4
386 387 4
387 388 4
388 389 4
389 390 4
390 391 4
391 392 4
392 393 4
393 394 4
394 395 4
395 396 4
396 397 4
397 398 4
398 399 4
399 400 4
400 401 4
401 402 4
402 403 4
403 404 4
404 405 4
405 406 4
406 407 4
407 408 4
408 409 4
409 410 4
410 411 4
411 412 4
412 413 4
413 414 4
414 415 4
415 416 4
416 417 4
417 418 4
418 419 4
419 420 4
420 421 4
421 422 4
422 423 4
423 424 4
424 425 4
425 426 4
426 427 4
427 428 4
428 429 4
429 430 4
430 431 4
431 432 4
432 433 4
433 434 4
434 435 4
435 436 4
436 437 4
437 438 4
438 439 4
439 440 4
440 441 4
441 442 4
442 443 4
443 444 4
444 445 4
445 446 4
446 447 4
447 448 4
448 449 4
449 450 4
450 451 4
451 452 4
452 453 4
453 454 4
454 455 4
455 456 4
456 457 4
457 458 4
458 459 4
459 460 4
460 461 4
461 462 4
462 463 4
463 464 4
464 465 4
465 466 4
466 467 4
467 468 4
468 469 4
469 470 4
470 471 4
471 472 4
472 473 4
473 474 4
474 475 4
475 476 4
476 477 4
477 478 4
478 479 4
479 480 4
480 481 4
481 482 4
482 483 4
483 484 4
484 485 4
485 486 4
486 487 4
487 488 4
488 489 4
489 490 4
490 491 4
491 492 4
492 493 4
493 494 4
494 495 4
495 496 4
496 497 4
497 498 4
498 499 4
499 500 4
500 501 4
501 502 4
502 503 4
503 504 4
504 505 4
505 506 4
506 507 4
507 508 4
508 509 4
509 510 4
510 511 4
511 512 4
512 513 4
513 514 4
514 515 4
515 516 4
516 517 4
517 518 4
518 519 4
519 520 4
520 521 4
521 522 4
522 523 4
523 524 4
524 525 4
525 526 4
526 527 4
527 2 4
535 2016 5
2016 2017 5
2017 2018 5
2018 2019 5
2019 2020 5
2020 2021 5
2021 2022 5
2022 2023 5
2023 2024 5
2024 2025 5
2025 2026 5
2026 2027 5
2027 2028 5
2028 2029 5
2029 2030 5
2030 2031 5
2031 2032 5
2032 2033 5
2033 2034 5
2034 2035 5
2035 2036 5
2036 2037 5
2037 2038 5
2038 2039 5
2039 2040 5
2040 2041 5
2041 2042 5
2042 2043 5
2043 2044 5
2044 2045 5
2045 2046 5
2046 2047 5
2047 2048 5
2048 2049 5
2049 2050 5
2050 2051 5
2051 2052 5
2052 2053 5
2053 2054 5
2054 2055 5
2055 2056 5
2056 2057 5
2057 2058 5
2058 2059 5
2059 2060 5
2060 2061 5
2061 2062 5
2062 2063 5
2063 2064 5
2064 2065 5
2065 2066 5
2066 2067 5
2067 2068 5
2068 2069 5
2069 2070 5
2070 2071 5
2071 2072 5
2072 2073 5
2073 2074 5
2074 2075 5
2075 2076 5
2076 2077 5
2077 2078 5
2078 2079 5
2079 2080 5
2080 2081 5
2081 2082 5
2082 2083 5
2083 2084 5
2084 2085 5
2085 2086 5
2086 2087 5
2087 2088 5
2088 2089 5
2089 2090 5
2090 2091 5
2091 2092 5
2092 2093 5
2093 2094 5
2094 2095 5
2095 2096 5
2096 2097 5
2097 2098 5
2098 2099 5
2099 2100 5
2100 2101 5
2101 2102 5
2102 2103 5
2103 2104 5
2104 2105 5
2105 2106 5
2106 2107 5
2107 2108 5
2108 2109 5
2109 2110 5
2110 2111 5
2111 2112 5
2112 2113 5
2113 2114 5
2114 2115 5
2115 2116 5
2116 2117 5
2117 2118 5
2118 2119 5
2119 2120 5
2120 2121 5
2121 2122 5
2122 2123 5
2123 2124 5
2124 2125 5
2125 2126 5
2126 2127 5
2127 2128 5
2128 2129 5
2129 2130 5
2130 2131 5
2131 2132 5
2132 2133 5
2133 2134 5
2134 2135 5
2135 2136 5
2136 2137 5
2137 2138 5
2138 2139 5
2139 2140 5
2140 2141 5
2141 2142 5
2142 2143 5
2143 2144 5
2144 2145 5
2145 2146 5
2146 2147 5
2147 2148 5
2148 2149 5
2149 2150 5
2150 2151 5
2151 2152 5
2152 2153 5
2153 2154 5
2154 2155 5
2155 2156 5
2156 2157 5
2157 2158 5
2158 2159 5
2159 2160 5
2160 2161 5
2161 2162 5
2162 2163 5
2163 2164 5
2164 2165 5
2165 2166 5
2166 2167 5
2167 2168 5
2168 2169 5
2169 2170 5
2170 2171 5
2171 2172 5
2172 2173 5
2173 2174 5
2174 2175 5
2175 2176 5
2176 2177 5
2177 2178 5
2178 2179 5
2179 2180 5
2180 2181 5
2181 2182 5
2182 2183 5
2183 2184 5
2184 2185 5
2185 2186 5
2186 2187 5
2187 2188 5
2188 2189 5
2189 2190 5
2190 2191 5
2191 2192 5
2192 2193 5
2193 2194 5
2194 2195 5
2195 2196 5
2196 2197 5
2197 2198 5
2198 2199 5
2199 2200 5
2200 2201 5
2201 2202 5
2202 2203 5
2203 2204 5
2204 2205 5
2205 2206 5
2206 2207 5
2207 2208 5
2208 2209 5
2209 2210 5
2210 2211 5
2211 2212 5
2212 2213 5
2213 2214 5
2214 2215 5
2215 2216 5
2216 2217 5
2217 2218 5
2218 2219 5
2219 2220 5
2220 2221 5
2221 2222 5
2222 2223 5
2223 2224 5
2224 2225 5
2225 2226 5
2226 2227 5
2227 2228 5
2228 2229 5
2229 2230 5
2230 2231 5
2231 2232 5
2232 2233 5
2233 2234 5
2234 2235 5
2235 2236 5
2236 2237 5
2237 2238 5
2238 2239 5
2239 2240 5
2240 2241 5
2241 2242 5
2242 2243 5
2243 2244 5
2244 2245 5
2245 2246 5
2246 2247 5
2247 2248 5
2248 2249 5
2249 2250 5
2250 2251 5
2251 2252 5
2252 2253 5
2253 2254 5
2254 2255 5
2255 2256 5
2256 2257 5
2257 2258 5
2258 2259 5
2259 2260 5
2260 2261 5
2261 2262 5
2262 2263 5
2263 2264 5
2264 2265 5
2265 2266 5
2266 2015 5

End
