MeshVersionFormatted
2

Dimension
2

Vertices
13159
25 0 0
25 0.5 0
25 0.12913591817886161 0
25 0.2519548091243643 0
25 0.34485613163791951 0
25 0.41307569777273251 0
25 0.46316855851063943 0
1.5 0.5 0
24.965728858025361 0.5 0
24.93147291054245 0.5 0
24.897216963059542 0.5 0
24.86296101557663 0.5 0
24.828705068093711 0.5 0
24.7944491206108 0.5 0
24.760193173127892 0.5 0
24.72593722564498 0.5 0
24.691681278162061 0.5 0
24.65742533067915 0.5 0
24.623169383196242 0.5 0
24.58891343571333 0.5 0
24.554657488230411 0.5 0
24.5204015407475 0.5 0
24.486145593264592 0.5 0
24.45188964578168 0.5 0
24.417633698298761 0.5 0
24.38337775081585 0.5 0
24.349121803332942 0.5 0
24.31486585585003 0.5 0
24.280609908367111 0.5 0
24.2463539608842 0.5 0
24.212098013401292 0.5 0
24.17784206591838 0.5 0
24.143586118435461 0.5 0
24.10933017095255 0.5 0
24.075074223469642 0.5 0
24.04081827598673 0.5 0
24.006562328503811 0.5 0
23.9723063810209 0.5 0
23.938050433537988 0.5 0
23.90379448605508 0.5 0
23.869538538572169 0.5 0
23.83528259108925 0.5 0
23.801026643606338 0.5 0
23.76677069612343 0.5 0
23.732514748640519 0.5 0
23.6982588011576 0.5 0
23.664002853674688 0.5 0
23.62974690619178 0.5 0
23.595490958708869 0.5 0
23.56123501122595 0.5 0
23.526979063743038 0.5 0
23.49272311626013 0.5 0
23.458467168777219 0.5 0
23.4242112212943 0.5 0
23.389955273811388 0.5 0
23.35569932632848 0.5 0
23.321443378845569 0.5 0
23.28718743136265 0.5 0
23.252931483879738 0.5 0
23.21867553639683 0.5 0
23.184419588913919 0.5 0
23.150163641431 0.5 0
23.115907693948088 0.5 0
23.08165174646518 0.5 0
23.047395798982269 0.5 0
23.01313985149935 0.5 0
22.978883904016438 0.5 0
22.94462795653353 0.5 0
22.910372009050612 0.5 0
22.8761160615677 0.5 0
22.841860114084788 0.5 0
22.80760416660188 0.5 0
22.773348219118969 0.5 0
22.73909227163605 0.5 0
22.704836324153138 0.5 0
22.67058037667023 0.5 0
22.636324429187312 0.5 0
22.6020684817044 0.5 0
22.567812534221488 0.5 0
22.53355658673858 0.5 0
22.499300639255669 0.5 0
22.46504469177275 0.5 0
22.430788744289838 0.5 0
22.39653279680693 0.5 0
22.362276849324012 0.5 0
22.3280209018411 0.5 0
22.293764954358188 0.5 0
22.25950900687528 0.5 0
22.225253059392369 0.5 0
22.19099711190945 0.5 0
22.156741164426538 0.5 0
22.12248521694363 0.5 0
22.088229269460712 0.5 0
22.0539733219778 0.5 0
22.019717374494888 0.5 0
21.98546142701198 0.5 0
21.951205479529069 0.5 0
21.91694953204615 0.5 0
21.882693584563238 0.5 0
21.84843763708033 0.5 0
21.814181689597412 0.5 0
21.7799257421145 0.5 0
21.745669794631588 0.5 0
21.71141384714868 0.5 0
21.677157899665769 0.5 0
21.64290195218285 0.5 0
21.608646004699938 0.5 0
21.57439005721703 0.5 0
21.540134109734112 0.5 0
21.5058781622512 0.5 0
21.471622214768288 0.5 0
21.43736626728538 0.5 0
21.403110319802469 0.5 0
21.36885437231955 0.5 0
21.334598424836638 0.5 0
21.30034247735373 0.5 0
21.266086529870812 0.5 0
21.2318305823879 0.5 0
21.197574634904988 0.5 0
21.16331868742208 0.5 0
21.129062739939169 0.5 0
21.09480679245625 0.5 0
21.060550844973339 0.5 0
21.02629489749043 0.5 0
20.992038950007519 0.5 0
20.9577830025246 0.5 0
20.923527055041689 0.5 0
20.88927110755878 0.5 0
20.855015160075869 0.5 0
20.82075921259295 0.5 0
20.786503265110039 0.5 0
20.75224731762713 0.5 0
20.717991370144212 0.5 0
20.6837354226613 0.5 0
20.649479475178389 0.5 0
20.61522352769548 0.5 0
20.580967580212569 0.5 0
20.54671163272965 0.5 0
20.512455685246739 0.5 0
20.47819973776382 0.5 0
20.443943790280908 0.5 0
20.409687842798 0.5 0
20.375431895315089 0.5 0
20.341175947832181 0.5 0
20.306920000349269 0.5 0
20.27266405286635 0.5 0
20.238408105383439 0.5 0
20.204152157900531 0.5 0
20.169896210417608 0.5 0
20.1356402629347 0.5 0
20.101384315451789 0.5 0
20.067128367968881 0.5 0
20.032872420485969 0.5 0
19.99861647300305 0.5 0
19.964360525520139 0.5 0
19.930104578037231 0.5 0
19.895848630554308 0.5 0
19.8615926830714 0.5 0
19.827336735588489 0.5 0
19.793080788105581 0.5 0
19.758824840622669 0.5 0
19.72456889313975 0.5 0
19.690312945656839 0.5 0
19.656056998173931 0.5 0
19.621801050691008 0.5 0
19.5875451032081 0.5 0
19.553289155725189 0.5 0
19.519033208242281 0.5 0
19.484777260759369 0.5 0
19.45052131327645 0.5 0
19.416265365793539 0.5 0
19.382009418310631 0.5 0
19.347753470827708 0.5 0
19.3134975233448 0.5 0
19.279241575861889 0.5 0
19.244985628378981 0.5 0
19.210729680896069 0.5 0
19.17647373341315 0.5 0
19.142217785930239 0.5 0
19.107961838447331 0.5 0
19.073705890964408 0.5 0
19.0394499434815 0.5 0
19.005193995998589 0.5 0
18.970938048515681 0.5 0
18.936682101032769 0.5 0
18.90242615354985 0.5 0
18.868170206066939 0.5 0
18.833914258584031 0.5 0
18.799658311101108 0.5 0
18.7654023636182 0.5 0
18.731146416135289 0.5 0
18.696890468652381 0.5 0
18.662634521169469 0.5 0
18.62837857368655 0.5 0
18.594122626203639 0.5 0
18.559866678720731 0.5 0
18.525610731237808 0.5 0
18.4913547837549 0.5 0
18.457098836271989 0.5 0
18.422842888789081 0.5 0
18.388586941306169 0.5 0
18.35433099382325 0.5 0
18.320075046340339 0.5 0
18.285819098857431 0.5 0
18.251563151374508 0.5 0
18.2173072038916 0.5 0
18.183051256408689 0.5 0
18.148795308925781 0.5 0
18.114539361442869 0.5 0
18.08028341395995 0.5 0
18.046027466477039 0.5 0
18.011771518994131 0.5 0
17.977515571511208 0.5 0
17.9432596240283 0.5 0
17.909003676545389 0.5 0
17.874747729062481 0.5 0
17.840491781579569 0.5 0
17.80623583409665 0.5 0
17.771979886613739 0.5 0
17.737723939130831 0.5 0
17.703467991647919 0.5 0
17.669212044165 0.5 0
17.634956096682089 0.5 0
17.600700149199181 0.5 0
17.566444201716269 0.5 0
17.53218825423335 0.5 0
17.497932306750439 0.5 0
17.463676359267531 0.5 0
17.429420411784609 0.5 0
17.3951644643017 0.5 0
17.360908516818789 0.5 0
17.326652569335881 0.5 0
17.292396621852969 0.5 0
17.258140674370051 0.5 0
17.223884726887139 0.5 0
17.189628779404231 0.5 0
17.155372831921319 0.5 0
17.121116884438401 0.5 0
17.086860936955489 0.5 0
17.052604989472581 0.5 0
17.018349041989669 0.5 0
16.984093094506751 0.5 0
16.949837147023839 0.5 0
16.915581199540931 0.5 0
16.881325252058019 0.5 0
16.847069304575101 0.5 0
16.812813357092189 0.5 0
16.778557409609281 0.5 0
16.744301462126369 0.5 0
16.710045514643451 0.5 0
16.675789567160539 0.5 0
16.641533619677631 0.5 0
16.607277672194719 0.5 0
16.573021724711801 0.5 0
16.538765777228889 0.5 0
16.504509829745981 0.5 0
16.470253882263069 0.5 0
16.435997934780151 0.5 0
16.401741987297239 0.5 0
16.367486039814331 0.5 0
16.333230092331419 0.5 0
16.298974144848501 0.5 0
16.264718197365589 0.5 0
16.230462249882681 0.5 0
16.196206302399769 0.5 0
16.161950354916851 0.5 0
16.127694407433939 0.5 0
16.093438459951031 0.5 0
16.059182512468109 0.5 0
16.024926564985201 0.5 0
15.990670617502291 0.5 0
15.956414670019379 0.5 0
15.92215872253646 0.5 0
15.887902775053551 0.5 0
15.853646827570641 0.5 0
15.819390880087729 0.5 0
15.78513493260481 0.5 0
15.750878985121901 0.5 0
15.716623037638991 0.5 0
15.68236709015607 0.5 0
15.648111142673161 0.5 0
15.613855195190251 0.5 0
15.579599247707341 0.5 0
15.54534330022442 0.5 0
15.511087352741511 0.5 0
15.476831405258601 0.5 0
15.442575457775691 0.5 0
15.40831951029277 0.5 0
15.374063562809861 0.5 0
15.339807615326951 0.5 0
15.305551667844041 0.5 0
15.27129572036112 0.5 0
15.237039772878211 0.5 0
15.202783825395301 0.5 0
15.168527877912391 0.5 0
15.13427193042947 0.5 0
15.100015982946561 0.5 0
15.065760035463651 0.5 0
15.03150408798073 0.5 0
14.99724814049782 0.5 0
14.962992193014911 0.5 0
14.928736245532001 0.5 0
14.89448029804908 0.5 0
14.86022435056617 0.5 0
14.825968403083261 0.5 0
14.791712455600351 0.5 0
14.75745650811743 0.5 0
14.72320056063452 0.5 0
14.688944613151611 0.5 0
14.65468866566869 0.5 0
14.62043271818578 0.5 0
14.58617677070287 0.5 0
14.551920823219961 0.5 0
14.51766487573704 0.5 0
14.48340892825413 0.5 0
14.44915298077122 0.5 0
14.414897033288311 0.5 0
14.38064108580539 0.5 0
14.34638513832248 0.5 0
14.31212919083957 0.5 0
14.277873243356661 0.5 0
14.24361729587374 0.5 0
14.20936134839083 0.5 0
14.17510540090792 0.5 0
14.140849453425011 0.5 0
14.10659350594209 0.5 0
14.07233755845918 0.5 0
14.03808161097627 0.5 0
14.00382566349335 0.5 0
13.96956971601044 0.5 0
13.93531376852753 0.5 0
13.901057821044621 0.5 0
13.8668018735617 0.5 0
13.83254592607879 0.5 0
13.79828997859588 0.5 0
13.764034031112971 0.5 0
13.72977808363005 0.5 0
13.69552213614714 0.5 0
13.66126618866423 0.5 0
13.627010241181321 0.5 0
13.5927542936984 0.5 0
13.56030052695403 0.5 0
13.530871158949619 0.5 0
13.507423513586721 0.5 0
13.489581619051849 0.5 0
13.4724536453104 0.5 0
13.455325671568939 0.5 0
13.438197697827491 0.5 0
13.421069724086029 0.5 0
13.40394175034457 0.5 0
13.38681377660312 0.5 0
13.36968580286166 0.5 0
13.352557829120199 0.5 0
13.33542985537874 0.5 0
13.31830188163725 0.5 0
13.301173907895761 0.5 0
13.284045934154269 0.5 0
13.26691796041278 0.5 0
13.24978998667129 0.5 0
13.23266201292974 0.5 0
13.21553403918819 0.5 0
13.19840606544663 0.5 0
13.18127809170508 0.5 0
13.16415011796353 0.5 0
13.147022144221969 0.5 0
13.129894170480419 0.5 0
13.11276619673886 0.5 0
13.095638222997311 0.5 0
13.078510249255761 0.5 0
13.061382275514189 0.5 0
13.044254301772609 0.5 0
13.02712632803102 0.5 0
13.00999835428944 0.5 0
12.992870380547849 0.5 0
12.975742406806271 0.5 0
12.95861443306468 0.5 0
12.941486459323089 0.5 0
12.924358485581511 0.5 0
12.90723051183992 0.5 0
12.89010253809834 0.5 0
12.872974564356751 0.5 0
12.855846590615171 0.5 0
12.83871861687358 0.5 0
12.821590643131991 0.5 0
12.804462669390411 0.5 0
12.78733469564882 0.5 0
12.77020672190724 0.5 0
12.753078748165651 0.5 0
12.735950774424071 0.5 0
12.71882280068248 0.5 0
12.701694826940891 0.5 0
12.684566853199311 0.5 0
12.66743887945772 0.5 0
12.65031090571614 0.5 0
12.633182931974551 0.5 0
12.61605495823297 0.5 0
12.59892698449138 0.5 0
12.581799010749799 0.5 0
12.56467103700821 0.5 0
12.54754306326662 0.5 0
12.530415089525039 0.5 0
12.51328711578345 0.5 0
12.49615914204187 0.5 0
12.479031168300279 0.5 0
12.461903194558699 0.5 0
12.44477522081711 0.5 0
12.427647247075519 0.5 0
12.410519273333939 0.5 0
12.39339129959235 0.5 0
12.37626332585077 0.5 0
12.359135352109179 0.5 0
12.342007378367599 0.5 0
12.32487940462601 0.5 0
12.307751430884419 0.5 0
12.290623457142839 0.5 0
12.27349548340125 0.5 0
12.25636750965967 0.5 0
12.239239535918079 0.5 0
12.222111562176501 0.5 0
12.20498358843491 0.5 0
12.187855614693319 0.5 0
12.170727640951741 0.5 0
12.15359966721015 0.5 0
12.13647169346857 0.5 0
12.119343719726981 0.5 0
12.102215745985401 0.5 0
12.08508777224381 0.5 0
12.067959798502219 0.5 0
12.050831824760641 0.5 0
12.03370385101905 0.5 0
12.01657587727747 0.5 0
11.999447903535881 0.5 0
11.982319929794301 0.5 0
11.96519195605271 0.5 0
11.948063982311121 0.5 0
11.930936008569541 0.5 0
11.91380803482795 0.5 0
11.89668006108637 0.5 0
11.879552087344781 0.5 0
11.8624241136032 0.5 0
11.84529613986161 0.5 0
11.828168166120021 0.5 0
11.81104019237844 0.5 0
11.79391221863685 0.5 0
11.77678424489527 0.5 0
11.759656271153681 0.5 0
11.7425282974121 0.5 0
11.72540032367051 0.5 0
11.708272349928921 0.5 0
11.69114437618734 0.5 0
11.67401640244575 0.5 0
11.656888428704169 0.5 0
11.63976045496258 0.5 0
11.622632481221 0.5 0
11.605504507479409 0.5 0
11.58837653373782 0.5 0
11.57124855999624 0.5 0
11.554120586254649 0.5 0
11.536992612513069 0.5 0
11.51986463877148 0.5 0
11.5027366650299 0.5 0
11.485608691288309 0.5 0
11.468480717546729 0.5 0
11.45135274380514 0.5 0
11.434224770063549 0.5 0
11.417096796321969 0.5 0
11.39996882258038 0.5 0
11.3828408488388 0.5 0
11.365712875097209 0.5 0
11.348584901355631 0.5 0
11.33145692761404 0.5 0
11.314328953872449 0.5 0
11.297200980130871 0.5 0
11.28007300638928 0.5 0
11.2629450326477 0.5 0
11.245817058906111 0.5 0
11.228689085164531 0.5 0
11.21156111142294 0.5 0
11.194433137681351 0.5 0
11.177305163939771 0.5 0
11.16017719019818 0.5 0
11.1430492164566 0.5 0
11.125921242715011 0.5 0
11.108793268973431 0.5 0
11.09166529523184 0.5 0
11.074537321490251 0.5 0
11.057409347748671 0.5 0
11.04028137400708 0.5 0
11.0231534002655 0.5 0
11.006025426523911 0.5 0
10.98889745278233 0.5 0
10.97176947904074 0.5 0
10.954641505299151 0.5 0
10.93751353155757 0.5 0
10.92038555781598 0.5 0
10.903257584074399 0.5 0
10.88612961033281 0.5 0
10.86900163659122 0.5 0
10.85187366284964 0.5 0
10.83474568910805 0.5 0
10.81761771536647 0.5 0
10.80048974162488 0.5 0
10.783361767883299 0.5 0
10.76623379414171 0.5 0
10.74910582040012 0.5 0
10.731977846658539 0.5 0
10.71484987291695 0.5 0
10.69772189917537 0.5 0
10.680593925433779 0.5 0
10.663465951692199 0.5 0
10.64633797795061 0.5 0
10.62921000420903 0.5 0
10.612082030467439 0.5 0
10.59495405672585 0.5 0
10.57782608298427 0.5 0
10.560698109242679 0.5 0
10.543570135501099 0.5 0
10.52644216175951 0.5 0
10.50931418801793 0.5 0
10.492186214276339 0.5 0
10.47505824053475 0.5 0
10.45793026679317 0.5 0
10.440802293051579 0.5 0
10.423674319310001 0.5 0
10.40654634556841 0.5 0
10.389418371826819 0.5 0
10.372290398085241 0.5 0
10.355162424343661 0.5 0
10.33803445060207 0.5 0
10.320906476860481 0.5 0
10.303778503118901 0.5 0
10.28665052937731 0.5 0
10.269522555635721 0.5 0
10.252394581894141 0.5 0
10.23526660815255 0.5 0
10.21813863441097 0.5 0
10.201010660669381 0.5 0
10.183882686927801 0.5 0
10.16675471318621 0.5 0
10.14962673944463 0.5 0
10.132498765703041 0.5 0
10.11537079196145 0.5 0
10.09824281821987 0.5 0
10.081114844478281 0.5 0
10.0639868707367 0.5 0
10.04685889699511 0.5 0
10.029730923253521 0.5 0
10.01260294951194 0.5 0
9.9954749757703532 0.5 0
9.9783470020287659 0.5 0
9.9612190282871786 0.5 0
9.9440910545455949 0.5 0
9.9269630808040095 0.5 0
9.909835107062424 0.5 0
9.8927071333208385 0.5 0
9.8755791595792513 0.5 0
9.8584511858376658 0.5 0
9.8413232120960803 0.5 0
9.8241952383544948 0.5 0
9.8070672646129076 0.5 0
9.7899392908713239 0.5 0
9.7728113171297366 0.5 0
9.7556833433881494 0.5 0
9.7385553696465657 0.5 0
9.7214273959049802 0.5 0
9.7042994221633947 0.5 0
9.6871714484218092 0.5 0
9.670043474680222 0.5 0
9.6529155009386365 0.5 0
9.635787527197051 0.5 0
9.6186595534554655 0.5 0
9.6015315797138783 0.5 0
9.5844036059722928 0.5 0
9.5672756322307073 0.5 0
9.5501476584891201 0.5 0
9.5330196847475364 0.5 0
9.5158917110059491 0.5 0
9.4987637372643654 0.5 0
9.4816357635227799 0.5 0
9.4645077897811927 0.5 0
9.4473798160396072 0.5 0
9.4302518422980217 0.5 0
9.4131238685564362 0.5 0
9.395995894814849 0.5 0
9.3788679210732635 0.5 0
9.361739947331678 0.5 0
9.3446119735900908 0.5 0
9.3274839998485071 0.5 0
9.3103560261069198 0.5 0
9.2932280523653326 0.5 0
9.2761000786237506 0.5 0
9.2589721048821634 0.5 0
9.2418441311405779 0.5 0
9.2247161573989924 0.5 0
9.2075881836574069 0.5 0
9.1904602099158197 0.5 0
9.1733322361742342 0.5 0
9.1562042624326487 0.5 0
9.1390762886910615 0.5 0
9.1219483149494778 0.5 0
9.1048203412078905 0.5 0
9.0876923674663033 0.5 0
9.0705643937247196 0.5 0
9.0534364199831341 0.5 0
9.0363084462415486 0.5 0
9.0191804724999916 0.5 0
9.0020524987584736 0.5 0
8.9849245250169503 0.5 0
8.9677965512754305 0.5 0
8.9506685775339072 0.5 0
8.9335406037923875 0.5 0
8.9164126300508642 0.5 0
8.8992846563093444 0.5 0
8.8821566825678246 0.5 0
8.8650287088263013 0.5 0
8.8479007350847851 0.5 0
8.8307727613433116 0.5 0
8.8136447876018558 0.5 0
8.7965168138604 0.5 0
8.7793888401189406 0.5 0
8.7622608663774848 0.5 0
8.745132892636029 0.5 0
8.7280049188945732 0.5 0
8.7108769451531174 0.5 0
8.6937489714116616 0.5 0
8.6766209976702022 0.5 0
8.6594930239287464 0.5 0
8.6423650501872871 0.5 0
8.6252370764458348 0.5 0
8.608109102704379 0.5 0
8.5909811289629232 0.5 0
8.5738531552214639 0.5 0
8.556725181480008 0.5 0
8.5395972077385522 0.5 0
8.5224692339970964 0.5 0
8.5053412602556406 0.5 0
8.4882132865141848 0.5 0
8.4710853127727255 0.5 0
8.4539573390312697 0.5 0
8.4368293652898139 0.5 0
8.4197013915483581 0.5 0
8.4025734178069023 0.5 0
8.3854454440654465 0.5 0
8.3683174703239871 0.5 0
8.3511894965825313 0.5 0
8.3340615228410755 0.5 0
8.3169335490996197 0.5 0
8.2998055753581639 0.5 0
8.2826776016167081 0.5 0
8.2655496278752487 0.5 0
8.2484216541337929 0.5 0
8.2312936803923371 0.5 0
8.2141657066508813 0.5 0
8.1970377329094255 0.5 0
8.1799097591679697 0.5 0
8.1627817854265139 0.5 0
8.1456538116850581 0.5 0
8.1285258379436023 0.5 0
8.1113978642021465 0.5 0
8.0942698904606871 0.5 0
8.0771419167192313 0.5 0
8.0600139429777755 0.5 0
8.0428859692363197 0.5 0
8.0257579954948639 0.5 0
8.0086300217534045 0.5 0
7.9915020480119487 0.5 0
7.9743740742704929 0.5 0
7.9572461005290371 0.5 0
7.9401181267875813 0.5 0
7.9229901530461264 0.5 0
7.9058621793046662 0.5 0
7.8887342055632104 0.5 0
7.8716062318217546 0.5 0
7.8544782580802988 0.5 0
7.837350284338843 0.5 0
7.8202223105973871 0.5 0
7.8030943368559278 0.5 0
7.785966363114472 0.5 0
7.7688383893730162 0.5 0
7.7517104156315604 0.5 0
7.7345824418901046 0.5 0
7.7174544681486488 0.5 0
7.700326494407193 0.5 0
7.6831985206657372 0.5 0
7.6660705469242814 0.5 0
7.6489425731828264 0.5 0
7.6318145994413662 0.5 0
7.6146866256999104 0.5 0
7.597558651958451 0.5 0
7.5804306782169952 0.5 0
7.5633027044755394 0.5 0
7.5461747307340836 0.5 0
7.5290467569926278 0.5 0
7.511918783251172 0.5 0
7.4947908095097162 0.5 0
7.4776628357682604 0.5 0
7.4605348620268046 0.5 0
7.4434068882853488 0.5 0
7.4262789145438894 0.5 0
7.4091509408024336 0.5 0
7.3920229670609778 0.5 0
7.374894993319522 0.5 0
7.3577670195780662 0.5 0
7.3406390458366104 0.5 0
7.3235110720951511 0.5 0
7.3063830983536953 0.5 0
7.2892551246122386 0.5 0
7.2721271508707837 0.5 0
7.2549991771293278 0.5 0
7.2378712033878676 0.5 0
7.2207432296464127 0.5 0
7.2036152559049569 0.5 0
7.1864872821635011 0.5 0
7.1693593084220453 0.5 0
7.1522313346805886 0.5 0
7.1351033609391301 0.5 0
7.1179753871976743 0.5 0
7.1008474134562194 0.5 0
7.0837194397147663 0.5 0
7.0665914659733096 0.5 0
7.0494634922318511 0.5 0
7.0323355184903953 0.5 0
7.0152075447489386 0.5 0
6.9980795710074837 0.5 0
6.9809515972660279 0.5 0
6.9638236235245694 0.5 0
6.9466956497831127 0.5 0
6.9295676760416569 0.5 0
6.9124397023002011 0.5 0
6.8953117285587453 0.5 0
6.8781837548172859 0.5 0
6.8610557810758301 0.5 0
6.8439278073343743 0.5 0
6.8267998335929194 0.5 0
6.8096718598514627 0.5 0
6.7925438861100069 0.5 0
6.7754159123685511 0.5 0
6.7582879386270918 0.5 0
6.741159964885636 0.5 0
6.7240319911441802 0.5 0
6.7069040174027243 0.5 0
6.6897760436612694 0.5 0
6.6726480699198127 0.5 0
6.6555200961783569 0.5 0
6.6383921224369011 0.5 0
6.6212641486954453 0.5 0
6.6041361749539904 0.5 0
6.5870082012125302 0.5 0
6.5698802274710744 0.5 0
6.552752253729615 0.5 0
6.5356242799881592 0.5 0
6.5184963062467034 0.5 0
6.5013683325052476 0.5 0
6.4842403587637918 0.5 0
6.4671123850223324 0.5 0
6.4499844112808766 0.5 0
6.4328564375394244 0.5 0
6.4157284637979686 0.5 0
6.3986004900565128 0.5 0
6.3814725163150534 0.5 0
6.3643445425735976 0.5 0
6.3472165688321418 0.5 0
6.330088595090686 0.5 0
6.3129606213492302 0.5 0
6.2958326476077744 0.5 0
6.278704673866315 0.5 0
6.2615767001248592 0.5 0
6.2444487263834034 0.5 0
6.2273207526419476 0.5 0
6.2101927789004918 0.5 0
6.1930648051590316 0.5 0
6.1759368314175767 0.5 0
6.1588088576761209 0.5 0
6.141680883934665 0.5 0
6.1245529101932092 0.5 0
6.1074249364517534 0.5 0
6.0902969627102941 0.5 0
6.0731689889688383 0.5 0
6.0560410152273816 0.5 0
6.0389130414859267 0.5 0
6.0217850677444709 0.5 0
6.0046570940030151 0.5 0
5.9875291202615593 0.5 0
5.9704011465201026 0.5 0
5.9532731727786476 0.5 0
5.9361451990371918 0.5 0
5.9190172252957316 0.5 0
5.9018892515542767 0.5 0
5.8847612778128209 0.5 0
5.8676333040713651 0.5 0
5.8505053303299093 0.5 0
5.8333773565884499 0.5 0
5.8162493828469941 0.5 0
5.7991214091055383 0.5 0
5.7819934353640789 0.5 0
5.7648654616226267 0.5 0
5.7477374878811709 0.5 0
5.7306095141397151 0.5 0
5.7134815403982557 0.5 0
5.6963535666567999 0.5 0
5.6792255929153441 0.5 0
5.6620976191738883 0.5 0
5.6449696454324334 0.5 0
5.6278416716909767 0.5 0
5.6107136979495174 0.5 0
5.5935857242080624 0.5 0
5.5764577504666057 0.5 0
5.5593297767251499 0.5 0
5.5422018029836941 0.5 0
5.5250738292422383 0.5 0
5.507945855500779 0.5 0
5.4908178817593232 0.5 0
5.4736899080178674 0.5 0
5.4565619342764116 0.5 0
5.4394339605349558 0.5 0
5.4223059867934964 0.5 0
5.4051780130520406 0.5 0
5.3880500393105848 0.5 0
5.370922065569129 0.5 0
5.3537940918276732 0.5 0
5.3366661180862174 0.5 0
5.3195381443447616 0.5 0
5.3024101706033058 0.5 0
5.28528219686185 0.5 0
5.2681542231203942 0.5 0
5.2510262493789384 0.5 0
5.233898275637479 0.5 0
5.2167703018960232 0.5 0
5.1996423281545674 0.5 0
5.1825143544131116 0.5 0
5.1653863806716558 0.5 0
5.1482584069301964 0.5 0
5.1311304331887406 0.5 0
5.1140024594472848 0.5 0
5.096874485705829 0.5 0
5.0797465119643732 0.5 0
5.0626185382229174 0.5 0
5.0454905644814581 0.5 0
5.0283625907400022 0.5 0
5.0112346169985464 0.5 0
4.9941066432570906 0.5 0
4.9769786695156348 0.5 0
4.959850695774179 0.5 0
4.9427227220327197 0.5 0
4.9255947482912639 0.5 0
4.9084667745498081 0.5 0
4.8913388008083558 0.5 0
4.8742108270668956 0.5 0
4.8570828533254407 0.5 0
4.8399548795839848 0.5 0
4.822826905842529 0.5 0
4.8056989321010732 0.5 0
4.7885709583596139 0.5 0
4.7714429846181581 0.5 0
4.7543150108767023 0.5 0
4.7371870371352429 0.5 0
4.7200590633937871 0.5 0
4.7029310896523313 0.5 0
4.6858031159108764 0.5 0
4.6686751421694197 0.5 0
4.6515471684279639 0.5 0
4.6344191946865081 0.5 0
4.6172912209450523 0.5 0
4.6001632472035956 0.5 0
4.5830352734621407 0.5 0
4.5659072997206813 0.5 0
4.5487793259792264 0.5 0
4.5316513522377697 0.5 0
4.5145233784963139 0.5 0
4.4973954047548581 0.5 0
4.4802674310134023 0.5 0
4.4631394572719429 0.5 0
4.4460114835304871 0.5 0
4.4288835097890313 0.5 0
4.4117555360475764 0.5 0
4.3946275623061197 0.5 0
4.3774995885646604 0.5 0
4.3603716148232046 0.5 0
4.3432436410817488 0.5 0
4.326115667340293 0.5 0
4.3089876935988372 0.5 0
4.2918597198573814 0.5 0
4.274731746115922 0.5 0
4.2576037723744662 0.5 0
4.2404757986330139 0.5 0
4.2233478248915581 0.5 0
4.2062198511500988 0.5 0
4.189091877408643 0.5 0
4.1719639036671872 0.5 0
4.1548359299257314 0.5 0
4.1377079561842756 0.5 0
4.1205799824428198 0.5 0
4.1034520087013604 0.5 0
4.0863240349599046 0.5 0
4.0691960612184488 0.5 0
4.052068087476993 0.5 0
4.0349401137355336 0.5 0
4.0178121399940814 0.5 0
4.000684166252622 0.5 0
3.9835561925111662 0.5 0
3.96642821876971 0.5 0
3.9493002450282551 0.5 0
3.9321722712867988 0.5 0
3.915044297545343 0.5 0
3.8979163238038841 0.5 0
3.8807883500624278 0.5 0
3.863660376320972 0.5 0
3.8465324025795158 0.5 0
3.82940442883806 0.5 0
3.8122764550966051 0.5 0
3.7951484813551488 0.5 0
3.778020507613693 0.5 0
3.7608925338722372 0.5 0
3.7437645601307779 0.5 0
3.726636586389322 0.5 0
3.7095086126478658 0.5 0
3.6923806389064069 0.5 0
3.6752526651649511 0.5 0
3.6581246914234948 0.5 0
3.640996717682039 0.5 0
3.6238687439405841 0.5 0
3.6067407701991239 0.5 0
3.589612796457669 0.5 0
3.5724848227162158 0.5 0
3.55535684897476 0.5 0
3.5382288752333051 0.5 0
3.5211009014918448 0.5 0
3.503972927750389 0.5 0
3.4868449540089341 0.5 0
3.4697169802674779 0.5 0
3.4525890065260221 0.5 0
3.4354610327845632 0.5 0
3.4183330590431069 0.5 0
3.4012050853016511 0.5 0
3.3840771115601949 0.5 0
3.3669491378187399 0.5 0
3.3498211640772841 0.5 0
3.3326931903358239 0.5 0
3.315565216594369 0.5 0
3.2984372428529132 0.5 0
3.2813092691114569 0.5 0
3.2641812953700011 0.5 0
3.2470533216285449 0.5 0
3.229925347887086 0.5 0
3.2127973741456302 0.5 0
3.1956694004041739 0.5 0
3.178541426662719 0.5 0
3.1614134529212632 0.5 0
3.1442854791798069 0.5 0
3.1271575054383511 0.5 0
3.1100295316968949 0.5 0
3.09290155795544 0.5 0
3.0757735842139842 0.5 0
3.0586456104725239 0.5 0
3.041517636731069 0.5 0
3.0243896629896132 0.5 0
3.007261689248157 0.5 0
2.990133715506698 0.5 0
2.9730057417652418 0.5 0
2.955877768023786 0.5 0
2.9387497942823302 0.5 0
2.9216218205408739 0.5 0
2.904493846799419 0.5 0
2.8873658730579632 0.5 0
2.870237899316507 0.5 0
2.8531099255750481 0.5 0
2.8359819518335918 0.5 0
2.818853978092136 0.5 0
2.8017260043506802 0.5 0
2.784598030609224 0.5 0
2.767470056867769 0.5 0
2.7503420831263088 0.5 0
2.733214109384853 0.5 0
2.7160861356433981 0.5 0
2.6989581619019449 0.5 0
2.681830188160486 0.5 0
2.6647022144190271 0.5 0
2.6475742406775709 0.5 0
2.6304462669361151 0.5 0
2.6133182931946588 0.5 0
2.596190319453203 0.5 0
2.5790623457117481 0.5 0
2.5619343719702878 0.5 0
2.544806398228832 0.5 0
2.5276784244873771 0.5 0
2.5105504507459209 0.5 0
2.4934224770044651 0.5 0
2.4762945032630088 0.5 0
2.459166529521553 0.5 0
2.4420385557800981 0.5 0
2.4249105820386418 0.5 0
2.407782608297186 0.5 0
2.3906546345557271 0.5 0
2.3735266608142709 0.5 0
2.3563986870728151 0.5 0
2.3392707133313588 0.5 0
2.322142739589903 0.5 0
2.3050147658484481 0.5 0
2.2878867921069879 0.5 0
2.2707588183655329 0.5 0
2.2536308446240771 0.5 0
2.2365028708826209 0.5 0
2.2193748971411651 0.5 0
2.2022469233997088 0.5 0
2.1851189496582499 0.5 0
2.1679909759167941 0.5 0
2.1508630021753379 0.5 0
2.133735028433883 0.5 0
2.1166070546924272 0.5 0
2.0994790809509709 0.5 0
2.082351107209512 0.5 0
2.0652231334680562 0.5 0
2.0480951597266031 0.5 0
2.0309671859851481 0.5 0
2.0138392122436879 0.5 0
1.996711238502233 0.5 0
1.979583264760777 0.5 0
1.9624552910193209 0.5 0
1.945327317277862 0.5 0
1.928199343536406 0.5 0
1.91107136979495 0.5 0
1.893943396053491 0.5 0
1.876815422312035 0.5 0
1.859687448570579 0.5 0
1.842559474829123 0.5 0
1.8254315010876709 0.5 0
1.808303527346212 0.5 0
1.791175553604756 0.5 0
1.7740475798633 0.5 0
1.7569196061218439 0.5 0
1.7397916323803879 0.5 0
1.722663658638929 0.5 0
1.705535684897477 0.5 0
1.688407711156017 0.5 0
1.6712797374145649 0.5 0
1.654151763673106 0.5 0
1.63702378993165 0.5 0
1.6198958161901911 0.5 0
1.6027678424487379 0.5 0
1.585639868707279 0.5 0
1.568511894965827 0.5 0
1.551383921224367 0.5 0
1.5342559474829121 0.5 0
1.517127973741452 0.5 0
-1.5 0.5 0
1.482861226394955 0.50010647011180209 0
1.4657235948848051 0.50032193799928681 0
1.4485892650738821 0.50072398992879552 0
1.4314594250119901 0.50128568635363635 0
1.4143355440667289 0.50200656479820538 0
1.397219022596097 0.50288499751102222 0
1.3801112436350269 0.5039198701384473 0
1.3630135304250111 0.50510950873587435 0
1.3459271072738941 0.50645162502084107 0
1.328853231950105 0.50794492272271929 0
1.3117929117229661 0.50958587356489105 0
1.294747310682679 0.51137324877272805 0
1.2777172358948661 0.51330297075151243 0
1.260703648223376 0.51537309241109674 0
1.2437072680801839 0.51758001410670151 0
1.226728714507981 0.51992016906941696 0
1.209768709093779 0.52239117364916032 0
1.1928274623648969 0.52498769248892896 0
1.1759056560346159 0.52770804294469809 0
1.159003203233856 0.53054616120559839 0
1.1421205815222739 0.53349998447803682 0
1.12525760968196 0.53656399307558089 0
1.108414335897407 0.53973452890878137 0
1.091590738019472 0.5430078617790467 0
1.074786275359717 0.54637807568884733 0
1.0580010848282 0.54984300129545061 0
1.0412341828689371 0.55339537621627743 0
1.024485670341988 0.55703348114305751 0
1.0077543895969521 0.56075003150572444 0
0.99104013818657299 0.56454245016505911 0
0.97434191463066833 0.56840482069266807 0
0.95765892706167033 0.57233250389904422 0
0.94099058981450323 0.57632189475968265 0
0.92433544367379228 0.58036602028058981 0
0.90769320451646673 0.58446293504312608 0
0.89106202823969227 0.58860453471512386 0
0.87444165459283496 0.59278928152073729 0
0.8578301914943649 0.59700926029667079 0
0.84122709235339688 0.60126203455886229 0
0.82463077805206131 0.60554120821966773 0
0.80804011704477074 0.60984225465057962 0
0.7914541215905454 0.61416125654304943 0
0.77487099226714284 0.61849125291292772 0
0.75829020303425754 0.62283020180452187 0
0.74170959692138239 0.62716985056593566 0
0.72512880766804988 0.63150879938775051 0
0.70854567831756532 0.63583879565781543 0
0.69195968281078701 0.64015779733881906 0
0.67536902175509184 0.64445884356874306 0
0.65877270735996252 0.64873801689591593 0
0.64216960814079416 0.65299079084178446 0
0.62555814493167894 0.65721076918281029 0
0.6089377711654016 0.66139551553382048 0
0.59230659475267244 0.66553711467238552 0
0.57566435543550176 0.66963402884307499 0
0.55900920914355345 0.67367815373033557 0
0.54234087170458067 0.6776675438615728 0
0.5256578839619005 0.68159522633690195 0
0.50895965986358094 0.68545759608552892 0
0.4922454086011005 0.68925001382633655 0
0.47551412764105511 0.69296656323617645 0
0.45876561491662687 0.69660466718404068 0
0.4419987127300109 0.70015704105812093 0
0.42521352196248369 0.70362196555885526 0
0.4084090590691582 0.70699217832909023 0
0.39158546094709201 0.7102655099651537 0
0.37474218694130179 0.71343604456560206 0
0.35787921485435048 0.71650005182636722 0
0.34099659292013562 0.71945387375899184 0
0.32409413988705699 0.72229199059782334 0
0.30717233332247079 0.72501233960006062 0
0.29023108637881678 0.72760885693696387 0
0.27327108073917888 0.73007985995505853 0
0.25629252694579918 0.73242001334313989 0
0.2392961466133969 0.73462693338047069 0
0.2222825587537845 0.73669705338985414 0
0.20525248547192079 0.73862677346484751 0
0.18820688254954751 0.74041414712309883 0
0.1711465621515392 0.7420550961904715 0
0.15407268665795351 0.74354839208451196 0
0.13698626336346581 0.74489050654581401 0
0.1198885500058223 0.7460801432760833 0
0.1027807709142283 0.74711501404005154 0
0.085664249344826984 0.74799344485111241 0
0.068540368311419742 0.74871432138874205 0
0.051410528152568247 0.7492760158888786 0
0.03427619828636419 0.74967806588453423 0
0.017138851998976131 0.74991942783074172 0
-4.2224027607673512e-09 0.75 0
-0.017138860349098731 0.7499194277522756 0
-0.034276206540242771 0.74967806572954387 0
-0.051410536309406611 0.7492760156593824 0
-0.068540376370532466 0.74871432108683755 0
-0.085664257304473232 0.74799344447933436 0
-0.1027807787751043 0.74711501360031307 0
-0.11988855776623659 0.74608014277161205 0
-0.1369862710233283 0.74489050597816597 0
-0.15407269421725189 0.74354839145702811 0
-0.171146569611034 0.74205509550526549 0
-0.1882068899082088 0.74041414638311098 0
-0.20525249104568211 0.73862677285680389 0
-0.222282565906606 0.73669705254895979 0
-0.2392961536652464 0.73462693249396605 0
-0.25629253388975981 0.73242001241321453 0
-0.27327108757947061 0.73007985898542227 0
-0.29023109311229373 0.72760885593000402 0
-0.30717233995290749 0.72501233855869596 0
-0.32409414641355749 0.72229198952512141 0
-0.34099659934005488 0.71945387265781857 0
-0.35787922117879828 0.71650005069876954 0
-0.37474219316315538 0.71343604341405509 0
-0.39158546707076669 0.71026550879338479 0
-0.40840906509073033 0.70699217713884632 0
-0.4252135278845659 0.70362196435363089 0
-0.44199871855476419 0.70015703983950361 0
-0.45876562064542292 0.69660466595449677 0
-0.47551413327363801 0.69296656199880668 0
-0.49224541413599371 0.68925001258299834 0
-0.50895966529699299 0.68545759484116819 0
-0.52565788930608726 0.6815952250890096 0
-0.54234087695686495 0.67766754261500106 0
-0.55900921501201173 0.67367815231490147 0
-0.57566436046825442 0.66963402761241964 0
-0.59230659968238175 0.66553711345143218 0
-0.60893777600529386 0.66139551432142951 0
-0.62555814967180745 0.65721076798395384 0
-0.64216961278964835 0.65299078965527291 0
-0.65877271191283004 0.64873801572625822 0
-0.6753690262139318 0.64445884241527418 0
-0.69195968718175882 0.64015779620341817 0
-0.70854568260021911 0.63583879454053771 0
-0.72512881185826983 0.63150879829234874 0
-0.74170960101647976 0.62716984949386279 0
-0.75829020702981476 0.62283020075850803 0
-0.77487099617319244 0.61849125189181331 0
-0.79145412541113291 0.6141612555463174 0
-0.80804012077503606 0.60984225368160816 0
-0.82463078168466319 0.60554120727994032 0
-0.84122709589922406 0.60126203364791919 0
-0.85783019494768287 0.59700925941529182 0
-0.87444165795693296 0.59278928066990155 0
-0.89106203150972263 0.58860453389598244 0
-0.90769320770120299 0.58446293425435469 0
-0.9243354467889523 0.58036601951884215 0
-0.94099059211554859 0.57632189420468505 0
-0.9576589299323186 0.57233250321772733 0
-0.97434191749748855 0.5684048200232521 0
-0.9910401413071227 0.56454244945039034 0
-1.0077543922928069 0.5607500309001372 0
-1.0244856729413869 0.55703348057201973 0
-1.041234185356094 0.55339537568247055 0
-1.0580010872250309 0.54984300079400095 0
-1.074786277677124 0.54637807521722326 0
-1.091590740262296 0.54300786133572276 0
-1.1084143380380791 0.53973452849916237 0
-1.1252576117200861 0.53656399269836219 0
-1.1421205834707311 0.53349998413064248 0
-1.1590032050936629 0.53054616088659579 0
-1.1759056577768789 0.52770804265833782 0
-1.1928274676444151 0.52498769165973647 0
-1.2097687106391291 0.52239117341806041 0
-1.226728715942015 0.51992016886613734 0
-1.2437072694075739 0.51758001392893915 0
-1.2607036494253601 0.5153730922599925 0
-1.2777172369794461 0.51330297062400776 0
-1.294747311679274 0.51137324866400902 0
-1.311792912635827 0.50958587347309359 0
-1.328853232774557 0.50794492264698776 0
-1.3459271080213271 0.50645162495879781 0
-1.3630135310728151 0.50510950868786741 0
-1.3801112442126551 0.50391987010089823 0
-1.397219023102023 0.50288499748272064 0
-1.4143355444775489 0.50200656477901662 0
-1.431459425353041 0.50128568634086001 0
-1.44858926535407 0.50072398992091227 0
-1.4657235950844729 0.50032193799553748 0
-1.482861226496577 0.50010647011110276 0
-10 0.5 0
-1.517133514545171 0.5 0
-1.534267029090342 0.5 0
-1.5514005436355121 0.5 0
-1.568534058180683 0.5 0
-1.585667572725854 0.5 0
-1.602801087271025 0.5 0
-1.619934601816196 0.5 0
-1.637068116361367 0.5 0
-1.654201630906537 0.5 0
-1.671335145451708 0.5 0
-1.688468659996879 0.5 0
-1.70560217454205 0.5 0
-1.722735689087221 0.5 0
-1.7398692036323919 0.5 0
-1.757002718177562 0.5 0
-1.774136232722733 0.5 0
-1.791269747267904 0.5 0
-1.808403261813075 0.5 0
-1.825536776358246 0.5 0
-1.8426702909034161 0.5 0
-1.859803805448587 0.5 0
-1.876937319993758 0.5 0
-1.894070834538929 0.5 0
-1.9112043490841 0.5 0
-1.928337863629271 0.5 0
-1.945471378174441 0.5 0
-1.962604892719612 0.5 0
-1.979738407264783 0.5 0
-1.996871921809954 0.5 0
-2.014005436355125 0.5 0
-2.0311389509002962 0.5 0
-2.048272465445466 0.5 0
-2.0654059799906368 0.5 0
-2.082539494535808 0.5 0
-2.0996730090809792 0.5 0
-2.11680652362615 0.5 0
-2.1339400381713212 0.5 0
-2.151073552716491 0.5 0
-2.1682070672616618 0.5 0
-2.185340581806833 0.5 0
-2.2024740963520042 0.5 0
-2.219607610897175 0.5 0
-2.2367411254423462 0.5 0
-2.253874639987516 0.5 0
-2.2710081545326868 0.5 0
-2.288141669077858 0.5 0
-2.3052751836230292 0.5 0
-2.3224086981681999 0.5 0
-2.3395422127133711 0.5 0
-2.356675727258541 0.5 0
-2.3738092418037118 0.5 0
-2.390942756348883 0.5 0
-2.4080762708940542 0.5 0
-2.4252097854392249 0.5 0
-2.4423432999843961 0.5 0
-2.459476814529566 0.5 0
-2.4766103290747372 0.5 0
-2.493743843619908 0.5 0
-2.5108773581650601 0.5 0
-2.5280108727102082 0.5 0
-2.5451443872553572 0.5 0
-2.5622779018005049 0.5 0
-2.579411416345609 0.5 0
-2.5965449308907131 0.5 0
-2.6136784454358168 0.5 0
-2.6308119599809179 0.5 0
-2.6479454745259989 0.5 0
-2.66507898907108 0.5 0
-2.6822125036161619 0.5 0
-2.699346018161243 0.5 0
-2.716479532706324 0.5 0
-2.733613047251406 0.5 0
-2.750746561796487 0.5 0
-2.767880076341569 0.5 0
-2.78501359088665 0.5 0
-2.8021471054317311 0.5 0
-2.8192806199768121 0.5 0
-2.8364141345218941 0.5 0
-2.8535476490669751 0.5 0
-2.8706811636120571 0.5 0
-2.8878146781571381 0.5 0
-2.9049481927022192 0.5 0
-2.9220817072473002 0.5 0
-2.9392152217923821 0.5 0
-2.9563487363374632 0.5 0
-2.9734822508825451 0.5 0
-2.9906157654276262 0.5 0
-3.0077492799727068 0.5 0
-3.0248827945177879 0.5 0
-3.0420163090628698 0.5 0
-3.0591498236079508 0.5 0
-3.0762833381530319 0.5 0
-3.0934168526981138 0.5 0
-3.1105503672431949 0.5 0
-3.1276838817882759 0.5 0
-3.1448173963333579 0.5 0
-3.1619509108784389 0.5 0
-3.17908442542352 0.5 0
-3.196217939968601 0.5 0
-3.213351454513683 0.5 0
-3.230484969058764 0.5 0
-3.247618483603846 0.5 0
-3.264751998148927 0.5 0
-3.2818855126940081 0.5 0
-3.29901902723909 0.5 0
-3.3161525417841711 0.5 0
-3.333286056329253 0.5 0
-3.3504195708743341 0.5 0
-3.3675530854194151 0.5 0
-3.3846865999644962 0.5 0
-3.4018201145095781 0.5 0
-3.4189536290546592 0.5 0
-3.4360871435997402 0.5 0
-3.4532206581448208 0.5 0
-3.4703541726899032 0.5 0
-3.4874876872349838 0.5 0
-3.504843057193745 0.5 0
-3.527325405556923 0.5 0
-3.5578323415953461 0.5 0
-3.5920655600823341 0.5 0
-3.6263325891726761 0.5 0
-3.6605996182630181 0.5 0
-3.6948666473533591 0.5 0
-3.7291336764437011 0.5 0
-3.7634007055340422 0.5 0
-3.797667734624385 0.5 0
-3.8319347637147261 0.5 0
-3.866201792805068 0.5 0
-3.9004688218954091 0.5 0
-3.9347358509857511 0.5 0
-3.9690028800760611 0.5 0
-4.0032699091663133 0.5 0
-4.0375369382565278 0.5 0
-4.0718039673466908 0.5 0
-4.1060709964368538 0.5 0
-4.1403380255270168 0.5 0
-4.1746050546171798 0.5 0
-4.208872083707341 0.5 0
-4.243139112797504 0.5 0
-4.277406141887667 0.5 0
-4.31167317097783 0.5 0
-4.345940200067993 0.5 0
-4.3802072291581542 0.5 0
-4.4144742582483172 0.5 0
-4.4487412873384802 0.5 0
-4.4830083164286432 0.5 0
-4.5172753455188062 0.5 0
-4.5515423746089674 0.5 0
-4.5858094036991313 0.5 0
-4.6200764327892943 0.5 0
-4.6543434618794564 0.5 0
-4.6886104909696193 0.5 0
-4.7228775200597806 0.5 0
-4.7571445491499436 0.5 0
-4.7914115782401074 0.5 0
-4.8256786073302704 0.5 0
-4.8599456364204334 0.5 0
-4.8942126655105946 0.5 0
-4.9284796946007576 0.5 0
-4.9627467236909206 0.5 0
-4.9970137527810827 0.5 0
-5.0312807818712457 0.5 0
-5.0655478109614078 0.5 0
-5.0998148400515708 0.5 0
-5.1340818691417338 0.5 0
-5.1683488982318959 0.5 0
-5.2026159273220589 0.5 0
-5.236882956412221 0.5 0
-5.271149985502384 0.5 0
-5.305417014592547 0.5 0
-5.3396840436827091 0.5 0
-5.3739510727728721 0.5 0
-5.4082181018630342 0.5 0
-5.4424851309531972 0.5 0
-5.4767521600433602 0.5 0
-5.5110191891335223 0.5 0
-5.5452862182236853 0.5 0
-5.5795532473138474 0.5 0
-5.6138202764040104 0.5 0
-5.6480873054941734 0.5 0
-5.6823543345843346 0.5 0
-5.7166213636745864 0.5 0
-5.7508883927648409 0.5 0
-5.7851554218552721 0.5 0
-5.8194224509457122 0.5 0
-5.8536894800362331 0.5 0
-5.8879565091267541 0.5 0
-5.9222235382172741 0.5 0
-5.956490567307795 0.5 0
-5.9907575963983151 0.5 0
-6.025024625488836 0.5 0
-6.0592916545793569 0.5 0
-6.093558683669877 0.5 0
-6.1278257127603979 0.5 0
-6.1620927418509197 0.5 0
-6.1963597709414397 0.5 0
-6.2306268000319607 0.5 0
-6.2648938291224807 0.5 0
-6.2991608582130016 0.5 0
-6.3334278873035226 0.5 0
-6.3676949163940426 0.5 0
-6.4019619454845644 0.5 0
-6.4362289745750836 0.5 0
-6.4704960036656054 0.5 0
-6.5047630327561263 0.5 0
-6.5390300618466464 0.5 0
-6.5732970909371673 0.5 0
-6.6075641200276873 0.5 0
-6.6418311491182092 0.5 0
-6.6760981782087292 0.5 0
-6.7103652072992492 0.5 0
-6.7446322363897702 0.5 0
-6.7788992654802902 0.5 0
-6.813166294570812 0.5 0
-6.8474333236613321 0.5 0
-6.881700352751853 0.5 0
-6.9159673818423739 0.5 0
-6.9502344109328948 0.5 0
-6.9845014400234158 0.5 0
-7.0187684691139349 0.5 0
-7.0530354982044559 0.5 0
-7.0873025272949768 0.5 0
-7.1215695563854977 0.5 0
-7.1558365854760186 0.5 0
-7.1901036145665387 0.5 0
-7.2243706436570596 0.5 0
-7.2586376727475814 0.5 0
-7.2929047018381006 0.5 0
-7.3271717309286224 0.5 0
-7.3614387600191424 0.5 0
-7.3957057891096616 0.5 0
-7.4299728182001843 0.5 0
-7.4642398472907043 0.5 0
-7.4985068763812253 0.5 0
-7.5327739054717453 0.5 0
-7.5670409345622662 0.5 0
-7.601307963652788 0.5 0
-7.6355749927433081 0.5 0
-7.669842021833829 0.5 0
-7.7041090509243482 0.5 0
-7.73837608001487 0.5 0
-7.7726431091053909 0.5 0
-7.806910138195911 0.5 0
-7.8411771672864319 0.5 0
-7.8754441963769519 0.5 0
-7.9097112254674737 0.5 0
-7.943978254558008 0.5 0
-7.9782452836487074 0.5 0
-8.0125123127394318 0.5 0
-8.0467793418303089 0.5 0
-8.0810463709211895 0.5 0
-8.1153134000120666 0.5 0
-8.1495804291029454 0.5 0
-8.1838474581938243 0.5 0
-8.2181144872847032 0.5 0
-8.252381516375582 0.5 0
-8.2866485454664627 0.5 0
-8.3209155745573415 0.5 0
-8.3551826036482204 0.5 0
-8.389449632739101 0.5 0
-8.4237166618299781 0.5 0
-8.4579836909208588 0.5 0
-8.4922507200117394 0.5 0
-8.5265177491026165 0.5 0
-8.5607847781934954 0.5 0
-8.5950518072843742 0.5 0
-8.6293188363752549 0.5 0
-8.6635858654661337 0.5 0
-8.6978528945570126 0.5 0
-8.7321199236478932 0.5 0
-8.7663869527387703 0.5 0
-8.8006539818296492 0.5 0
-8.8349210109205316 0.5 0
-8.8691880400114087 0.5 0
-8.9034550691022858 0.5 0
-8.9377220981931664 0.5 0
-8.9719891272840471 0.5 0
-9.0062561563749242 0.5 0
-9.0405231854658048 0.5 0
-9.0747902145566854 0.5 0
-9.1090572436475625 0.5 0
-9.1433242727384414 0.5 0
-9.177591301829322 0.5 0
-9.2118583309202009 0.5 0
-9.2461253600110798 0.5 0
-9.2803923891019586 0.5 0
-9.3146594181928393 0.5 0
-9.3489264472837164 0.5 0
-9.383193476374597 0.5 0
-9.4174605054654776 0.5 0
-9.4517275345563547 0.5 0
-9.4859945636470542 0.5 0
-9.5202615927375742 0.5 0
-9.5545286218278918 0.5 0
-9.588795650918053 0.5 0
-9.6230626800082142 0.5 0
-9.657329709098379 0.5 0
-9.6915967381885402 0.5 0
-9.7258637672787014 0.5 0
-9.7601307963688644 0.5 0
-9.7943978254590274 0.5 0
-9.8286648545491886 0.5 0
-9.8629318836393516 0.5 0
-9.8971989127295128 0.5 0
-9.931465941819674 0.5 0
-9.965732970909837 0.5 0
-10 0 0
-10 0.46478000559643279 0
-10 0.416731675443758 0
-10 0.3504369122944983 0
-10 0.25896495022459248 0
-10 0.13460400850260429 0
25 -0.5 0
25 -0.12913591817886161 0
25 -0.2519548091243643 0
25 -0.34485613163791951 0
25 -0.41307569777273251 0
25 -0.46316855851063943 0
1.5 -0.5 0
24.965728858025361 -0.5 0
24.93147291054245 -0.5 0
24.897216963059542 -0.5 0
24.86296101557663 -0.5 0
24.828705068093711 -0.5 0
24.7944491206108 -0.5 0
24.760193173127892 -0.5 0
24.72593722564498 -0.5 0
24.691681278162061 -0.5 0
24.65742533067915 -0.5 0
24.623169383196242 -0.5 0
24.58891343571333 -0.5 0
24.554657488230411 -0.5 0
24.5204015407475 -0.5 0
24.486145593264592 -0.5 0
24.45188964578168 -0.5 0
24.417633698298761 -0.5 0
24.38337775081585 -0.5 0
24.349121803332942 -0.5 0
24.31486585585003 -0.5 0
24.280609908367111 -0.5 0
24.2463539608842 -0.5 0
24.212098013401292 -0.5 0
24.17784206591838 -0.5 0
24.143586118435461 -0.5 0
24.10933017095255 -0.5 0
24.075074223469642 -0.5 0
24.04081827598673 -0.5 0
24.006562328503811 -0.5 0
23.9723063810209 -0.5 0
23.938050433537988 -0.5 0
23.90379448605508 -0.5 0
23.869538538572169 -0.5 0
23.83528259108925 -0.5 0
23.801026643606338 -0.5 0
23.76677069612343 -0.5 0
23.732514748640519 -0.5 0
23.6982588011576 -0.5 0
23.664002853674688 -0.5 0
23.62974690619178 -0.5 0
23.595490958708869 -0.5 0
23.56123501122595 -0.5 0
23.526979063743038 -0.5 0
23.49272311626013 -0.5 0
23.458467168777219 -0.5 0
23.4242112212943 -0.5 0
23.389955273811388 -0.5 0
23.35569932632848 -0.5 0
23.321443378845569 -0.5 0
23.28718743136265 -0.5 0
23.252931483879738 -0.5 0
23.21867553639683 -0.5 0
23.184419588913919 -0.5 0
23.150163641431 -0.5 0
23.115907693948088 -0.5 0
23.08165174646518 -0.5 0
23.047395798982269 -0.5 0
23.01313985149935 -0.5 0
22.978883904016438 -0.5 0
22.94462795653353 -0.5 0
22.910372009050612 -0.5 0
22.8761160615677 -0.5 0
22.841860114084788 -0.5 0
22.80760416660188 -0.5 0
22.773348219118969 -0.5 0
22.73909227163605 -0.5 0
22.704836324153138 -0.5 0
22.67058037667023 -0.5 0
22.636324429187312 -0.5 0
22.6020684817044 -0.5 0
22.567812534221488 -0.5 0
22.53355658673858 -0.5 0
22.499300639255669 -0.5 0
22.46504469177275 -0.5 0
22.430788744289838 -0.5 0
22.39653279680693 -0.5 0
22.362276849324012 -0.5 0
22.3280209018411 -0.5 0
22.293764954358188 -0.5 0
22.25950900687528 -0.5 0
22.225253059392369 -0.5 0
22.19099711190945 -0.5 0
22.156741164426538 -0.5 0
22.12248521694363 -0.5 0
22.088229269460712 -0.5 0
22.0539733219778 -0.5 0
22.019717374494888 -0.5 0
21.98546142701198 -0.5 0
21.951205479529069 -0.5 0
21.91694953204615 -0.5 0
21.882693584563238 -0.5 0
21.84843763708033 -0.5 0
21.814181689597412 -0.5 0
21.7799257421145 -0.5 0
21.745669794631588 -0.5 0
21.71141384714868 -0.5 0
21.677157899665769 -0.5 0
21.64290195218285 -0.5 0
21.608646004699938 -0.5 0
21.57439005721703 -0.5 0
21.540134109734112 -0.5 0
21.5058781622512 -0.5 0
21.471622214768288 -0.5 0
21.43736626728538 -0.5 0
21.403110319802469 -0.5 0
21.36885437231955 -0.5 0
21.334598424836638 -0.5 0
21.30034247735373 -0.5 0
21.266086529870812 -0.5 0
21.2318305823879 -0.5 0
21.197574634904988 -0.5 0
21.16331868742208 -0.5 0
21.129062739939169 -0.5 0
21.09480679245625 -0.5 0
21.060550844973339 -0.5 0
21.02629489749043 -0.5 0
20.992038950007519 -0.5 0
20.9577830025246 -0.5 0
20.923527055041689 -0.5 0
20.88927110755878 -0.5 0
20.855015160075869 -0.5 0
20.82075921259295 -0.5 0
20.786503265110039 -0.5 0
20.75224731762713 -0.5 0
20.717991370144212 -0.5 0
20.6837354226613 -0.5 0
20.649479475178389 -0.5 0
20.61522352769548 -0.5 0
20.580967580212569 -0.5 0
20.54671163272965 -0.5 0
20.512455685246739 -0.5 0
20.47819973776382 -0.5 0
20.443943790280908 -0.5 0
20.409687842798 -0.5 0
20.375431895315089 -0.5 0
20.341175947832181 -0.5 0
20.306920000349269 -0.5 0
20.27266405286635 -0.5 0
20.238408105383439 -0.5 0
20.204152157900531 -0.5 0
20.169896210417608 -0.5 0
20.1356402629347 -0.5 0
20.101384315451789 -0.5 0
20.067128367968881 -0.5 0
20.032872420485969 -0.5 0
19.99861647300305 -0.5 0
19.964360525520139 -0.5 0
19.930104578037231 -0.5 0
19.895848630554308 -0.5 0
19.8615926830714 -0.5 0
19.827336735588489 -0.5 0
19.793080788105581 -0.5 0
19.758824840622669 -0.5 0
19.72456889313975 -0.5 0
19.690312945656839 -0.5 0
19.656056998173931 -0.5 0
19.621801050691008 -0.5 0
19.5875451032081 -0.5 0
19.553289155725189 -0.5 0
19.519033208242281 -0.5 0
19.484777260759369 -0.5 0
19.45052131327645 -0.5 0
19.416265365793539 -0.5 0
19.382009418310631 -0.5 0
19.347753470827708 -0.5 0
19.3134975233448 -0.5 0
19.279241575861889 -0.5 0
19.244985628378981 -0.5 0
19.210729680896069 -0.5 0
19.17647373341315 -0.5 0
19.142217785930239 -0.5 0
19.107961838447331 -0.5 0
19.073705890964408 -0.5 0
19.0394499434815 -0.5 0
19.005193995998589 -0.5 0
18.970938048515681 -0.5 0
18.936682101032769 -0.5 0
18.90242615354985 -0.5 0
18.868170206066939 -0.5 0
18.833914258584031 -0.5 0
18.799658311101108 -0.5 0
18.7654023636182 -0.5 0
18.731146416135289 -0.5 0
18.696890468652381 -0.5 0
18.662634521169469 -0.5 0
18.62837857368655 -0.5 0
18.594122626203639 -0.5 0
18.559866678720731 -0.5 0
18.525610731237808 -0.5 0
18.4913547837549 -0.5 0
18.457098836271989 -0.5 0
18.422842888789081 -0.5 0
18.388586941306169 -0.5 0
18.35433099382325 -0.5 0
18.320075046340339 -0.5 0
18.285819098857431 -0.5 0
18.251563151374508 -0.5 0
18.2173072038916 -0.5 0
18.183051256408689 -0.5 0
18.148795308925781 -0.5 0
18.114539361442869 -0.5 0
18.08028341395995 -0.5 0
18.046027466477039 -0.5 0
18.011771518994131 -0.5 0
17.977515571511208 -0.5 0
17.9432596240283 -0.5 0
17.909003676545389 -0.5 0
17.874747729062481 -0.5 0
17.840491781579569 -0.5 0
17.80623583409665 -0.5 0
17.771979886613739 -0.5 0
17.737723939130831 -0.5 0
17.703467991647919 -0.5 0
17.669212044165 -0.5 0
17.634956096682089 -0.5 0
17.600700149199181 -0.5 0
17.566444201716269 -0.5 0
17.53218825423335 -0.5 0
17.497932306750439 -0.5 0
17.463676359267531 -0.5 0
17.429420411784609 -0.5 0
17.3951644643017 -0.5 0
17.360908516818789 -0.5 0
17.326652569335881 -0.5 0
17.292396621852969 -0.5 0
17.258140674370051 -0.5 0
17.223884726887139 -0.5 0
17.189628779404231 -0.5 0
17.155372831921319 -0.5 0
17.121116884438401 -0.5 0
17.086860936955489 -0.5 0
17.052604989472581 -0.5 0
17.018349041989669 -0.5 0
16.984093094506751 -0.5 0
16.949837147023839 -0.5 0
16.915581199540931 -0.5 0
16.881325252058019 -0.5 0
16.847069304575101 -0.5 0
16.812813357092189 -0.5 0
16.778557409609281 -0.5 0
16.744301462126369 -0.5 0
16.710045514643451 -0.5 0
16.675789567160539 -0.5 0
16.641533619677631 -0.5 0
16.607277672194719 -0.5 0
16.573021724711801 -0.5 0
16.538765777228889 -0.5 0
16.504509829745981 -0.5 0
16.470253882263069 -0.5 0
16.435997934780151 -0.5 0
16.401741987297239 -0.5 0
16.367486039814331 -0.5 0
16.333230092331419 -0.5 0
16.298974144848501 -0.5 0
16.264718197365589 -0.5 0
16.230462249882681 -0.5 0
16.196206302399769 -0.5 0
16.161950354916851 -0.5 0
16.127694407433939 -0.5 0
16.093438459951031 -0.5 0
16.059182512468109 -0.5 0
16.024926564985201 -0.5 0
15.990670617502291 -0.5 0
15.956414670019379 -0.5 0
15.92215872253646 -0.5 0
15.887902775053551 -0.5 0
15.853646827570641 -0.5 0
15.819390880087729 -0.5 0
15.78513493260481 -0.5 0
15.750878985121901 -0.5 0
15.716623037638991 -0.5 0
15.68236709015607 -0.5 0
15.648111142673161 -0.5 0
15.613855195190251 -0.5 0
15.579599247707341 -0.5 0
15.54534330022442 -0.5 0
15.511087352741511 -0.5 0
15.476831405258601 -0.5 0
15.442575457775691 -0.5 0
15.40831951029277 -0.5 0
15.374063562809861 -0.5 0
15.339807615326951 -0.5 0
15.305551667844041 -0.5 0
15.27129572036112 -0.5 0
15.237039772878211 -0.5 0
15.202783825395301 -0.5 0
15.168527877912391 -0.5 0
15.13427193042947 -0.5 0
15.100015982946561 -0.5 0
15.065760035463651 -0.5 0
15.03150408798073 -0.5 0
14.99724814049782 -0.5 0
14.962992193014911 -0.5 0
14.928736245532001 -0.5 0
14.89448029804908 -0.5 0
14.86022435056617 -0.5 0
14.825968403083261 -0.5 0
14.791712455600351 -0.5 0
14.75745650811743 -0.5 0
14.72320056063452 -0.5 0
14.688944613151611 -0.5 0
14.65468866566869 -0.5 0
14.62043271818578 -0.5 0
14.58617677070287 -0.5 0
14.551920823219961 -0.5 0
14.51766487573704 -0.5 0
14.48340892825413 -0.5 0
14.44915298077122 -0.5 0
14.414897033288311 -0.5 0
14.38064108580539 -0.5 0
14.34638513832248 -0.5 0
14.31212919083957 -0.5 0
14.277873243356661 -0.5 0
14.24361729587374 -0.5 0
14.20936134839083 -0.5 0
14.17510540090792 -0.5 0
14.140849453425011 -0.5 0
14.10659350594209 -0.5 0
14.07233755845918 -0.5 0
14.03808161097627 -0.5 0
14.00382566349335 -0.5 0
13.96956971601044 -0.5 0
13.93531376852753 -0.5 0
13.901057821044621 -0.5 0
13.8668018735617 -0.5 0
13.83254592607879 -0.5 0
13.79828997859588 -0.5 0
13.764034031112971 -0.5 0
13.72977808363005 -0.5 0
13.69552213614714 -0.5 0
13.66126618866423 -0.5 0
13.627010241181321 -0.5 0
13.5927542936984 -0.5 0
13.56030052695403 -0.5 0
13.530871158949619 -0.5 0
13.507423513586721 -0.5 0
13.489581619051849 -0.5 0
13.4724536453104 -0.5 0
13.455325671568939 -0.5 0
13.438197697827491 -0.5 0
13.421069724086029 -0.5 0
13.40394175034457 -0.5 0
13.38681377660312 -0.5 0
13.36968580286166 -0.5 0
13.352557829120199 -0.5 0
13.33542985537874 -0.5 0
13.31830188163725 -0.5 0
13.301173907895761 -0.5 0
13.284045934154269 -0.5 0
13.26691796041278 -0.5 0
13.24978998667129 -0.5 0
13.23266201292974 -0.5 0
13.21553403918819 -0.5 0
13.19840606544663 -0.5 0
13.18127809170508 -0.5 0
13.16415011796353 -0.5 0
13.147022144221969 -0.5 0
13.129894170480419 -0.5 0
13.11276619673886 -0.5 0
13.095638222997311 -0.5 0
13.078510249255761 -0.5 0
13.061382275514189 -0.5 0
13.044254301772609 -0.5 0
13.02712632803102 -0.5 0
13.00999835428944 -0.5 0
12.992870380547849 -0.5 0
12.975742406806271 -0.5 0
12.95861443306468 -0.5 0
12.941486459323089 -0.5 0
12.924358485581511 -0.5 0
12.90723051183992 -0.5 0
12.89010253809834 -0.5 0
12.872974564356751 -0.5 0
12.855846590615171 -0.5 0
12.83871861687358 -0.5 0
12.821590643131991 -0.5 0
12.804462669390411 -0.5 0
12.78733469564882 -0.5 0
12.77020672190724 -0.5 0
12.753078748165651 -0.5 0
12.735950774424071 -0.5 0
12.71882280068248 -0.5 0
12.701694826940891 -0.5 0
12.684566853199311 -0.5 0
12.66743887945772 -0.5 0
12.65031090571614 -0.5 0
12.633182931974551 -0.5 0
12.61605495823297 -0.5 0
12.59892698449138 -0.5 0
12.581799010749799 -0.5 0
12.56467103700821 -0.5 0
12.54754306326662 -0.5 0
12.530415089525039 -0.5 0
12.51328711578345 -0.5 0
12.49615914204187 -0.5 0
12.479031168300279 -0.5 0
12.461903194558699 -0.5 0
12.44477522081711 -0.5 0
12.427647247075519 -0.5 0
12.410519273333939 -0.5 0
12.39339129959235 -0.5 0
12.37626332585077 -0.5 0
12.359135352109179 -0.5 0
12.342007378367599 -0.5 0
12.32487940462601 -0.5 0
12.307751430884419 -0.5 0
12.290623457142839 -0.5 0
12.27349548340125 -0.5 0
12.25636750965967 -0.5 0
12.239239535918079 -0.5 0
12.222111562176501 -0.5 0
12.20498358843491 -0.5 0
12.187855614693319 -0.5 0
12.170727640951741 -0.5 0
12.15359966721015 -0.5 0
12.13647169346857 -0.5 0
12.119343719726981 -0.5 0
12.102215745985401 -0.5 0
12.08508777224381 -0.5 0
12.067959798502219 -0.5 0
12.050831824760641 -0.5 0
12.03370385101905 -0.5 0
12.01657587727747 -0.5 0
11.999447903535881 -0.5 0
11.982319929794301 -0.5 0
11.96519195605271 -0.5 0
11.948063982311121 -0.5 0
11.930936008569541 -0.5 0
11.91380803482795 -0.5 0
11.89668006108637 -0.5 0
11.879552087344781 -0.5 0
11.8624241136032 -0.5 0
11.84529613986161 -0.5 0
11.828168166120021 -0.5 0
11.81104019237844 -0.5 0
11.79391221863685 -0.5 0
11.77678424489527 -0.5 0
11.759656271153681 -0.5 0
11.7425282974121 -0.5 0
11.72540032367051 -0.5 0
11.708272349928921 -0.5 0
11.69114437618734 -0.5 0
11.67401640244575 -0.5 0
11.656888428704169 -0.5 0
11.63976045496258 -0.5 0
11.622632481221 -0.5 0
11.605504507479409 -0.5 0
11.58837653373782 -0.5 0
11.57124855999624 -0.5 0
11.554120586254649 -0.5 0
11.536992612513069 -0.5 0
11.51986463877148 -0.5 0
11.5027366650299 -0.5 0
11.485608691288309 -0.5 0
11.468480717546729 -0.5 0
11.45135274380514 -0.5 0
11.434224770063549 -0.5 0
11.417096796321969 -0.5 0
11.39996882258038 -0.5 0
11.3828408488388 -0.5 0
11.365712875097209 -0.5 0
11.348584901355631 -0.5 0
11.33145692761404 -0.5 0
11.314328953872449 -0.5 0
11.297200980130871 -0.5 0
11.28007300638928 -0.5 0
11.2629450326477 -0.5 0
11.245817058906111 -0.5 0
11.228689085164531 -0.5 0
11.21156111142294 -0.5 0
11.194433137681351 -0.5 0
11.177305163939771 -0.5 0
11.16017719019818 -0.5 0
11.1430492164566 -0.5 0
11.125921242715011 -0.5 0
11.108793268973431 -0.5 0
11.09166529523184 -0.5 0
11.074537321490251 -0.5 0
11.057409347748671 -0.5 0
11.04028137400708 -0.5 0
11.0231534002655 -0.5 0
11.006025426523911 -0.5 0
10.98889745278233 -0.5 0
10.97176947904074 -0.5 0
10.954641505299151 -0.5 0
10.93751353155757 -0.5 0
10.92038555781598 -0.5 0
10.903257584074399 -0.5 0
10.88612961033281 -0.5 0
10.86900163659122 -0.5 0
10.85187366284964 -0.5 0
10.83474568910805 -0.5 0
10.81761771536647 -0.5 0
10.80048974162488 -0.5 0
10.783361767883299 -0.5 0
10.76623379414171 -0.5 0
10.74910582040012 -0.5 0
10.731977846658539 -0.5 0
10.71484987291695 -0.5 0
10.69772189917537 -0.5 0
10.680593925433779 -0.5 0
10.663465951692199 -0.5 0
10.64633797795061 -0.5 0
10.62921000420903 -0.5 0
10.612082030467439 -0.5 0
10.59495405672585 -0.5 0
10.57782608298427 -0.5 0
10.560698109242679 -0.5 0
10.543570135501099 -0.5 0
10.52644216175951 -0.5 0
10.50931418801793 -0.5 0
10.492186214276339 -0.5 0
10.47505824053475 -0.5 0
10.45793026679317 -0.5 0
10.440802293051579 -0.5 0
10.423674319310001 -0.5 0
10.40654634556841 -0.5 0
10.389418371826819 -0.5 0
10.372290398085241 -0.5 0
10.355162424343661 -0.5 0
10.33803445060207 -0.5 0
10.320906476860481 -0.5 0
10.303778503118901 -0.5 0
10.28665052937731 -0.5 0
10.269522555635721 -0.5 0
10.252394581894141 -0.5 0
10.23526660815255 -0.5 0
10.21813863441097 -0.5 0
10.201010660669381 -0.5 0
10.183882686927801 -0.5 0
10.16675471318621 -0.5 0
10.14962673944463 -0.5 0
10.132498765703041 -0.5 0
10.11537079196145 -0.5 0
10.09824281821987 -0.5 0
10.081114844478281 -0.5 0
10.0639868707367 -0.5 0
10.04685889699511 -0.5 0
10.029730923253521 -0.5 0
10.01260294951194 -0.5 0
9.9954749757703532 -0.5 0
9.9783470020287659 -0.5 0
9.9612190282871786 -0.5 0
9.9440910545455949 -0.5 0
9.9269630808040095 -0.5 0
9.909835107062424 -0.5 0
9.8927071333208385 -0.5 0
9.8755791595792513 -0.5 0
9.8584511858376658 -0.5 0
9.8413232120960803 -0.5 0
9.8241952383544948 -0.5 0
9.8070672646129076 -0.5 0
9.7899392908713239 -0.5 0
9.7728113171297366 -0.5 0
9.7556833433881494 -0.5 0
9.7385553696465657 -0.5 0
9.7214273959049802 -0.5 0
9.7042994221633947 -0.5 0
9.6871714484218092 -0.5 0
9.670043474680222 -0.5 0
9.6529155009386365 -0.5 0
9.635787527197051 -0.5 0
9.6186595534554655 -0.5 0
9.6015315797138783 -0.5 0
9.5844036059722928 -0.5 0
9.5672756322307073 -0.5 0
9.5501476584891201 -0.5 0
9.5330196847475364 -0.5 0
9.5158917110059491 -0.5 0
9.4987637372643654 -0.5 0
9.4816357635227799 -0.5 0
9.4645077897811927 -0.5 0
9.4473798160396072 -0.5 0
9.4302518422980217 -0.5 0
9.4131238685564362 -0.5 0
9.395995894814849 -0.5 0
9.3788679210732635 -0.5 0
9.361739947331678 -0.5 0
9.3446119735900908 -0.5 0
9.3274839998485071 -0.5 0
9.3103560261069198 -0.5 0
9.2932280523653326 -0.5 0
9.2761000786237506 -0.5 0
9.2589721048821634 -0.5 0
9.2418441311405779 -0.5 0
9.2247161573989924 -0.5 0
9.2075881836574069 -0.5 0
9.1904602099158197 -0.5 0
9.1733322361742342 -0.5 0
9.1562042624326487 -0.5 0
9.1390762886910615 -0.5 0
9.1219483149494778 -0.5 0
9.1048203412078905 -0.5 0
9.0876923674663033 -0.5 0
9.0705643937247196 -0.5 0
9.0534364199831341 -0.5 0
9.0363084462415486 -0.5 0
9.0191804724999916 -0.5 0
9.0020524987584736 -0.5 0
8.9849245250169503 -0.5 0
8.9677965512754305 -0.5 0
8.9506685775339072 -0.5 0
8.9335406037923875 -0.5 0
8.9164126300508642 -0.5 0
8.8992846563093444 -0.5 0
8.8821566825678246 -0.5 0
8.8650287088263013 -0.5 0
8.8479007350847851 -0.5 0
8.8307727613433116 -0.5 0
8.8136447876018558 -0.5 0
8.7965168138604 -0.5 0
8.7793888401189406 -0.5 0
8.7622608663774848 -0.5 0
8.745132892636029 -0.5 0
8.7280049188945732 -0.5 0
8.7108769451531174 -0.5 0
8.6937489714116616 -0.5 0
8.6766209976702022 -0.5 0
8.6594930239287464 -0.5 0
8.6423650501872871 -0.5 0
8.6252370764458348 -0.5 0
8.608109102704379 -0.5 0
8.5909811289629232 -0.5 0
8.5738531552214639 -0.5 0
8.556725181480008 -0.5 0
8.5395972077385522 -0.5 0
8.5224692339970964 -0.5 0
8.5053412602556406 -0.5 0
8.4882132865141848 -0.5 0
8.4710853127727255 -0.5 0
8.4539573390312697 -0.5 0
8.4368293652898139 -0.5 0
8.4197013915483581 -0.5 0
8.4025734178069023 -0.5 0
8.3854454440654465 -0.5 0
8.3683174703239871 -0.5 0
8.3511894965825313 -0.5 0
8.3340615228410755 -0.5 0
8.3169335490996197 -0.5 0
8.2998055753581639 -0.5 0
8.2826776016167081 -0.5 0
8.2655496278752487 -0.5 0
8.2484216541337929 -0.5 0
8.2312936803923371 -0.5 0
8.2141657066508813 -0.5 0
8.1970377329094255 -0.5 0
8.1799097591679697 -0.5 0
8.1627817854265139 -0.5 0
8.1456538116850581 -0.5 0
8.1285258379436023 -0.5 0
8.1113978642021465 -0.5 0
8.0942698904606871 -0.5 0
8.0771419167192313 -0.5 0
8.0600139429777755 -0.5 0
8.0428859692363197 -0.5 0
8.0257579954948639 -0.5 0
8.0086300217534045 -0.5 0
7.9915020480119487 -0.5 0
7.9743740742704929 -0.5 0
7.9572461005290371 -0.5 0
7.9401181267875813 -0.5 0
7.9229901530461264 -0.5 0
7.9058621793046662 -0.5 0
7.8887342055632104 -0.5 0
7.8716062318217546 -0.5 0
7.8544782580802988 -0.5 0
7.837350284338843 -0.5 0
7.8202223105973871 -0.5 0
7.8030943368559278 -0.5 0
7.785966363114472 -0.5 0
7.7688383893730162 -0.5 0
7.7517104156315604 -0.5 0
7.7345824418901046 -0.5 0
7.7174544681486488 -0.5 0
7.700326494407193 -0.5 0
7.6831985206657372 -0.5 0
7.6660705469242814 -0.5 0
7.6489425731828264 -0.5 0
7.6318145994413662 -0.5 0
7.6146866256999104 -0.5 0
7.597558651958451 -0.5 0
7.5804306782169952 -0.5 0
7.5633027044755394 -0.5 0
7.5461747307340836 -0.5 0
7.5290467569926278 -0.5 0
7.511918783251172 -0.5 0
7.4947908095097162 -0.5 0
7.4776628357682604 -0.5 0
7.4605348620268046 -0.5 0
7.4434068882853488 -0.5 0
7.4262789145438894 -0.5 0
7.4091509408024336 -0.5 0
7.3920229670609778 -0.5 0
7.374894993319522 -0.5 0
7.3577670195780662 -0.5 0
7.3406390458366104 -0.5 0
7.3235110720951511 -0.5 0
7.3063830983536953 -0.5 0
7.2892551246122386 -0.5 0
7.2721271508707837 -0.5 0
7.2549991771293278 -0.5 0
7.2378712033878676 -0.5 0
7.2207432296464127 -0.5 0
7.2036152559049569 -0.5 0
7.1864872821635011 -0.5 0
7.1693593084220453 -0.5 0
7.1522313346805886 -0.5 0
7.1351033609391301 -0.5 0
7.1179753871976743 -0.5 0
7.1008474134562194 -0.5 0
7.0837194397147663 -0.5 0
7.0665914659733096 -0.5 0
7.0494634922318511 -0.5 0
7.0323355184903953 -0.5 0
7.0152075447489386 -0.5 0
6.9980795710074837 -0.5 0
6.9809515972660279 -0.5 0
6.9638236235245694 -0.5 0
6.9466956497831127 -0.5 0
6.9295676760416569 -0.5 0
6.9124397023002011 -0.5 0
6.8953117285587453 -0.5 0
6.8781837548172859 -0.5 0
6.8610557810758301 -0.5 0
6.8439278073343743 -0.5 0
6.8267998335929194 -0.5 0
6.8096718598514627 -0.5 0
6.7925438861100069 -0.5 0
6.7754159123685511 -0.5 0
6.7582879386270918 -0.5 0
6.741159964885636 -0.5 0
6.7240319911441802 -0.5 0
6.7069040174027243 -0.5 0
6.6897760436612694 -0.5 0
6.6726480699198127 -0.5 0
6.6555200961783569 -0.5 0
6.6383921224369011 -0.5 0
6.6212641486954453 -0.5 0
6.6041361749539904 -0.5 0
6.5870082012125302 -0.5 0
6.5698802274710744 -0.5 0
6.552752253729615 -0.5 0
6.5356242799881592 -0.5 0
6.5184963062467034 -0.5 0
6.5013683325052476 -0.5 0
6.4842403587637918 -0.5 0
6.4671123850223324 -0.5 0
6.4499844112808766 -0.5 0
6.4328564375394244 -0.5 0
6.4157284637979686 -0.5 0
6.3986004900565128 -0.5 0
6.3814725163150534 -0.5 0
6.3643445425735976 -0.5 0
6.3472165688321418 -0.5 0
6.330088595090686 -0.5 0
6.3129606213492302 -0.5 0
6.2958326476077744 -0.5 0
6.278704673866315 -0.5 0
6.2615767001248592 -0.5 0
6.2444487263834034 -0.5 0
6.2273207526419476 -0.5 0
6.2101927789004918 -0.5 0
6.1930648051590316 -0.5 0
6.1759368314175767 -0.5 0
6.1588088576761209 -0.5 0
6.141680883934665 -0.5 0
6.1245529101932092 -0.5 0
6.1074249364517534 -0.5 0
6.0902969627102941 -0.5 0
6.0731689889688383 -0.5 0
6.0560410152273816 -0.5 0
6.0389130414859267 -0.5 0
6.0217850677444709 -0.5 0
6.0046570940030151 -0.5 0
5.9875291202615593 -0.5 0
5.9704011465201026 -0.5 0
5.9532731727786476 -0.5 0
5.9361451990371918 -0.5 0
5.9190172252957316 -0.5 0
5.9018892515542767 -0.5 0
5.8847612778128209 -0.5 0
5.8676333040713651 -0.5 0
5.8505053303299093 -0.5 0
5.8333773565884499 -0.5 0
5.8162493828469941 -0.5 0
5.7991214091055383 -0.5 0
5.7819934353640789 -0.5 0
5.7648654616226267 -0.5 0
5.7477374878811709 -0.5 0
5.7306095141397151 -0.5 0
5.7134815403982557 -0.5 0
5.6963535666567999 -0.5 0
5.6792255929153441 -0.5 0
5.6620976191738883 -0.5 0
5.6449696454324334 -0.5 0
5.6278416716909767 -0.5 0
5.6107136979495174 -0.5 0
5.5935857242080624 -0.5 0
5.5764577504666057 -0.5 0
5.5593297767251499 -0.5 0
5.5422018029836941 -0.5 0
5.5250738292422383 -0.5 0
5.507945855500779 -0.5 0
5.4908178817593232 -0.5 0
5.4736899080178674 -0.5 0
5.4565619342764116 -0.5 0
5.4394339605349558 -0.5 0
5.4223059867934964 -0.5 0
5.4051780130520406 -0.5 0
5.3880500393105848 -0.5 0
5.370922065569129 -0.5 0
5.3537940918276732 -0.5 0
5.3366661180862174 -0.5 0
5.3195381443447616 -0.5 0
5.3024101706033058 -0.5 0
5.28528219686185 -0.5 0
5.2681542231203942 -0.5 0
5.2510262493789384 -0.5 0
5.233898275637479 -0.5 0
5.2167703018960232 -0.5 0
5.1996423281545674 -0.5 0
5.1825143544131116 -0.5 0
5.1653863806716558 -0.5 0
5.1482584069301964 -0.5 0
5.1311304331887406 -0.5 0
5.1140024594472848 -0.5 0
5.096874485705829 -0.5 0
5.0797465119643732 -0.5 0
5.0626185382229174 -0.5 0
5.0454905644814581 -0.5 0
5.0283625907400022 -0.5 0
5.0112346169985464 -0.5 0
4.9941066432570906 -0.5 0
4.9769786695156348 -0.5 0
4.959850695774179 -0.5 0
4.9427227220327197 -0.5 0
4.9255947482912639 -0.5 0
4.9084667745498081 -0.5 0
4.8913388008083558 -0.5 0
4.8742108270668956 -0.5 0
4.8570828533254407 -0.5 0
4.8399548795839848 -0.5 0
4.822826905842529 -0.5 0
4.8056989321010732 -0.5 0
4.7885709583596139 -0.5 0
4.7714429846181581 -0.5 0
4.7543150108767023 -0.5 0
4.7371870371352429 -0.5 0
4.7200590633937871 -0.5 0
4.7029310896523313 -0.5 0
4.6858031159108764 -0.5 0
4.6686751421694197 -0.5 0
4.6515471684279639 -0.5 0
4.6344191946865081 -0.5 0
4.6172912209450523 -0.5 0
4.6001632472035956 -0.5 0
4.5830352734621407 -0.5 0
4.5659072997206813 -0.5 0
4.5487793259792264 -0.5 0
4.5316513522377697 -0.5 0
4.5145233784963139 -0.5 0
4.4973954047548581 -0.5 0
4.4802674310134023 -0.5 0
4.4631394572719429 -0.5 0
4.4460114835304871 -0.5 0
4.4288835097890313 -0.5 0
4.4117555360475764 -0.5 0
4.3946275623061197 -0.5 0
4.3774995885646604 -0.5 0
4.3603716148232046 -0.5 0
4.3432436410817488 -0.5 0
4.326115667340293 -0.5 0
4.3089876935988372 -0.5 0
4.2918597198573814 -0.5 0
4.274731746115922 -0.5 0
4.2576037723744662 -0.5 0
4.2404757986330139 -0.5 0
4.2233478248915581 -0.5 0
4.2062198511500988 -0.5 0
4.189091877408643 -0.5 0
4.1719639036671872 -0.5 0
4.1548359299257314 -0.5 0
4.1377079561842756 -0.5 0
4.1205799824428198 -0.5 0
4.1034520087013604 -0.5 0
4.0863240349599046 -0.5 0
4.0691960612184488 -0.5 0
4.052068087476993 -0.5 0
4.0349401137355336 -0.5 0
4.0178121399940814 -0.5 0
4.000684166252622 -0.5 0
3.9835561925111662 -0.5 0
3.96642821876971 -0.5 0
3.9493002450282551 -0.5 0
3.9321722712867988 -0.5 0
3.915044297545343 -0.5 0
3.8979163238038841 -0.5 0
3.8807883500624278 -0.5 0
3.863660376320972 -0.5 0
3.8465324025795158 -0.5 0
3.82940442883806 -0.5 0
3.8122764550966051 -0.5 0
3.7951484813551488 -0.5 0
3.778020507613693 -0.5 0
3.7608925338722372 -0.5 0
3.7437645601307779 -0.5 0
3.726636586389322 -0.5 0
3.7095086126478658 -0.5 0
3.6923806389064069 -0.5 0
3.6752526651649511 -0.5 0
3.6581246914234948 -0.5 0
3.640996717682039 -0.5 0
3.6238687439405841 -0.5 0
3.6067407701991239 -0.5 0
3.589612796457669 -0.5 0
3.5724848227162158 -0.5 0
3.55535684897476 -0.5 0
3.5382288752333051 -0.5 0
3.5211009014918448 -0.5 0
3.503972927750389 -0.5 0
3.4868449540089341 -0.5 0
3.4697169802674779 -0.5 0
3.4525890065260221 -0.5 0
3.4354610327845632 -0.5 0
3.4183330590431069 -0.5 0
3.4012050853016511 -0.5 0
3.3840771115601949 -0.5 0
3.3669491378187399 -0.5 0
3.3498211640772841 -0.5 0
3.3326931903358239 -0.5 0
3.315565216594369 -0.5 0
3.2984372428529132 -0.5 0
3.2813092691114569 -0.5 0
3.2641812953700011 -0.5 0
3.2470533216285449 -0.5 0
3.229925347887086 -0.5 0
3.2127973741456302 -0.5 0
3.1956694004041739 -0.5 0
3.178541426662719 -0.5 0
3.1614134529212632 -0.5 0
3.1442854791798069 -0.5 0
3.1271575054383511 -0.5 0
3.1100295316968949 -0.5 0
3.09290155795544 -0.5 0
3.0757735842139842 -0.5 0
3.0586456104725239 -0.5 0
3.041517636731069 -0.5 0
3.0243896629896132 -0.5 0
3.007261689248157 -0.5 0
2.990133715506698 -0.5 0
2.9730057417652418 -0.5 0
2.955877768023786 -0.5 0
2.9387497942823302 -0.5 0
2.9216218205408739 -0.5 0
2.904493846799419 -0.5 0
2.8873658730579632 -0.5 0
2.870237899316507 -0.5 0
2.8531099255750481 -0.5 0
2.8359819518335918 -0.5 0
2.818853978092136 -0.5 0
2.8017260043506802 -0.5 0
2.784598030609224 -0.5 0
2.767470056867769 -0.5 0
2.7503420831263088 -0.5 0
2.733214109384853 -0.5 0
2.7160861356433981 -0.5 0
2.6989581619019449 -0.5 0
2.681830188160486 -0.5 0
2.6647022144190271 -0.5 0
2.6475742406775709 -0.5 0
2.6304462669361151 -0.5 0
2.6133182931946588 -0.5 0
2.596190319453203 -0.5 0
2.5790623457117481 -0.5 0
2.5619343719702878 -0.5 0
2.544806398228832 -0.5 0
2.5276784244873771 -0.5 0
2.5105504507459209 -0.5 0
2.4934224770044651 -0.5 0
2.4762945032630088 -0.5 0
2.459166529521553 -0.5 0
2.4420385557800981 -0.5 0
2.4249105820386418 -0.5 0
2.407782608297186 -0.5 0
2.3906546345557271 -0.5 0
2.3735266608142709 -0.5 0
2.3563986870728151 -0.5 0
2.3392707133313588 -0.5 0
2.322142739589903 -0.5 0
2.3050147658484481 -0.5 0
2.2878867921069879 -0.5 0
2.2707588183655329 -0.5 0
2.2536308446240771 -0.5 0
2.2365028708826209 -0.5 0
2.2193748971411651 -0.5 0
2.2022469233997088 -0.5 0
2.1851189496582499 -0.5 0
2.1679909759167941 -0.5 0
2.1508630021753379 -0.5 0
2.133735028433883 -0.5 0
2.1166070546924272 -0.5 0
2.0994790809509709 -0.5 0
2.082351107209512 -0.5 0
2.0652231334680562 -0.5 0
2.0480951597266031 -0.5 0
2.0309671859851481 -0.5 0
2.0138392122436879 -0.5 0
1.996711238502233 -0.5 0
1.979583264760777 -0.5 0
1.9624552910193209 -0.5 0
1.945327317277862 -0.5 0
1.928199343536406 -0.5 0
1.91107136979495 -0.5 0
1.893943396053491 -0.5 0
1.876815422312035 -0.5 0
1.859687448570579 -0.5 0
1.842559474829123 -0.5 0
1.8254315010876709 -0.5 0
1.808303527346212 -0.5 0
1.791175553604756 -0.5 0
1.7740475798633 -0.5 0
1.7569196061218439 -0.5 0
1.7397916323803879 -0.5 0
1.722663658638929 -0.5 0
1.705535684897477 -0.5 0
1.688407711156017 -0.5 0
1.6712797374145649 -0.5 0
1.654151763673106 -0.5 0
1.63702378993165 -0.5 0
1.6198958161901911 -0.5 0
1.6027678424487379 -0.5 0
1.585639868707279 -0.5 0
1.568511894965827 -0.5 0
1.551383921224367 -0.5 0
1.5342559474829121 -0.5 0
1.517127973741452 -0.5 0
-1.5 -0.5 0
1.482861226394955 -0.50010647011180209 0
1.4657235948848051 -0.50032193799928681 0
1.4485892650738821 -0.50072398992879552 0
1.4314594250119901 -0.50128568635363635 0
1.4143355440667289 -0.50200656479820538 0
1.397219022596097 -0.50288499751102222 0
1.3801112436350269 -0.5039198701384473 0
1.3630135304250111 -0.50510950873587435 0
1.3459271072738941 -0.50645162502084107 0
1.328853231950105 -0.50794492272271929 0
1.3117929117229661 -0.50958587356489105 0
1.294747310682679 -0.51137324877272805 0
1.2777172358948661 -0.51330297075151243 0
1.260703648223376 -0.51537309241109674 0
1.2437072680801839 -0.51758001410670151 0
1.226728714507981 -0.51992016906941696 0
1.209768709093779 -0.52239117364916032 0
1.1928274623648969 -0.52498769248892896 0
1.1759056560346159 -0.52770804294469809 0
1.159003203233856 -0.53054616120559839 0
1.1421205815222739 -0.53349998447803682 0
1.12525760968196 -0.53656399307558089 0
1.108414335897407 -0.53973452890878137 0
1.091590738019472 -0.5430078617790467 0
1.074786275359717 -0.54637807568884733 0
1.0580010848282 -0.54984300129545061 0
1.0412341828689371 -0.55339537621627743 0
1.024485670341988 -0.55703348114305751 0
1.0077543895969521 -0.56075003150572444 0
0.99104013818657299 -0.56454245016505911 0
0.97434191463066833 -0.56840482069266807 0
0.95765892706167033 -0.57233250389904422 0
0.94099058981450323 -0.57632189475968265 0
0.92433544367379228 -0.58036602028058981 0
0.90769320451646673 -0.58446293504312608 0
0.89106202823969227 -0.58860453471512386 0
0.87444165459283496 -0.59278928152073729 0
0.8578301914943649 -0.59700926029667079 0
0.84122709235339688 -0.60126203455886229 0
0.82463077805206131 -0.60554120821966773 0
0.80804011704477074 -0.60984225465057962 0
0.7914541215905454 -0.61416125654304943 0
0.77487099226714284 -0.61849125291292772 0
0.75829020303425754 -0.62283020180452187 0
0.74170959692138239 -0.62716985056593566 0
0.72512880766804988 -0.63150879938775051 0
0.70854567831756532 -0.63583879565781543 0
0.69195968281078701 -0.64015779733881906 0
0.67536902175509184 -0.64445884356874306 0
0.65877270735996252 -0.64873801689591593 0
0.64216960814079416 -0.65299079084178446 0
0.62555814493167894 -0.65721076918281029 0
0.6089377711654016 -0.66139551553382048 0
0.59230659475267244 -0.66553711467238552 0
0.57566435543550176 -0.66963402884307499 0
0.55900920914355345 -0.67367815373033557 0
0.54234087170458067 -0.6776675438615728 0
0.5256578839619005 -0.68159522633690195 0
0.50895965986358094 -0.68545759608552892 0
0.4922454086011005 -0.68925001382633655 0
0.47551412764105511 -0.69296656323617645 0
0.45876561491662687 -0.69660466718404068 0
0.4419987127300109 -0.70015704105812093 0
0.42521352196248369 -0.70362196555885526 0
0.4084090590691582 -0.70699217832909023 0
0.39158546094709201 -0.7102655099651537 0
0.37474218694130179 -0.71343604456560206 0
0.35787921485435048 -0.71650005182636722 0
0.34099659292013562 -0.71945387375899184 0
0.32409413988705699 -0.72229199059782334 0
0.30717233332247079 -0.72501233960006062 0
0.29023108637881678 -0.72760885693696387 0
0.27327108073917888 -0.73007985995505853 0
0.25629252694579918 -0.73242001334313989 0
0.2392961466133969 -0.73462693338047069 0
0.2222825587537845 -0.73669705338985414 0
0.20525248547192079 -0.73862677346484751 0
0.18820688254954751 -0.74041414712309883 0
0.1711465621515392 -0.7420550961904715 0
0.15407268665795351 -0.74354839208451196 0
0.13698626336346581 -0.74489050654581401 0
0.1198885500058223 -0.7460801432760833 0
0.1027807709142283 -0.74711501404005154 0
0.085664249344826984 -0.74799344485111241 0
0.068540368311419742 -0.74871432138874205 0
0.051410528152568247 -0.7492760158888786 0
0.03427619828636419 -0.74967806588453423 0
0.017138851998976131 -0.74991942783074172 0
-4.2224027607673512e-09 -0.75 0
-0.017138860349098731 -0.7499194277522756 0
-0.034276206540242771 -0.74967806572954387 0
-0.051410536309406611 -0.7492760156593824 0
-0.068540376370532466 -0.74871432108683755 0
-0.085664257304473232 -0.74799344447933436 0
-0.1027807787751043 -0.74711501360031307 0
-0.11988855776623659 -0.74608014277161205 0
-0.1369862710233283 -0.74489050597816597 0
-0.15407269421725189 -0.74354839145702811 0
-0.171146569611034 -0.74205509550526549 0
-0.1882068899082088 -0.74041414638311098 0
-0.20525249104568211 -0.73862677285680389 0
-0.222282565906606 -0.73669705254895979 0
-0.2392961536652464 -0.73462693249396605 0
-0.25629253388975981 -0.73242001241321453 0
-0.27327108757947061 -0.73007985898542227 0
-0.29023109311229373 -0.72760885593000402 0
-0.30717233995290749 -0.72501233855869596 0
-0.32409414641355749 -0.72229198952512141 0
-0.34099659934005488 -0.71945387265781857 0
-0.35787922117879828 -0.71650005069876954 0
-0.37474219316315538 -0.71343604341405509 0
-0.39158546707076669 -0.71026550879338479 0
-0.40840906509073033 -0.70699217713884632 0
-0.4252135278845659 -0.70362196435363089 0
-0.44199871855476419 -0.70015703983950361 0
-0.45876562064542292 -0.69660466595449677 0
-0.47551413327363801 -0.69296656199880668 0
-0.49224541413599371 -0.68925001258299834 0
-0.50895966529699299 -0.68545759484116819 0
-0.52565788930608726 -0.6815952250890096 0
-0.54234087695686495 -0.67766754261500106 0
-0.55900921501201173 -0.67367815231490147 0
-0.57566436046825442 -0.66963402761241964 0
-0.59230659968238175 -0.66553711345143218 0
-0.60893777600529386 -0.66139551432142951 0
-0.62555814967180745 -0.65721076798395384 0
-0.64216961278964835 -0.65299078965527291 0
-0.65877271191283004 -0.64873801572625822 0
-0.6753690262139318 -0.64445884241527418 0
-0.69195968718175882 -0.64015779620341817 0
-0.70854568260021911 -0.63583879454053771 0
-0.72512881185826983 -0.63150879829234874 0
-0.74170960101647976 -0.62716984949386279 0
-0.75829020702981476 -0.62283020075850803 0
-0.77487099617319244 -0.61849125189181331 0
-0.79145412541113291 -0.6141612555463174 0
-0.80804012077503606 -0.60984225368160816 0
-0.82463078168466319 -0.60554120727994032 0
-0.84122709589922406 -0.60126203364791919 0
-0.85783019494768287 -0.59700925941529182 0
-0.87444165795693296 -0.59278928066990155 0
-0.89106203150972263 -0.58860453389598244 0
-0.90769320770120299 -0.58446293425435469 0
-0.9243354467889523 -0.58036601951884215 0
-0.94099059211554859 -0.57632189420468505 0
-0.9576589299323186 -0.57233250321772733 0
-0.97434191749748855 -0.5684048200232521 0
-0.9910401413071227 -0.56454244945039034 0
-1.0077543922928069 -0.5607500309001372 0
-1.0244856729413869 -0.55703348057201973 0
-1.041234185356094 -0.55339537568247055 0
-1.0580010872250309 -0.54984300079400095 0
-1.074786277677124 -0.54637807521722326 0
-1.091590740262296 -0.54300786133572276 0
-1.1084143380380791 -0.53973452849916237 0
-1.1252576117200861 -0.53656399269836219 0
-1.1421205834707311 -0.53349998413064248 0
-1.1590032050936629 -0.53054616088659579 0
-1.1759056577768789 -0.52770804265833782 0
-1.1928274676444151 -0.52498769165973647 0
-1.2097687106391291 -0.52239117341806041 0
-1.226728715942015 -0.51992016886613734 0
-1.2437072694075739 -0.51758001392893915 0
-1.2607036494253601 -0.5153730922599925 0
-1.2777172369794461 -0.51330297062400776 0
-1.294747311679274 -0.51137324866400902 0
-1.311792912635827 -0.50958587347309359 0
-1.328853232774557 -0.50794492264698776 0
-1.3459271080213271 -0.50645162495879781 0
-1.3630135310728151 -0.50510950868786741 0
-1.3801112442126551 -0.50391987010089823 0
-1.397219023102023 -0.50288499748272064 0
-1.4143355444775489 -0.50200656477901662 0
-1.431459425353041 -0.50128568634086001 0
-1.44858926535407 -0.50072398992091227 0
-1.4657235950844729 -0.50032193799553748 0
-1.482861226496577 -0.50010647011110276 0
-10 -0.5 0
-1.517133514545171 -0.5 0
-1.534267029090342 -0.5 0
-1.5514005436355121 -0.5 0
-1.568534058180683 -0.5 0
-1.585667572725854 -0.5 0
-1.602801087271025 -0.5 0
-1.619934601816196 -0.5 0
-1.637068116361367 -0.5 0
-1.654201630906537 -0.5 0
-1.671335145451708 -0.5 0
-1.688468659996879 -0.5 0
-1.70560217454205 -0.5 0
-1.722735689087221 -0.5 0
-1.7398692036323919 -0.5 0
-1.757002718177562 -0.5 0
-1.774136232722733 -0.5 0
-1.791269747267904 -0.5 0
-1.808403261813075 -0.5 0
-1.825536776358246 -0.5 0
-1.8426702909034161 -0.5 0
-1.859803805448587 -0.5 0
-1.876937319993758 -0.5 0
-1.894070834538929 -0.5 0
-1.9112043490841 -0.5 0
-1.928337863629271 -0.5 0
-1.945471378174441 -0.5 0
-1.962604892719612 -0.5 0
-1.979738407264783 -0.5 0
-1.996871921809954 -0.5 0
-2.014005436355125 -0.5 0
-2.0311389509002962 -0.5 0
-2.048272465445466 -0.5 0
-2.0654059799906368 -0.5 0
-2.082539494535808 -0.5 0
-2.0996730090809792 -0.5 0
-2.11680652362615 -0.5 0
-2.1339400381713212 -0.5 0
-2.151073552716491 -0.5 0
-2.1682070672616618 -0.5 0
-2.185340581806833 -0.5 0
-2.2024740963520042 -0.5 0
-2.219607610897175 -0.5 0
-2.2367411254423462 -0.5 0
-2.253874639987516 -0.5 0
-2.2710081545326868 -0.5 0
-2.288141669077858 -0.5 0
-2.3052751836230292 -0.5 0
-2.3224086981681999 -0.5 0
-2.3395422127133711 -0.5 0
-2.356675727258541 -0.5 0
-2.3738092418037118 -0.5 0
-2.390942756348883 -0.5 0
-2.4080762708940542 -0.5 0
-2.4252097854392249 -0.5 0
-2.4423432999843961 -0.5 0
-2.459476814529566 -0.5 0
-2.4766103290747372 -0.5 0
-2.493743843619908 -0.5 0
-2.5108773581650601 -0.5 0
-2.5280108727102082 -0.5 0
-2.5451443872553572 -0.5 0
-2.5622779018005049 -0.5 0
-2.579411416345609 -0.5 0
-2.5965449308907131 -0.5 0
-2.6136784454358168 -0.5 0
-2.6308119599809179 -0.5 0
-2.6479454745259989 -0.5 0
-2.66507898907108 -0.5 0
-2.6822125036161619 -0.5 0
-2.699346018161243 -0.5 0
-2.716479532706324 -0.5 0
-2.733613047251406 -0.5 0
-2.750746561796487 -0.5 0
-2.767880076341569 -0.5 0
-2.78501359088665 -0.5 0
-2.8021471054317311 -0.5 0
-2.8192806199768121 -0.5 0
-2.8364141345218941 -0.5 0
-2.8535476490669751 -0.5 0
-2.8706811636120571 -0.5 0
-2.8878146781571381 -0.5 0
-2.9049481927022192 -0.5 0
-2.9220817072473002 -0.5 0
-2.9392152217923821 -0.5 0
-2.9563487363374632 -0.5 0
-2.9734822508825451 -0.5 0
-2.9906157654276262 -0.5 0
-3.0077492799727068 -0.5 0
-3.0248827945177879 -0.5 0
-3.0420163090628698 -0.5 0
-3.0591498236079508 -0.5 0
-3.0762833381530319 -0.5 0
-3.0934168526981138 -0.5 0
-3.1105503672431949 -0.5 0
-3.1276838817882759 -0.5 0
-3.1448173963333579 -0.5 0
-3.1619509108784389 -0.5 0
-3.17908442542352 -0.5 0
-3.196217939968601 -0.5 0
-3.213351454513683 -0.5 0
-3.230484969058764 -0.5 0
-3.247618483603846 -0.5 0
-3.264751998148927 -0.5 0
-3.2818855126940081 -0.5 0
-3.29901902723909 -0.5 0
-3.3161525417841711 -0.5 0
-3.333286056329253 -0.5 0
-3.3504195708743341 -0.5 0
-3.3675530854194151 -0.5 0
-3.3846865999644962 -0.5 0
-3.4018201145095781 -0.5 0
-3.4189536290546592 -0.5 0
-3.4360871435997402 -0.5 0
-3.4532206581448208 -0.5 0
-3.4703541726899032 -0.5 0
-3.4874876872349838 -0.5 0
-3.504843057193745 -0.5 0
-3.527325405556923 -0.5 0
-3.5578323415953461 -0.5 0
-3.5920655600823341 -0.5 0
-3.6263325891726761 -0.5 0
-3.6605996182630181 -0.5 0
-3.6948666473533591 -0.5 0
-3.7291336764437011 -0.5 0
-3.7634007055340422 -0.5 0
-3.797667734624385 -0.5 0
-3.8319347637147261 -0.5 0
-3.866201792805068 -0.5 0
-3.9004688218954091 -0.5 0
-3.9347358509857511 -0.5 0
-3.9690028800760611 -0.5 0
-4.0032699091663133 -0.5 0
-4.0375369382565278 -0.5 0
-4.0718039673466908 -0.5 0
-4.1060709964368538 -0.5 0
-4.1403380255270168 -0.5 0
-4.1746050546171798 -0.5 0
-4.208872083707341 -0.5 0
-4.243139112797504 -0.5 0
-4.277406141887667 -0.5 0
-4.31167317097783 -0.5 0
-4.345940200067993 -0.5 0
-4.3802072291581542 -0.5 0
-4.4144742582483172 -0.5 0
-4.4487412873384802 -0.5 0
-4.4830083164286432 -0.5 0
-4.5172753455188062 -0.5 0
-4.5515423746089674 -0.5 0
-4.5858094036991313 -0.5 0
-4.6200764327892943 -0.5 0
-4.6543434618794564 -0.5 0
-4.6886104909696193 -0.5 0
-4.7228775200597806 -0.5 0
-4.7571445491499436 -0.5 0
-4.7914115782401074 -0.5 0
-4.8256786073302704 -0.5 0
-4.8599456364204334 -0.5 0
-4.8942126655105946 -0.5 0
-4.9284796946007576 -0.5 0
-4.9627467236909206 -0.5 0
-4.9970137527810827 -0.5 0
-5.0312807818712457 -0.5 0
-5.0655478109614078 -0.5 0
-5.0998148400515708 -0.5 0
-5.1340818691417338 -0.5 0
-5.1683488982318959 -0.5 0
-5.2026159273220589 -0.5 0
-5.236882956412221 -0.5 0
-5.271149985502384 -0.5 0
-5.305417014592547 -0.5 0
-5.3396840436827091 -0.5 0
-5.3739510727728721 -0.5 0
-5.4082181018630342 -0.5 0
-5.4424851309531972 -0.5 0
-5.4767521600433602 -0.5 0
-5.5110191891335223 -0.5 0
-5.5452862182236853 -0.5 0
-5.5795532473138474 -0.5 0
-5.6138202764040104 -0.5 0
-5.6480873054941734 -0.5 0
-5.6823543345843346 -0.5 0
-5.7166213636745864 -0.5 0
-5.7508883927648409 -0.5 0
-5.7851554218552721 -0.5 0
-5.8194224509457122 -0.5 0
-5.8536894800362331 -0.5 0
-5.8879565091267541 -0.5 0
-5.9222235382172741 -0.5 0
-5.956490567307795 -0.5 0
-5.9907575963983151 -0.5 0
-6.025024625488836 -0.5 0
-6.0592916545793569 -0.5 0
-6.093558683669877 -0.5 0
-6.1278257127603979 -0.5 0
-6.1620927418509197 -0.5 0
-6.1963597709414397 -0.5 0
-6.2306268000319607 -0.5 0
-6.2648938291224807 -0.5 0
-6.2991608582130016 -0.5 0
-6.3334278873035226 -0.5 0
-6.3676949163940426 -0.5 0
-6.4019619454845644 -0.5 0
-6.4362289745750836 -0.5 0
-6.4704960036656054 -0.5 0
-6.5047630327561263 -0.5 0
-6.5390300618466464 -0.5 0
-6.5732970909371673 -0.5 0
-6.6075641200276873 -0.5 0
-6.6418311491182092 -0.5 0
-6.6760981782087292 -0.5 0
-6.7103652072992492 -0.5 0
-6.7446322363897702 -0.5 0
-6.7788992654802902 -0.5 0
-6.813166294570812 -0.5 0
-6.8474333236613321 -0.5 0
-6.881700352751853 -0.5 0
-6.9159673818423739 -0.5 0
-6.9502344109328948 -0.5 0
-6.9845014400234158 -0.5 0
-7.0187684691139349 -0.5 0
-7.0530354982044559 -0.5 0
-7.0873025272949768 -0.5 0
-7.1215695563854977 -0.5 0
-7.1558365854760186 -0.5 0
-7.1901036145665387 -0.5 0
-7.2243706436570596 -0.5 0
-7.2586376727475814 -0.5 0
-7.2929047018381006 -0.5 0
-7.3271717309286224 -0.5 0
-7.3614387600191424 -0.5 0
-7.3957057891096616 -0.5 0
-7.4299728182001843 -0.5 0
-7.4642398472907043 -0.5 0
-7.4985068763812253 -0.5 0
-7.5327739054717453 -0.5 0
-7.5670409345622662 -0.5 0
-7.601307963652788 -0.5 0
-7.6355749927433081 -0.5 0
-7.669842021833829 -0.5 0
-7.7041090509243482 -0.5 0
-7.73837608001487 -0.5 0
-7.7726431091053909 -0.5 0
-7.806910138195911 -0.5 0
-7.8411771672864319 -0.5 0
-7.8754441963769519 -0.5 0
-7.9097112254674737 -0.5 0
-7.943978254558008 -0.5 0
-7.9782452836487074 -0.5 0
-8.0125123127394318 -0.5 0
-8.0467793418303089 -0.5 0
-8.0810463709211895 -0.5 0
-8.1153134000120666 -0.5 0
-8.1495804291029454 -0.5 0
-8.1838474581938243 -0.5 0
-8.2181144872847032 -0.5 0
-8.252381516375582 -0.5 0
-8.2866485454664627 -0.5 0
-8.3209155745573415 -0.5 0
-8.3551826036482204 -0.5 0
-8.389449632739101 -0.5 0
-8.4237166618299781 -0.5 0
-8.4579836909208588 -0.5 0
-8.4922507200117394 -0.5 0
-8.5265177491026165 -0.5 0
-8.5607847781934954 -0.5 0
-8.5950518072843742 -0.5 0
-8.6293188363752549 -0.5 0
-8.6635858654661337 -0.5 0
-8.6978528945570126 -0.5 0
-8.7321199236478932 -0.5 0
-8.7663869527387703 -0.5 0
-8.8006539818296492 -0.5 0
-8.8349210109205316 -0.5 0
-8.8691880400114087 -0.5 0
-8.9034550691022858 -0.5 0
-8.9377220981931664 -0.5 0
-8.9719891272840471 -0.5 0
-9.0062561563749242 -0.5 0
-9.0405231854658048 -0.5 0
-9.0747902145566854 -0.5 0
-9.1090572436475625 -0.5 0
-9.1433242727384414 -0.5 0
-9.177591301829322 -0.5 0
-9.2118583309202009 -0.5 0
-9.2461253600110798 -0.5 0
-9.2803923891019586 -0.5 0
-9.3146594181928393 -0.5 0
-9.3489264472837164 -0.5 0
-9.383193476374597 -0.5 0
-9.4174605054654776 -0.5 0
-9.4517275345563547 -0.5 0
-9.4859945636470542 -0.5 0
-9.5202615927375742 -0.5 0
-9.5545286218278918 -0.5 0
-9.588795650918053 -0.5 0
-9.6230626800082142 -0.5 0
-9.657329709098379 -0.5 0
-9.6915967381885402 -0.5 0
-9.7258637672787014 -0.5 0
-9.7601307963688644 -0.5 0
-9.7943978254590274 -0.5 0
-9.8286648545491886 -0.5 0
-9.8629318836393516 -0.5 0
-9.8971989127295128 -0.5 0
-9.931465941819674 -0.5 0
-9.965732970909837 -0.5 0
-10 -0.46478000559643279 0
-10 -0.416731675443758 0
-10 -0.3504369122944983 0
-10 -0.25896495022459248 0
-10 -0.13460400850260429 0
-9.8572141915797555 0 0
-9.7144283831595111 0 0
-9.5716425747392666 0 0
-9.4288567663190221 0 0
-9.2860709578987777 0 0
-9.1432851494786256 0 0
-9.0004993410587435 0 0
-8.8577135326389858 0 0
-8.714927724219466 0 0
-8.5721419157999463 0 0
-8.4293561073804266 0 0
-8.2865702989609069 0 0
-8.1437844905413872 0 0
-8.0009986821217591 0 0
-7.8582128737020582 0 0
-7.7154270652822348 0 0
-7.5726412568623527 0 0
-7.4298554484424706 0 0
-7.2870696400225894 0 0
-7.1442838316027064 0 0
-7.0014980231828243 0 0
-6.8587122147629422 0 0
-6.7159264063430602 0 0
-6.5731405979231781 0 0
-6.430354789503296 0 0
-6.2875689810834139 0 0
-6.1447831726635318 0 0
-6.0019973642436497 0 0
-5.8592115558237676 0 0
-5.7164257474038846 0 0
-5.5736399389840026 0 0
-5.4308541305641196 0 0
-5.2880683221442384 0 0
-5.1452825137243563 0 0
-5.0024967053044751 0 0
-4.859710896884593 0 0
-4.7169250884647118 0 0
-4.5741392800448297 0 0
-4.4319391637126619 0 0
-4.2940584603925016 0 0
-4.1610128201647267 0 0
-4.0326326322854493 0 0
-3.9087543482132499 0 0
-3.7892200909027558 0 0
-3.673877488806176 0 0
-3.5625796086055361 0 0
-3.4551845944512491 0 0
-3.3515555860827391 0 0
-3.2515605255285469 0 0
-3.155071973273806 0 0
-3.06196697049293 0 0
-2.9721268721759428 0 0
-2.8854371756856412 0 0
-2.8017874168537662 0 0
-2.7210709917047118 0 0
-2.643185033654087 0 0
-2.5680302805817399 0 0
-2.4955059305372842 0 0
-2.4241130263273432 0 0
-2.3527201221174008 0 0
-2.2813272179074602 0 0
-2.2099343136975191 0 0
-2.138541409487579 0 0
-2.067148505277641 0 0
-1.9957556010677919 0 0
-1.924362696857941 0 0
-1.852969792648091 0 0
-1.781576888438259 0 0
-1.710183984228498 0 0
-1.63879108001874 0 0
-1.567398175808979 0 0
-1.49600527159922 0 0
-1.4246123673894611 0 0
-1.3532194631797001 0 0
-1.2818265589699409 0 0
-1.2104336547601799 0 0
-1.1390407505504201 0 0
-1.0676478463406609 0 0
-0.99625494213089993 0 0
-0.92486203792114097 0 0
-0.85346913371138022 0 0
-0.78207622950162126 0 0
-0.71068332529186051 0 0
-0.63929042108210155 0 0
-0.5678975168723408 0 0
-0.49650461266258011 0 0
-0.42511170845282109 0 0
-0.35371880424306029 0 0
-0.28232590003330138 0 0
-0.21093299582354061 0 0
-0.1395400916137817 0 0
-0.068147187404020926 0 0
0.003245716805738041 0 0
0.074638621015498785 0 0
0.1460315252252595 0 0
0.2174244294350185 0 0
0.28881733364477918 0 0
0.36021023785453821 0 0
0.43160314206429717 0 0
0.50299604627405792 0 0
0.57438895048381866 0 0
0.64578185469357763 0 0
0.71717475890333837 0 0
0.78856766311309734 0 0
0.85996056732285808 0 0
0.93135347153261883 0 0
1.002746375742378 0 0
1.074139279952137 0 0
1.1455321841618979 0 0
1.216925088371658 0 0
1.288317992581417 0 0
1.359710896791178 0 0
1.4311038010009369 0 0
1.5024967052106979 0 0
1.573889609420458 0 0
1.6452825136302169 0 0
1.716675417839975 0 0
1.7880683220497351 0 0
1.8594612262594981 0 0
1.930854130469255 0 0
2.0022470346790162 0 0
2.0736399388887752 0 0
2.145032843098535 0 0
2.216425747308294 0 0
2.2878186515180552 0 0
2.3592115557278142 0 0
2.4306044599375749 0 0
2.5019973641473339 0 0
2.5733902683570951 0 0
2.644783172566854 0 0
2.716176076776613 0 0
2.7875689809863728 0 0
2.8589618851961318 0 0
2.930354789405893 0 0
3.001747693615652 0 0
3.0731405978254132 0 0
3.1445335020351721 0 0
3.215926406244932 0 0
3.2873193104546909 0 0
3.3587122146644521 0 0
3.4301051188742111 0 0
3.5014980230839718 0 0
3.5728909272937308 0 0
3.644283831503492 0 0
3.715676735713251 0 0
3.787069639923009 0 0
3.858462544132768 0 0
3.929855448342527 0 0
4.0012483525522882 0 0
4.0726412567620471 0 0
4.1440341609718079 0 0
4.2154270651815668 0 0
4.2868199693913276 0 0
4.3582128736010866 0 0
4.4296057778108473 0 0
4.5009986820206063 0 0
4.572391586230367 0 0
4.643784490440126 0 0
4.7151773946498867 0 0
4.7865702988596457 0 0
4.8579632030694064 0 0
4.9293561072791654 0 0
5.0007490114889208 0 0
5.0721419156986833 0 0
5.1435348199084414 0 0
5.2149277241182013 0 0
5.2863206283279602 0 0
5.357713532537721 0 0
5.4291064367474799 0 0
5.5004993409572407 0 0
5.5718922451669997 0 0
5.6432851493767604 0 0
5.7146780535865194 0 0
5.7860709577962801 0 0
5.8574638620060391 0 0
5.9288567662157998 0 0
6.0002496704255606 0 0
6.0716425746353204 0 0
6.1430354788450794 0 0
6.2144283830548366 0 0
6.2858212872645964 0 0
6.3572141914743554 0 0
6.4286070956841179 0 0
6.4999999998938733 0 0
6.5713929041036359 0 0
6.6427858083133948 0 0
6.7141787125231573 0 0
6.7855716167329128 0 0
6.8569645209426753 0 0
6.9283574251524342 0 0
6.9997503293621932 0 0
7.0711432335719522 0 0
7.1425361377817147 0 0
7.2139290419914737 0 0
7.2853219462013818 0 0
7.356714850411322 0 0
7.4281077546212622 0 0
7.4995006588312059 0 0
7.5708935630415048 0 0
7.6422864672518074 0 0
7.7136793714621099 0 0
7.7850722756724444 0 0
7.8564651798829317 0 0
7.9278580840934154 0 0
7.9992509883038991 0 0
8.0706438925143829 0 0
8.1420367967248701 0 0
8.2134297009353538 0 0
8.2848226051458411 0 0
8.3562155093563248 0 0
8.4276084135668121 0 0
8.4990013177772923 0 0
8.570394221987776 0 0
8.6417871261982633 0 0
8.7131800304087434 0 0
8.7845729346192307 0 0
8.8559658388297144 0 0
8.9273587430402017 0 0
8.9987516472506854 0 0
9.0701445514611727 0 0
9.1415374556716529 0 0
9.2129303598821402 0 0
9.2843232640926239 0 0
9.3557161683031111 0 0
9.4271090725135949 0 0
9.4985019767240821 0 0
9.5698948809345623 0 0
9.6412877851450496 0 0
9.7126806893555333 0 0
9.7840735935660206 0 0
9.8554664977765007 0 0
9.926859401986988 0 0
9.9982523061974717 0 0
10.069645210407961 0 0
10.141038114618439 0 0
10.21243101882893 0 0
10.28382392303941 0 0
10.355216827249899 0 0
10.426609731460379 0 0
10.49800263567086 0 0
10.56939553988135 0 0
10.640788444091839 0 0
10.71218134830232 0 0
10.7835742525128 0 0
10.854967156723291 0 0
10.926360060933771 0 0
10.99775296514426 0 0
11.06914586935474 0 0
11.140538773565231 0 0
11.211931677775709 0 0
11.2833245819862 0 0
11.35471748619668 0 0
11.426110390407169 0 0
11.497503294617649 0 0
11.56889619882814 0 0
11.64028910303862 0 0
11.711682007249109 0 0
11.78307491145959 0 0
11.85446781567007 0 0
11.925860719880561 0 0
11.997253624091041 0 0
12.06864652830153 0 0
12.140039432512021 0 0
12.211432336722501 0 0
12.282825240932979 0 0
12.35421814514347 0 0
12.42561104935395 0 0
12.497003953564439 0 0
12.568396857774919 0 0
12.63978976198541 0 0
12.71118266619589 0 0
12.782575570406379 0 0
12.85396847461686 0 0
12.92536137882735 0 0
12.996754283037831 0 0
13.068147187248311 0 0
13.1395400914588 0 0
13.21093299566928 0 0
13.282325899879771 0 0
13.353718804090249 0 0
13.42511170830074 0 0
13.49650461251122 0 0
13.56906319174276 0 0
13.644255474797889 0 0
13.722180335938219 0 0
13.802937067953 0 0
13.88662862033431 0 0
13.97336160582871 0 0
14.063246590605621 0 0
14.15639809114818 0 0
14.252934841143651 0 0
14.35297984096661 0 0
14.45666060517396 0 0
14.564109262986079 0 0
14.67546272952745 0 0
14.790862921367729 0 0
14.910456894606691 0 0
15.034397049441131 0 0
15.162841356108849 0 0
15.295953477808871 0 0
15.43390303661999 0 0
15.57613664421616 0 0
15.71892245263712 0 0
15.861708261058091 0 0
16.004494069479058 0 0
16.147279877900019 0 0
16.29006568632099 0 0
16.432851494741961 0 0
16.575637303162921 0 0
16.718423111583888 0 0
16.861208920004859 0 0
17.00399472842583 0 0
17.146780536846801 0 0
17.289566345267769 0 0
17.432352153688729 0 0
17.5751379621097 0 0
17.717923770530671 0 0
17.860709578951631 0 0
18.003495387372599 0 0
18.14628119579357 0 0
18.289067004214541 0 0
18.431852812635501 0 0
18.574638621056469 0 0
18.71742442947744 0 0
18.8602102378984 0 0
19.002996046319371 0 0
19.145781854740331 0 0
19.288567663161299 0 0
19.43135347158227 0 0
19.574139280003241 0 0
19.716925088424201 0 0
19.859710896845169 0 0
20.00249670526614 0 0
20.145282513687111 0 0
20.288068322108082 0 0
20.430854130529049 0 0
20.573639938950009 0 0
20.71642574737098 0 0
20.859211555791951 0 0
21.001997364212912 0 0
21.144783172633879 0 0
21.28756898105485 0 0
21.430354789475821 0 0
21.573140597896781 0 0
21.715926406317749 0 0
21.85871221473872 0 0
22.00149802315968 0 0
22.144283831580651 0 0
22.287069640001619 0 0
22.42985544842259 0 0
22.572641256843561 0 0
22.715427065264532 0 0
22.858212873685499 0 0
23.000998682106459 0 0
23.14378449052743 0 0
23.286570298948401 0 0
23.429356107369369 0 0
23.572141915790329 0 0
23.714927724211289 0 0
23.85771353263226 0 0
24.000499341053231 0 0
24.143285149474199 0 0
24.286070957895159 0 0
24.42885676631613 0 0
24.571642574737101 0 0
24.714428383158069 0 0
24.857214191579029 0 0
-0.04249518585367084 0.73463827597389142 0
-0.14436717744380301 0.72942217336354565 0
-0.2458506256591555 0.71847427183415535 0
-0.34685385194832619 0.70320821527700528 0
-0.44876233735635213 0.68572551448278551 0
-0.54722013263894087 0.66123764327032719 0
0.059489006534162052 0.73416029215624634 0
0.16249603715272951 0.72559499141528749 0
0.26381190387470099 0.71402772829906613 0
0.36454797083954682 0.69774517307478634 0
0.46485492586899002 0.67764560500407622 0
0.56495219608593983 0.65454632438765437 0
0.64790284925945929 0.63374731610769519 0
0.7307899020668478 0.61219547032910182 0
0.81248673057723209 0.59284212146874449 0
0.89567165527951165 0.57165232812191158 0
0.97934611541288286 0.55201254963137836 0
1.0639230324696249 0.5351240093629217 0
-0.63132210429569435 0.63798673662424554 0
-0.71118806600525497 0.61692509917397476 0
-0.79839920228298611 0.60001926817041396 0
-0.87912774788369841 0.57630324222112084 0
-0.9607729498001083 0.5533376634822349 0
-1.0465411894925229 0.53709862574491329 0
1.129766220929918 0.52314044234598811 0
1.199049434650828 0.50901788432279826 0
1.2632936679945019 0.49403984096485459 0
1.3367779657201799 0.49540284101765047 0
1.4050165382865989 0.48762243873662442 0
1.474105809975619 0.48537257980705811 0
-1.116214144464365 0.52558668243695095 0
-1.181928584488473 0.51116954550254801 0
-1.2519195676643089 0.4990659652486496 0
-1.3184407050568769 0.49510777832283431 0
-1.3877689077849149 0.48858666440044102 0
-1.4568082436499581 0.48568422520387039 0
-1.5257002718177559 0.48450291073263119 0
1.542819934353638 0.48512300249177448 0
-1.5942343299984401 0.48466004623008713 0
-1.662768388179124 0.48516194114777189 0
-1.731302446359807 0.48462805644698859 0
-1.7995277132676879 0.48604347095367673 0
-1.8683705627211731 0.48516194114777189 0
-1.936904620901855 0.48516194114777189 0
-2.0054386790825389 0.48516194114777189 0
-2.0739727372632131 0.48512507922609333 0
-2.140714786691527 0.48275985004832239 0
-2.211040853624588 0.48512484336355582 0
-2.27779530392676 0.48275754225991357 0
-2.348108969985947 0.48464774231210689 0
-2.4166430281666411 0.48516194114777189 0
-2.4869592040688548 0.48275802383939831 0
-2.553711144527921 0.48512463053802479 0
-2.6222452027083678 0.485161941147841 0
-2.6907792608887031 0.48516194114784938 0
-2.7593133190690189 0.48462175104445671 0
-2.8278473772493489 0.48465651559991518 0
-2.8963814354296771 0.48516194114784961 0
-2.964651149879554 0.48597889233392461 0
-3.03453723881425 0.48031314140695602 0
-3.1022907627862062 0.48132488533872708 0
-3.1722310196054919 0.48808559315582378 0
-3.2390517263313088 0.48516194114784938 0
-3.3075857845116259 0.48516194114784927 0
-3.3778331941464579 0.48756965215464237 0
-3.4446539008722792 0.48516194114784961 0
1.6113318293194629 0.48465500876494361 0
1.6798437242852891 0.48512636481818933 0
1.746642821876971 0.48754394003425422 0
1.816867514216941 0.48516673962454798 0
1.8870922065569129 0.48754921269003249 0
1.953891304148591 0.48516673962454648 0
2.022403199114418 0.48516673962454648 0
2.0892022967060959 0.48754857021062142 0
2.1594269890460658 0.48516673962454648 0
2.227938884011889 0.48461300566144572 0
2.2964507789777162 0.48516673962454648 0
2.3665556703126658 0.48273172862436492 0
2.4313033426526252 0.4818759792848134 0
2.501986463875193 0.48516673962454648 0
2.5687855614668669 0.48808243929458889 0
2.6390102538068421 0.48516673962454648 0
2.7075221487726719 0.48516673962454948 0
2.777685612833757 0.48465202032778071 0
2.8445459387043059 0.48462425667824421 0
2.91305783367013 0.48466531339531832 0
2.9815697286359679 0.48516673962454648 0
3.05179442097596 0.48754565003556738 0
3.1185935185676228 0.48516673962454648 0
3.1871054135334469 0.48516673962454648 0
3.255617308499275 0.48516673962454648 0
3.3241292034651022 0.48512496854782772 0
3.392641098430929 0.48371600905281031 0
3.459709904262644 0.48260826498740961 0
3.529664888362575 0.48516673962454648 0
3.5981767833283982 0.48516673962454798 0
3.6649758809200592 0.48808250336061032 0
3.73348777588589 0.48754480012208418 0
3.8037124682258838 0.48460740348512771 0
3.8722243631916999 0.48516673962454648 0
3.940698106962337 0.48382687061418111 0
4.0109232177005714 0.48466698024384308 0
4.0775551754246644 0.48591017819572169 0
4.1445904699720657 0.4846768221892277 0
4.2147838380208276 0.48516673962454648 0
4.285008530360833 0.48754917126381248 0
4.3517126986294032 0.48574666394533028 0
4.421999688670919 0.48273658703678501 0
4.4888314178841107 0.48462868181585439 0
4.5590611306280842 0.48275280376446561 0
4.6275680051899348 0.48754124621531608 0
4.6943671027816096 0.48516673962454648 0
4.762935637851867 0.48552981540579371 0
4.8308289401245794 0.48489176118016791 0
4.9016270732234322 0.4827535032014863 0
4.9683756791090072 0.48557001963874108 0
5.0352128516485202 0.48275427245571451 0
5.1054813410320961 0.48554470429954072 0
5.173950367542381 0.48516673962454648 0
5.2424168657946906 0.48554135695154882 0
5.309261360099887 0.4875478693590532 0
5.3794860524398622 0.48516673962454648 0
5.4479979474056996 0.48463815664176252 0
5.516509842371506 0.48516673962454648 0
5.584605622164414 0.48720093950430282 0
5.6518208349289694 0.48754542145220869 0
5.7220455272689863 0.48516673962454648 0
5.7905574222347944 0.48516673962454798 0
5.8607821145748318 0.48754887913131312 0
5.9275812121664631 0.48388774467725748 0
5.9960931071322863 0.48516673962454648 0
6.0646050020980518 0.48512631660383743 0
6.1348317804754124 0.48275397782739388 0
6.2016667432331918 0.4855696772984901 0
6.2687989503630579 0.48263124498284188 0
6.3387032524519427 0.48553579060392932 0
6.4071116378071364 0.48553359863748541 0
6.4774004454519316 0.48275178759434823 0
6.5441882668589528 0.48512270133630792 0
6.612700161824729 0.48516673962454648 0
6.6812120567905584 0.48516673962454648 0
6.7497239517563674 0.48516673962454648 0
6.8182358467222466 0.48512601642933612 0
6.8884723501281524 0.48275321980858638 0
6.955256774129615 0.48562222749405398 0
7.0237715316196736 0.48516673962454648 0
7.0922834265854879 0.48516673962454948 0
7.1625081189254649 0.48751955702510569 0
7.2275944191429922 0.48754090810908313 0
7.297819111482978 0.48516673962454648 0
7.3663310064487684 0.48512237263930652 0
7.4348429014146138 0.48516673962454648 0
7.5016441041702384 0.48274581239626319 0
7.5734990898383607 0.4827243595156322 0
7.6399981660209519 0.48616529869841829 0
7.7106078113974199 0.48275435679938927 0
7.7774023762436908 0.48512315214162433 0
7.8441911444692991 0.48275393300411051 0
7.9144261661754021 0.48516673962454648 0
7.9846508585153764 0.48751968689260172 0
8.0514499561070458 0.48463821824545422 0
8.1216755574804296 0.48275410467633578 0
8.1884764312433784 0.48562142751416609 0
8.2569856410045155 0.48516673962454648 0
8.3254975359703476 0.48516673962454648 0
8.3956810037116067 0.48273425982560708 0
8.4627653734994563 0.48785418112557921 0
8.531033220867803 0.48516673962454648 0
8.5995451158336351 0.48516673962454648 0
8.6680570107993482 0.48463951662820681 0
8.7365689057652975 0.48516673962454648 0
8.8067935981052585 0.48753001716703492 0
8.8718798983228453 0.48754926395145448 0
8.9421045906631456 0.48516673962449108 0
9.010616485629237 0.48516673962449258 0
9.0808411779696758 0.48754732355393648 0
9.1476402755618427 0.48516673962443502 0
9.2161521705280727 0.48466187096515811 0
9.2846640654945389 0.48516673962443718 0
9.3514631630867449 0.48752753570354379 0
9.4216878554271535 0.48512485420323209 0
9.4901997503935416 0.48516673962443502 0
9.5603395543087277 0.48272431405339561 0
9.6272235403262556 0.48462731757319771 0
9.6974543665583486 0.48275434074165358 0
9.764247330258911 0.48512296010848732 0
9.8327592252253062 0.48516673962443418 0
9.9012711201916357 0.48516673962443418 0
9.9697849538885883 0.48561636810635839 0
10.040012815719219 0.48274852310162708 0
10.10509400771644 0.48808337955253422 0
10.17703149743129 0.48753206109524722 0
10.243830595023359 0.48516673962443418 0
10.312342489989691 0.48516673962443418 0
10.38085438495604 0.48516673962443568 0
10.44936627992247 0.48512623746194278 0
10.51959467482987 0.48275365008021243 0
10.58639006985495 0.48512416644712147 0
10.6549019648214 0.48516673962443568 0
10.723413859787721 0.48516673962443568 0
10.79216054818229 0.48781420037263712 0
10.86043764972043 0.48516673962443568 0
10.92723674731263 0.48808247487750761 0
10.997461439653129 0.48516673962443568 0
11.066092299590711 0.48578672863591582 0
11.132826208176491 0.48273097835037398 0
11.20284942615119 0.48583432375272162 0
11.273232916143 0.48275369721075811 0
11.340020914484819 0.48516673962443418 0
11.408532809451319 0.48512481068590219 0
11.47704470441748 0.48516673962443418 0
11.545777038342949 0.48781188585071772 0
11.61406849435026 0.48516673962443418 0
11.682580389316589 0.48516673962443568 0
11.749379486908641 0.48752223491448138 0
11.819604179249239 0.48516673962443568 0
11.888116074215651 0.48516673962443568 0
11.9566279691819 0.48516673962443568 0
12.02513986414823 0.48516673962443568 0
12.09193896174023 0.4875449762300359 0
12.162163654080929 0.48516673962443418 0
12.230675549047261 0.48516673962443418 0
12.29918744401367 0.48516673962443418 0
12.36769933898003 0.48516673962443418 0
12.436211233946359 0.48516673962443418 0
12.50472312891281 0.48467301824758219 0
12.573235023879089 0.48512403948094562 0
12.64159969184546 0.4829167146313138 0
12.70671923558983 0.4814996797357603 0
12.778770708778019 0.48516673962443568 0
12.84556980637019 0.4875491551388173 0
12.914081701336359 0.48753672335542131 0
12.98430639367705 0.48461660222896619 0
13.05281828864341 0.48516673962444418 0
13.121303915196011 0.48382310065191142 0
13.19152783607357 0.48467802560413809 0
13.258353973542 0.48466608564788077 0
13.326865868507969 0.4851667396245265 0
13.39232982644881 0.48711732110958511 0
13.46388965843971 0.48516673962454648 0
13.54400742127063 0.47633884833316359 0
-3.512482218398961 0.47964974935484239 0
-3.6119109683350099 0.46589328952361719 0
-0.042340283118612543 0.059441540802484767 0
0.171873336300153 0.060064164202866407 0
-0.24662944792842101 0.061828068695600258 0
0.38608695398794718 0.060686534104311428 0
-0.46080816055770057 0.061828068695600258 0
0.60030057000592074 0.061308659469975747 0
13.64517668224696 0.46824250706560699 0
-0.67498687318698103 0.061828068695600258 0
0.81451418441237566 0.061930548845368728 0
-0.88916558581626037 0.061828068695600258 0
0.51475968831723617 0.66625566687803239 0
-0.49518966159401839 0.67052049148668225 0
13.77773641010622 0.4741179216513367 0
0.41479723122746859 0.68814099946526286 0
-0.39717441490052352 0.69411548007148405 0
0.31428418283756898 0.70647567562282343 0
-0.29642802035305549 0.71155509139007311 0
13.921611389534521 0.4735921967662492 0
1.0384428278472571 0.061828068695600258 0
0.2131661234789316 0.72040059398261702 0
-0.19652595229681091 0.72237229681023651 0
0.1104384361932569 0.73178180908930857 0
-0.09343631914508771 0.73226922146529194 0
0.0077874234958927382 0.73363224718806164 0
-1.1033442984455399 0.061828068695600258 0
-3.7104819466819152 0.46982090311204872 0
-3.814087747421941 0.46890826744349989 0
-3.9229159079696299 0.46341703725486971 0
-4.0197415551826481 0.45420150767889289 0
-4.1232045109819344 0.47032388229569849 0
-4.2231499758332411 0.4643574242499931 0
-4.3288066855229106 0.47032388229569932 0
-4.4310063778718281 0.47559750637504011 0
-4.5286976885488777 0.46395466316364742 0
-4.6400653768040687 0.46746522510840871 0
-4.7428666565679896 0.4674684153044899 0
-4.8393854189663212 0.4736122899920398 0
-4.9456132091458418 0.46073122492474933 0
-5.0484142964163272 0.4625968611657304 0
-5.15121538368681 0.46315858663031712 0
-5.2540164709573078 0.46367487472136237 0
-5.3568175582277826 0.46028710512971832 0
-5.459618645498276 0.46047505015654189 0
-5.5624197327687668 0.46196743014536751 0
-5.6652208200392646 0.46084916247206281 0
-5.7680219073101124 0.46197810911191051 0
-5.8708229945814754 0.46307043817270921 0
-5.9736240818530666 0.4640937376575619 0
-6.0764251691246161 0.46444605630474628 0
-6.1792262563961682 0.46149251792715101 0
-6.2854540465768229 0.47195940142245169 0
-6.3814017280302373 0.47361067771005289 0
-6.4876295182108628 0.47032388229538891 0
-6.5874315388691924 0.47527052697417499 0
-6.6932316927539954 0.46189853199450698 0
-6.7960327800255591 0.46339481154063539 0
-6.8988338672971166 0.46315856890348289 0
-7.0016349545686651 0.46318960074327148 0
-7.104436041840227 0.46318342558109432 0
-7.2072371291118067 0.46053617388545343 0
-7.3100382163833597 0.46115971557362212 0
-7.4128393036549394 0.46297281076964669 0
-7.515640390926472 0.46132244461488803 0
-7.6184414781980401 0.46089939784841161 0
-7.7212425654695993 0.46259489053788427 0
-7.8240436527411816 0.46479928299656248 0
-7.9268447400127666 0.46033656978520709 0
-8.0296458272848774 0.45987923058289393 0
-8.1324469145574927 0.46316154211308602 0
-8.2352480018301435 0.4620095633327897 0
-8.3380490891027943 0.46084496961991961 0
-8.4408501763754433 0.46200914880861582 0
-8.543651263648032 0.45990733450450882 0
-8.6464523509207343 0.4603467692444066 0
-8.7492534381933211 0.46478851908677132 0
-8.8520545254659382 0.46260152351681322 0
-8.9548556127385979 0.46089990516049911 0
-9.0576567000112398 0.46130244543633692 0
-9.1604577872838817 0.46292781069772221 0
-9.2632588745565272 0.46444533623232143 0
-9.3660599618291691 0.46484148922572649 0
-9.4688610491016085 0.46123738638150841 0
-9.5750888392820652 0.47204256668596711 0
-9.6761051069075652 0.4694891044955849 0
-9.7738376080048841 0.47360596676408351 0
14.021992678048329 0.45972106016022818 0
14.12067541305121 0.45960977776428558 0
14.228986610001019 0.47857186407834251 0
14.33345335052239 0.4691924698365833 0
14.43202500702979 0.47033347924909141 0
14.53422112910712 0.47523720422090671 0
14.637560691927201 0.4640591558078016 0
14.740328534375999 0.46349076204049372 0
14.84309637682475 0.46330998599807371 0
14.94586421927343 0.46461810434627182 0
15.047129998849879 0.45104611471404948 0
15.152210092187779 0.47114151834429752 0
15.254167746619659 0.47033347924909452 0
15.360361183816771 0.46968738822317002 0
15.4647396404322 0.4618163532286611 0
15.56247127396583 0.46319995626202393 0
15.662897166782709 0.45698765348047921 0
15.7645813641149 0.47076182039083342 0
15.87077480131212 0.46244743406591748 0
15.973542643760799 0.46380219077031848 0
16.079736080957829 0.4736144156097023 0
16.175979953642418 0.47697758290662351 0
16.281510787056931 0.46240269154262459 0
16.38427862950568 0.46193239147014709 0
16.48738185600444 0.46163287050166713 0
16.590149698453381 0.46300443626227228 0
16.69291754090192 0.46428441386205871 0
16.795745440259491 0.4718276280332907 0
16.898453225799479 0.46462576798179561 0
16.99825616686314 0.45656570872845559 0
17.109698235277332 0.46295702743031358 0
17.206735747385469 0.47184835227906041 0
17.30952459559435 0.46460562935052607 0
17.412292438043131 0.46283269910421387 0
17.51506028049188 0.46092069926127871 0
17.61823100046082 0.47124882842483512 0
17.716437861726408 0.45664060181665378 0
17.82678940258625 0.47355509944343138 0
17.92955724503539 0.47360336478060849 0
18.025473897987499 0.47049660161851442 0
18.133565768601919 0.45754061915742372 0
18.240254188187201 0.46448851184522272 0
18.337203020081809 0.47033347924909302 0
18.43654526778224 0.47361924697041308 0
18.542738704979151 0.46385376509095871 0
18.645506547428209 0.46018431524104902 0
18.748274389876709 0.46020531819281069 0
18.851042232325501 0.46205971012271491 0
18.9538100747742 0.4608807397055471 0
19.056577917222921 0.46174737715730529 0
19.159345759671741 0.4630281420194674 0
19.262113602120412 0.46422378178707591 0
19.364881444569122 0.46458841872645262 0
19.46764928701791 0.46141754848196909 0
19.573842724214781 0.47361652337886279 0
19.67033071305001 0.46745715317216979 0
19.779378409112429 0.47356447927991752 0
19.881578626005261 0.46433030368507838 0
19.981488499261619 0.47033347924909302 0
20.09364091759338 0.4639461450369054 0
20.18702418415905 0.47033347924909302 0
20.286366431859399 0.47202524957450842 0
20.39255986905653 0.4613252952065599 0
20.495327711505219 0.46472948778914908 0
20.598095553954021 0.4643495824351867 0
20.700863396402781 0.46297628253461492 0
20.80363123885159 0.4615036900276337 0
20.90639908130029 0.4608979932361395 0
21.00916692374906 0.46253519114675479 0
21.111934766197809 0.46488486530840711 0
21.214702608646331 0.46025791569126762 0
21.317470451095112 0.45972310448294668 0
21.42023829354385 0.46207239693471941 0
21.523006135992791 0.46086956427940362 0
21.625773978441401 0.46185983022528942 0
21.728541820890001 0.46308642368081732 0
21.83130966333897 0.46064112599137719 0
21.93407750578756 0.46035519733993252 0
22.036845348236149 0.46357300549246921 0
22.139613190685228 0.46317176630356421 0
22.242381033133871 0.46272409295495442 0
22.345148875582542 0.46070391120817539 0
22.447916718031291 0.46161588955478128 0
22.55068456047999 0.46128447834211261 0
22.653452402928639 0.46057792558388783 0
22.756220245377829 0.46309932576192159 0
22.858988087826031 0.46319046215850912 0
22.961755930274911 0.46324014270460317 0
23.064523772723671 0.46051995878577201 0
23.167291615172861 0.46113687063259562 0
23.268192434108521 0.45707396605944811 0
23.378858994417762 0.46369769957041812 0
23.47559514251866 0.47033347924909302 0
23.57493739021935 0.47361539479657683 0
23.681130827415959 0.4637083577558454 0
23.783898669864829 0.46027979575846739 0
23.886666512313631 0.46044352960828883 0
23.992859949511161 0.47361938610621301 0
24.089349162446229 0.46743613835222991 0
24.191544444910711 0.47167197358367557 0
24.300304732981161 0.44992015548080089 0
24.40058452278252 0.47457944258247248 0
24.503273567006161 0.46396447122287388 0
24.606041409454861 0.46366077954433332 0
24.712234846651612 0.47360845504637161 0
24.808151499603689 0.47044831260849501 0
1.252621540476538 0.061828068695600258 0
-1.3175230110748211 0.061828068695600258 0
9.3236641143561663 0.060835512207621789 0
10.967389636257749 0.067822578134552336 0
-2.243494621465163 0.060491315742971417 0
4.1825145812963456 0.056762182356090388 0
2.5239584549416949 0.054347571038403562 0
5.8947013672085831 0.055073260236441018 0
12.60554640678483 0.065299743238723701 0
7.6810743855883432 0.058925282645841938 0
7.4667698114733234 0.058500875339224753 0
12.89811983910815 0.055239439236157942 0
-2.0292733472520599 0.06123782594722741 0
6.1091027893747292 0.055561834800707872 0
-2.457390253882719 0.058914867233987173 0
2.2582739308391981 0.057186390085440089 0
9.0380460413773225 0.060017329008263828 0
11.32466627633878 0.069456415039164096 0
4.535463434242673 0.050961740659068069 0
3.8224734081104188 0.062824239758573402 0
10.606751426258381 0.063223133659167402 0
9.7483771414607805 0.061828068696226382 0
2.9657924795071948 0.061536440365497408 0
5.6809518898154963 0.057743418276945513 0
5.3956087357489526 0.054690859552373058 0
12.176016322648641 0.061733560761034312 0
1.466800253105818 0.061828068695601028 0
-1.8150501299970421 0.061983625733155197 0
8.1096873642236869 0.059777056652030938 0
13.311025745808561 0.062763134853262736 0
6.9690127082834472 0.058889444571534777 0
-1.6008269143909359 0.062729114415535372 0
6.53791441914586 0.056538489573256127 0
1.8153633854785201 0.063043183991208798 0
11.75259598639664 0.070713711918182792 0
8.6096189312471889 0.058789916997450932 0
4.9641804673658356 0.051943163875875151 0
3.393699152402442 0.061964622561830843 0
10.17673456672369 0.061828068696226382 0
7.8953802447143708 0.059350686460283623 0
7.2524665476435324 0.059897935207484057 0
2.7624525172781529 0.064241871101418158 0
12.395104912987881 0.072432534142748931 0
6.3235071505833798 0.056050238825773931 0
9.5378776688707543 0.061449104057338111 0
8.8238324864143642 0.059403644179122778 0
13.10890216382464 0.051594046840931128 0
2.0379434867838939 0.061828068695600258 0
8.3239932114730628 0.060202703629620262 0
4.7498200034563114 0.051452349109581089 0
10.39671703142935 0.06494477132855915 0
6.7523245657944511 0.057026603370443921 0
11.534026994732059 0.062753016527665878 0
3.6081863096408249 0.062374823129520147 0
9.9625558540922441 0.061828068696227909 0
5.1800516498615616 0.053443207080582061 0
11.967657818119649 0.071946245316107577 0
3.1802299541400521 0.061828068695600258 0
-2.6703494632565161 0.080357710392060105 0
-2.9336742624127168 0.076106233784250271 0
13.53272514136455 0.062332544184117288 0
-3.1121582401643422 0.079397755589018626 0
13.762357825609181 0.067570537308805717 0
-3.303487049155974 0.08506216335334621 0
14.018115938213169 0.07258914151675816 0
14.204666466145889 0.082137421882682013 0
-3.5068764139588962 0.08428156036816177 0
14.404820223070329 0.088215843527822607 0
-9.88349210109347 0.4705849539702916 0
14.61994534072219 0.095384067688800894 0
11.172926115562451 0.062777863180108487 0
12.74984616825499 0.065166215187365789 0
10.7535753844839 0.065831320273541036 0
8.4668098943518224 0.059495475543561577 0
9.1808550779093956 0.060426429459502932 0
7.1101115684773406 0.06003734295146386 0
1.680978965735096 0.061828068695598717 0
4.3238014124721644 0.055942726689946001 0
4.0380710388445804 0.064735933085308228 0
-1.458011438457754 0.063225940215999102 0
2.3949080078326959 0.061828068695600258 0
5.5392058856107713 0.058277373906768383 0
-3.728643093417205 0.1104893524543486 0
1.4395352550000879 0.48608050804530711 0
-1.421957640150072 0.48755231043400049 0
1.372391532236255 0.48711481944148732 0
-1.353308012854795 0.49098329158723919 0
1.30172219886674 0.4957176376451462 0
-1.28456108615957 0.49758963294168201 0
1.2331913579327101 0.50404623494372547 0
-1.216034300476285 0.50594211083056917 0
1.166547353842001 0.51174644928615476 0
-1.147982707253957 0.51727818911702106 0
1.0959337557760569 0.52952581781821684 0
-1.0802698185156809 0.53013987869315893 0
1.0297092356133599 0.5407097927189729 0
-1.012901405682028 0.54440204194253428 0
14.850734851488969 0.098688526260983817 0
-1.489359355102102 0.48279555251734563 0
0.94589651330306956 0.56309184629478981 0
-0.92916070446053611 0.56392017900247526 0
0.86241179350730879 0.58134179396032337 0
-0.84626657038983355 0.58541360520679153 0
0.7783640313632223 0.60473075393724607 0
-0.76282296166429453 0.60630134173921879 0
-3.273318755421474 0.48512510930247521 0
-2.5879781736181631 0.4851619411478304 0
-2.656512231798537 0.48512507880012751 0
11.785348231765809 0.48461470993520789 0
5.3469470142542868 0.48275350849552973 0
5.4154547972969169 0.48753839956547412 0
9.7985032777421281 0.48516673962443568 0
7.4005869539317066 0.48516673962454648 0
7.3324481320146893 0.48605714136420919 0
-3.340062052270266 0.48275964254010428 0
-2.1082397663535661 0.48516194114777189 0
7.7431464287608662 0.48516673962454648 0
9.3891447053182358 0.48753569103920052 0
5.7562630476320216 0.48556956981136101 0
11.375989659342149 0.48753422507126121 0
-2.0397057081728809 0.48516194114777189 0
-1.971171649992201 0.48516194114777189 0
-3.1362506390608189 0.48516194114784927 0
-3.2047846972411338 0.48516194114784938 0
12.12619490922317 0.48753322429182178 0
13.29432281675647 0.48275416191223741 0
10.13934995519943 0.48753163551217638 0
10.209574647540229 0.48512473398841388 0
1.8511234616998491 0.48516673962454798 0
-2.7232542765290622 0.48275985069138122 0
-1.559967300908101 0.48469705436487259 0
8.222729693521579 0.48516673962454648 0
-2.519444115437639 0.48516194114779121 0
10.963205492169971 0.48461012558681249 0
12.53897907639594 0.48461048009255181 0
12.60749097136206 0.48516673962443568 0
4.5915992603328588 0.48516673962454648 0
4.5233303641744547 0.48785421070528701 0
4.2490397855037889 0.48463737889817521 0
4.1805278905379213 0.48516673962454648 0
12.9500504461937 0.48461172691265819 0
-2.1784871759887681 0.48757130822529482 0
10.552134122371999 0.48516673962443418 0
6.5784442143417641 0.48516673962454648 0
6.509932319375987 0.48516673962454648 0
2.1935776652627541 0.48577249107403642 0
-3.0681731380768529 0.47948335307815221 0
8.6320803877468748 0.4827542616320149 0
8.5652891683507999 0.48512267613223309 0
8.4984981089656131 0.48275424991512678 0
6.6469561093075651 0.48463879350852768 0
-2.8645134538632631 0.48456201015117328 0
-2.7935803481591992 0.48469499847152642 0
-1.627950887683006 0.48639009665342398 0
4.1120159955721034 0.48516673962454648 0
12.46879292924924 0.4846772716067187 0
-2.4509100572569751 0.48465221601009267 0
6.0971481522068496 0.48754875398771652 0
6.1673728445468274 0.48516673962454648 0
2.604754306323934 0.48516673962454648 0
-3.478920929962428 0.48516194114784927 0
-3.4103868717821029 0.4846565314487995 0
-2.2453078827149362 0.48516194114777189 0
9.0431483924774518 0.48275363477914351 0
8.9763627167913569 0.48562226433289302 0
8.1542177985557345 0.48516673962454648 0
1.712386874394056 0.48754913108205339 0
1.7808987693598839 0.48753128213993713 0
6.9895155841367709 0.48516673962454648 0
-1.834103533630834 0.48516194114777189 0
-1.902637591811511 0.48516194114777189 0
-2.9991825227001638 0.48464897514330252 0
13.43134650833103 0.48754922746777329 0
13.36112181599103 0.48516673962454648 0
3.699231828402985 0.48754923679995732 0
3.7677437233688149 0.48753288693206559 0
5.0026706301278283 0.48516673962454648 0
5.0728953224677804 0.48754924245391512 0
12.057683014257419 0.48754924967531732 0
-2.9306484645198418 0.4846477678722011 0
-1.765569475450149 0.48468538794674793 0
-1.6952558487351861 0.48275753469197458 0
5.6895143143385596 0.48275275885488211 0
3.084337571084701 0.48516673962454648 0
3.0175384734930182 0.48753454844454558 0
9.729991382775772 0.48516673962443502 0
9.6614794878095225 0.4846630664617172 0
-2.3155552923501328 0.48756170553961148 0
-2.3823759990762898 0.48512320207349408 0
3.356672353573865 0.48753828694750778 0
5.4822538948885757 0.48516673962454648 0
-9.9146583904716845 0.31777856045655828 0
11.650698898507621 0.48451343122998708 0
11.716836336799609 0.48512286479700317 0
0.69546385564829816 0.62640564877042682 0
3.428308619069973 0.48258647825033307 0
3.495408940879658 0.48463935380578232 0
7.2652854692352822 0.48275059287069533 0
7.8116583237266566 0.48516673962454648 0
9.3189200129776957 0.48512356435880433 0
9.252129356442321 0.48275002803533412 0
2.8786562499204069 0.48582536433242601 0
2.9490282264908321 0.48275403239191089 0
5.8933252646836234 0.4849399778778814 0
5.8230990266065312 0.48275404375649328 0
11.30576496700165 0.48516673962443502 0
12.26493149653032 0.48516673962443418 0
12.19641960156417 0.48516673962443418 0
4.934158735161982 0.48516673962454648 0
4.8639340428220272 0.48754703076425482 0
3.8379684157087959 0.48516673962454648 0
10.278086542506459 0.48516673962443418 0
6.9210036891709246 0.48516673962454648 0
-0.67993954163026871 0.62794038627396553 0
8.2912415884874253 0.48516673962454648 0
8.909563420466732 0.48275431040378419 0
2.5362424113581041 0.48516673962454648 0
6.2373120706577687 0.48278659019031561 0
10.89469359720357 0.48516673962443568 0
12.674575535183299 0.48308258303947432 0
4.4545754704012346 0.48516673962454648 0
4.3175516804695437 0.48516673962454648 0
12.813030677822891 0.48561260682851332 0
12.87982575385327 0.48754668813456892 0
13.495989863072239 0.482158243681578 0
10.6206460173383 0.48516673962443418 0
6.4397076270359852 0.48754338012445769 0
2.3305983939316581 0.48576362395010902 0
2.262194831494809 0.48516673962454648 0
8.4282653784191162 0.48516673962454648 0
2.1268927833687248 0.48275416383278019 0
6.7154680042733874 0.48516673962454648 0
10.481909430031459 0.48754813541850878 0
10.41511033243922 0.48516673962443568 0
13.01856234116036 0.48516673962443418 0
13.087074236126369 0.48516673962446272 0
4.6618239526728473 0.48754846779812772 0
4.7286230502645132 0.48516673962454648 0
11.03171738713637 0.48516673962443418 0
11.1002292821026 0.48516673962443568 0
2.673266201289759 0.48516673962454487 0
8.0171940086240827 0.48512612446791492 0
8.0839931062158765 0.48754899514926331 0
1.645587776802377 0.48462302816880232 0
7.1248466464072147 0.48274014882067567 0
7.058027479102547 0.48512488280119709 0
10.07255085760745 0.48516673962443418 0
3.632432730811296 0.48462206039534378 0
5.1411217512045777 0.48278798300935472 0
11.989759992451541 0.48627398577226078 0
11.51130065190068 0.48516673962443418 0
11.44278875693454 0.48516673962443418 0
5.6192776848202604 0.48516673962454648 0
-3.9706934902493511 0.1054007222185718 0
9.4559438029104559 0.48516673962443418 0
7.6061226388292011 0.48516673962454648 0
7.6729217364208271 0.48754922037143061 0
0.61255447255759699 0.64767897804504981 0
7.4690988488975529 0.48516673962454648 0
3.2898732559821839 0.48516673962454648 0
11.581485861715381 0.48273472572388398 0
11.85386012673256 0.48516673962443568 0
11.92237202169858 0.48516673962443418 0
5.275005412616971 0.48754869184242372 0
5.2082063150252909 0.48461644836868639 0
3.563920835845483 0.48516673962454798 0
9.8670151727084345 0.4846391042675674 0
9.9355270676747942 0.48516673962443502 0
7.1950552439374453 0.48561701717303613 0
1.5085639868707259 0.48516673962454948 0
-0.59691681534677199 0.64858830556005564 0
7.8799257313244846 0.48785208230074001 0
2.8102899912214112 0.48516673962454648 0
11.2355402746611 0.48754746391578141 0
12.33342701334136 0.4838238153376645 0
3.9064803106746142 0.48516673962454648 0
3.9749922056404352 0.48516673962454648 0
13.1555861310929 0.48516673962446272 0
13.224098026058879 0.48516673962446272 0
6.850778996830944 0.48754641056045939 0
1.919719338230387 0.4857375415972473 0
1.988135907171058 0.48382405155946973 0
8.359973250717843 0.48781150338392371 0
8.8376239508399248 0.48808240316836821 0
2.3992186214264559 0.48516673962454648 0
2.4677305163922769 0.48516673962454648 0
6.3043966344785156 0.48463588131501961 0
10.757669807270929 0.48516673962443568 0
10.82789517664134 0.48274680464339242 0
24.930232608675091 0.2984054703811419 0
12.74605835074285 0.48321463885379168 0
4.3843507780612248 0.48751222045085119 0
10.689153756791979 0.48561285612680699 0
6.3720980038286212 0.48732257144809221 0
8.769201440087798 0.48272556607093697 0
8.7023085991409186 0.48561326965967128 0
2.0565312589824449 0.48580398672899883 0
6.7839798992392328 0.48516673962454648 0
10.34659843747289 0.48416362961288639 0
4.0435041006062606 0.48516673962454798 0
4.7985622763754554 0.48279854965285479 0
12.401895586622301 0.48570690694425428 0
11.17045397444315 0.48752032444833948 0
6.0303490546151979 0.48462457764910633 0
5.9618371596493542 0.48461411293625611 0
2.7417780962555822 0.48516673962454648 0
9.1818962230449976 0.48516673962443418 0
9.1133843280786504 0.48512255476862698 0
7.9470211582515491 0.4827314760952815 0
1.57536308446241 0.48752327542032942 0
10.00232616526687 0.48753666734058809 0
5.5508192184637686 0.4855330076688793 0
3.152855941616846 0.48563458135661508 0
3.2197189671697419 0.4846442288444831 0
9.592967592843042 0.48516673962443418 0
9.5244556978768102 0.48470760330399332 0
7.5375797193080976 0.48620420320258018 0
15.093237075102801 0.1095227623594003 0
-4.226667159001531 0.1128200539023612 0
13.71290970281837 0.4766592201096238 0
24.883514584066429 0.47360095401288738 0
13.850605216564229 0.45779804638859678 0
15.36269227423962 0.1168143471218638 0
-4.5030392218787476 0.1212785524658416 0
19.931103801055631 0.1236561373924558 0
17.36094810361179 0.1236728680578085 0
-6.6345403489879571 0.12580422084850329 0
-9.2146891995552735 0.1236728680571955 0
-4.7883179926746564 0.1236561373915151 0
-7.3571969728652764 0.12476607574570731 0
22.501245978128178 0.12587630244106959 0
23.217346765114819 0.1299924704275309 0
18.080174864475069 0.13361274839973869 0
19.21718590481721 0.1236728680577375 0
20.645021697294109 0.12367286805776211 0
16.647041353239828 0.1236728680577391 0
24.357463862105611 0.1236561373924558 0
-5.9306156059002664 0.1236728680570872 0
-5.5022548393545616 0.12586639073148401 0
-8.0699567985943297 0.12706567034775981 0
-8.5007490115901909 0.1236561373912021 0
23.929106436842751 0.1236561373924558 0
21.78858243316758 0.12474653804767551 0
21.358961885265401 0.1236561373924558 0
15.94366841045751 0.12678197095228741 0
18.788815824528569 0.12587046751473041 0
18.5032345709796 0.1236728680577607 0
16.219964513437152 0.1158209945412037 0
21.07339026842342 0.1236561373924543 0
-5.2166865638008586 0.12367286805708599 0
23.643523674134489 0.1236728680577705 0
-7.7868199694921447 0.123656137391412 0
-8.7863206284292001 0.1236561373912021 0
-6.2112488719011054 0.13824061543742211 0
22.072879781503691 0.123672868057756 0
16.934937437558691 0.1305090861857541 0
20.364327087838991 0.13791903901529029 0
24.643046624813909 0.12367286805769059 0
19.49785106542312 0.13808002981460771 0
-7.0729020732593364 0.12367286805708951 0
-9.4953693775788572 0.13778266595927169 0
22.786808823608489 0.123672868057882 0
17.789316674741158 0.12365613739245281 0
15.640234309389839 0.13557907097881511 0
24.958614916019521 0.44778082015108012 0
-9.9485994563648212 0.47032388229569932 0
-9.7908769035101244 0.1223292015973885 0
-2.8436122962697081 0.074194009708304282 0
-2.8903729214781899 0.1492634513693972 0
-2.8033891973229181 0.14750005851585449 0
-2.8451396493430079 0.22018900954880979 0
-2.7620768866141718 0.22090881337524229 0
-2.936166112182248 0.229189713678529 0
-2.8030048967507701 0.29132821000909132 0
-2.7236563540879688 0.29251745934321799 0
-2.6819802788809661 0.22255946469507079 0
-2.644979351223768 0.29219156105519728 0
-2.6044300183392219 0.2243222117844981 0
-2.5676757463926201 0.29085129961501011 0
-2.5291252267042408 0.22610367265852949 0
-2.4937233176295348 0.2904320781335048 0
-2.4562726145825118 0.22723662141553919 0
-2.4213055791477762 0.29170381956452829 0
-2.3843208591978811 0.2277352928586287 0
-2.349373768964603 0.29108044893567031 0
-2.3129466816999349 0.228438946525092 0
-2.2776621427697141 0.28983511291429997 0
-2.2414633377729798 0.22872554072067661 0
-2.2061786963747538 0.29000117679517029 0
-2.1700372906782688 0.22907699789654351 0
-2.134747619544568 0.29115614055772232 0
-2.0986098416586492 0.22965418382476471 0
-2.0633199355302319 0.2917709450242259 0
-2.0271827222009211 0.23017896300629509 0
-1.9923054331541259 0.29204501492547341 0
-1.9558245211221481 0.23063821829738829 0
-1.920958718321462 0.29249334965271118 0
-1.8844224375425751 0.23111559716671951 0
-1.8484396395820351 0.29479352370556028 0
-1.812817646227858 0.23190463651961959 0
-1.776801063644738 0.29563450647231238 0
-1.741325820757601 0.2325024207386828 0
-1.705537714211292 0.29490603518053532 0
-1.6699153606786901 0.23280675342570731 0
-1.6341408150309411 0.29516145927888721 0
-1.598496203207187 0.2332261600890812 0
-1.563207679169603 0.29531662492188099 0
-1.5271528900567539 0.23364803600595421 0
-1.492415755244481 0.29604185320914372 0
-1.455845752949203 0.234165333905787 0
-1.4211146474774079 0.29657505477280272 0
-1.384459781208474 0.23466653101551219 0
-1.349793836014241 0.29839406581703942 0
-1.313057386412865 0.23537934624031631 0
-1.2776238561876601 0.29718689998883929 0
-1.241510726380874 0.23562306833889371 0
-1.2062009519165391 0.29768425241089252 0
-1.170064534735396 0.2360726946248082 0
-1.134771505002147 0.29816819606136369 0
-1.098633997380458 0.23655440348001541 0
-1.0633435766956321 0.29865525201145288 0
-1.0994802495450391 0.36026733377495818 0
-1.0293160725898149 0.36165523615923689 0
-0.99212679213832122 0.2992935117190374 0
-0.95813464807609949 0.36231904370702389 0
-0.92077582636485744 0.29983663679407602 0
-0.88547597170627967 0.36193482430507762 0
-0.8491562884126842 0.30018923493873451 0
-0.81377266397528258 0.36222401696981682 0
-0.77765121653719638 0.30062231393944377 0
-0.74234837343227844 0.36271505749513172 0
-0.70621172520582154 0.3011024477262576 0
-0.67091887119040461 0.36320235856724592 0
-0.63478229534865427 0.30158980073522201 0
-0.59949205924678983 0.36369158995895218 0
-0.56335499078689799 0.30207867866781007 0
-0.52806507840552652 0.36418070016467502 0
-0.4919280122914354 0.3025677905566716 0
-0.4566381847498549 0.36466987292705122 0
-0.49277526500391111 0.42628279268064051 0
-0.42134836868749342 0.42677196353390101 0
-0.38521128616546779 0.36515904215301798 0
-0.34992147176290522 0.4272611339507924 0
-0.3137843893190127 0.36564821262597069 0
-0.27849457538560007 0.42775030476036557 0
-0.2423574928534265 0.36613738337220131 0
-0.2070676789780273 0.42823947554822162 0
-0.17093059644627401 0.36662655416035911 0
-0.13563721201395729 0.42820728471724129 0
-0.099503104956110949 0.36702883135236519 0
-0.064209621343292375 0.42859507964322208 0
-0.028075993667680311 0.36748662390450632 0
0.0072138560060613834 0.42958348638543248 0
0.0433503687002431 0.36805377098604131 0
0.078640093553900295 0.43016885922186648 0
0.1147770662811628 0.36857197150484539 0
0.15006684700365269 0.43067890198021602 0
0.18620390571456749 0.36906945925018081 0
0.2214937100791381 0.43117293759663999 0
0.25763078706100861 0.36956082700961762 0
0.29292059841108509 0.4316632853584268 0
0.32905767960236593 0.37005056012896498 0
0.36434749281826168 0.43215274603775911 0
0.4004845750220809 0.37053987296122148 0
0.43576790682227329 0.43358845102820037 0
0.47191039085432812 0.37118682313081452 0
0.50719354272327588 0.43426167408734961 0
0.54333689707149557 0.3717329658680818 0
-0.026878243727885671 0.48639444405914578 0
0.113929720449472 0.49229825093176921 0
0.57862818133880145 0.43362035433408519 0
0.61476501880523715 0.37204321689789238 0
-0.16204332429346599 0.48957107377097048 0
0.25160377676487578 0.49523491050074991 0
0.65025988795110623 0.43429268118956671 0
0.68622625445787089 0.37253309374458438 0
-0.3157882794724412 0.48890733201527348 0
-0.63562905733266151 0.42530445075593448 0
0.39625130973880462 0.50767311290160744 0
0.50804812851600656 0.3094782425411774 0
0.29376786552072071 0.3079485006336945 0
0.72152179152564644 0.43463530360793579 0
0.75763137525735935 0.37299795748790421 0
0.72233697826578569 0.31089179451087268 0
0.79375948153709452 0.31137623566896427 0
0.82904781744879197 0.37347679837165559 0
0.86518390337584405 0.31186289654174759 0
0.90177893961190325 0.37495172380883779 0
0.93682775830444687 0.31251594145921813 0
0.97345936672214806 0.37563249940042293 0
1.008333069572547 0.31306435874320399 0
0.079487234122181227 0.30647255159498182 0
-0.13479341472666201 0.30499915050119281 0
-0.34907420319188981 0.30354612044814078 0
-0.45748545085475251 0.48838488466023522 0
1.043635952576234 0.37517632534610451 0
1.0795646500212051 0.31340584648062492 0
-0.7784605885217819 0.42431352372253112 0
0.54430074775748327 0.49767471389118428 0
1.11482191122165 0.37548332482576441 0
1.150918837465176 0.31384004154928108 0
1.1853934784190661 0.38714104389704312 0
1.2221910608337001 0.3161814744384131 0
1.1156223308922379 0.25173288904617469 0
0.90135656713967816 0.25027670577725541 0
-1.2423340423299181 0.35928899217752819 0
0.8643357669085584 0.43557703752894411 0
-0.92306291430974485 0.42423817671111153 0
0.75846817163685787 0.24927267674211481 0
0.68704102590400318 0.2487832614870403 0
1.256200571778787 0.37743878133032382 0
1.2934888778833671 0.31528078335795812 0
-0.59864480699044176 0.23997658816226031 0
-0.81294363624437438 0.23852209147735551 0
-2.461694131854514 0.35652095911813131 0
-2.3121819528191239 0.35270036824952472 0
-2.1704701714169619 0.35170284782303562 0
-2.029358970430462 0.35344457273856378 0
-1.88604726879708 0.35569786770790862 0
-1.3902335114577129 0.37127173627250831 0
-0.95583835161413755 0.2375727821921772 0
-1.737963898363966 0.35817140912734913 0
1.3226097753970869 0.37777668721193602 0
1.3624842599685709 0.31774233360498422 0
1.329391065404709 0.25367410213244262 0
1.4007788126282561 0.25416431295856629 0
1.4344883826701 0.31849581239951358 0
1.4722953885440619 0.25469770842781803 0
1.5076680559661839 0.31676858292715138 0
1.544029361007669 0.2548248499597755 0
1.5794519995099019 0.31675373193742401 0
1.6155669446038481 0.25516967891595599 0
1.649225087722836 0.31829848335970728 0
1.686736654166993 0.25581072284484252 0
1.7203334849471421 0.3189888964507116 0
1.758067602893195 0.25635874621396731 0
1.7915614192146769 0.31992215884624331 0
1.8294453476537771 0.25693174104055322 0
1.8629469633143221 0.32049931558240569 0
1.900857160058774 0.25744954683348747 0
1.934353534586069 0.32088270767991128 0
1.97227815493319 0.25792586034770387 0
2.005776059872054 0.32135210581434098 0
2.0437033392215489 0.25840959282162063 0
2.0771328639418152 0.32196195051383508 0
2.1151182682095291 0.25891796954966401 0
2.148546083713065 0.32247443461756642 0
2.1865408905976942 0.25941422688743537 0
2.219912266505442 0.32302131440181769 0
2.2579569557227441 0.25991419694024892 0
2.291327238753305 0.32352190324047209 0
2.3293800595465219 0.26040707062130197 0
2.362690477370863 0.32408431348960509 0
2.4007957142150391 0.26090906514214318 0
2.4341048905135039 0.32458782815041021 0
2.47221865644519 0.26140276387155897 0
2.5054716279867248 0.32513881534972061 0
2.543634867324045 0.26190299205882001 0
2.5768867169736969 0.32564013177995738 0
2.615058014896642 0.26239603002754752 0
2.6482485039257471 0.32621620718689093 0
2.6864734349123771 0.26290032945597003 0
2.719662636015336 0.32672238352526128 0
2.7578962911915581 0.26339485594958129 0
2.7910324804096209 0.32726929402742633 0
2.8293130055654272 0.26389454264802159 0
2.862448171132606 0.32776984076000559 0
2.9007363373431971 0.26438736208567021 0
2.9381701116754662 0.32801814815176777 0
2.9728784803249302 0.26483699708972042 0
3.0104320565245239 0.32846058575021531 0
3.0445637592250181 0.26531178972261421 0
3.0798966368340319 0.32741148555033128 0
3.1157066666882418 0.26554218566058929 0
3.1509491490577801 0.32760114870582308 0
3.18702383423103 0.26593830937531049 0
3.2222832407253681 0.32801498347562308 0
3.2584169750277181 0.26639941632187369 0
3.2936975129284378 0.32849383110658242 0
3.3298361414559681 0.26688218928393309 0
3.365124666986349 0.3289832151665163 0
3.4012617924652861 0.2673703293200686 0
3.436551353185699 0.32947221199532639 0
3.47268844626169 0.26785929933003272 0
3.5079782146636269 0.3299613538964366 0
3.544115296402373 0.26834843184767898 0
3.579405098498202 0.33045051430140671 0
3.61554218299321 0.26883759453391309 0
3.6508319952173638 0.33093968537052121 0
3.6869690778065012 0.26932676402560862 0
3.7222588913432748 0.33142885594863031 0
3.7583959738913228 0.26981593456971381 0
3.7936857876914432 0.33191802671069232 0
3.8298228702251098 0.27030510531987451 0
3.865112684067959 0.332407197496213 0
3.901249766605122 0.27079427610828488 0
3.9365395804608152 0.33289636829525288 0
3.972676662995561 0.27128344690532502 0
4.007966476852916 0.33338553909366958 0
4.0441035593876098 0.27177261770369687 0
4.0793933732453027 0.33387470989231749 0
4.1155304557799726 0.27226178850232979 0
4.1508202696377321 0.33436388069099737 0
4.186957352172394 0.27275095930100451 0
4.2222471660301668 0.3348530514896797 0
4.2583842485648287 0.27324013009968662 0
4.293674062422606 0.3353422222883643 0
4.3298111449572696 0.27372930089837028 0
4.3651009588150407 0.33583139308705079 0
4.4012380413497123 0.2742184716970632 0
4.4365278552074763 0.33632056388574388 0
4.4726649377421568 0.27470764249575069 0
4.5079547515999163 0.33680973468443359 0
4.5440918341345897 0.27519681329444828 0
4.5793816479923546 0.33729890548312241 0
4.6155187305270289 0.2756859840931446 0
4.6508085443847946 0.33778807628181662 0
4.6869456269194663 0.27617515489182942 0
4.7222354407772391 0.33827724708050633 0
4.7583725233119063 0.27666432569051708 0
4.7936623371696756 0.33876641787919343 0
4.8297994197043472 0.27715349648920912 0
4.8650892335621077 0.33925558867788658 0
4.9012263160967873 0.27764266728789611 0
4.9365161299545459 0.3397447594765784 0
4.9726532124892282 0.2781318380865882 0
5.007943026346986 0.34023393027526899 0
5.0440801088816656 0.27862100888528651 0
5.0793699227394242 0.34072310107396642 0
5.1155070052741074 0.27911017968398738 0
5.1507968191318607 0.34121227187266828 0
5.1869339016665492 0.27959935048269352 0
5.2222237155242981 0.34170144267137548 0
5.2583607980589866 0.28008852128139983 0
5.2936506119167372 0.34219061347008028 0
5.3297876944514284 0.28057769208009992 0
5.3650775083091746 0.34267978426878221 0
5.4012145908438676 0.28106686287880489 0
5.4365044047016138 0.34316895506748929 0
5.4726414872363103 0.2815560336775122 0
5.5079313010940618 0.34365812586620109 0
5.5440683836287414 0.28204520447621467 0
5.5793581974865107 0.34414729666490029 0
5.6154952800211806 0.28253437527491138 0
5.6507850938789446 0.3446364674635839 0
5.6869221764136171 0.28302354607360208 0
5.7222119902713757 0.34512563826227449 0
5.7583490728060536 0.28351271687229102 0
5.7936388866638078 0.34561480906097442 0
5.8297759691984901 0.28400188767097878 0
5.8652606475341651 0.35786704586198681 0
5.9012353430039139 0.28645156947004119 0
5.9365232093241369 0.34887609646231438 0
5.9726324955357226 0.28516433037222499 0
6.0079177593060624 0.34748917891183401 0
6.0440568112120161 0.28556789316011733 0
6.0793461949504346 0.34765571734698109 0
6.1154835493691522 0.28596649803943752 0
6.1503288609744002 0.3595742634644426 0
6.1868363656522281 0.28836799626164589 0
6.2217415782643304 0.36162272059867129 0
6.2582485521760249 0.2894357693534878 0
6.2936877052359792 0.35154803937572049 0
6.3297630182604259 0.28764334914107847 0
6.365215735006938 0.34989630300227381 0
6.4012178822577468 0.28801281963222108 0
6.4360706795891911 0.36146928582273519 0
6.4725541146159724 0.29032934238328267 0
6.507945850263618 0.36364957485264859 0
6.5440406127163753 0.29140492487922748 0
6.5804142424186702 0.35397009730870782 0
6.6156510253539071 0.29029705623702701 0
6.6518751117813979 0.35215737814924958 0
6.6871141699489156 0.29013640546922681 0
6.7228678770940249 0.35220897476327401 0
6.7584747525284827 0.29044434364272498 0
6.7939879931115366 0.35253299981305253 0
6.8298394665562796 0.29087578471239067 0
6.8659764048239467 0.35282436336612749 0
6.9013495851079369 0.29132236601528999 0
6.9362187146585619 0.36475931330672873 0
6.972592920767271 0.29371206842165731 0
7.0075463355708472 0.35595155541444667 0
7.044033207869953 0.29231779124849921 0
7.0783680282241592 0.35457518815931871 0
7.1153009386784767 0.29283284616752991 0
7.1507499181201668 0.35490905423584951 0
7.1868604730575329 0.29330044686591911 0
7.2221768145126033 0.3553982250345426 0
7.25830947578108 0.29378602264790732 0
7.2880110214541087 0.36753825847324251 0
7.3288079416535332 0.29621640471715821 0
7.3589078870301181 0.35925230383985512 0
7.3999917611565742 0.2955665898222497 0
7.4317413750230452 0.36878053756494661 0
7.4725945862246004 0.29525281604065751 0
7.5065083787718621 0.35852376770795608 0
7.5437921457319721 0.29593679675246348 0
7.5770296714450573 0.3575091815926924 0
7.6150298853570302 0.29620780971770883 0
7.6500190977182534 0.36942548015331839 0
7.686685677268362 0.29856514217116809 0
7.7234219464574316 0.37119140062510481 0
7.7584800483050644 0.29957846485785711 0
7.7943781440580411 0.36095939488446432 0
7.8297708925532401 0.2978729363591664 0
7.8645169294693718 0.35922441940509758 0
7.9010792765444586 0.29812082808417067 0
7.7944758711419269 0.2360204498367712 0
7.5801585651517636 0.23412906544939541 0
7.934117757828326 0.35953430565423972 0
7.972182076197786 0.29853990494567401 0
8.0018221879359146 0.36248913700812452 0
8.0417855659356139 0.30170494032718831 0
8.0082824474726575 0.23746436544353289 0
8.0797032253217758 0.23804309989021799 0
8.1138430399383505 0.3024367228333778 0
8.1512341982253744 0.23858763324817411 0
8.1870093933789061 0.3004329892608667 0
8.2229683502110582 0.2386705470782001 0
8.2587774085449013 0.30043896650294011 0
8.2945033089979887 0.23901147612270049 0
8.3306498094343286 0.30163453112887562 0
8.3660224665390022 0.23959367226697861 0
8.4021663334343657 0.30225693845642609 0
8.4374796777241254 0.24012055337816651 0
8.4736677053813452 0.30281607049034998 0
8.5089240391744134 0.24062766943484881 0
8.5451099252091858 0.30331989237127799 0
8.5803564003157167 0.24112227295691871 0
8.616603404871654 0.30384630851193739 0
8.6517953047113103 0.2416185567665477 0
8.6880433998096027 0.30434287236949831 0
8.7232263855285375 0.24211014524360319 0
8.75953225826429 0.30491007495189981 0
8.7946643063355054 0.24261272428603589 0
8.830971319069512 0.3054144857552491 0
8.8660950675325054 0.243106669792887 0
8.9024416487471818 0.30591588664288349 0
8.9375298469399311 0.24359867472454291 0
8.9738770978563274 0.3064075681453336 0
9.0089594826209964 0.24408873632946379 0
9.0453621488502396 0.30698680032896603 0
9.0803965279950916 0.2445930658267759 0
9.1168004291731997 0.30749350780833828 0
9.1518270132061961 0.24508768585541951 0
9.1882621058881249 0.30794403424936051 0
9.2232603044554757 0.2455713241328818 0
9.2596958648104657 0.30842584223494962 0
9.2946894104123849 0.24605834570922891 0
9.3312098791527269 0.30907304398807339 0
9.3661311947238914 0.24657349679665941 0
9.4026537765232892 0.30959288332736667 0
9.4375634059325311 0.24707210906697011 0
9.4741089657735422 0.30996562194965799 0
9.5089959036039637 0.24754344808162301 0
9.5455415111887962 0.31043241542167832 0
9.5804246750466788 0.24802591736194929 0
9.6170689290068427 0.31125602290800519 0
9.6518686375184437 0.248569710688893 0
9.6885154233167725 0.31181003690941489 0
9.7233016445770328 0.2490787924428266 0
9.7599172422720777 0.31191587901509382 0
9.7947253798409761 0.2495073936186458 0
9.8313394322369163 0.3123310667612143 0
9.8661509649740822 0.24997413897148291 0
9.9024553683567227 0.31308503882045419 0
9.9375258161111972 0.25050370573934772 0
9.9725359599599397 0.31237379399756071 0
10.00871965416286 0.25079953992938081 0
10.04542316132054 0.3139400281905983 0
10.080351091659839 0.25143599852575638 0
10.117184984277181 0.31468167852221818 0
10.15186789933038 0.2519917972128749 0
10.188682686976691 0.31522403389114878 0
10.22332158198701 0.2525009367546735 0
10.26017544972375 0.31577880909011352 0
10.2947639204826 0.25300436974397711 0
10.331615897525801 0.31628129098731289 0
10.366195649127169 0.25349813609087091 0
10.403103553860401 0.31684611597605788 0
10.437633477551991 0.25400068184597491 0
10.47454239891526 0.31735012496585979 0
10.50906418739357 0.25449455483595268 0
10.546029959890189 0.31790806466898031 0
10.580501091458549 0.25510382807739268 0
10.61746863499182 0.31842871402552042 0
10.651931618914601 0.25561826237619062 0
10.68894683924629 0.31896563534084948 0
10.723368410460701 0.25601174491754081 0
10.760383936141309 0.31944681651612949 0
10.79479865612919 0.25648363606949309 0
10.83186986906612 0.31998931100507388 0
10.866235950156399 0.25697881420882829 0
10.903308337819739 0.32048837030898542 0
10.93766650821483 0.25747063431518591 0
10.97479043148318 0.32105909416432837 0
11.009103214430111 0.25797383884136299 0
11.046228162391269 0.3215641960937779 0
11.078140338929639 0.25982795841215822 0
11.11730288642241 0.32227453465090289 0
11.152584313650371 0.25113123256101361 0
11.189173933809361 0.32126958396771788 0
11.226447601254129 0.25965527837730251 0
11.26119118579882 0.32313625059682299 0
11.295438579369071 0.25998859438719579 0
11.332310488411171 0.32382902823581078 0
11.36640822375189 0.26048572386116359 0
11.40355916640628 0.32392696906303953 0
11.43772920840987 0.2609110161105227 0
11.47493870777673 0.32434028844166368 0
11.5091305603429 0.26137689858105151 0
11.544416116790639 0.32347510938175128 0
11.580228284762301 0.26163646301529331 0
11.61546323662454 0.32370028747658353 0
11.650923025926121 0.26060849359034349 0
11.68958390164058 0.3222565456537726 0
11.721499648595151 0.2598322012370522 0
11.76131804718306 0.32221265382350422 0
11.794345452305601 0.26299014257596209 0
11.83162595509225 0.32611890550563261 0
11.8661041301862 0.26365042516479642 0
11.90106216255584 0.32558140556327603 0
11.93725454200519 0.2639970028050328 0
11.97461313131017 0.32758670436198373 0
12.008989369695691 0.26471509607735438 0
12.04433050543644 0.32685534201168243 0
12.079402268240489 0.26548246413205528 0
12.115342851733139 0.32704891795953001 0
12.14851020824231 0.26292836849807821 0
12.186274793787939 0.3271201507463809 0
12.220248518866359 0.26239720618754692 0
12.257671100162691 0.32736960969162671 0
12.292900688465281 0.26345313827934752 0
12.32962354091042 0.32851643035586398 0
12.362945713829999 0.26316473783689093 0
12.40058128570033 0.32838247263308878 0
12.43496650234664 0.26568405672189649 0
12.472028972179739 0.32910614669254501 0
12.50816951972894 0.26753230917941401 0
12.54375535375161 0.32986091497790399 0
12.579942350482961 0.26829225983577948 0
12.61528982006751 0.33043948200078233 0
12.65144483092295 0.26884145998158032 0
12.686747242121751 0.3309535570615163 0
12.72288941226695 0.26934478638191978 0
12.758182173616429 0.33144923783771502 0
12.79432059533503 0.26983740144400181 0
12.82961112363853 0.33194006767674772 0
12.865748548445019 0.27032742279357902 0
12.901038538422171 0.33242965674082919 0
12.937175707355561 0.27081680506182582 0
12.972465564966139 0.33291893249551402 0
13.00860266919296 0.27130602859827768 0
13.04389249395801 0.33340812957665578 0
13.08002958192616 0.27179521256714179 0
13.115319398507189 0.33389730695090519 0
13.151456482401491 0.27228438665691412 0
13.186746296939569 0.33438647939418042 0
13.222883379814389 0.27277355827837918 0
13.25817319384204 0.33487565060427099 0
13.294310276461911 0.27326272928294137 0
13.329600090361961 0.33536482150603852 0
13.36573717291812 0.27375190013331052 0
13.40102698678627 0.33585399233070629 0
13.43716406932649 0.27424107094517819 0
7.365877875974383 0.23266155305327291 0
6.8659324542083784 0.22923876116647979 0
6.651674685363302 0.2279663047321876 0
6.4373220261735469 0.2266394131863663 0
6.2230203868810801 0.2255713388556301 0
13.47248165470562 0.33524200221480538 0
13.50878491320311 0.27146792272531972 0
6.0087673255827969 0.22341440691115161 0
5.7944861553407243 0.2218997954823102 0
13.54440777302581 0.33559757723537659 0
13.581382359819861 0.27060587259806401 0
5.2944978805936742 0.21847559989141849 0
5.0802171914163461 0.21700808749530481 0
4.8659365022390242 0.2155405750992177 0
4.6516558130617032 0.2140730627031579 0
4.4373751238843848 0.21260555030706149 0
3.9373868491378081 0.20918135471665311 0
3.723106160035802 0.20771384238287319 0
-1.598365501610522 0.35647542485114858 0
0.68642827403737017 0.4947038426853726 0
3.5088254824119649 0.20624633954919641 0
3.2945465852636939 0.2047803103564628 0
3.080362344050418 0.203397363721944 0
-2.605705196520602 0.35641715055637352 0
2.8659834032507558 0.20184379273562009 0
2.6517027140734402 0.20037628033947019 0
8.1510166206429506 0.37295030839708587 0
2.1517144393263639 0.19695208474847281 0
8.2936597665393581 0.36655130699240751 0
1.9374337501490491 0.19548457235233219 0
13.401258606863371 0.21642897087805729 0
8.5827935932546211 0.36447194776826691 0
8.4397097416417832 0.36342008115573449 0
1.580299268186852 0.1930387183587616 0
13.18759356601351 0.21067146613525781 0
1.3659743261240569 0.19161376590236309 0
8.7259550310269933 0.37514213315037559 0
12.973312858950759 0.2092039393248927 0
8.8691885010461569 0.36612466267239502 0
0.72317651147758544 0.18716866877419011 0
7.1515662379335687 0.2311990736805809 0
9.0123738785151186 0.37728381922786097 0
12.471206609418919 0.20445509120260211 0
7.0087411622271398 0.23052960705511141 0
12.25102457326612 0.1938287210136814 0
9.2981439518382381 0.36911149139561722 0
9.1546100768845537 0.37827810463238631 0
9.441588148186085 0.37000034789657488 0
13.617149340626799 0.33715490204675641 0
13.65583914908272 0.2731626464592477 0
0.75362314743766634 0.49511337052585752 0
12.04434196931002 0.203111432198504 0
11.829360622465719 0.20071528547324169 0
9.5844485531024297 0.3709514205564397 0
13.614331466120319 0.2009725110186536 0
11.61620184566293 0.19990970879007661 0
9.7278818566735232 0.38138762797735432 0
-2.7670245095093771 0.35883445956764232 0
-2.8393579377739369 0.35836187484674331 0
11.40201829831118 0.1985099968704688 0
9.8697790232383174 0.3723195617361979 0
-1.205354459485398 0.17397082970343469 0
13.692928264288639 0.33785074854006403 0
13.733030364168361 0.27276945866831381 0
11.04067621233699 0.19854074001559441 0
10.08526134420992 0.37418328182167621 0
10.228536028257651 0.3751797395131079 0
-1.7052909627034489 0.17062360117620851 0
5.5802054661634308 0.2204322830862426 0
10.83050598534629 0.19452883000369531 0
-1.06771351727734 0.41952172042201658 0
-1.9196457183587561 0.16905269979484491 0
10.37168399499515 0.37610923940362012 0
5.4373516733785694 0.21945394148882821 0
-2.1338995360924971 0.1675705836348505 0
10.51480801095993 0.37701223350760948 0
-2.3481723392640221 0.1661280414527628 0
10.47337150338403 0.19208297601011051 0
1.468363550484211 0.37680517757006871 0
1.010881360136658 0.43376191405906372 0
13.77182439735823 0.34089600551671878 0
13.812897324871569 0.27221100802449788 0
10.259090814206671 0.1906154636138894 0
10.657864953892201 0.37798241904381508 0
12.830429995096139 0.2124301396120678 0
1.7500900487571669 0.37852181353341152 0
1.610239997196218 0.37594354487128812 0
10.04485975243627 0.18918538829122389 0
1.8928947403372289 0.37977271200703538 0
12.68760044634433 0.2072433859780812 0
10.800841805277971 0.37902476228244603 0
10.944068136249131 0.37994547594848788 0
9.8305582754757612 0.18769803745076419 0
-1.13014424460781 0.41775590612001628 0
13.853042646727729 0.3434937932563541 0
13.893794355451639 0.27315692832471139 0
13.93735012512677 0.35327006380788251 0
13.981154298487199 0.27397616517250772 0
11.087192172907059 0.38094769687029723 0
2.0354117396207752 0.38066159635876279 0
9.6162487466747439 0.18621292642492071 0
11.23038773461443 0.38176379378903907 0
2.1780433847905378 0.38160666082597833 0
9.4019680574975233 0.18474541402852379 0
4.2230944347070594 0.21113803791101249 0
11.373701072337781 0.38260557780602772 0
-2.5650686361021231 0.16483849018486821 0
4.0802406419222086 0.21015969631365539 0
2.320684635218718 0.38257942395392791 0
8.9019797827504927 0.18132121843687479 0
2.463320289072656 0.38358470767487962 0
2.6058059009045458 0.38451791332927687 0
11.513459492092309 0.38143352031818228 0
2.7483637153966289 0.38553150607023229 0
11.652206671060689 0.38493950030663548 0
8.6876990935730589 0.1798537060404613 0
11.793467985270279 0.38756393188090033 0
11.259067363700879 0.1974638547963409 0
2.9004259484315389 0.38766089850297342 0
12.014035947714961 0.38452043469830022 0
8.1876404045007654 0.17777653053576209 0
12.150559538804171 0.38952105120535307 0
3.0495611921392878 0.38493387012678132 0
-0.53090745200751277 0.49018059619864118 0
-0.49228971322806242 0.54943228360921581 0
-0.56033769360276486 0.55183404623928878 0
-0.42245542052614338 0.55022814153326272 0
10.687364224749629 0.19353764703120999 0
1.294500143396432 0.19152491371110539 0
3.1867418001853358 0.39069831494503787 0
12.293486458375529 0.39012935174578811 0
3.3227841702395922 0.39234747392834329 0
3.4718411195710721 0.39157426489268482 0
12.43661587117427 0.39157779261304471 0
13.8496786172221 0.20224411907544701 0
3.6146949123559708 0.3925526064900865 0
12.580762266814711 0.38743633745921391 0
2.4372421288328798 0.20139841499925351 0
12.864901629515 0.39404271813655112 0
14.02463631546054 0.34724958017468832 0
14.072403611504329 0.27144532435158508 0
3.7575487051408341 0.39353094808749212 0
0.79459947578450252 0.18827723901617541 0
12.721041160669881 0.39509328072627897 0
2.2945682321112439 0.1979304263459003 0
0.65174473184839254 0.18743167227333091 0
13.0077554222998 0.39502105973447771 0
3.900402497925727 0.39450928968489191 0
4.043256290710608 0.39548763128228398 0
9.2592050454756407 0.18440894763709401 0
1.7231530609717309 0.1940170599561889 0
4.1861100834955014 0.39646597287966379 0
13.150609215084961 0.39599940133226758 0
9.1163475881034941 0.18351462882300101 0
4.4730730910649443 0.39805887835834569 0
4.3289638762803833 0.3974443144770331 0
13.291583562291271 0.39947620106057918 0
13.43758115547832 0.38968216147007922 0
4.6143287560084181 0.3968008374517209 0
8.5449113565654109 0.17991495856840689 0
8.4019915080033947 0.17789702284544259 0
14.11507011980809 0.34922879987162442 0
14.16267286527771 0.26975071785936777 0
4.7600618280682108 0.40143058932034231 0
8.0447013939543197 0.17688159053804689 0
7.9733220322494036 0.17661670062431761 0
4.8989393369380112 0.40095040133684118 0
5.0436468692950349 0.40252380758584999 0
5.3289404257744906 0.40429270565876507 0
5.1835554356678717 0.39528360036863008 0
5.4701466474541238 0.39484943397303141 0
14.208743311506471 0.35127880010972962 0
14.25788648832734 0.26887167659055011 0
5.6131391776843849 0.39693938591748579 0
1.133079161619585 0.44408144246428871 0
5.7571453877559247 0.40429049198181649 0
6.0989127041356337 0.41699100341077228 0
5.9142724914625022 0.40583215451638749 0
14.30586531886031 0.34556343675489409 0
14.356097203853411 0.26730579607194171 0
6.2712715136254449 0.41578574143781011 0
0.61561198483784374 0.24841806030223809 0
0.58031666413754168 0.18708852545991081 0
6.391282603108202 0.40911023994824408 0
6.5570615986335614 0.40787935748099652 0
-1.419677332571667 0.1745644801351276 0
-0.46211412596778528 0.60925323239536011 0
-0.39651513999984728 0.60226843588546508 0
-1.5624710741958889 0.17367649217612241 0
14.41038536579636 0.35695420274043382 0
14.45866932637521 0.26769250634186598 0
6.9835408743953282 0.41541343298283312 0
6.8910092916998646 0.41721666775048211 0
7.0431124918432477 0.40431780475576629 0
6.8311657848051981 0.40339352662996852 0
6.7639706449723942 0.41894515476290872 0
6.6911595813926814 0.41661390061540571 0
6.6224258370919911 0.40694674553987531 0
7.1046475320910973 0.42119990234016158 0
7.180294549789366 0.41752317199997269 0
7.241229770295968 0.41293687887869401 0
7.3210339667882236 0.42068635563427942 0
7.382054205205117 0.41708215629973999 0
8.0057410231463386 0.1185118857873287 0
14.520939022969589 0.36248061919182401 0
14.564451728071869 0.26673331991082883 0
1.227807258416594 0.43237875000077969 0
1.3307287651517929 0.12946911377393139 0
7.480438962867356 0.42505591999806902 0
7.5403453762052619 0.41999039254226778 0
7.6029524473956061 0.4298866954738163 0
7.8222576718450938 0.42492853154981691 0
7.7650665938153667 0.41775814724823063 0
7.8940346149159506 0.42836092621279881 0
7.6852448980803176 0.42354936273096139 0
7.9622062031327738 0.42080364551195942 0
14.116378732199999 0.19818032085787429 0
0.68788669761984178 0.12506657658550169 0
14.62709179290481 0.35002836066830062 0
14.67595227970145 0.26638628280463278 0
8.022738556406372 0.40973151910277711 0
1.289120721282242 0.43705188510903947 0
13.57843775342392 0.40571603941383949 0
14.734564688115469 0.34732886254723838 0
14.78784563345137 0.26717173265563199 0
14.30606675280468 0.182049156791773 0
0.71620525854952211 0.55000567312195492 0
0.65424482233176118 0.55746497801307549 0
-0.5238400064030585 0.60680805574565566 0
14.84219688200869 0.3477533878147343 0
14.901795971900411 0.26978739823993242 0
1.4021556615442321 0.12995828457264469 0
1.3480424358502401 0.42739388215195101 0
14.51069637825802 0.17403053515654371 0
-2.8009846913189729 0.41652978924333828 0
-2.7428937644727238 0.41467429289887658 0
-2.865061930451045 0.42347974119249782 0
-2.9110039464533362 0.36697982813938401 0
14.73329351848958 0.16912908797255921 0
-2.692312762029315 0.36830780558932769 0
-2.6327592415044592 0.41540568343505802 0
-2.5697868036620708 0.40564784331513692 0
14.949132743038099 0.35273431098487867 0
15.00700067846668 0.27918980168012347 0
14.97175675386142 0.16612336874390621 0
1.3910188104638299 0.39076371521611192 0
1.4425946934100451 0.43555360426843143 0
1.4948940421262109 0.43336721591839172 0
1.539558847109842 0.38386025498004089 0
1.5821073337947511 0.42778257791466517 0
1.6325209264675791 0.43810782967839967 0
1.6762679981238091 0.38564961029773742 0
1.720164668557741 0.42662657245050623 0
1.7757857838040489 0.43352957675823972 0
1.8183424649936279 0.38903240661336841 0
1.862105728360365 0.43432727456474901 0
1.9163127389809409 0.43074254969182058 0
1.9611307433345839 0.38925945507187582 0
2.00274191565022 0.43440992173980753 0
-1.1002146727607289 0.46750507378937739 0
-1.0503876845782369 0.47960586567847568 0
-0.99802103612719872 0.43315408555253287 0
-0.94886717842289547 0.48122515348928091 0
-0.8885487834244159 0.47700898826004889 0
8.0724056943182099 0.37492789549797001 0
8.1094376399128532 0.41631455253474381 0
8.1978032905688814 0.41069195667692088 0
2.0587771659198921 0.43234236937581882 0
2.1050334872742189 0.39060322991850599 0
2.1554208407783579 0.43418509040990749 0
13.658374074156031 0.41664964904831991 0
0.77223868961173581 0.55030972504202946 0
0.81773787898000971 0.50389804889683321 0
2.2047713560485112 0.42887957694281431 0
2.246077527203894 0.39228124672964521 0
2.294393988693427 0.43439783012813687 0
2.344626007921899 0.42705830008990459 0
2.3885650900527269 0.39368390410730331 0
2.429508084368293 0.43407462850180162 0
-0.57699689794282816 0.60895595473848885 0
-0.62291657947904688 0.57142487670659281 0
2.4900272699549539 0.43512041048125571 0
2.534629630633638 0.3898546109478615 0
2.572141796874917 0.43516670938083563 0
-2.5333215406748262 0.35443246634246511 0
-2.5017078896811999 0.4200222827949649 0
-2.4318598811676808 0.41693697018362069 0
-0.60898996185857179 0.49408264388813061 0
-0.67494309258031582 0.52658961251912917 0
-2.3864444244424532 0.36583590896650853 0
-2.338017811633331 0.41913980286513308 0
-2.2775604327083401 0.40851123928830613 0
-2.923759241831271 0.42720154344930472 0
-2.985410869365531 0.39128424552445479 0
13.735355494579011 0.39523621449934088 0
-2.9659621880866949 0.31010023197527919 0
-3.0475984331537931 0.33383592372105492 0
-3.0256333294590871 0.24772221249322149 0
-3.114462634414894 0.27459586211703091 0
-3.1328083483202009 0.3671506706570955 0
-3.2044423533839068 0.30688231185847709 0
-3.1834631092950461 0.21818668950487119 0
-3.2777604533685869 0.24785219302730291 0
-3.299704960596606 0.34940731536819308 0
-3.3729396786065871 0.27373712113996768 0
-3.3935507490129142 0.36504402815700049 0
-3.463396163422976 0.30041158577234978 0
-3.2175559132413269 0.39641742684139097 0
-3.474810443816251 0.39706104666368441 0
-3.5572764355141331 0.33740918677809689 0
-3.5399314843166652 0.243807483588765 0
-3.6384747614644208 0.28771435216076202 0
-2.9815472449226479 0.1589538466841752 0
-3.053292611449427 0.41032542835588082 0
-3.287790265208963 0.41417711172636401 0
-3.630562689122157 0.18160528061430589 0
-3.7296463045051271 0.2262127100971682 0
-3.7447810901064451 0.34291961780165259 0
-3.8339348872861052 0.27447190454792708 0
-3.0862704575377911 0.17375272389395119 0
-3.650719761621176 0.37461409964472542 0
-3.3446880314250542 0.17155430034767691 0
-3.836504188965296 0.37226854390117409 0
-3.9301101803986729 0.32687523731123042 0
-3.344556132290974 0.42436784835596553 0
-2.720153606897064 0.14904534811845499 0
6.4703551993864794 0.40901338222910388 0
2.6268133973617731 0.43599757471498318 0
2.6778457896598611 0.38961346281201698 0
2.7182911287110638 0.43577390131511401 0
13.812027330394891 0.40576177377417572 0
6.3298277203503028 0.41062356154854629 0
13.92945961305843 0.071001626256151029 0
13.97582768058996 0.1355361777856546 0
13.682810192136159 0.066681768518527237 0
13.725734161561221 0.13530204969694859 0
13.648309686677051 0.1332171423028026 0
-2.5896488005890821 0.057294163466805409 0
-2.4913890975940318 0.1671417257049749 0
-2.5270158789650732 0.1044782860703862 0
6.1861677358104128 0.41492799247510109 0
-2.6403248757444122 0.16024885157546731 0
2.7716615450517388 0.43619637157589969 0
2.8193825676980611 0.39707066606995239 0
2.8627899070189988 0.43046500552101719 0
-3.850495340852111 0.10105489091735401 0
15.22709430602656 0.1132373471384352 0
15.2914485886301 0.23036004379311889 0
15.424101800005079 0.23467036124206639 0
15.34246930365563 0.33231752036784201 0
15.221113438861661 0.34314030736328538 0
15.46270071238294 0.3446421356015687 0
15.55129982830233 0.24541164320185219 0
15.588980601072169 0.34761640680111489 0
15.67479252838133 0.26670746022635078 0
15.78883150314185 0.16698183836877609 0
15.896550172357379 0.26380912633669801 0
16.034539483019199 0.22495322021875319 0
15.98361201126049 0.33728175291857859 0
16.135546047989131 0.33430970018204509 0
-4.0968227262250831 0.1086213062399865 0
-4.1582133384206177 0.22411084984828461 0
-4.2937771967332639 0.23081036543042671 0
-4.2212076069688589 0.35009346880422898 0
-4.1060765443723781 0.33832392581021009 0
-4.3477567263541141 0.34352160917231361 0
-4.0272008439038656 0.24104035666702719 0
14.109251470060711 0.071951973103430378 0
13.84451540566714 0.067276866543466998 0
-3.2062619506142611 0.07820264274551128 0
-3.403141825253722 0.08719360798172629 0
-2.7600604953841139 0.075182854455778964 0
13.607588733015261 0.064528243126562607 0
6.0376463653419723 0.40151719371365241 0
5.9717383306681899 0.40866934066821542 0
15.49806131546217 0.12207923709076619 0
-4.3666228485493424 0.11911290340027871 0
13.46081751829958 0.062033574440822567 0
13.491837831131299 0.1364093410072951 0
13.41612257141491 0.1144711105359506 0
0.61589609904502784 0.49647101847574948 0
0.58331227476011438 0.56031454769999101 0
0.51379930545193275 0.55759006163272273 0
0.54602631630412224 0.60686713539360115 0
0.49105879428954519 0.61375605904767705 0
0.44721722717504753 0.56468991861812601 0
0.43045778724917882 0.62945929758572861 0
0.38415204746014953 0.58010336891687486 0
0.36768430598947638 0.63984212709131427 0
0.32346005617648532 0.59691498530637577 0
0.31284207308645062 0.65211053539029473 0
0.26125867817633119 0.61251761091906676 0
0.26015846787743457 0.66459457161945212 0
0.2024045706792871 0.63745533266004129 0
0.20989572413595839 0.56226695506276536 0
0.14527750911943549 0.60302584446283691 0
0.1460978561011847 0.65799625286478802 0
0.08932295678035225 0.64155842606757396 0
0.082593904164660767 0.56112554253632407 0
0.025364845320780059 0.60924171394305038 0
0.036500553731217647 0.6780919548529678 0
-0.027180087427250772 0.649630765041878 0
-0.041016149533974179 0.58533593559861141 0
-0.096282448507597082 0.63322628370140854 0
-0.11212330105160449 0.5546221012505631 0
-0.1620928311724901 0.6042259096073499 0
-0.15194948175254649 0.67160066602480406 0
-0.20871606807930421 0.65181386112724959 0
-0.2274839505588955 0.57880842929493281 0
-0.27874725235720699 0.63410246243992552 0
-0.075404287093638014 0.67942885258866081 0
0.47408833994480287 0.49924632202653169 0
5.8180686887334021 0.40576933327054387 0
-0.35601499389581281 0.54698954266004307 0
13.079182318692339 0.39551023053339462 0
11.57732149890971 0.37956631776456551 0
11.545058708189041 0.43234596845875661 0
11.48808107797135 0.43513675634989951 0
11.447987726456009 0.39228626156508772 0
11.40252245797349 0.43648658420750241 0
11.60171270094928 0.43223080147540549 0
11.347232953663809 0.43517523651833651 0
11.30221504777831 0.3886819040748411 0
11.255751662048519 0.42697079318518349 0
11.206660928519581 0.43057229860395568 0
11.1619230141042 0.39116430226812893 0
11.118436442775071 0.433122100293724 0
11.064432413093771 0.43375960147047771 0
11.01475540520728 0.39311483809359671 0
10.97050796887285 0.43594529040071528 0
10.92208516068894 0.43554560432745693 0
10.87198568923421 0.39273959811551712 0
10.8300178577715 0.42625755721931757 0
10.775897312859369 0.43668138687207753 0
10.728177118098699 0.38522541686398021 0
10.682805958721531 0.42633338585739622 0
10.6328203663293 0.43305833296377899 0
10.589292883341439 0.38625305625090722 0
10.541000819561051 0.43234386215484011 0
10.48859250732623 0.42689664682630413 0
10.44518383505833 0.38435680154978102 0
10.39998225025067 0.43293974411077291 0
10.345293414924379 0.42926549008760162 0
10.30289089639715 0.38346728151849069 0
10.25944382606939 0.43280255262681838 0
10.20545654549616 0.43845262315622618 0
10.15973949805584 0.38216846683284922 0
10.11025482856499 0.43320312441160769 0
10.05686406440288 0.43074986266839932 0
10.016540991958481 0.38089959923000921 0
9.9389891654112272 0.38052603882358138 0
9.8963782555951791 0.4302279609594219 0
9.8448876729935364 0.43623911703389429 0
9.9789918176471968 0.42667863412893348 0
9.79914240765115 0.38226335475956952 0
9.7603569830308601 0.43570268784772298 0
9.6954259882683669 0.42771320219010089 0
9.6549928816808332 0.38094691258054658 0
9.6105268005749576 0.43609583240062039 0
9.558488920606532 0.42510242551128408 0
9.512877432093763 0.37879762945396878 0
9.4712405687116039 0.43106057227784578 0
9.4177517694188211 0.4368066167821924 0
9.3700869807742038 0.37994992808870592 0
9.329192749573247 0.42233840546083468 0
9.2741448029272657 0.43147953644453568 0
9.2250043837690132 0.37985089091229202 0
9.1856985175896977 0.42340543375165862 0
9.1162049855062417 0.41538304058093939 0
9.0807724098889988 0.37716601180768689 0
9.0448126763672718 0.4196673195259647 0
8.9768969301015211 0.41484992973832541 0
8.9392942863775264 0.37434748434123499 0
8.8919639630476759 0.4199626725695314 0
8.8389910913217822 0.42791563497423668 0
8.7978617231605956 0.37635988122633518 0
8.7640161743715463 0.42430776380391277 0
8.6950539532838551 0.41451980920917902 0
8.6554652327644614 0.3742319879992122 0
8.6083915114320781 0.43011881217493358 0
8.5534141441885581 0.41772412901551209 0
8.5111286728165716 0.37119678696782071 0
8.4655518840048529 0.42562118804843008 0
8.407752105262464 0.4247120825660653 0
8.3696706649697639 0.36376734103095681 0
8.342893922857181 0.43010880740931512 0
8.2813213082698738 0.43316437273175251 0
11.651364362434609 0.43889141082065353 0
11.70155263175147 0.41652887179776632 0
10.58695347837881 0.44666630502474608 0
12.36491985223001 0.39137904446436411 0
11.473396126315521 0.1989651190669956 0
11.437210599958121 0.1373416285996579 0
11.364953319218211 0.1348648620112059 0
11.51537229623788 0.13638324546270869 0
11.396103724006171 0.069975304747928957 0
11.29256205544516 0.1312009231476135 0
11.247854452827349 0.068004022574489745 0
11.20919252570148 0.1382811249819593 0
11.13611741933169 0.13086543960164271 0
11.15714522403961 0.18469833603710539 0
13.044739770754839 0.20969312254367611 0
13.00879496081823 0.14796323403710829 0
12.93788436911065 0.15147497232306489 0
13.08008415138352 0.15268209314602529 0
12.971492499013721 0.087602058302841151 0
11.90178695890409 0.20178934110281591 0
11.86558736032309 0.14010986581629961 0
11.79158599724593 0.13649904296019319 0
11.93594156957224 0.13965123625571199 0
11.824186602232841 0.071381063636209274 0
11.718649828060521 0.13304786262532201 0
11.6761553669603 0.068311332905374444 0
11.75432503676118 0.1971196632887042 0
11.60421276211796 0.062420343698128058 0
11.63392293566732 0.13221050947000851 0
13.259020462646371 0.21116063712796809 0
13.223114415652949 0.1494087223795528 0
13.299513477002151 0.13955815744411099 0
12.54430785683242 0.20597676749299429 0
12.508297662661141 0.14431621654010809 0
12.433547579754251 0.13946217475937689 0
12.57797034466337 0.14209383793429689 0
12.466790237862369 0.07354632453698616 0
12.360648760156719 0.13410371290451811 0
12.319629275445291 0.06959773638464134 0
12.39628871299082 0.19960135707746651 0
12.24728913557334 0.063368392713503224 0
12.21180503821923 0.12740997680957061 0
12.139733961662881 0.123536276340048 0
12.17513182640211 0.18558087417824601 0
12.28590886947878 0.12992139472044451 0
12.61559688448966 0.20626548163413569 0
12.65110286681389 0.14392115040982681 0
12.73042906526198 0.1416761790209046 0
12.678460674188701 0.072663244047851544 0
12.80193380562109 0.1131386982805313 0
9.6877844248046063 0.18712065576023801 0
9.6523858292095408 0.1246000050349791 0
9.5809589328171327 0.1241108342361088 0
8.3305646116109795 0.1774078520465783 0
8.2591252996151709 0.17832262224067319 0
8.2201122845323376 0.119371725266117 0
8.759201041766401 0.18126462254181891 0
8.7201494797613073 0.1192210981975098 0
8.6486941485768902 0.11942997720502251 0
10.75907908895369 0.19403965920481209 0
10.79396652751125 0.13134147220430581 0
10.865515258259659 0.13325756157248511 0
10.824810252692661 0.067478087439602402 0
10.7214143909471 0.12983348501419539 0
10.648899586409639 0.12938999698598919 0
13.33048218070358 0.21103433166685989 0
10.90193288173875 0.19501800080233939 0
10.93582622528638 0.13332295548477621 0
12.792865085317629 0.39350737339990949 0
9.3306499215758443 0.1850090694812668 0
9.3635045719293117 0.1229947222306302 0
9.438105140032242 0.1231324926385285 0
9.4734946204064467 0.18576086693102981 0
7.50869344594516 0.2336723629695022 0
7.5448515360027031 0.1736159051765942 0
7.6162822957269309 0.17431161729554329 0
7.4734418549016501 0.17153780246190151 0
7.577101466404689 0.11673362947478701 0
7.4371024137852331 0.23328995933514121 0
7.4019698977505843 0.17272683392976201 0
7.3305689033094277 0.17254005818381629 0
7.3627586019337459 0.1158668200182771 0
8.9734887909837067 0.18261291873051269 0
8.9343982035795779 0.1203041200963995 0
8.8629421754554709 0.1204467081155035 0
8.8300182960892997 0.18211504509423629 0
12.760111000926999 0.21198066502578169 0
10.330517710599119 0.1911046344126214 0
10.295227896741389 0.12900254222392421 0
10.223801000348979 0.12851337142512281 0
10.36452152547065 0.1284803353509506 0
10.187747909633901 0.1902476165684405 0
5.5419617155883403 0.40665635334639683 0
7.0801382326992206 0.2307623407150047 0
7.0448804765468402 0.16860277766981441 0
6.9734535801543966 0.16811360687114321 0
7.1163073729393522 0.16909194846849221 0
7.1877342693317994 0.16958111926723371 0
4.2945213310994967 0.21162720870969351 0
4.2592315172417221 0.14952511652102179 0
4.3306584136341639 0.15001428731969729 0
4.1878046208492794 0.14903594572233639 0
10.40172025927653 0.19152460792195841 0
10.43667627959006 0.12931178461049561 0
10.50950858591872 0.1304700546200763 0
10.469719376828969 0.066770603863504127 0
10.54482063332722 0.19232945997807949 0
6.5087427127284254 0.2275870580126417 0
6.4715842012207938 0.16594536843413629 0
6.4017087017595227 0.16667893112919219 0
6.5426842694838498 0.16868207677073269 0
6.4334041328069507 0.1118022147773184 0
4.3659482274919386 0.21211637950837581 0
4.4020624135666164 0.1538467138483571 0
4.470864974478248 0.15305197203867921 0
4.4327593850643376 0.098219367467495586 0
6.7231075330395704 0.228349709776584 0
6.6859831547820407 0.1672195471474959 0
6.7570917498760767 0.16982903585708289 0
6.6156539215098578 0.16855590728077011 0
6.6478106426704997 0.1128143363211115 0
5.1516440878087986 0.21749725829400821 0
5.1139371859547191 0.15676868803447849 0
5.0445041533464652 0.1581101742494706 0
5.1849416907358314 0.16034046451257961 0
5.0752309181106394 0.10575778289488059 0
9.7592347496801732 0.18767574297539591 0
9.7952396219944937 0.1255783466325944 0
9.8666665183869284 0.1260675174313908 0
4.5083608149533578 0.21343794495936269 0
4.5417588949547909 0.15660437769992189 0
4.6860983582425773 0.39989016847050712 0
3.5432680159635308 0.39206343569139818 0
2.937350547486314 0.20247353328901499 0
2.8990012589971248 0.1420211562520548 0
2.8301444901651651 0.14430785904733831 0
2.970510690424462 0.1364531190292991 0
2.8668306719277101 0.078128779156960176 0
13.1520403870359 0.15356237095909461 0
13.18434390945778 0.089222823750781083 0
7.8658663594291944 0.2361489778785103 0
7.8305728430396258 0.1754711827109133 0
7.7591449180982446 0.1752794746469731 0
7.7914437909604857 0.1176285509681875 0
4.7945096058465833 0.2150514043005321 0
4.8306254759511962 0.15653584286760411 0
4.8995753488181002 0.1558615060067513 0
4.7566248871192549 0.15802340287790179 0
4.8593808821179456 0.1038456434814997 0
9.973444467127532 0.18891645623180151 0
10.0095203111718 0.1270458590289667 0
10.08094720756425 0.12753502982778969 0
3.828975601533287 0.3940201188862042 0
4.114683187103064 0.39597680208099539 0
3.3962621630181951 0.39200901272682842 0
6.1516037643492663 0.22478976620105651 0
6.1877344099451683 0.16526185715739669 0
6.2572078365887496 0.16488470936151731 0
6.1142513319348772 0.1662402533016821 0
6.2189994496252421 0.1109022305767003 0
5.3659247769861214 0.21896477069011749 0
5.3282976032153728 0.15819089456213339 0
5.3993156430081903 0.16171905436301021 0
5.4732356890228484 0.16106628051707689 0
7.7230157534061306 0.23617784710317011 0
3.6516792639704589 0.2072246718548886 0
3.6877906048914828 0.14937039748183359 0
3.7563677684218311 0.14835892627626751 0
3.6126766210168939 0.13848939905789759 0
3.7159356846174778 0.098794742895042711 0
5.9373458967972796 0.2232434222691754 0
5.973461310119629 0.1637858754872156 0
5.899888392569288 0.1649269172648426 0
4.7226502253092137 0.21540791529618419 0
4.6847181737261412 0.1549072742227029 0
3.1517399960834349 0.20384224062822681 0
3.113372214277232 0.14345485592559479 0
3.1848623635002622 0.13768955159581889 0
5.2511347409471201 0.40222950758661119 0
4.9369470259721968 0.21635205461415941 0
4.9704290989316569 0.1597197654267043 0
2.723129610465886 0.20086545113818641 0
2.6846773538420572 0.14056043232685761 0
2.618529022044906 0.1350182769277905 0
2.6525499827503971 0.076661266760806659 0
2.5802758176809988 0.19988710954074701 0
2.537450076963232 0.12690423206592721 0
-1.529029306871954 0.35684689256482371 0
-1.5623279420627501 0.40615831765966037 0
-1.6326722936414471 0.41677442352505339 0
-1.4912434204220879 0.42054967412861488 0
-1.459304102847008 0.35989546159934799 0
-1.4317864219795 0.41709427436006608 0
-1.3566721833199871 0.42040274324856458 0
-1.3151222925262149 0.36920541975489252 0
-1.2659385564199499 0.43775500461468819 0
-1.668179567422531 0.35650087049085499 0
-1.6972323177186071 0.42167280866254248 0
-1.7672713034201131 0.42125692063680431 0
-1.811837978128324 0.36871537365066881 0
-1.8586255951804489 0.42175221589077161 0
-1.923318660463585 0.41190713624931402 0
-1.633872733220096 0.1735848359667925 0
-1.658827972894316 0.11439424169605091 0
-1.740627779723082 0.1084347694291926 0
-1.348268547045874 0.17534771763774251 0
-1.385649649166514 0.1100862674119963 0
3.1159842063806442 0.39006930811657359 0
3.0787916780195421 0.4353637437039734 0
3.0235907487791089 0.43607722626832163 0
2.9770587127385331 0.38965010970948177 0
2.9437608470040941 0.43044557297414648 0
3.151681066885498 0.42529944319953528 0
3.5796335666853811 0.20562997422960511 0
3.5413062050201081 0.14501111949180631 0
3.472899662466276 0.14809195612663389 0
3.501332996665345 0.097536060669701441 0
3.43729263702259 0.20641516326486389 0
3.398211277643389 0.13743165192433049 0
3.9718293943181671 0.39499846048359671 0
4.257566391625371 0.39850582859355488 0
3.252949634040081 0.3847167929842511 0
-1.776733693939712 0.17243748492303859 0
1.7945119485111209 0.19455520612000771 0
1.7633918359797911 0.13105403724954659 0
2.2231413357188048 0.19744125554718789 0
2.1845753767106348 0.13720084866498081 0
2.1184486251143899 0.1321104072113217 0
2.1525617080033168 0.073237071169810958 0
2.2598730038774222 0.12516857740991699 0
2.330705314645936 0.13631750495592221 0
2.365803943398332 0.19896152630319119 0
2.4103692428995029 0.1405574479866134 0
2.4600939211807429 0.093384723625155597 0
2.3213328463474738 0.064741179162707926 0
4.0088137455299364 0.20967052551509111 0
3.9707183666916488 0.14916270917821051 0
3.901604558632668 0.15097822266012251 0
3.9302446765685741 0.09968467887366407 0
4.0411412489520258 0.14084244555603431 0
5.2225977375999593 0.2187291170274738 0
1.4372749996175589 0.19246047828235599 0
0.75931359401228127 0.12555574738421629 0
1.0734417591405889 0.43036904613317728 0
1.043034212662197 0.47508766714556339 0
0.99209684348482341 0.4908315115728642 0
0.94063729229449355 0.44630270444138048 0
0.89905590123744206 0.49947893908504298 0
1.1870149175550651 0.25252431991990232 0
1.151739346075521 0.19015949494222001 0
1.0803114916489349 0.19011302708152361 0
1.116448075974475 0.12800160137778871 0
1.187874972366914 0.12849077217650201 0
1.2231452161445511 0.19108318947373931 0
-0.20622039377417839 0.30452204826084189 0
-0.1700833084815665 0.24290872458361859 0
-0.098656411629474763 0.2433978283344588 0
-0.13394624523168139 0.18129861918961129 0
-0.2415102181901996 0.2424214981634229 0
-0.062527233634094806 0.18293909833290839 0
-0.027230845823231171 0.24408128639380519 0
0.0088981268615033367 0.18365253506582371 0
-0.089720509233473078 0.12077218350267641 0
-0.16923605908942399 0.1191965270009224 0
1.8659275996253 0.1950581043325996 0
1.9046731032620119 0.13056403948552339 0
1.970672064721728 0.13528868497028421 0
1.9382810188260009 0.071769558773669792 0
-0.27764730297999402 0.30403474364212218 0
-0.31293711895522353 0.24193296247046259 0
-0.38436401669534659 0.24144398877749429 0
-0.34822693410160321 0.17983106080719391 0
-0.41966355346082768 0.18076160176505099 0
-0.38351674826674409 0.1177290146047789 0
-0.30231855047643869 0.1199996620955416 0
-0.27518029095911822 0.18190259646937229 0
1.6516753044964421 0.1936528379665963 0
1.616436350721546 0.13142579696878681 0
1.5450094543291071 0.13093662617007479 0
10.97245031711215 0.19603673661171361 0
11.003973367917061 0.13338615981646609 0
11.035395029864141 0.065197968596689637 0
2.0802875429339229 0.19646291394976029 0
-0.56510742524410307 0.42655561511919671 0
-0.88442856955677285 0.2380742328347599 0
-0.84824252744676221 0.17810686012608631 0
-0.77679590596975601 0.17718158816948379 0
-0.81207812662137713 0.1147939898124918 0
-0.73081504851356183 0.1180904752545759 0
-0.70373396123612297 0.17945476678844829 0
-0.91968079731846353 0.17790585286668351 0
-0.9910853111577641 0.1757669417486 0
-0.94507056901051767 0.11745224273093249 0
-1.026358815798694 0.1133264774163474 0
-1.0625112754018691 0.1768198038600958 0
-1.027256550731364 0.23744378250189649 0
0.43662140639492691 0.30896362528830201 0
0.47275862710836342 0.2473305275538154 0
0.40133178279094123 0.24683375295532101 0
0.43746283643164269 0.1861011481906826 0
0.36603494390270752 0.18575742952955959 0
0.32990375612733608 0.246509620138604 0
0.29461375371194592 0.18443506043472579 0
0.33878625084163883 0.1229505595715179 0
0.27034658176228088 0.1218603078043535 0
0.225017910432734 0.18475107663628501 0
0.36519451090972849 0.30847432201768471 0
0.25878256800701888 0.2460768565297187 0
0.18740685271598109 0.2455635436749814 0
0.1521185955630153 0.18447566918606159 0
0.11574309323647911 0.24510454416343919 0
0.22245100844673629 0.30753158384355378 0
0.080412222273360881 0.1832381751639823 0
0.1246067398908052 0.1219445178106984 0
0.056127456039757093 0.1211000484567356 0
0.97274701451264511 0.25073827335902182 0
0.93746327549148056 0.18864078170649151 0
-0.52721784569751762 0.24046571239413861 0
-0.56250764639271267 0.17836361076117199 0
0.044822131828104503 0.49118421396388229 0
1.258288546869637 0.25337813050559338 0
-0.20511198405985209 0.18235815204927749 0
0.15101152675285129 0.307052275671997 0
0.79064962959300522 0.4359497527365217 0
4.9710428501711608 0.40223562754545111 0
-0.70703210286926277 0.42180922408608379 0
-0.73645262682143242 0.48957553051666192 0
-0.82011986779417412 0.48813434290453628 0
-0.78578090786435539 0.54526303436535983 0
-0.83102801260964998 0.53509670005513243 0
-0.74123467461778703 0.23939509218159541 0
0.3205542252365689 0.49408649502435631 0
5.8655591657975119 0.22346841104161921 0
-0.42050110273835489 0.30305694537451722 0
-0.45579254301289351 0.24119146734398511 0
-0.063366617516196502 0.30550280356698889 0
-1.1677658300303679 0.3606506697031171 0
-1.133939587409919 0.17659085816671161 0
-1.159312616974165 0.1164444957465702 0
-1.2406395049760111 0.1118589650202038 0
-0.38716899753325801 0.4880904997255846 0
0.18466909844635579 0.49266400199069371 0
0.82989965062274007 0.24986879401964601 0
-0.63367394101868502 0.179773401239778 0
-0.59779743744406055 0.1162615022086355 0
-0.51656616958784529 0.1190212850399863 0
-0.48945828988717599 0.1809269335207343 0
-0.2365800203719757 0.50127167742112755 0
-0.66971356740291865 0.24021534947226031 0
12.079205769198341 0.38866183934959142 0
12.03889882349406 0.42931785662571298 0
12.11462869967497 0.43132673913660319 0
11.99265884416659 0.43034881327386237 0
11.94728318158106 0.39405985120527559 0
11.87133953976692 0.39367538435966543 0
11.826708614998729 0.43252513693629357 0
11.783477549937629 0.44564813048186652 0
1.0088818607911161 0.18969569451355101 0
0.97359428318959784 0.12702325978035969 0
0.90216738679715891 0.1265340889816447 0
0.86603356790427011 0.18889283476075541 0
0.65090945204774908 0.31042912794967509 0
0.0080602512043760205 0.30599601490367562 0
0.044228346979111557 0.24475751788095129 0
2.757832600953082 0.1369013402140408 0
0.57947618623939057 0.30998414368763327 0
1.044173910905086 0.25122744415773762 0
-1.276829586851943 0.1758838942571897 0
6.0798444515834698 0.22462220068362471 0
2.0432219230295692 0.1228131278928436 0
8.615732985856333 0.1808592132359452 0
0.50889377951884218 0.18600179149142901 0
0.48325406029432139 0.1230813587973085 0
0.54418422839299796 0.24805021517270059 0
1.5087469847925969 0.19295627191191361 0
0.55464774619688861 0.123940136638291 0
5.0087902950239149 0.21651891669660761 0
7.9371225708582891 0.23689393403843151 0
7.9019696360188139 0.17617861360657161 0
2.5088489212885632 0.1993979387420298 0
3.2226407869756302 0.20355442560281911 0
3.2586539934516141 0.1458164051805593 0
4.6153014584676022 0.1564526053184167 0
4.6469424190900064 0.099519052728818183 0
2.007932795831501 0.19439745872242409 0
2.7940499002653119 0.20186797362213141 0
-1.4910830905399239 0.17477398781492209 0
-1.5281372227733689 0.109804193690918 0
3.8658778733067121 0.20934201060877539 0
5.7230592589482896 0.22141062468361941 0
5.7591787275275381 0.16236962740007929 0
5.6877694450905203 0.1593085324949492 0
8.1161893181497184 0.17754772679062031 0
5.4006801958637203 0.39881791693434437 0
4.5433585362980367 0.39877666717810778 0
3.3653050496651669 0.20434092338126589 0
3.0439513636017841 0.14494444103729659 0
3.0789258520885219 0.080246838559902806 0
3.3268261154662579 0.1441997160888073 0
3.2893930583856998 0.082263728420395241 0
5.1162251497114619 0.40886586098448802 0
5.6516323625558584 0.22092145388493781 0
4.4023433720578966 0.39973722517984372 0
5.2582468421036506 0.16031503166126959 0
5.2895782652220582 0.106850129233292 0
3.6861218087484011 0.39304177728878759 0
3.7940401307946519 0.20868765181439461 0
6.5800672689031856 0.22774963174657581 0
4.5802289166692756 0.21358389190450019 0
6.3658495951935814 0.22633492897413229 0
6.3282349489606702 0.16782000129177799 0
6.9373493977045069 0.23009014093368951 0
6.9020259868833982 0.1696305577875572 0
3.0082695308521541 0.20290287398164811 0
9.902071829785644 0.18849241510110329 0
6.2937207230100878 0.22694834949627071 0
13.366663906372491 0.39733007038043522 0
4.8324965624473082 0.39763572998498092 0
6.0424397692290066 0.16414488115816411 0
6.0044826185904192 0.1100457855242932 0
4.1516675383146282 0.21064886711233649 0
4.1161996526651317 0.15010192950387899 0
5.8280577100534687 0.162805200081301 0
5.7900315115761289 0.10909918990431119 0
11.972964636607831 0.20233445830543809 0
12.00576193061864 0.13844770096737169 0
12.03696837732789 0.069166686326272514 0
3.8264535553591128 0.1401778700862446 0
5.5087363919559316 0.22048065569057529 0
6.7944627048348742 0.22874818666380131 0
7.2942915742720347 0.23282625668731599 0
5.6824013253322381 0.40207655128611919 0
7.6877108406302472 0.17492991906541 0
5.6163425486981087 0.15881936169630201 0
5.5448930195234487 0.15992785600474629 0
7.2229871993500341 0.23179386820247461 0
7.6515472113179914 0.23501983873315879 0
12.93632852590742 0.39453188893554247 0
11.33007463996606 0.19708565917899801 0
11.54584405354997 0.20364970125035409 0
7.259145614171123 0.17109533116093331 0
6.8302464240907117 0.16997630035064629 0
6.8643060203204289 0.11493879787209441 0
9.1878057979316008 0.184231747939163 0
9.2206817827506153 0.12299314053908469 0
8.4734910808150232 0.1796779512353672 0
8.5064893549171448 0.12011261758943 0
12.901857940971309 0.21014432834913269 0
12.86199907044525 0.15070270334745101 0
9.5449393739398403 0.18633366252998521 0
12.221129481639419 0.39049554601433167 0
12.186131121324941 0.430451149485922 0
12.257490591199661 0.43112253288810531 0
9.0449460400905863 0.18335950236083909 0
9.077844041900283 0.12238702935656021 0
10.11623702142179 0.189637122016551 0
12.64753310835054 0.39224244745276721 0
13.11612085219355 0.21059856650313041 0
12.51320292638496 0.39233533348406691 0
13.22203611147728 0.39648857213116689 0
-1.8482082106920621 0.17226130131496881 0
-1.8731044947127931 0.1132983419594903 0
-1.9549084688995979 0.10696725703249679 0
-1.9910780613604711 0.1709800284516817 0
-2.0624944850810758 0.17088744971479211 0
-2.0873559952173739 0.11220879582278689 0
-2.1691891548096431 0.105499742380135 0
-2.099617008893143 0.35321127182569922 0
-2.1401813641854939 0.40979039803187922 0
-2.0695794422973259 0.40776313433188749 0
-1.9965803561726601 0.41069688992254488 0
14.30090131920093 0.083438947100342331 0
-2.205343152462945 0.16963394548315441 0
-2.2767792739060688 0.1696251694799423 0
-2.3016077741354568 0.1111426611462559 0
-2.3834564630030011 0.1040229905359363 0
13.51692147778296 0.48319761754833118 0
13.50631543203558 0.45749099572691421 0
1.835678217018182 0.12946948430483021 0
22.929615066117709 0.12367565650219051 0
22.858212873684892 0.24737405221917 0
22.995395969499871 0.24221910721175971 0
22.72105299617397 0.2421746498360394 0
22.91682816335944 0.35027312839912628 0
22.779798994666031 0.33877755742891869 0
23.035493968648201 0.33376749277798079 0
22.677597901280961 0.33153652793967558 0
23.136145328062689 0.26031672042147508 0
22.581363502791991 0.26207826899437281 0
17.503754346121109 0.1236756565020856 0
17.432351985331429 0.24487323676884601 0
17.294752561512691 0.24255732850895309 0
17.56937099869883 0.2414232966930685 0
17.361991025238101 0.35252945098410088 0
17.50222122040423 0.33635557845206709 0
17.236527745481879 0.34626130952404849 0
17.16348998583296 0.24675799840481399 0
17.610475822145411 0.34187407203811382 0
17.711426503965161 0.26056201829197168 0
17.13058426624827 0.36215332265590738 0
17.023278706880671 0.27748418776033129 0
19.07437966230788 0.1236756565019658 0
19.145781962152299 0.2455452627592781 0
19.28321699619271 0.24237204113130439 0
19.008749470161799 0.24160369199641421 0
19.212152341890469 0.35075626871404242 0
19.073066926610629 0.33703357178974858 0
19.349119360987711 0.3425724211713449 0
18.97145349579359 0.3314811768260677 0
19.41728924072234 0.25011921682127508 0
18.871630550033512 0.26257719288406173 0
19.45077332081275 0.34089528138148301 0
19.548481283594359 0.28215780012755742 0
19.658265025196531 0.14271674607660159 0
19.69643926658776 0.30154720116853639 0
19.808175509351809 0.2035303618968517 0
19.821781262365491 0.33300070809201171 0
22.215686024013049 0.1236756565020095 0
22.14428383158042 0.24737405221886349 0
22.00703532475104 0.24234063741722711 0
22.281391233045099 0.24207583098065699 0
22.083935014115539 0.35039268042558769 0
22.22105178928247 0.33837546624622961 0
21.965083260203329 0.33359808893336029 0
22.322998104404451 0.33160470168198047 0
21.868029087964199 0.26068406310931402 0
22.420469916008852 0.26350975309824137 0
22.499947067313581 0.35170685822911141 0
20.787827939803432 0.1236756565020158 0
20.716425636007699 0.2455565876910458 0
20.578937301117179 0.24245852728090839 0
20.853454801116161 0.24157766098878569 0
20.648144583498279 0.35130869518272179 0
20.788147694269441 0.33687555406799857 0
20.512000756738939 0.34281753193355141 0
20.88976087091525 0.33146635653264722 0
20.444689869186259 0.25006886219529428 0
20.987518093284859 0.26266884799061541 0
20.410345846613779 0.34072992169138272 0
20.313212197936821 0.2817428034096166 0
20.203847283355842 0.14244392286800411 0
20.159210036305328 0.29851473937069772 0
20.055369127638361 0.20283186982077819 0
20.0208498392854 0.3376531225915132 0
16.50423511073048 0.1236756565019908 0
16.57563741245033 0.24555044397059059 0
16.713100084854261 0.2424114165893792 0
16.438604068923279 0.2415895842313604 0
16.642314367403522 0.35082284331823949 0
16.5032936155377 0.33692653105601589 0
16.788862705288899 0.35244045443922412 0
16.383198205741699 0.34236012140685462 0
16.862593323352598 0.24636586117124179 0
16.925564989738799 0.35169388466037182 0
16.28086352990201 0.24734661685260309 0
20.927233337105449 0.12526305047897851 0
21.133478816461231 0.24857810411308001 0
21.06789517369036 0.35423928523129949 0
21.180757165995061 0.33697477483789218 0
21.273006622530691 0.26117594919512171 0
16.36109740067597 0.1214054753545263 0
18.644757791145171 0.12511279624762869 0
18.56889505863473 0.24271950475817991 0
18.435764908818179 0.24199832124227641 0
18.503195483051648 0.35091407999220342 0
18.380888171639111 0.34793242972890959 0
18.30519059177945 0.24655491469758911 0
18.61457966326298 0.3335663814782619 0
18.269349240959919 0.3628362858467109 0
18.167007220830421 0.27925017658281998 0
18.710201216373751 0.25842948810607103 0
18.796161339942149 0.35035456305730173 0
21.64473287668077 0.1238546015002772 0
21.71636549767457 0.246186527851499 0
21.578995135557971 0.24175346782664409 0
21.768681130051402 0.34986296286755469 0
21.640711192642559 0.33713159796047859 0
21.540736440013379 0.33151436089721292 0
21.440655020567029 0.26337229035476672 0
21.364044952011259 0.35039588816751782 0
21.211864957728249 0.126177721348852 0
22.355953039936558 0.12585625717032961 0
10.680601763415529 0.064712989322148834 0
23.785047422944551 0.1247523706742838 0
23.70914810916695 0.24259063384069729 0
23.57599015751487 0.2419594482086784 0
23.643484639467552 0.35058571683436413 0
23.519876407142249 0.34388653210157022 0
23.445128182059008 0.2458107417940347 0
23.754103106799889 0.33359986662069591 0
23.408140936609161 0.35942868670149852 0
23.302341150555439 0.27150371860182482 0
23.216662189346732 0.34734113930579991 0
23.847335792077629 0.26149341199201959 0
23.990376564195731 0.24749101948771041 0
23.92850516763874 0.35296948482071577 0
24.053354377035589 0.36020463897324989 0
24.12867695920033 0.26089283420558218 0
24.161783755485651 0.36094767004090689 0
24.244332083984371 0.29273048144757757 0
18.224696797586329 0.13051232951206679 0
18.019234714978019 0.25766070771837052 0
18.073805064837551 0.35343625499673781 0
17.96819120617662 0.35131984400026639 0
17.87664792715621 0.26786790518876269 0
17.795241190730572 0.35928702182836142 0
17.938263191279109 0.13046624978322069 0
24.501525048382291 0.1247559922203557 0
24.577435827221692 0.24257114554104589 0
24.706361876968341 0.24386143840405899 0
24.64363912683223 0.351279770210561 0
24.760177478861358 0.34973596132710899 0
24.51341911225526 0.3420894285441336 0
24.45047087682379 0.23670285510422581 0
18.93446363187492 0.12562116814952859 0
24.79194595962387 0.12834214334634211 0
23.363581919271159 0.12849384470261749 0
24.06775788962138 0.12950212701003919 0
24.22345337362534 0.1474561594230985 0
10.32067060872777 0.062394703874851173 0
8.3965612106774792 0.060820980693242738 0
20.5062450041526 0.12568654942487581 0
16.78981601579428 0.1236561373923904 0
19.355910723649821 0.12570735930415411 0
21.93278947754748 0.1252406844386621 0
23.502894240037389 0.1234860760325539 0
21.504473384240629 0.1254394161790239 0
17.081775806100371 0.129734568290541 0
17.22288555652873 0.1237871272103528 0
18.36496778100226 0.1237897389182822 0
17.64448837602777 0.12488618481326309 0
22.64642327046845 0.12563368155489399 0
-9.0718829570466273 0.1236756565013957 0
-9.1432852640633371 0.24556680068110151 0
-9.2808094979579998 0.24253621202882039 0
-9.0062654770249679 0.2415625458184294 0
-9.2119421615008221 0.35149223463914092 0
-9.0721578785489356 0.33670508839199281 0
-9.3484077688208949 0.34298028744250653 0
-8.9706938617358034 0.33144006048806501 0
-9.4169261157711475 0.25098932105497901 0
-8.8725245101407779 0.26272283969754051 0
-9.44877541137447 0.34683985993239391 0
-9.5469259399778004 0.28240852088879148 0
-9.6593644207021505 0.15694365467812441 0
-9.6985971794905517 0.3175447818321806 0
-9.3537869858468454 0.12583017785004441 0
23.071719622245329 0.1245227026379314 0
-5.0738803212922861 0.12367565650135021 0
-5.1452825137243687 0.2473740522178719 0
-5.282555167585234 0.2423834919191292 0
-5.0081896607507002 0.2420466132188214 0
-5.2062026110696999 0.35043107538196111 0
-5.0690359680882304 0.33824445704558731 0
-5.325134980953127 0.33352915702399039 0
-4.9671542470377146 0.33161416810095301 0
-5.4229888855610966 0.26167579407995789 0
-4.8721277020973757 0.26223957387334618 0
-6.930095830750763 0.12367565650135789 0
-7.0014980231828607 0.2473740522178805 0
-7.1386707654423418 0.24220052508903811 0
-6.8643292517038734 0.24219299255890869 0
-7.0598372828064653 0.35025569883741658 0
-6.9228036410442124 0.33884578748314192 0
-7.1784917036582874 0.3337871260243474 0
-6.8011785977911163 0.33937209086354952 0
-7.2768064622563422 0.26117248851739627 0
-6.7339613470698954 0.23750243130299811 0
-5.7878093633916947 0.1236756565013524 0
-5.8592116594006631 0.24553565499448851 0
-5.9966021334621091 0.2422901865073058 0
-5.7221686852222451 0.2416310072051136 0
-5.9249586013573401 0.35062295634361013 0
-5.785718878830914 0.33725376173142291 0
-6.0617280057831504 0.34239764195724071 0
-5.6839176183015523 0.331492339430287 0
-6.1278532310761484 0.24880887235445731 0
-5.5846031633541324 0.26363451604157861 0
-5.5081299232631569 0.35135170027781709 0
-6.1626919508352964 0.34078474331868241 0
-6.2609685480731958 0.28232698488546137 0
-6.3715299791162714 0.14296896117148031 0
-6.3919216708665054 0.31457601216108078 0
-6.5050168180562871 0.22605125693169839 0
-6.5738688431654371 0.3498752352257638 0
-7.5010485699577583 0.123857857782778 0
-7.4280290276051648 0.24300653370943229 0
-7.5665360136540114 0.24116788412614201 0
-7.3706596647703817 0.35085627076220771 0
-7.5022511467800834 0.33612670470068912 0
-7.6026949911314041 0.3312447403585449 0
-7.7006251102954053 0.26263305438814583 0
-7.6405163309239841 0.12521915561474631 0
-7.8468050817991664 0.24853766371891911 0
-7.7813003916344501 0.35398311582955699 0
-7.8936369818315306 0.33703159427940249 0
-7.9863899556984581 0.26126553772816918 0
-6.7895942332697476 0.121529216868628 0
-5.6478169562850864 0.12580126174658809 0
-7.2128216242414327 0.12530199290153851 0
-6.068850063207802 0.12550209039271201 0
-4.9341205465006803 0.12526966349750551 0
-4.7276593796943764 0.2476900569743675 0
-4.7848838206099131 0.3669656459262482 0
-4.6715701231941784 0.36171529680869691 0
-4.5752426216708271 0.26151695664551872 0
-5.3572346515016847 0.1255997574646095 0
-8.2147827426615461 0.1242411235496228 0
-8.1418812634964031 0.24453825619917141 0
-8.2804453968235059 0.24156320045211091 0
-8.0909023620494125 0.34929932120832241 0
-8.2191335225895816 0.33688807097180901 0
-8.319483790996534 0.33139954800436788 0
-8.4192838874880671 0.26329241230076261 0
-7.9248638935679852 0.12675416819770999 0
-8.9325344077232174 0.12526952990142801 0
-8.7263402779672123 0.2485466044738468 0
-8.7918387206332316 0.35395201423786909 0
-8.6795668745492343 0.3370404278050752 0
-8.5867506723043761 0.26127066943738259 0
-8.496557343965522 0.35049507733753882 0
-8.6478717050517293 0.12618825811560561 0
7.1825351941856859 0.059497312657535641 0
-8.3551979074841061 0.12545881228228301 0
5.468669221574868 0.056416186255590639 0
4.2545975475775988 0.055016589478562292 0
4.1117614751678673 0.056322916881810813 0
5.6114407536518032 0.057084699033245583 0
7.0400785510697874 0.059169014048358927 0
-4.6475539307380247 0.12569028391287379 0
13.386759880464989 0.056600389366712162 0
13.473301151866609 0.21262814955987369 0
-0.85157346495527986 0.42297564547885369 0
15.16600424893778 0.22067623354216151 0
-2.4195817302798188 0.16860056642831359 0
10.249165414707781 0.062127726155122638 0
1.7496866283676329 0.062393248216284787 0
-3.1177595899818562 0.43176542750992042 0
-3.170972822824039 0.43467793166866048 0
10.44731767318931 0.44562344896381001 0
3.2251836100672331 0.43650890283385441 0
3.2706246169496849 0.43792365087826512 0
3.315590192455323 0.44506814006976791 0
-4.569108198505119 0.36756635455204961 0
13.98956148150039 0.41976580809230751 0
0.080907742159101695 0.68779394686742146 0
3.650129184053176 0.43356150350166961 0
10.157634421425429 0.44237955227920422 0
24.4065304958425 0.35415951140948548 0
10.151354869969589 0.12798702737189999 0
1.690383013216709 0.13157177054726171 0
3.4337304398549242 0.43081516977434331 0
3.5083874670630388 0.43614934979308478 0
12.329512084794301 0.43100121206708047 0
3.5787024717890419 0.43304544697568792 0
10.615629120415919 0.1923493466009121 0
8.1811271065020748 0.059252685878938192 0
8.222269329520989 0.35843395943239448 0
10.30303702872596 0.43605646978284401 0
13.770145876905501 0.203552996838894 0
10.10534166251319 0.061104923853364468 0
10.577602133446209 0.1299708906505605 0
1.609586061525339 0.061043684908706909 0
-6.6845862174182118 0.33165419026006387 0
13.571891851319201 0.13003655948162529 0
13.5432795083027 0.1981632434969188 0
12.40088013825336 0.42739475895037488 0
10.034927951092619 0.061393467839970607 0
1.5381931573155749 0.060779881651404681 0
14.072159954130299 0.42288434049698131 0
12.475965140317079 0.43789667504207608 0
12.52057649046596 0.44904745027907489 0
12.56746295594222 0.43806611188592248 0
-3.0246240079510609 0.081368426658565862 0
-2.209898921958525 0.40563973548889071 0
3.721561239603453 0.43329735330519431 0
9.9370832841418295 0.1271847524016137 0
12.82734594863652 0.43048017116881648 0
-4.424328661629592 0.23925089274565239 0
7.9668771066971589 0.058785858873631747 0
1.476035080147994 0.13083537747871299 0
16.272257564309211 0.35155312583975112 0
1.678332641470041 0.44650653905174248 0
-2.8834391217649991 0.29602481136630598 0
9.8911629498816911 0.060359947290403747 0
12.90034294865001 0.43402257454760418 0
12.677686292649669 0.4341655882606712 0
1.395407348896059 0.060251867786975 0
14.214645874122899 0.17360280769496511 0
12.75280474129044 0.43396058347208077 0
13.69123178408586 0.20316280083081001 0
9.8207403900173258 0.060682714959801681 0
1.321497576418309 0.060973693129920951 0
-1.959078377278636 0.35294543469470802 0
13.878711489107481 0.40965853030142968 0
3.791545922935935 0.43650342269194392 0
7.7526396534745574 0.058315481120440882 0
15.03811762161601 0.3737334050155105 0
9.7224149856976254 0.12609882046174861 0
3.3978407627562728 0.44240462863145602 0
1.2616580444148131 0.13009562401195579 0
9.6769842372502772 0.059614789886180422 0
-1.148550412476776 0.47332712073078309 0
-1.1935448603217049 0.42924381492594438 0
12.969542004141781 0.44097683650262931 0
12.1062608523396 0.066393626394928851 0
14.894776426667651 0.42691778102453248 0
14.790916554043109 0.42631749455442991 0
14.686816032296569 0.42681341899397479 0
14.59667076130359 0.42565251082388378 0
1.1787065003428501 0.060359548845958413 0
16.33177069449242 0.42372568335503269 0
7.4289166662350663 0.43933091579373751 0
9.6086676825622384 0.060982619512870359 0
11.911312818824589 0.43509955259375432 0
11.95544118413191 0.44235408086092493 0
11.867385739912089 0.44374664675200698 0
7.5383948972332799 0.057843556939078333 0
-9.0100485848167775 0.41962773840742862 0
-8.9034550691023053 0.41180570076848882 0
9.6582501387184472 0.44422204258275988 0
-0.67370386830788553 0.57667121479918038 0
-7.5633989681606328 0.41953130252911702 0
-7.6698420218338574 0.41173554376032651 0
-2.383689444792664 0.43961004260995901 0
3.8644235348263059 0.43303420060885389 0
1.106146207332495 0.060740303944408991 0
9.5063635434475522 0.12327606759461179 0
13.507795726210521 0.39177107487498369 0
9.3700685907270369 0.44272670777028211 0
1.0473360500286499 0.12933867957906281 0
9.4628055246188953 0.058869445174680048 0
-1.8123128402527231 0.42781873907880719 0
1.541119994349339 0.44572937578529831 0
-0.095424172315821731 0.48702594014798012 0
13.04320609111142 0.43363571122712591 0
20.852147146239631 0.41792941795050842 0
20.957783002524479 0.41111871250392751 0
7.648552694994911 0.43015343504175119 0
0.96451893926951637 0.059610157084758468 0
7.3241502674800776 0.057680129593732352 0
9.3951507652922182 0.060972028708576757 0
-6.3100745587157494 0.36957915298597688 0
3.9367731550994169 0.43216515809588019 0
19.613416375428969 0.37757751654939958 0
0.89136204155833609 0.060065917890109267 0
16.437585581008928 0.42279257899678679 0
9.2910553746791571 0.1223942164123009 0
12.64225419896283 0.4368990032609219 0
20.241459923348689 0.36706427865995311 0
-9.6074506006177316 0.3656035216021607 0
0.83591742551012727 0.12650939697979 0
9.2522516622783488 0.061108216436418387 0
11.682974969379741 0.19559804387601301 0
-0.86870690886483737 0.52804592456221777 0
-3.4542431127756461 0.18908904508306179 0
4.0063412342572509 0.43770853449678732 0
19.00630461495955 0.41578557085241291 0
18.902426153549889 0.41020118363732339 0
13.11601669283686 0.43308661013700661 0
16.235085149598859 0.42229145365940379 0
9.1482292153602991 0.1218632908849399 0
0.74872324810795576 0.059262324960440711 0
4.0822798419253479 0.43204338850294649 0
0.94399673263291028 0.51408945191557942 0
21.57545301009548 0.41606561767861761 0
21.47162221476826 0.409759532888401 0
13.373164761752941 0.15934773140480349 0
-3.402966109657549 0.43096215780167518 0
4.1498868601179044 0.43906749616734853 0
4.4449245109623758 0.43932535798986122 0
9.1084136657427965 0.059880752948910987 0
1.4568059286539881 0.48516904995297477 0
1.467651453628817 0.46272605919310728 0
1.491561944249618 0.46884114438291852 0
4.5113432869829184 0.43960788458897038 0
0.67530706473941504 0.06007831527703697 0
1.4222515556925921 0.48633275645821861 0
1.409248827819056 0.47129738655141629 0
1.388827505886649 0.47156452559768919 0
-1.439532639031893 0.48600945927757289 0
-1.447037617965361 0.4690508399076343 0
-1.471385783342209 0.46473085468747788 0
-1.4059958737950451 0.48540527773602588 0
-1.3957378505529849 0.4679338777865365 0
-1.3678549107222659 0.46661035573424092 0
-1.339708274755548 0.44875666379373907 0
4.2207479633554579 0.44354254458937242 0
13.252925399139169 0.09582390544943542 0
-1.3704113213294891 0.49104193810213742 0
1.388713168528126 0.49062133028505411 0
1.353136142398726 0.49039427652326012 0
1.360399095911738 0.46405748164562621 0
1.3202334631498751 0.49395269529600899 0
1.3091457865718179 0.47262490507316268 0
1.2823861568179971 0.47720013947780049 0
1.246473481089748 0.46617693508906882 0
-1.336083920015485 0.49226303600837928 0
9.5201343653134156 0.44285320848551951 0
1.283973314051357 0.49832676752240851 0
-1.3023968618552859 0.49381223558053589 0
-1.2866143877461531 0.47602560063345989 0
-1.2660929600056861 0.48119403330261862 0
1.3353088776315201 0.47792564047731989 0
-1.2678080404962151 0.50040433841149023 0
-1.2401232669131921 0.47726199178230427 0
-5.7178055632848928 0.41636883212142312 0
-5.6138202764040033 0.40924565491975617 0
4.2929951966419004 0.4344676727751095 0
1.248060380330329 0.50329611796112494 0
-1.2331731928017851 0.50391443098102484 0
13.1864319129433 0.43798416139055002 0
1.214742678977236 0.50913967268609028 0
1.204975178700882 0.49032290144535029 0
1.180415737954426 0.49282493389426918 0
1.1500787840903559 0.48806346068774198 0
-1.1989545702800131 0.50835956537433202 0
-1.2038662392500661 0.48771185581576437 0
-8.2855201166429993 0.41643057669068961 0
-8.3894496327390531 0.40911606251276778 0
0.85996848225437461 0.5306080661496908 0
4.3668448811605503 0.43610612825460288 0
-1.1649092860794561 0.51393116707024933 0
1.1826809969178671 0.5128101874900568 0
1.1444791735935149 0.51527831260967827 0
-2.2422965204457048 0.3486215839301926 0
-1.131283901750898 0.52019629463544315 0
-1.473227640735064 0.48672780810306682 0
9.0052963855128194 0.1209684066590916 0
1.1128446576968971 0.5237719298857364 0
1.1193588979426881 0.50467337765455011 0
-1.0986810333340471 0.52619234913548552 0
-1.0849260523415261 0.50383412632845292 0
-1.0607692404414859 0.51495185559970413 0
1.080269816208669 0.53013987907414761 0
1.09400910490195 0.51219213579934275 0
0.62257533883069538 0.12556273313173169 0
13.05309453241161 0.098113013113553749 0
-1.064073522670369 0.53568228720980005 0
1.0465411870235151 0.53709862618908588 0
1.036239500395036 0.52503233226186108 0
1.012241836927009 0.52734815267468438 0
1.014060813206433 0.54680254700549902 0
-1.030119795068293 0.53887987730232956 0
-1.0149207158144931 0.52575696901101276 0
-0.99448538992606217 0.5321314901940345 0
6.8196409645579621 0.059007205460310887 0
-0.99710245635586647 0.55075459895497025 0
0.9968150663033013 0.54788840104149938 0
0.98066551373307909 0.52824874527612287 0
0.95949648763754769 0.53732240482073201 0
13.252779286997541 0.44206401036678422 0
-0.98072758123204873 0.54964637528833249 0
-0.96338468223847751 0.52458950600947685 0
-0.93945705031940829 0.54295211965978252 0
0.96174136240883845 0.55612287012254424 0
0.92988967696562663 0.56393638228550214 0
-0.9456790907236361 0.56121978898153468 0
-0.91246629505770316 0.56800187526679013 0
-0.91822694896345125 0.54912752736539339 0
-0.89239952145009294 0.55361096749714289 0
0.91244235139667451 0.56744223783055348 0
0.91630981094152952 0.53954221293222548 0
13.46310268725817 0.43567267253600722 0
13.409966193425261 0.4403146279298612 0
13.36767514402219 0.44085572742595103 0
8.9640988140000886 0.058064520012168733 0
-0.89654976072048409 0.57419671062707811 0
-9.1113277162760244 0.41687718266035068 0
0.87912774454012355 0.576303242978362 0
0.84643672625122424 0.58238774471861809 0
-0.86079271895276732 0.57868188423399292 0
-7.4623132135498196 0.41688282772897223 0
0.53450304065364529 0.059002455143391239 0
12.822984462929689 0.055084804740612572 0
1.491418593498183 0.48789738678526567 0
-0.82922306571940763 0.58902879074493153 0
-3.4942422622421541 0.48644850338712481 0
-3.4874774184206498 0.46743082643293232 0
-3.5168316986160271 0.44907360985166289 0
-3.4507437729594561 0.4392915426416788 0
-3.4607214430536559 0.4709208386537298 0
0.82918652151274663 0.58834373582364108 0
0.83310606027433964 0.569801502770237 0
12.32495288636462 0.19734551030539141 0
-1.0011703814121991 0.49893023637545758 0
-0.81260597591961636 0.59330582192165138 0
-0.81661715698746828 0.56713549221401061 0
0.79437816381909854 0.59774323358821591 0
-0.78157938202628197 0.60137787978742974 0
-0.76706312758472128 0.58134583349752378 0
-0.74184506591708499 0.59460654238995603 0
0.76282061402550494 0.60629238664625462 0
0.7750308394505937 0.58828771187066697 0
0.74409922230298087 0.589637346668897 0
0.7122833610904753 0.59210064243479121 0
-0.74686634873518221 0.61317936428085562 0
-2.0911062518083918 0.48469207863664959 0
-2.0984724942138522 0.46492366690215281 0
-2.1222259971241511 0.46901544046492027 0
-2.149528585681781 0.45874869062391149 0
-2.673645746343623 0.48469207995813779 0
-2.6810320737857731 0.46521627073314242 0
-2.704788917873318 0.46951368027458679 0
-2.691822757720661 0.4340863811163283 0
-2.639378717253456 0.48465559182279982 0
-2.6319711049679499 0.46564434816493272 0
-2.6054233679357699 0.46711687784272993 0
-3.2561852408763881 0.48465583378474453 0
-3.2487989251459291 0.46507275045586011 0
-3.2222676838958511 0.46704592603746381 0
-2.1243854223933432 0.48738744633220288 0
-1.5079057152888891 0.48226141643519732 0
-1.498107635723154 0.45954847873365923 0
-1.5375771980757169 0.4492267029357796 0
0.74754190767019468 0.61162505120294208 0
-2.0568392227180481 0.4846555952017495 0
-2.049452635880852 0.46533053446137529 0
-2.025204959663458 0.47122322627646412 0
-2.0230987468348589 0.48830942171440161 0
-3.221988106208149 0.48747396166663248 0
8.5481611946093476 0.48464870279787359 0
8.5399450594501971 0.4601404003561812 0
8.5139469977711144 0.46667614848694638 0
11.767075896319129 0.48490482692536879 0
5.3977583878865714 0.48494441354389323 0
5.3878981297696971 0.46186769682191431 0
5.3622684477462812 0.46712596752180641 0
5.3337279871273777 0.4552647664043995 0
3.3755131246894901 0.48516673962453538 0
2.209278307859091 0.4826964510510785 0
6.5613162406003616 0.48460541528124901 0
6.5687800423602054 0.46513399349822893 0
6.5947146469181153 0.46638350233460663 0
10.56926209611346 0.48464874442414813 0
10.56050666015747 0.46425673576101789 0
10.535863361535769 0.46638341072193651 0
9.7813753040005089 0.48460734073293232 0
9.7937573538951739 0.46898104739138008 0
9.8147591770363309 0.46638997359364309 0
9.7976191519561695 0.44327487159078688 0
7.3834589801902499 0.484602975406977 0
7.3924509338451676 0.45884284952462479 0
7.4183013326347886 0.46861884663976311 0
7.3603915097699479 0.44926147560797403 0
7.349203032707293 0.48516673962465617 0
12.9671784199353 0.48443100245902232 0
-3.2904522699665488 0.48469169317513833 0
-3.301012386704905 0.46997441083879871 0
-3.3240935669744371 0.46435380300302442 0
4.1623268227109564 0.48455731884532921 0
4.170492047388425 0.46399653655188561 0
4.1977655265579514 0.46669788837390958 0
4.1976777967350882 0.48740627352460048 0
-2.7069296012317299 0.48748709442276339 0
-2.7416889453975881 0.48241823889324059 0
-2.7323543895951272 0.45662537090253302 0
-2.7712855033760948 0.44559162506565941 0
-2.1622252916911808 0.48276875128806979 0
-1.54283378636293 0.48498576862408183 0
4.6098715957795893 0.48494685141689542 0
4.6000693061611839 0.4613685068404082 0
4.5744494954823987 0.4668223743966487 0
4.5488021544218817 0.45794502595244813 0
4.5744712865914563 0.48516673962457141 0
12.521851102654219 0.48494739102635898 0
7.7945303499851661 0.48460877225031501 0
7.8032901453932499 0.46304711332536508 0
7.8279113074984377 0.46639100654943477 0
7.8535784744790993 0.45979911222610997 0
10.98033346591156 0.484523796952604 0
10.98903116239056 0.46400164020891382 0
11.01450887550163 0.46678340783237882 0
10.94447541204101 0.48508372282973228 0
10.948738178438241 0.46355637465289301 0
2.999842064082697 0.48494122077159002 0
2.994035555400167 0.46360022621855562 0
2.9648772379804411 0.4645749931886749 0
2.9645536836962618 0.48551357776923593 0
5.7719636902283273 0.48258277481896728 0
5.7837794804037799 0.46604677240237991 0
5.8051764502110466 0.46958875104173808 0
5.832505553204844 0.45980950818568489 0
5.7561093391524008 0.45751436980754562 0
8.9606620741949286 0.4826343219157288 0
8.9502089445179021 0.46645204419685848 0
8.9272079354162219 0.4675933338262096 0
8.9920633593877497 0.48264415144753731 0
9.0038697903400191 0.46613507624879857 0
9.0252241954261017 0.46961881828254992 0
8.9766305110856521 0.45826868468308041 0
8.1727757886470762 0.48263366008318281 0
8.1609792003211794 0.46529522672477031 0
8.1391379569635589 0.46809860628959588 0
8.1378421925256781 0.48720389011809567 0
-2.6051740241177659 0.48748815202768031 0
-3.1876511826960359 0.48516194114791011 0
-3.1955544930966902 0.4640644355841142 0
3.8208404419673392 0.48452540094788821 0
3.8308016877001001 0.46754441949376008 0
3.8542168573822302 0.46639250406566052 0
3.7854401327791618 0.48490589649135413 0
13.34483942815082 0.48339395791068251 0
13.33277934373616 0.46726427026461581 0
13.311666282109851 0.46881653787602062 0
1.798595178770211 0.48493902998997962 0
1.8030343823232 0.46265413106203729 0
1.8331496725547829 0.46637988931992402 0
1.764591882572883 0.48511398108642462 0
10.15813396051022 0.48066955554835289 0
6.9395561315333278 0.48264570936770912 0
6.9304647756619584 0.46516900145516282 0
6.9060197028670114 0.46275790370965503 0
6.875805104802013 0.45873703426692369 0
6.9709574167259287 0.48263279501388318 0
6.9828081725319553 0.46677959367711169 0
7.0068195742870714 0.46717904620460238 0
6.9552453240328749 0.45777765822084537 0
-3.3245431697991692 0.48563320069244709 0
-3.361637584349888 0.48294133503224052 0
-3.3497229462985709 0.46099047000242172 0
-1.57710081545327 0.48449992082388948 0
-1.568534058180687 0.46753863677624502 0
4.9840763217053468 0.48258126456853018 0
4.9958953168642068 0.46604761051777233 0
5.0172928297043153 0.46958990487775643 0
5.0446202038209798 0.45981139653891312 0
4.96878831665195 0.45827439296442118 0
5.0189547038438427 0.48750218339160339 0
12.143891318633649 0.48494014301343308 0
12.15083762511593 0.46709749399229128 0
12.17721734941372 0.46551938363959228 0
8.2041770738397037 0.48264575973649282 0
8.2159794593212077 0.46613932702695071 0
8.2377716517680426 0.47129494104285669 0
8.1890802042963635 0.45803365826843329 0
11.358293249932011 0.48494095675946203 0
3.0338453602800168 0.48511527645968289 0
2.586024226195089 0.48513083462914092 0
2.5954497917851969 0.46298704852196337 0
2.6214276429737668 0.46804844813837992 0
-1.9900185159918831 0.48757195249633151 0
-1.9945414575306111 0.46292334550437853 0
-1.9606665015218669 0.44229495168928218 0
-2.57084465907305 0.48469077527056859 0
-2.5786473608099949 0.46548223773344161 0
14.40726997687233 0.1958587675779894 0
-3.1556278281296581 0.48515151540148682 0
-3.146638626824446 0.46221603989625137 0
-3.120136455526727 0.46643534016621108 0
-3.0856007943408268 0.45645048704047692 0
6.185966100636862 0.4825837642051104 0
6.1732384470828556 0.45591837451633088 0
6.1500899058028464 0.46631735558638049 0
6.124489172751522 0.45912362463308731 0
6.2017101653334787 0.45886731435226058 0
10.91182157094549 0.48516673962488482 0
9.4048453479146499 0.48505615681116232 0
9.3942063693562812 0.46793722195086918 0
9.3700973149235338 0.48076512517159442 0
7.7602744025022936 0.48464546514200069 0
7.7517982231955038 0.46069476644031582 0
7.7256656943600586 0.46811585653832699 0
12.556107050137509 0.48455426459407003 0
12.59036299762062 0.48461541676368319 0
12.59571543948371 0.46254019219130932 0
12.62373558310412 0.46639329530618168 0
12.657613292504401 0.46514463283999302 0
4.539321114474248 0.48291493578324168 0
12.931778110747009 0.48490930111739239 0
12.94221128892262 0.46330469114018857 0
-3.393538915812778 0.48497537836810162 0
-3.3784895384659599 0.4643853887326167 0
-2.7764468336141119 0.48495194071669101 0
-2.2281743681697548 0.48468802996699112 0
-2.2355267215327981 0.46469973912538098 0
-2.2592838313105288 0.46845872701402291 0
-2.286168069341735 0.45774393537038149 0
-2.194192897655177 0.48505528785945229 0
-2.182587355743582 0.46750816168089332 0
-1.6122451660166011 0.48336822522798573 0
-1.6012897560181929 0.46810522607859012 0
-1.645634873633945 0.48516194114778799 0
-1.6519144140526121 0.4697209167676677 0
-1.6768699681216721 0.46492762471523752 0
9.7471193565172971 0.48464686210621782 0
9.7389939365604086 0.46369483494434782 0
9.7130925125938532 0.46429785295758669 0
9.7128634090344281 0.48516673962443679 0
10.603518043596599 0.48461637156698673 0
10.612630416823951 0.46433016689836493 0
10.63703978468085 0.4700500844370844 0
6.5270602931174651 0.484658066764455 0
6.5196597260272249 0.46371984686109419 0
6.4958824982383021 0.46772985949247292 0
6.4679431421755034 0.45737476948014311 0
2.2450668577533479 0.48453137067594798 0
2.2522886493355072 0.46860557369304112 0
2.2784393897903898 0.46639301516066922 0
3.3409717109775321 0.48501768538261758 0
3.3572273681494211 0.4703439558221274 0
-0.73046736910964061 0.61261884347185591 0
-0.71525179696042862 0.59285090495956427 0
-0.72824849586841389 0.55924610542183362 0
-0.69079992000440527 0.60700668966345273 0
11.733678844312109 0.48499921361831771 0
11.749064395071469 0.46461162976041709 0
11.69970836305818 0.48465855369695732 0
11.69114437618755 0.46733049490276091 0
11.66730797094722 0.46752074571255697 0
-1.955751486901546 0.48757050262018159 0
-1.9214844578111989 0.48756857250923208 0
-1.9254270043264929 0.46302854535459381 0
-1.892413725074553 0.44272886095819541 0
-2.536577629982784 0.48465204440772353 0
-2.5266516948425362 0.46210495189530337 0
-2.5024667107978469 0.46583371766104148 0
-2.4777267598643831 0.45979316514099372 0
-3.1191171245157121 0.48516194114785399 0
8.5824171420922131 0.48460522796307692 0
8.5908835887551902 0.46434691889639229 0
8.6153135471834119 0.46715590916269961 0
8.6407022981062021 0.46037335872934698 0
8.5139052471265391 0.48516673962499801 0
11.802476205507499 0.48453264310340172 0
11.810338009920279 0.46405770712241612 0
11.83775219928706 0.46628260467047489 0
5.3247584657526401 0.48216200196753428 0
5.3623580786983407 0.48516673962457718 0
3.409937116595732 0.48429168214564111 0
3.4439998068729079 0.48462095713761172 0
0.70933185142208277 0.61779988428952637 0
2.1778770226664239 0.48279098148963628 0
2.1658101943443659 0.46541223971028672 0
2.1438783471598168 0.46759269327071218 0
2.1132046107476281 0.45382648144814869 0
2.1427705972561522 0.48654958228245271 0
6.5954006798502256 0.48734339631674001 0
6.6298281355661546 0.48454415804033341 0
6.6217352733545223 0.46907636389183849 0
-2.8107138627042731 0.48449625376420857 0
-2.800667537871794 0.45912060240277131 0
-2.2614539624944858 0.48727564208434171 0
10.535193737030051 0.48578409402003297 0
10.4980424559298 0.48291899897523499 0
10.509692009952881 0.45978396110024811 0
-1.6789396020969141 0.48656942011099691 0
9.8154568365942332 0.4873446905685026 0
13.001434367418749 0.48453400134395019 0
13.011032428904951 0.46756525584274272 0
13.034808877761041 0.46639150779353777 0
12.486525795999359 0.48449184178710791 0
12.495894489488199 0.46611124412544669 0
7.8285969303609564 0.48578466827291139 0
-1.887217428720857 0.48756616379161782 0
-2.5023106008924731 0.48516194114779748 0
-3.0848500954255389 0.48516194114789379 0
-3.052384653886473 0.45754760742370082 0
9.3357625204902579 0.48500531886303599 0
9.3436622537819183 0.46406970804887232 0
9.3017920392361368 0.48466048236352349 0
9.2930469322700873 0.46483676196662971 0
9.2684164374944586 0.4663908462004509 0
9.2435662858225811 0.46121556967874988 0
11.014573305816111 0.48742337741624969 0
6.1502448708053112 0.48516673962463869 0
2.621791352647064 0.48767638547749459 0
8.8947660435532363 0.059703165400532422 0
5.8068407382009806 0.48750190688455591 0
11.32118014336913 0.48752595960809791 0
11.319962627676279 0.46596836490561072 0
11.292443034727039 0.4683735710423878 0
11.289742980878369 0.48725880157551621 0
-3.4282967325088678 0.48344148504502082 0
-2.8461906617230199 0.48456114658384108 0
-2.836414134521879 0.46751351313261758 0
-2.299224036081291 0.48259130476206352 0
8.1001243482820797 0.4829208501137342 0
8.1084307927638584 0.45591195207567559 0
12.17887677214078 0.48717057257769208 0
-0.69650907410075225 0.62415249814278462 0
4.952769811793762 0.4827187641556932 0
4.9409949112711233 0.46625042591773741 0
4.9195667003370751 0.469638712116975 0
4.8922411584107799 0.4597950857245463 0
4.9178828063127122 0.48751179098860159 0
0.67994418820490876 0.62795832791923178 0
0.6903992068191297 0.6084788099416848 0
0.66345187504659653 0.60871387142872524 0
0.62958532230699882 0.61040664583644932 0
3.854920483036643 0.48734519666295067 0
13.31025807806285 0.48672441695188318 0
1.730335935089969 0.48511862731251221 0
1.74530062238034 0.46466682932195452 0
7.0066787611599892 0.48750250509073911 0
7.0408995053611036 0.48466827639775989 0
7.0331843864080072 0.46513383544701731 0
10.08967883134935 0.48516673962490392 0
10.080648246166261 0.46179298007721398 0
10.056016340787769 0.46756575147263307 0
10.030599176964961 0.45976966373940398 0
10.12218702640941 0.48533873742585792 0
10.13096716838816 0.46653433728167643 0
-2.4680435718021392 0.48516194114778061 0
-3.0512522326896789 0.4834688203817617 0
-3.0185713573225672 0.45387664361911101 0
-2.975406817782829 0.43683037803668778 0
-3.016316037245244 0.48516194114789313 0
10.192732140027699 0.48505250488988672 0
10.181999870926649 0.46740295083303002 0
10.22670262128176 0.48462065222583661 0
10.23560938594127 0.46291895008867989 0
10.26008409336537 0.46638761624745728 0
1.869395797146578 0.48495520854927149 0
1.8596874485705721 0.46738925360830902 0
1.8338263248776729 0.48734267371380402 0
13.37801786005053 0.48750743740616592 0
3.7514368365818078 0.4851146227149189 0
3.7678892998025848 0.46577883340280019 0
5.0567639987676687 0.48292127407816721 0
-0.66337063013166808 0.63224744960886348 0
-0.67017792560414424 0.61241074576643051 0
-0.64546912971521864 0.61390262781526594 0
-0.61669795697993268 0.61805993231817535 0
12.109888022435859 0.48511475637514201 0
12.075632074953459 0.48511892791384681 0
12.09159693469095 0.46515075183385318 0
8.2394404641640531 0.48832568405839 0
-3.4615742209446179 0.48824894418988568 0
-2.913514949974755 0.484565060245571 0
-2.9049584310501939 0.46205541036536762 0
-2.880338252557864 0.46427865370891502 0
-2.8799457967239999 0.48680052100158749 0
-2.3312610140165342 0.48496499394844711 0
-2.3138324384128919 0.46943350919075399 0
-1.7136878515006679 0.48242410965191379 0
-1.704495261192539 0.45979272793698939 0
-1.7416173737577401 0.44741440682142342 0
8.9257658360778702 0.48710287677089692 0
11.39169030193856 0.48505468288786152 0
11.374897478112381 0.46668109125114099 0
11.425660783192839 0.48462123231654342 0
11.438026925090471 0.4690062836572968 0
11.45904654248044 0.46638539580742389 0
5.7405624050356714 0.48259438757079121 0
5.7306095141397364 0.46731564618129462 0
5.7032236119730344 0.46470130817368749 0
5.6777646952088912 0.46622528970006538 0
2.5533703850995502 0.48516673962456791 0
2.5462313513810342 0.46232387645805112 0
2.5199973696316049 0.46639332419243767 0
2.51929102401964 0.4873453606883062 0
6.217587210568106 0.48135512140014791 0
6.2256953543943174 0.46309708941238342 0
6.2505947793420926 0.45949142667846582 0
6.2793874294747889 0.45790326320616082 0
-1.8169700190856619 0.48516194114777189 0
-1.8529503996305161 0.48756327848890901 0
-1.859803805448567 0.46749251014900101 0
-2.435489894166325 0.48746131126544351 0
-2.440322110879444 0.46647261852443478 0
0.6650881283252037 0.63272327518406224 0
7.6890556381487212 0.48292071259220382 0
7.7006381896285134 0.4598693559973262 0
7.7260894967446214 0.48569793781494652 0
4.5063941922171411 0.48507017844037631 0
4.2319118117623153 0.48454076796679851 0
12.89777481454909 0.48511611283271983 0
7.4511982376414796 0.48351433655746051 0
7.4589646714074744 0.46047452861222637 0
7.484575766645948 0.46639492713924158 0
7.5108237668496383 0.45667355474402288 0
7.4178322086654873 0.48779046517777119 0
9.67904184163989 0.48245956238575383 0
9.6880587976887114 0.45980625388301632 0
-2.3652424845311222 0.48455514314865061 0
-2.3580683609100088 0.46135696912301583 0
-1.7484359609049791 0.48495224034749751 0
10.637627149800039 0.48807671273719078 0
6.4937647908670533 0.48712967734227353 0
3.3070012297236411 0.48466314267588212 0
5.4311554398932547 0.48493782101255051 0
5.4166309388966747 0.46687390811936852 0
8.6509290370577627 0.48516673962509538 0
8.6162330584378388 0.48648719852421168 0
-0.64822083776901174 0.63717312388598124 0
-1.783821991601281 0.48301481610296487 0
-1.7689292350972221 0.46109781402019828 0
-2.3995095136214681 0.48468047416156912 0
-2.4104944558294639 0.46053069390116719 0
-2.9489454282132361 0.4829440127497085 0
-2.939215221792411 0.4674668369182482 0
-2.9820490081550459 0.48516194114788119 0
8.4789016968704267 0.48322491333000278 0
8.4886390110227072 0.4590398441664999 0
0.45676433195110522 0.06186498688865899 0
24.94315669375214 0.38337658698931448 0
0.62646374458361809 0.63866112660527408 0
6.664843696211304 0.48345191966778989 0
6.6537633404128371 0.46351533484053142 0
10.466208787435001 0.48502899414059231 0
9.8498871989668473 0.48455102875585532 0
9.8401488920119231 0.46848789144967717 0
7.3149470852243494 0.4851667396247667 0
7.3048336604268194 0.46118344971929742 0
7.2800810742244568 0.46816874720437701 0
4.0948880218306796 0.48516673962457019 0
4.1024520585418953 0.4641833766588892 0
4.1283406737176511 0.46634995222608627 0
4.1286470155777826 0.4872387028079721 0
4.6438748919769486 0.48511775343109009 0
4.6312843362037759 0.46620275300151143 0
4.6758688911408512 0.48802481343282089 0
4.6685898527665941 0.46827158466498392 0
4.6505763202764303 0.43469818267922389 0
7.8637879370045667 0.48322200996426079 0
11.05039165699435 0.48282729006729819 0
11.042616436891979 0.46096684090979129 0
6.0814475096105287 0.48502970380711302 0
6.0925611446371004 0.46433163068969763 0
6.0583477001892172 0.44750376741483422 0
6.0125002133341816 0.44381129970462319 0
6.1135013494526413 0.48229299785631591 0
2.6553662702009859 0.48351376233318971 0
2.6674238380187449 0.46744784393860228 0
2.6895146653906639 0.46639036061800149 0
2.6902182731031061 0.48734476797341919 0
0.59704617675510641 0.64910635701909236 0
0.60323239662351158 0.63007961994350259 0
0.57547052832087775 0.63328525859661655 0
2.9306168993733661 0.48246236040957557 0
2.939621900715073 0.45980933875544711 0
2.9072554250518698 0.44354750846989938 0
5.8446504475626657 0.48292055791344279 0
-0.61363470222569549 0.6449525122979971 0
11.251678504799999 0.48291696013190588 0
11.26384666127818 0.45979675933575082 0
12.53843196530444 0.074930592204923097 0
9.0268955984548658 0.48750783853723723 0
-0.58029912165158171 0.65264408689032027 0
8.0682924636195672 0.48494862559894619 0
8.0801459545807237 0.47013101498530602 0
12.21277603361785 0.48351481470615909 0
12.2214192705401 0.46710076562339548 0
12.24614735898562 0.46599532467981031 0
4.8800724592761506 0.48291621571040522 0
3.888578186823116 0.48351218494959097 0
3.8988236031987178 0.46602267035647482 0
3.9235697761292179 0.46432758752643799 0
13.2412259998005 0.48455021450469632 0
13.23287424291194 0.46365234650069681 0
13.207800119125871 0.46636593813201999 0
13.275911996943501 0.48246357016327579 0
13.28723626987953 0.45603881257760359 0
7.0751554528440153 0.48462177810137608 0
7.0842124086526059 0.4620416403578978 0
7.1085831275537936 0.46636509213848287 0
7.1358797663005884 0.45863720926596813 0
10.26078367368501 0.48734421909926512 0
6.9044283719834167 0.48585876319886162 0
13.44539144679902 0.48802572503608738 0
13.41099853983024 0.47823528012743349 0
3.7171808890988749 0.48511887871967091 0
12.04363807578925 0.48802575168539891 0
8.8880119801059045 0.48292115486234488 0
8.9001585141425217 0.45981051431099451 0
0.58045039815073951 0.65322559396841595 0
11.459742693036871 0.48734377501125847 0
5.704923712127127 0.48652416133062321 0
3.067209597343298 0.48516673962460249 0
3.0534870117703141 0.4662037998741777 0
-0.56370852354588574 0.6566802323294374 0
-0.55126167195089848 0.63686957856059256 0
-0.52795689428208692 0.64759289698609546 0
0.54555566309665249 0.65845822216052374 0
0.5515819895884434 0.63964962829847094 0
0.52566910957856283 0.64248973104475748 0
2.4865712875078798 0.48754925751366168 0
6.2525462453742371 0.48498185237032471 0
6.2872686607370261 0.48516673962462509 0
10.875852826087881 0.48753732474972422 0
10.87458760897629 0.46746278665721708 0
10.84440077917165 0.46514849251163859 0
10.843595857366299 0.48590432520177951 0
9.438815829168794 0.48462156162594672 0
9.4477014990444506 0.46235388231505581 0
9.472205181759275 0.46638357728688051 0
7.6575065600535774 0.48516673962475387 0
12.658307660941411 0.4862287861021562 0
12.624618945104119 0.48516673962525853 0
4.2673121209505434 0.48492366661681391 0
4.2593150550220731 0.45839790453169138 0
6.6058889512475227 0.058349441383646207 0
12.86351886706632 0.48511934892789699 0
12.87886246735547 0.46597483473265439 0
-0.53143115481492142 0.66744565943745016 0
7.4857465728956338 0.48637727977277051 0
20.749934792529409 0.41721525580048269 0
9.6443515140678322 0.48445812797196908 0
0.53079664333178656 0.66529327805635774 0
10.673453114195549 0.48265369750382392 0
10.66169305391502 0.45916550696189762 0
2.279146122147087 0.48734529888195238 0
-0.5150037401191645 0.66647899193646909 0
-0.49975870332704941 0.64282962616262096 0
-0.47188353622083018 0.65594636746258428 0
-0.43244629286882252 0.64408091075855722 0
-0.4176601397701446 0.66973331138633496 0
-0.38430193090746367 0.65252110450916767 0
-0.36793270371501863 0.67963552885869039 0
-0.33958075488078338 0.65965528920618155 0
-0.31065878641653211 0.6807046373765131 0
-0.27995154033122083 0.67828489024139882 0
-0.26769372064586761 0.69777535966423709 0
5.4658862741968912 0.48345031183997861 0
5.4553610518962374 0.46781559759661001 0
11.666298417984271 0.487440183313396 0
0.49553878906487159 0.67042476870616197 0
0.49836897497157517 0.64808992899291895 0
0.47776187495136402 0.66231765039747648 0
8.4458284257608529 0.48509303145100308 0
8.4371771101301434 0.45931263918256782 0
8.411022999546919 0.46613652891677942 0
8.3861249950804755 0.45972671267723209 0
11.836936162250099 0.48732321678386931 0
11.869275303099929 0.48754872919371889 0
8.790836660333472 0.1198057731020329 0
5.2929544733128671 0.48511953581030992 0
5.3024101706033129 0.46740586754622349 0
5.2595902362497178 0.4851667396246212 0
5.2762455833531554 0.46907770705063939 0
5.2422352789405426 0.45737330550857003 0
5.2020597904103916 0.44291278345716922 0
5.1620512595320651 0.44011838059812491 0
3.5108241172469721 0.48744318844371598 0
3.478040452282523 0.4841244136359204 0
3.4680171934628028 0.46545827987734067 0
-0.47976809238299012 0.67780994326468869 0
2.1046228222792269 0.48192309788259258 0
10.432238306180841 0.48466072256384812 0
9.8848954721788047 0.48346272520901667 0
9.8748081411677795 0.46137057749285082 0
7.2437301249270947 0.48290682011755209 0
7.2530350568649906 0.45781544667251117 0
7.2807490428704522 0.48570049543346139 0
0.48103887168636889 0.67799970376807339 0
13.03551402747369 0.48734499740848319 0
13.069171696250571 0.48350929507051199 0
13.07890804582803 0.46696023152234378 0
13.10364270804328 0.46515972559822549 0
4.0618545328283284 0.48293854331411901 0
4.0500197792809152 0.4658503866873005 0
4.0271451184533813 0.46633759298936139 0
4.7097822791489419 0.48754817150673518 0
4.7029310896524734 0.46740737828458268 0
12.417596229218709 0.48274696919645083 0
12.42938738244883 0.46620956056061957 0
12.452581379094759 0.4663281221327778 0
12.45285279153323 0.48723442667278621 0
7.896863004357872 0.4850921341672228 0
7.9030122977434871 0.46677642754829513 0
7.9298375933708876 0.4612465609224955 0
9.2338540431218519 0.48269248739984932 0
9.2677257115904794 0.4857843719669529 0
11.08179294218712 0.48281451610320858 0
11.091342707944261 0.4599661182191247 0
11.1171018699212 0.46764524651205819 0
11.143183890061771 0.46071491120272101 0
0.44555605231074102 0.68136738237736261 0
0.45034611681458547 0.65796422441123026 0
0.42873177700798792 0.66877044451277934 0
2.7229373251399842 0.48754772581630529 0
2.7201181158262462 0.47014049608200842 0
2.8629556073240678 0.48276237072641459 0
2.8955204036052602 0.48466332549165819 0
-0.46385165995950361 0.6788520722428355 0
5.8764827571711784 0.48503004779972558 0
5.8666151890631326 0.46586762962472827 0
5.8997105511033334 0.44945856011204222 0
5.9449885881331008 0.44409654314487002 0
11.220125098293771 0.48516673962488532 0
11.22999204546324 0.46591570562366103 0
-0.43062339101331482 0.68744020353390367 0
9.0965418205661024 0.48506736804094469 0
9.0849179967244176 0.46760045156621238 0
9.0518788736814848 0.45900262987846918 0
9.0641312090934782 0.48281733996296028 0
12.28128513382846 0.48350831874642891 0
12.29161944728202 0.46601846802448721 0
12.31635507644377 0.46416582282540869 0
12.24747229002819 0.48726576078573569 0
3.923608284416066 0.48516673962454648 0
0.43125945904773849 0.68841156659447622 0
1.696686231797722 0.48503013640043241 0
1.710230669263699 0.46651299742291402 0
10.05554321719138 0.48566899473066999 0
-0.41363666320334908 0.6899590388613368 0
0.39545742545955909 0.69155053724445659 0
0.40060862476579989 0.66824346393444767 0
0.37652659431073421 0.67869322003732002 0
0.34925127525508198 0.67656087228530082 0
0.41139822956822708 0.12340700284700649 0
6.8663706324980804 0.4827392063648373 0
6.8350783542346569 0.48502701487209537 0
6.8469874705786413 0.4666783814754738 0
1.9025073829242289 0.4851667396245527 0
1.889816130201901 0.46502445951314669 0
1.935419980826719 0.4827633206503309 0
1.947266754299017 0.46626246987276998 0
1.9720397422701821 0.4660907693856513 0
1.95578929105592 0.4392658774530202 0
13.47887368623695 0.48694453545850652 0
3.6820688996130722 0.48534727063797328 0
3.6986635859079731 0.46586625484429278 0
5.0883104988351038 0.48516673962454948 0
5.0749687864331623 0.46774536745399842 0
5.1028932193388137 0.46100530008937057 0
-0.38017918921119859 0.69654895503579439 0
8.2748699741512617 0.4835453853374645 0
8.2606153591440492 0.46256912080294599 0
8.8547169695328929 0.48534723337226388 0
8.8650287088261663 0.46741284050783649 0
5.6706616060445194 0.48516673962456019 0
3.137155299020518 0.48267234001392562 0
3.1253467880781969 0.46612486386936203 0
3.1022077378235888 0.46632142195947202 0
3.1016139834256502 0.48733098024171301 0
6.3230026098557008 0.48248481665402609 0
6.3129391703059241 0.46576211965049558 0
6.3386358904303162 0.45938381829228397 0
6.3671004793162762 0.44054630234365999 0
0.38043799246831539 0.69736996181065669 0
9.4728984576734501 0.48734341130714992 0
-0.36339880329487778 0.69947224235686689 0
0.34496498181964153 0.7006867181833587 0
0.32538358325079741 0.68801883182666945 0
4.4717034441426726 0.48453807860557868 0
4.4616654546407117 0.4650315342872236 0
4.4386766350599878 0.46861997219988277 0
4.4108134695602752 0.45769136274323968 0
4.2990534688288067 0.48802565759163291 0
12.830154630002561 0.48516673962443568 0
12.111017450456281 0.2016236491648947 0
-0.328593037624416 0.70395766730009035 0
7.5214114586098333 0.48105185118442478 0
0.32994469614304012 0.70738541799793331 0
9.610095566584711 0.48452997555500471 0
9.6015315797143543 0.4673025474463916 0
9.5786217957019151 0.46303830446951932 0
6.4558340747510004 0.48250889309534351 0
15.511087352741431 0.41533622550575833 0
2.3148977513353208 0.48280443138303453 0
2.3028693945225212 0.46544933135956501 0
-0.1087580780145482 0.69238933723166574 0
3.237439863188365 0.484536505163771 0
3.2476921081994861 0.46341301061649393 0
3.2720163381753351 0.46631574642212309 0
3.2951118083134112 0.4649114750660619 0
3.2725994934276512 0.48732984513424321 0
0.29484797614381753 0.70907816052831507 0
0.30085185660950642 0.68592721622591912 0
0.27502656705555789 0.69686653257323172 0
5.5351185758674299 0.48256873693002672 0
5.5263934149025058 0.46655620149329541 0
5.5013909971629982 0.46605965781484782 0
5.5532285489711253 0.45951646258943518 0
5.5883124842291538 0.4389821945957178 0
5.4997836943366361 0.48727862741278821 0
11.63239212910549 0.48456313719987831 0
11.623637934393059 0.46292556426828452 0
11.59813481333916 0.46752205280392301 0
8.7180092417372297 0.48263452539845569 0
8.7271165461426232 0.46519695325293542 0
8.7518571196940211 0.46428200808211229 0
8.780795635876542 0.45967937868975772 0
8.6866079565445222 0.48256605880647208 0
8.6762654907504047 0.46633848548788348 0
8.7022911625749177 0.45773286904930333 0
8.4111374046777083 0.48516673962465751 0
-0.31206527057838512 0.70712282260624648 0
11.90353125058305 0.48754212800660451 0
5.2267162231983528 0.48247030120329448 0
0.27943772283841439 0.71553222765852709 0
2.0737871203387832 0.48516673962454798 0
2.0823511072095169 0.46740937180400499 0
0.2443395230245318 0.7162264961971726 0
0.25085913814208199 0.69328504494793519 0
0.22578240017374329 0.70335542076798996 0
0.2007808429971151 0.69980795731600731 0
6.7333459269872673 0.48354956881468031 0
6.7246761839851521 0.46710567097512973 0
6.7025583617766111 0.46280411681845818 0
6.69918369678091 0.48662751921351027 0
12.07560176571552 0.14126696589367571 0
8.7498966644112723 0.057371384396139202 0
7.2121792427757274 0.48516673962464851 0
7.226108192803423 0.46893302958616068 0
1.525691960612181 0.48467152116748219 0
13.10420220986795 0.48516673962446338 0
-0.2290131218235428 0.72106371819417081 0
-0.23624379560535 0.7039546103111668 0
-0.2145302443081466 0.70114751373573392 0
-0.18494432994386381 0.6969615747355894 0
16.541032543508219 0.4176126441910567 0
4.7472349952555231 0.48256341283628568 0
4.732395692975337 0.46636642731573702 0
4.7621910493737918 0.45711509161550928 0
4.7215799869056303 0.43859570991792901 0
0.2289733504088777 0.72226129954362095 0
12.386194944025959 0.48272561943454217 0
12.374326169589841 0.46620156980627608 0
12.35121872407643 0.46628250152247741 0
0.19370059987474819 0.72225187540562552 0
0.1774500927564841 0.70909521749024718 0
7.9310716396378531 0.48563975084165728 0
-0.21352087507615769 0.72398147082918107 0
6.0474770283566297 0.48456923043982558 0
0.17860003489700971 0.72788226552494617 0
2.8274179649628608 0.48452361247204773 0
2.818529113227366 0.46368563746198999 0
2.793792601615809 0.46627498087471031 0
-0.17697131327611021 0.72303302958523852 0
-0.1596746211264973 0.70822975380330111 0
5.9447091859078984 0.484817617802972 0
5.9104532384250117 0.48341922679925048 0
11.185869150810669 0.48516673962429158 0
11.169933868585741 0.46858344955578513 0
0.14295401383795681 0.72677593170875432 0
0.14920752840213949 0.69935736335475884 0
0.12429169544771559 0.71425099062358166 0
9.1305123018202359 0.4846043265216754 0
9.13802235506183 0.46635453461983128 0
9.1641446690529911 0.46627184488158502 0
8.0343219823655136 0.48454314266526177 0
8.0418724880662875 0.46685354006146079 0
13.328813184261531 0.4408788936975504 0
-0.16132951677024651 0.72816531027392839 0
4.8474082755413734 0.48477983794200918 0
4.8603785774219874 0.46448666686375162 0
-0.12735328635858759 0.73031832986391454 0
0.12705637485445651 0.73220613668148316 0
13.17378944930096 0.4845500808938179 0
13.1656256804105 0.46334826514408828 0
13.13907080099254 0.46626695255814798 0
13.207473217178631 0.48724214067212412 0
-0.1104503217849402 0.73166937056979209 0
0.093469734195075344 0.73288613566201977 0
-0.076484601041151193 0.73368050922978212 0
1.628459803060919 0.48494819972206232 0
1.6627157505438339 0.48456763857003238 0
1.6545767704383401 0.46570273557285929 0
-0.057918933407889263 0.7366397466707979 0
-0.055424683587907843 0.71553176334637569 0
-0.025559200117013899 0.71537142401711828 0
7.1466547559458471 0.48269353683133459 0
7.109227653939703 0.48578177478947221 0
10.018457834414431 0.48290078527253849 0
-0.02559397179533935 0.73697681307490981 0
0.026718596260429731 0.73367267661877167 0
0.017438891007465131 0.71005299726876303 0
0.041689660863419242 0.71785191329962617 0
0.042555633572129353 0.73535214754465739 0
-0.0085004061166705103 0.73527687190171942 0
10.327757666357231 0.48733568013575979 0
10.29350171887404 0.48754649449773979 0
0.07493107171053548 0.73601801953622736 0
15.883241111483891 0.35684899033958878 0
16.02431911944818 0.41555365958932722 0
6.8011078729807384 0.48464624480173008 0
6.7907467726481574 0.46180502189276662 0
6.7674526955899958 0.46626164711148549 0
1.971221101873986 0.48701631211393348 0
0.3202863644174419 0.058302533782504093 0
3.649560704552727 0.48516673962459089 0
5.1209599395666849 0.48170869437612129 0
5.1333456188590887 0.45666107650099019 0
5.1578785107707663 0.46836989466731482 0
11.974059349855031 0.48312501187783302 0
12.008011890406619 0.48516673962481388 0
12.01669069691253 0.46349092038258483 0
8.3426255097118212 0.48516673962477869 0
8.3361844103622129 0.46709249613569209 0
8.3103891551748674 0.46419884348583468 0
8.3087734808180862 0.48690646454698561 0
8.8222087744726139 0.48516673962463869 0
8.8100275573580724 0.46424379750270001 0
11.492459880785059 0.48754551890826031 0
5.6021497110788392 0.48516673962461349 0
5.637775896460993 0.48802115781771238 0
5.644969645432325 0.46739362801180678 0
2.4152360209668382 0.48290816807839221 0
2.4019158678020869 0.47111236108241511 0
2.38225298978747 0.46792143738428449 0
2.4496921374767151 0.4835670425156634 0
2.4606473170643359 0.46051580110284501 0
2.438313848930179 0.46464053413806322 0
6.3549756932470771 0.48308692638924072 0
10.80828831597708 0.48317696699533602 0
10.818466992152199 0.45976327434222508 0
9.5073277241351697 0.48456813583632868 0
9.5419401304889782 0.48248487957056369 0
9.5506585027641773 0.45970953262604392 0
7.6242975234246027 0.48318895562035752 0
7.6123097663756454 0.46500878067517859 0
7.5902772531380371 0.466904131544708 0
7.5665447508782053 0.45755997591078518 0
12.690424660822391 0.48639415370630451 0
12.686955386973761 0.46692712183188723 0
12.71471330509298 0.45127609340911962 0
-0.0070374138554457136 0.69261653668435219 0
4.4377443644304293 0.48625751521011129 0
4.3689356016939156 0.48516673962459339 0
4.3360120560330824 0.48278346874999561 0
4.3215344560267512 0.46238754642044499 0
12.79733003522654 0.48263564934363551 0
12.78828112606282 0.46535388820509471 0
12.762340284853471 0.4663050977394837 0
12.76187142271692 0.4860700843282969 0
7.5540927693869193 0.4811960125654467 0
9.576721636211337 0.4861858716294698 0
10.70485439938837 0.48263521137238319 0
10.71669692240563 0.46610090668578108 0
10.73985255764546 0.46630136194626398 0
10.692292637057079 0.46151206402925199 0
10.72622666046508 0.43867041910095639 0
6.4242924506686512 0.48516673962462847 0
6.4378231483495476 0.46671705058041818 0
6.3891731384499781 0.48274501033580047 0
2.3820906476849881 0.4851667396245542 0
2.3466347287621989 0.48113128300575642 0
2.35721117195079 0.45931435320595299 0
11.895616980966411 0.070514735170721404 0
11.59723313362689 0.48614529268877338 0
13.442449811341991 0.46890885238687369 0
8.3760657472792595 0.48316608559278712 0
8.6796770200633624 0.058278082630413147 0
11.937787198066131 0.48752808029424499 0
5.1910783412838244 0.48451855375613012 0
5.1811100996156476 0.46519347777921921 0
3.5450800647298921 0.48754190160852018 0
3.538228875233338 0.46737602879350643 0
2.040830616386113 0.48282418627555818 0
2.0311186597090272 0.45995328425467857 0
2.0047555544738902 0.46772466859688938 0
2.005169022301057 0.48734309195618108 0
10.36543920858856 0.48732612724472518 0
10.365202691799279 0.46464091866313861 0
10.39734466954139 0.46627666852007038 0
10.422132587442119 0.46416647919749282 0
10.39785482086638 0.48732202955378839 0
6.3927076893522141 0.057591095109503831 0
19.110252752733299 0.41761072264344612 0
9.9540843112921742 0.48263821807382579 0
9.9422644654306396 0.4652446556325594 0
9.9177064664431906 0.46413274989591591 0
9.9182605684352101 0.48689324582895699 0
7.1779232952927829 0.48516673962464552 0
7.1685860099384664 0.46664416435993522 0
7.1978836720138126 0.46449535982081169 0
1.5596624418660741 0.48500041245125408 0
4.0268649380979653 0.48723426257155061 0
4.7787123108230727 0.48106850352183861 0
4.7920047470200986 0.46439791498245492 0
4.8142629189718038 0.4654902542110258 0
9.1990241967866027 0.48453582109407611 0
9.1919825955291596 0.46196029487631712 0
9.1646435332533436 0.48732106482609078 0
11.117357255844301 0.48516673962456758 0
6.0132210808737456 0.48452422569549292 0
5.9772523360167087 0.48741188538695063 0
5.9756806848732316 0.46307205029330578 0
2.759961099745182 0.4845415726625818 0
2.793618448126177 0.48721874816540761 0
3.4191587492166411 0.46134668684514862 0
11.15327072465365 0.48325827725953652 0
8.0003515011116946 0.48504038456245591 0
7.9850706954848176 0.46566518049375388 0
7.9579891475279787 0.46312272052965792 0
7.9677253390965408 0.48317317733521581 0
11.104370999053859 0.066372875238985204 0
2.747326441975197 0.46364790279846563 0
0.24276743792661701 0.061329805839809681 0
12.35057136523802 0.4851667396249893 0
12.316320073861849 0.48663127555750152 0
4.8142629189717647 0.48516673962465579 0
3.9931889508096701 0.48453891680208627 0
3.9851218051777528 0.46299193428655211 0
3.9584662563018371 0.46626139808595968 0
3.95786423189901 0.48516673962460782 0
13.1384581573513 0.48516673962357121 0
1.593059493872738 0.48490714116013228 0
1.601237882435091 0.46217780035332862 0
9.9869109888994281 0.48516673962476831 0
9.9973873586003172 0.46536156816605467 0
9.9671150668380957 0.46191796427373388 0
-4.998385665186194 0.41789942109322309 0
-4.8942126655105858 0.4064919452081911 0
6.7669720795162478 0.48731902527211568 0
3.579336012212802 0.48752769361932458 0
3.6153047570698509 0.4845195964385709 0
3.6004933722475121 0.46207906787735981 0
5.1570034031387699 0.4859313838795416 0
21.678984595451301 0.41782312257184118 0
24.314770018558509 0.36532378139940019 0
8.7904539809011659 0.48236312657173808 0
8.7532021405107034 0.4860725418610814 0
11.561870978027439 0.48316673971442758 0
11.571935027675959 0.4597278767071416 0
11.52842862564245 0.48516673962432999 0
11.51819186693136 0.46375563736285769 0
5.5678970130439538 0.4829869380058196 0
3.168556584213182 0.48264677442775628 0
3.1804377653957498 0.46609368802041179 0
3.2036557014041458 0.46625134916916211 0
3.2037893713314278 0.48721246352763842 0
-3.4224931370178688 0.46196171074484099 0
10.74040397835255 0.4873269682390271 0
10.77479778101244 0.48516673962443568 0
10.76826343613669 0.46841075013619488 0
8.5766907578409146 0.1191239941626954 0
7.5892921126940767 0.48608118172272552 0
8.9374801549555727 0.43732638052374778 0
12.726369206825879 0.4797732780219971 0
0.79672196617710977 0.5751993767775897 0
4.4001744372017804 0.48252796553932892 0
11.46851126344205 0.074381807817665305 0
2.2180338175298719 0.46070159752773232 0
-5.8217983092439418 0.41808692097595801 0
0.19778843364593421 0.1224042569133458 0
-8.1819346009021512 0.41811534203908279 0
8.5381674130203553 0.059587000715522982 0
-1.1166806737579451 0.50289726163023696 0
22.292350178775472 0.41819704987652823 0
22.398048424604621 0.40584764139663021 0
6.1782316869705607 0.057208941606248981 0
1.571990593143539 0.46617055457541112 0
10.89581143169225 0.066980197105235978 0
0.10610117929893501 0.057639520804959578 0
1.400497777208743 0.44154524727122341 0
8.437368237844435 0.1220440730270245 0
23.296289568349749 0.39194014322325599 0
-9.9021534880971398 0.19681776114262589 0
10.538496616334079 0.065072447132218048 0
9.6353211746802216 0.46493296258458039 0
13.804865188054769 0.13421040450275781 0
-9.9548918395791404 0.38644979738756879 0
-9.8187368147190437 0.3813724016033665 0
0.028557182537198651 0.060877785295644318 0
24.856373601708139 0.37424591966090581 0
2.4180533360425578 0.46544669366182911 0
-6.7446322363897764 0.42062853233459391 0
-6.6507737943400072 0.42005844638370321 0
24.90885520890977 0.19354574850220041 0
-3.578052950376839 0.41970160683214819 0
8.3654458772999671 0.121274471207641 0
-0.29069670244968759 0.55889668949100346 0
14.170242387125681 0.42261629177440663 0
5.9657951770127484 0.056200903270559627 0
-0.01683421009128689 0.1214638652427122 0
8.2913945729286862 0.11853688580255541 0
5.0060410382664262 0.44022816109051638 0
10.478527590094039 0.46541322564926291 0
6.5812879597891678 0.43859659919295058 0
8.2291157239156156 0.440933797785516 0
22.706389200807429 0.41909618479277061 0
22.600745419060559 0.40434619011146672 0
-0.11403677902966219 0.058969073668043888 0
10.90161254873583 0.46381900552340721 0
8.2524799135862228 0.059560666762871813 0
-6.8474333236613312 0.41909257231834851 0
18.160867653014481 0.39462206820612222 0
-7.1534500738504123 0.41974969717128308 0
-7.2600161001625576 0.40398144509238137 0
12.546368616578921 0.46611322006810502 0
-5.0998148400515646 0.41768576265404761 0
8.149282984095759 0.1192093981085619 0
5.7544658388925978 0.055356583614353277 0
-0.1760750746969659 0.047998733872913313 0
23.01073338118108 0.41987314602167419 0
23.11701174590252 0.4036490611442563 0
8.0767582539964895 0.11763713574449169 0
-0.2396952665026508 0.13305700126214279 0
-4.0181371655128908 0.37278698365495611 0
22.19099711190939 0.41802744797749453 0
8.0381597714803252 0.059118656176247182 0
-0.32632078454931768 0.058859546908793997 0
24.46406639579272 0.42209490572340658 0
7.9358749210234549 0.1191131375349208 0
21.988002536845531 0.42064548545106017 0
21.880922197875741 0.40262232329067937 0
11.93505902986322 0.4669950357200604 0
1.516014645948494 0.46468453893955142 0
-0.38989524121392871 0.047683326041834617 0
-3.9040586283408421 0.20568031853493829 0
4.9315594125450417 0.44021496167209012 0
5.7929576951931239 0.44050117901427138 0
5.4448918485579076 0.44170537291671058 0
-5.3028303177357037 0.42088798590197452 0
-5.41144174489986 0.40564063539138362 0
22.807604166601891 0.41904629128855059 0
7.862668360589069 0.1168150492045322 0
14.991457860768341 0.42811293171317322 0
15.09358940026403 0.41654675027639643 0
-3.574948950838837 0.47196669076803172 0
24.554657488230319 0.42073121152574933 0
-6.9502344109329037 0.41921107651165568 0
-0.45400258435205881 0.13205338072523021 0
-7.0534860362632656 0.43165487763627319 0
8.4635237625014845 0.46811874556174632 0
23.73032029349779 0.42097058393074799 0
23.837716128656471 0.40581035359355849 0
7.8797076808837119 0.46882025356568169 0
5.2543129610894388 0.053690042209279323 0
14.511246362042121 0.071526089274633428 0
8.512104294875666 0.43339974950689841 0
7.8239449175489746 0.058684961292240712 0
6.4069002813267062 0.45733451393808688 0
22.910785242110801 0.43170334631979018 0
-0.54052797768362471 0.058317677035716227 0
7.7216073701231078 0.11828857959603011 0
-3.6157077324713232 0.08359132309031217 0
17.02140846134867 0.3927653382211414 0
16.94557813924007 0.42666547698788138 0
10.32669746552104 0.46486113159235642 0
4.8657299271848196 0.42875596763383628 0
18.591829632851439 0.42131331008509171 0
18.699999115349051 0.40513449480661701 0
10.790632585579621 0.46975992531142069 0
-6.1258339098967287 0.4229389712004662 0
-6.2249012102742611 0.40461492217875711 0
-0.60410004525382177 0.047281449587990403 0
-3.245591840257958 0.15743290839741239 0
-1.1701616585071599 0.49344354181082112 0
2.2472153713548888 0.44590559449309602 0
4.6173547153158223 0.43765914798572392 0
13.22038433469119 0.44131100570424348 0
4.1146924205204369 0.43857813475621987 0
5.039782898949257 0.05301164356494973 0
7.6483943956033267 0.1159316434415836 0
15.61084730586505 0.42607510563717299 0
15.68067560566497 0.38677937743456031 0
4.6858019031213969 0.43936460450089648 0
0.87988122195832752 0.55321274256128072 0
11.89860014981438 0.46730385843443117 0
17.885951238746038 0.38387777573129689 0
17.768418684310419 0.42474469683758398 0
17.695617603720351 0.38955574075986121 0
17.557687710412221 0.41365096260850742 0
17.46133693805654 0.41595995767566352 0
-6.0250246254888431 0.42215913166818481 0
-0.66820145227988226 0.13108164283740761 0
22.088050377061538 0.43198149795051161 0
16.079463838318819 0.10920315344915719 0
11.54628175855767 0.46870942684126632 0
8.3590456800952104 0.4687859525342431 0
-0.86832128455389723 0.55918590003459989 0
-5.2027179668007104 0.43206290091664351 0
7.6096908625204911 0.05823901875021515 0
-3.6598723938964439 0.44189332459521963 0
2.32813200161244 0.4611914435231107 0
19.41418385751642 0.42313790623300218 0
19.515014455507782 0.40665858370848201 0
7.5087138715425512 0.1186034924604769 0
23.638010779222451 0.42742779107525342 0
11.5736540393467 0.11147877754890211 0
24.651386332103389 0.42544472596228611 0
-0.75473538078698366 0.057783445143355101 0
19.313497523344751 0.42257484695485781 0
4.8237706071034578 0.051354340190200971 0
20.446141432040569 0.42332003197558521 0
20.344841902190819 0.40428857235196081 0
2.8533953919634092 0.46164452358742408 0
18.499448965272869 0.42769256883464651 0
13.613046742505469 0.46066721235751612 0
5.078968331826017 0.43687679383635258 0
16.732647423535671 0.42201193590563801 0
7.3343749152155988 0.46540758205741128 0
17.67398759051332 0.44113396863065818 0
-9.4150537560563095 0.42386166701467132 0
-9.5145481991901786 0.40502047365611121 0
-0.81830489128752459 0.046881100730289428 0
23.93402643324972 0.42430356262949598 0
18.799618686155998 0.42946883269351682 0
7.4343442233530226 0.1148148493702584 0
24.349121803332789 0.428245558961735 0
24.246353960884061 0.40968574419176251 0
5.7175363507568848 0.43998023228158362 0
20.546711632729689 0.42299269265883671 0
-5.9225960543570899 0.42951006624642579 0
-9.3146594181928535 0.42332609563126322 0
-5.5110533092525458 0.42966117217278949 0
4.6098344572005416 0.050304181949944772 0
-0.8828475212426764 0.1300174028463589 0
0.0068150424989370309 0.54529843814846346 0
11.07210278664494 0.13939598005547049 0
7.3954742515454583 0.057810445720248751 0
7.2936567602832749 0.1172807985534641 0
19.211000349648302 0.42969232285954923 0
1.092218220154068 0.48107445941403132 0
-8.4925646138859285 0.42685688966998558 0
13.57208632377449 0.46232278119134251 0
17.140756804444599 0.43263677879345458 0
15.92287223487943 0.42645114013142887 0
15.83476949735816 0.41802143709757289 0
17.271617367928879 0.42230643402446227 0
21.778783976505789 0.43027797866896927 0
-8.700316054635767 0.42417977467646423 0
-8.5928847542753761 0.40674941191841862 0
-0.96894389081888221 0.057297674968293223 0
-7.8729728621904336 0.42420371604505019 0
-7.981992185254005 0.40609795527985032 0
-8.0822392316805747 0.43055216051538131 0
23.216639812701249 0.42599680915381832 0
12.366307822079071 0.43900801518412857 0
5.6109235484570341 0.46335888043988888 0
16.64065540288323 0.43272870056331858 0
-9.212029927363993 0.43004723328340527 0
13.88824054106224 0.1361390162147228 0
-8.8001910006986179 0.43014441966932282 0
1.818483606407205 0.4371846556636636 0
-7.7730939799758314 0.43015848893063918 0
20.649213628474481 0.42990464833247088 0
7.6671825230989441 0.46584383736757268 0
-2.9910921268151931 0.46503050480163549 0
-7.3620708808956188 0.42846147864462442 0
6.509001850500967 0.43076385321181038 0
-0.34097612908180031 0.6090722540319643 0
4.3960566327121713 0.050670941548080703 0
3.9717063690308851 0.4388250970897552 0
21.160781169358071 0.42438308770717059 0
21.267976711299671 0.40617617431132041 0
21.368556490801151 0.429634300806501 0
14.02220311104095 0.20302104636658519 0
-1.0325099587069351 0.046490444216048178 0
7.223798234829987 0.1186444749540787 0
22.499386250807849 0.42961323223098002 0
17.362155433223581 0.43302242321232443 0
1.219844160447429 0.46621572749555878 0
-0.085126263135700778 0.7117576071812235 0
21.060901195604011 0.43026583806848911 0
14.25988794067138 0.4134497211514912 0
7.1518147383046804 0.1177356192048378 0
-1.097093318806037 0.12900194077706501 0
-4.774426743370018 0.47151711089245602 0
-4.7033642004632128 0.46699103654136281 0
-6.5184698443923423 0.47361289230811382 0
-6.5116747269175814 0.42678906513227238 0
-6.4429675621832834 0.42761522648546751 0
-6.5841016857095109 0.435440173051098 0
-8.2718014717384527 0.46991596955835763 0
-8.1982600624768232 0.47015665032247722 0
-8.8142681972397821 0.4726139650962507 0
-8.7853992150383569 0.47259923834893991 0
-8.8887691994918701 0.46933983873870327 0
-8.3026176647822503 0.47000114937902188 0
-7.0668324174524217 0.47303243710256981 0
-7.037937334703015 0.47264638286758248 0
-7.1408097856335679 0.47055782423408521 0
-6.5561635763919224 0.47032388229529398 0
-5.3925683451591944 0.46920378108127142 0
-5.3197333560802038 0.47030667684555738 0
-5.2894804025608284 0.4706555278049781 0
-4.8051432060276094 0.46821495583637313 0
-4.16032708916795 0.46435782812445942 0
-4.1468492740284093 0.41146617352047238 0
-4.0796595692530806 0.42682146250737008 0
-3.9609991130279059 0.42356605965079891 0
-3.8994164969631191 0.41751633017963369 0
-3.8470211474063971 0.45117542249174358 0
-5.8344477288842533 0.47030414371929719 0
-5.9085912298090397 0.47258087734292059 0
-7.5812065232579613 0.470200335323392 0
-7.6544568250992766 0.46944014886963981 0
-7.6854056183449462 0.46952298144748861 0
-9.3283662298292125 0.47169829343047298 0
-9.403272343947279 0.47180540770716017 0
-9.4329006617529654 0.47086317307359948 0
-9.5031280781922529 0.47032388229546851 0
-7.7590264716432706 0.47261545235278268 0
-6.0113178138526271 0.47131535032423177 0
-5.9374627967242111 0.47240463511969211 0
-4.2562747999497237 0.4724189942280867 0
-4.2431391127974676 0.42741366459466928 0
-4.1917385691622808 0.47032388229573868 0
-5.2163431468538546 0.47321233158674492 0
-5.8040645625471354 0.47019630702304899 0
-6.9639412225690984 0.47054491191008252 0
-9.2994840195954787 0.47144535569782992 0
-8.3735649166299311 0.46949775277253442 0
-6.6217778252880111 0.4668488381173983 0
-6.0402000240860598 0.4712240432697124 0
-4.870796862298973 0.46297363381078471 0
-4.2945396564327378 0.47032388229577082 0
-4.3043986559389236 0.41845925843211551 0
-4.375026933776442 0.42519013584958781 0
-4.4575817509357458 0.35694197195677252 0
-4.4953031356777373 0.42582707074952642 0
24.434015266310102 0.46653968032799897 0
24.366249777075151 0.47033347925072189 0
21.177637305191229 0.47080592016361472 0
21.250344719042381 0.46924748602815208 0
17.9883632882146 0.46333266597794648 0
18.060013912405871 0.46208804667296099 0
14.805255654282091 0.47199219196029901 0
14.880837144779591 0.47211224925440609 0
15.284998099354301 0.4736182383611226 0
15.277015734875 0.42394407993968558 0
15.21618944138331 0.43087965171567461 0
15.21916732758606 0.47430932204277237 0
18.474226810013871 0.47033347924909302 0
18.40845539084599 0.47427640051463948 0
-4.6069407070471682 0.47303897005714368 0
-4.6715719137628007 0.4742388209654565 0
21.662737735856801 0.4700976272207541 0
21.589223027978051 0.46984655509314083 0
-6.3533027641760231 0.47426803679298751 0
-6.4190954600298218 0.47032388229540317 0
-6.451283503732931 0.47365259821525191 0
-6.9344995506362164 0.47045604003505609 0
-8.0949917547093975 0.47280751698473572 0
-8.1679894280352308 0.47030491525415702 0
13.681199476428359 0.46736341971223921 0
24.77104088983064 0.46328861885582712 0
24.847338836102811 0.45102965748415802 0
-9.9115910649474035 0.47063716830516111 0
-9.8504259844557751 0.45575970718821962 0
-8.9198240131765747 0.46982544587235348 0
-8.992112062256215 0.47021418435050688 0
-7.2428534251090619 0.46910100254289699 0
-7.1711932315041533 0.47024472758255692 0
-5.4253516164081326 0.4703238822957056 0
-5.4973192015212611 0.47209202092500607 0
-3.7425368450365162 0.47350994467288188 0
-3.7291336764437029 0.42740493795681628 0
24.027117524519031 0.46800186624213219 0
23.95517840728067 0.47033347925129282 0
20.766598077248641 0.46995991193954167 0
20.83934228428414 0.47013951914524948 0
17.585504592557459 0.46187647930323789 0
20.870251206304321 0.47005792150308667 0
14.4011946542952 0.47361682959949808 0
14.408315583960791 0.43213637050768477 0
14.46720244055517 0.42829867039903358 0
14.3394888412819 0.42256616564135557 0
15.704532149457361 0.454540442270019 0
15.627772052832009 0.47058045669513843 0
18.88704593223083 0.46940766055154948 0
18.813352765105229 0.47237240441306488 0
22.000505563052162 0.47074556124155298 0
21.9701278661149 0.47034152494216219 0
22.07449111198779 0.47317759653862629 0
24.740210537096111 0.47213419273353419 0
-3.537884123001219 0.48013800999490752 0
21.558420678493121 0.46997738164058173 0
-4.0581457739334059 0.47028494529619141 0
-4.5741014968837517 0.46387858384069969 0
-5.731476404657621 0.46990265544575721 0
-6.3162943727582928 0.47032388229541189 0
-7.4786504835093686 0.46988241703286932 0
-7.5499074200169307 0.47032388229543748 0
-9.2255994618452934 0.47296329036218182 0
-9.5427251636914185 0.46115866524596122 0
-9.6031878031360147 0.47238630356399219 0
-7.8612431179034461 0.47186537626742148 0
-7.7878957998518423 0.47260299841010922 0
-6.1137205405514621 0.47154178196012858 0
-4.3654643584457524 0.47316758008820631 0
23.546847513283382 0.47427177790624903 0
23.612618932450399 0.47033347924961583 0
23.64560857983124 0.471733798083386 0
14.90970155398319 0.47204501330343701 0
20.35760306675337 0.46951506767904522 0
18.097503649144961 0.46790216308105093 0
17.172898457613321 0.46556556886986489 0
17.24038314817129 0.46384384474173401 0
21.2832145036122 0.47033347924909302 0
13.987478256264341 0.46996406950044239 0
14.05777950046426 0.47051511977213101 0
14.08765107006221 0.47047040188051398 0
24.46787809363105 0.47051981145485589 0
16.11227221777952 0.47005464989630807 0
16.092919076413349 0.43454132012069269 0
16.158565586105698 0.43995437215714323 0
16.048146990919381 0.46567381242821537 0
19.22448619363966 0.47284991677929311 0
19.299795144351531 0.47142642159840548 0
22.41252284445908 0.46932251816637749 0
22.38031619725588 0.46951125280819139 0
22.48561538257292 0.47231252020703879 0
-5.1145007096616348 0.47025942802450249 0
-5.1874580212070391 0.4727259405321631 0
-6.8621191932715737 0.47046039830114822 0
-8.6835189049579284 0.47078545582943632 0
-8.713290576313824 0.47148593059764432 0
-8.6107785749236054 0.46928894439306068 0
21.147873727924331 0.47153440452569217 0
-9.638525598338811 0.46137303913069339 0
-8.4786066871502221 0.47183798415474948 0
-8.405425369142554 0.46952239196126971 0
-7.8908764443242649 0.47081227521592389 0
-6.7299463667795676 0.47049981588788897 0
-6.6567425279417911 0.46976116329912171 0
-4.9825238706574613 0.46994318470072283 0
-4.9066630194133509 0.46603936078874503 0
14.775885226463471 0.47136746417861042 0
23.20370359837662 0.47116201679089881 0
23.23442780421767 0.47052046144890047 0
23.132201436027302 0.46947196398537938 0
19.944381196390619 0.46436748157813901 0
19.966507658324929 0.41316223917551309 0
20.020628452271321 0.42744417709891941 0
18.507192215750081 0.47179239595343808 0
16.827146725452121 0.46467695252119101 0
16.860212762492029 0.4713464293359354 0
16.858530435583351 0.42313495315193672 0
16.762401815301601 0.46377403747606288 0
16.450905861734171 0.4707751267493594 0
16.421178559486279 0.47088100795902899 0
16.524408480633149 0.47003513606322639 0
-5.0841798836299734 0.47021394763917401 0
-6.2530883382842024 0.46100790806968123 0
-6.8317983672395872 0.47045943032428572 0
-7.9953787981940394 0.47032388229522321 0
-8.0654575752070947 0.47150954521428828 0
19.703444472877081 0.47303589986350553 0
19.690312945657229 0.42738886689593181 0
19.638780553050069 0.47152102245098382 0
-9.7457386441509559 0.47426238365773338 0
-9.7601307963687347 0.42738206922879518 0
-9.6724304670688888 0.41533828464339179 0
-9.8043656472594414 0.45635335746407751 0
-9.0946957272698228 0.469878753568862 0
-9.023389670920432 0.47032388229512662 0
-8.5084126500828567 0.47083283250312802 0
-7.347858372558246 0.47198901530275972 0
-7.2757711872928974 0.47032388229548999 0
-6.7596677695621459 0.4707387034791542 0
-5.598435079669656 0.46929506146735311 0
-5.5262004368938538 0.47205262683350879 0
-5.0131911470842878 0.47023788050861881 0
-3.7805342200792191 0.47032388229554412 0
22.82228528695163 0.47046245588468749 0
22.791974266366019 0.47042946666699342 0
22.89675227666952 0.47304545754569588 0
23.922259599945122 0.47068176243631299 0
14.3682464423647 0.46625197259752033 0
22.719739284025199 0.4704565640436798 0
15.733751011380059 0.4703334792494287 0
19.541771646899729 0.46300404078894603 0
19.608074329892151 0.46820671631081362 0
18.918753407730762 0.46975154399549829 0
-3.9547580293361011 0.47146139584025432 0
16.34657351494678 0.47119831081491648 0
-5.7006568899890304 0.46999598423162992 0
-7.4480162454624868 0.47018675722651437 0
-7.3767225221952266 0.4720101527583051 0
-9.1967123488560034 0.47236944270481063 0
-9.125309486782804 0.47018279887329789 0
-9.7119775866605629 0.46441197367091752 0
-7.9626336653242253 0.46924071873002898 0
-6.1433166788288762 0.4707681536842665 0
-6.2168404751856059 0.46542306963511793 0
-5.6301528123602367 0.4696871927590931 0
13.74374005555306 0.47055482226156747 0
-4.4644669577459828 0.46818137111735142 0
-4.3991299926143288 0.4685491649327691 0
16.935282966473881 0.47232494484384158 0
20.053199080141329 0.46076217741060072 0
20.089821520830899 0.40216227419755629 0
20.135640262934761 0.44016064864443388 0
23.31123058193031 0.4557002925886165 0
20.31826190030846 0.46088136316319461 0
-4.49775028878401 0.471592621006105 0
13.95244174226919 0.47033347924967639 0
-8.5779182927388309 0.47032388229512578 0
22.308243963910481 0.46998591411907581 0
19.12297023226661 0.47023418605880429 0
19.195605590225419 0.47231962002257 0
19.328668014372791 0.47132237796855769 0
15.936003803998251 0.47211736203024068 0
16.01232118732317 0.46900593255757228 0
14.15797742716623 0.47033347924966068 0
17.274412481583511 0.47015118162334452 0
17.347455521106621 0.47359230636243183 0
20.458085697626039 0.47167659980281118 0
20.53300925373652 0.47161113193945531 0
23.718373478618808 0.47100248418717022 0
24.922294199128999 0.47478659762129322 0
21.898837626586769 0.46937781513092319 0
18.78392368726357 0.4713925771117386 0
18.714018442393641 0.47033347924871971 0
15.597840381481049 0.47116900193775318 0
15.525768473091309 0.46993380278791019 0
14.56737141273314 0.46779037615016411 0
14.500118762631219 0.4682314027458237 0
17.754851912872891 0.47033347924909302 0
20.94240278120586 0.46938274340665043 0
24.12246194299258 0.47301822583024161 0
24.058063040260169 0.47441327293216062 0
19.505649171685409 0.46621603459587951 0
16.316943856252291 0.47074596390432671 0
24.67455330441998 0.47033347924841579 0
21.487002436087462 0.46924115069556488 0
16.96474286671226 0.47073028887325791 0
18.29965310101943 0.47357111180712402 0
18.371458967564209 0.47033347924964308 0
15.11973770988137 0.46217706351554899 0
15.18572156812003 0.46522852088769429 0
23.34458632157013 0.46685043183178732 0
18.17396107016506 0.4569286131080591 0
21.3550924170227 0.47193817690775441 0
24.54095510923711 0.47100583240009031 0
22.277970065715941 0.4702558936074247 0
15.9065163195915 0.47128741190050782 0
24.33342931243503 0.47010256069586148 0
24.26348193462632 0.47033347925107349 0
21.074323294092711 0.47309683652508638 0
17.891518721474171 0.4546104319832478 0
17.957532935479811 0.4721361220946908 0
14.702221275973759 0.47212753205671709 0
15.323632977337899 0.46250328152353959 0
15.39679867792449 0.4604476309095441 0
15.43913957172097 0.42672430118534371 0
15.371731165959099 0.4171809053929561 0
18.57996164854012 0.47110011088521592 0
21.693367982151869 0.47028535805634719 0
21.765995009999589 0.4727395763197384 0
-9.7973978661651149 0.2487977268850407 0
21.86556561082195 0.47033347925028429 0
18.681237467246451 0.46916619740193832 0
15.496776140323661 0.46967904857443959 0
23.85164554837035 0.46954838794411619 0
14.601642470970519 0.47150040855636999 0
20.73599676622673 0.47022298756092751 0
20.663128684830749 0.47264288202323568 0
17.789107860354822 0.47033347925085761 0
5.2849624309707561 0.43915897013051791 0
17.478023276587209 0.46969729924068498 0
17.55137700788223 0.46728962823460479 0
14.29726297271452 0.46259030597976702 0
24.158905915724631 0.46893231588449052 0
15.798545752186049 0.46204314669892937 0
18.990671535500361 0.46966667832935399 0
22.176315991559751 0.47031423600416872 0
22.103369093220628 0.47271397418471478 0
24.64188149624729 0.47144370617968839 0
23.509851090001568 0.47033347924967728 0
23.438300444008291 0.4734664060845214 0
20.249255822086528 0.4648215741414925 0
18.20637618450851 0.46809852739769647 0
17.07430042287826 0.4689518135916062 0
17.139968642738989 0.4722318750187266 0
24.570387260033431 0.47071413508968851 0
16.213334276141271 0.47033347924909302 0
22.58576333757026 0.46951594236145427 0
22.5150408941062 0.47151131950789898 0
21.045440414053399 0.47236640346248621 0
17.85761975532089 0.47033347924907598 0
23.099685477913219 0.46939499464251688 0
23.027477190375201 0.470199077508205 0
19.848461897916561 0.47236718987791548 0
19.85446122128992 0.42088532315204369 0
19.91297660429543 0.47033347924977192 0
16.655060355311981 0.47346931873509668 0
16.728462751301802 0.4700140774487519 0
16.555012516982501 0.47025948655810668 0
19.810208761847001 0.47033347924915148 0
19.7930807881053 0.4271554379010104 0
19.741624699867021 0.45768435422247872 0
22.997229313324748 0.47050133332978078 0
22.92561334003204 0.47266512929577842 0
14.260745269615249 0.47033347924917213 0
22.618278702073411 0.4694365957535297 0
22.688907755405829 0.4702214732858766 0
19.429551443131299 0.47097778679271868 0
22.206627012145749 0.4702720895241132 0
20.149342641927959 0.47616552142838497 0
23.410233981219388 0.47207087658270419 0
20.216598485486291 0.47245329600827618 0
17.04196333658453 0.454958570303369 0
16.245755872470539 0.47081351184990111 0
19.02162372726108 0.47010087981640919 0
19.092599100226732 0.47012173329158269 0
15.83542555170294 0.46850240357248402 0
7.0809410337665772 0.1181637974853663 0
14.196774822511269 0.47061899949933889 0
17.376292764944971 0.47287348388251249 0
17.447423567457779 0.47010188739652981 0
20.634263410429529 0.47250915304129698 0
20.561882123757862 0.47137433793315142 0
23.748452071859901 0.47037615181704878 0
23.81913319371392 0.4694989905496349 0
16.626212577199151 0.47283848772298581 0
21.79551570588422 0.47155707973212579 0
18.610051330920989 0.47040128828510258 0
12.050831824760889 0.46741276912724122 0
15.43031457162922 0.46979765706470977 0
-1.1831501554285631 0.05675000603709647 0
14.672954198794541 0.47148987829125039 0
20.973341565927651 0.46945279055660682 0
24.222945730103682 0.46156401774074401 0
13.80587314880888 0.46126673192877798 0
13.892350259723511 0.46139046646473708 0
21.455615248411469 0.46956129880253472 0
21.383973797944531 0.47204454759251768 0
18.271592714910309 0.47227359752687731 0
15.082888009205011 0.47033347924917829 0
15.011884245224749 0.47011155368093988 0
0.097835196347348247 0.71187547225970349 0
0.28497754154371302 0.55106296732642512 0
11.028080129149791 0.43866384253400947 0
0.58493204242086727 0.60420236098355229 0
4.3804086915024696 0.46790070951500262 0
7.0095124329572149 0.1179234992817887 0
-1.246714577041903 0.046087407950580112 0
3.8955409840203372 0.051488325469070839 0
8.0600210736246538 0.43936262327198772 0
6.9376424559660466 0.1164258431287651 0
-1.313782059823033 0.12700098260454651 0
6.7911103969336271 0.1145171348374454 0
6.8993856020683673 0.057079597547652502 0
18.284880271840478 0.43735488493086311 0
12.73916963395024 0.46283260053758501 0
-1.3878031858536499 0.047028055264719128 0
15.116939629751551 0.31919278988221211 0
12.12313210374651 0.46598440991303203 0
3.6813046389657189 0.051020165595207882 0
0.8216770398880594 0.551754782017293 0
12.842515550112889 0.46561859484760881 0
12.812653686464261 0.46425714992035522 0
0.14877454913270219 0.54224037685235782 0
-1.4565117467018449 0.1264909738537926 0
3.6380897849036971 0.4626444960755563 0
6.7204657674979327 0.1127488097630191 0
-1.827823144013452 0.46258001065360249 0
3.4669859965329999 0.050497699997972462 0
-4.612114902248714 0.42703920006948098 0
-1.530075804606051 0.0471518496644905 0
6.574714428352701 0.1124033081804939 0
23.42375093602854 0.43630782701401161 0
6.6828324137953707 0.056326913493464761 0
11.98544888552968 0.46214377471327001 0
0.069260423648694239 0.71409681923345891 0
1.776081690410136 0.46855569009472559 0
-1.596827183494921 0.1268377755890838 0
14.620867849048629 0.1943326587066731 0
3.239333807954611 0.049747248111413032 0
6.5057460919036636 0.1116218374172986 0
3.572278836502099 0.46660587488663968 0
3.5115598737990821 0.47181124254299189 0
3.1185758195398852 0.4394128142874909 0
-1.682523027931492 0.05567119008842504 0
11.442126921049169 0.44489754183168351 0
3.0258674946276272 0.050877102038751808 0
6.3605123501810903 0.1113771123063397 0
4.583060493947956 0.43656209330084278 0
-9.9714095973995338 0.44075584052009531 0
4.0456953158088318 0.44072201137592459 0
-1.745992362063675 0.045217917050154557 0
6.4686190083065576 0.055716261561931782 0
3.7310853427568902 0.46613373613054992 0
-9.9067256561288577 0.42420778896587003 0
12.91238255023061 0.46544400691051008 0
5.5232719205666134 0.44622685142366231 0
6.291389209280954 0.1107776180055 0
2.8142084924689739 0.049123384942530879 0
10.885908981473531 0.43973183131410831 0
-1.810744861812938 0.12568310467196911 0
8.7995783726976029 0.4315493611269261 0
-0.58490428096301239 0.63666604733715371 0
13.932277474301021 0.2047415738618204 0
4.4985682987547744 0.46550832418234211 0
4.5212932351709023 0.46981675994211092 0
-4.7247398534102771 0.42277081442055281 0
-1.8967424553463881 0.054983443519733777 0
6.1461699584681497 0.1103882289513998 0
13.15155086045363 0.43933707811241213 0
17.08645192113028 0.4290704751659653 0
2.5956272438312591 0.057611577985252592 0
3.7921728557680421 0.46837436543183858 0
2.4734621415064311 0.15145444934055791 0
6.2542944778775471 0.055196955550519157 0
6.0770026022599462 0.10988042128481761 0
-1.960208513884756 0.044637705299891611 0
-1.650299324595379 0.44902979284015232 0
2.490567490813937 0.46872534425663059 0
12.974502326273409 0.47003597788479429 0
10.290456166435989 0.46542682057086909 0
13.382534389185199 0.46885631562978708 0
11.488369964822329 0.46899208263279968 0
5.9195839505206047 0.46472371878744823 0
4.1845257583667053 0.44099613692896089 0
-2.0250220715621161 0.124456271393797 0
7.5384663068729916 0.46377933169158791 0
6.0389130414861869 0.46733292957443739 0
-0.91708443909765403 0.52236574097762034 0
11.16682562397277 0.43866909814845861 0
5.9320382100947864 0.1093357348631068 0
-2.1086397823041789 0.052241707698115009 0
2.0958337639133831 0.059831054770310373 0
5.8626631613651341 0.10890167335188369 0
4.221136987665921 0.47000783563579263 0
9.9381389590911837 0.4370565112686019 0
11.348081444773859 0.46758647781179691 0
9.4961665502199093 0.46336275777439268 0
11.29871020123562 0.43813101552257472 0
6.0380459053831199 0.055281490813396388 0
-2.1739598563528171 0.043646553164244289 0
12.43457449727239 0.44050711477109278 0
1.881746650710548 0.057291189654419129 0
4.291834461622579 0.47037479741015381 0
13.47245364531055 0.46739769398640768 0
5.675728926187972 0.44398302625903813 0
5.5837464301043411 0.46764271870818253 0
-2.2392827953558552 0.1232785668464918 0
18.42284288878826 0.42742927635314137 0
5.7238008438926169 0.1131271557435635 0
-2.3251704621418079 0.053610322465696199 0
5.8242327831407934 0.054738451184498188 0
5.3697933712624506 0.43778739690421548 0
11.77606382593139 0.46920110633660178 0
5.2167703018960951 0.46729069639096238 0
19.916213553214739 0.36096468344383109 0
19.925582182151899 0.26027281387290702 0
-2.3885700654944539 0.043309636047123942 0
2.5326054836952299 0.43777178629208829 0
14.73405987231919 0.07264033638446879 0
23.561235011227009 0.42741001548499069 0
12.60344111812277 0.43092017205364719 0
15.75624185267087 0.42701044233330798 0
15.784719134587281 0.32659389521162557 0
5.363680319560939 0.10742482880897419 0
5.6523689785386804 0.1133635341782057 0
-3.2398592436198932 0.43865657975929118 0
24.72593722564439 0.42737531673434281 0
-3.160196432665153 0.1431290601720058 0
-2.455766684744928 0.1206316871947196 0
5.5809403734021128 0.11312386783755379 0
11.104034611853869 0.19925308458206031 0
-0.13501600390478929 0.70815796946321452 0
3.0223489517538522 0.46899204530313532 0
5.5095117680140691 0.1128842382119121 0
5.1491403684127146 0.1062361883261374 0
8.1508408150670899 0.43532803728103231 0
2.3808704782329619 0.43812764603699123 0
-0.18006468548968629 0.54569983826898871 0
5.435883448407087 0.11006530925939451 0
6.1470086590054711 0.42893503338103262 0
20.208712554018749 0.42961177743835588 0
9.0819884421066206 0.43182240233404778 0
5.2193786295708753 0.10681251050385671 0
24.117379033497048 0.42640860836650157 0
11.963220184450501 0.46713209641196041 0
2.880723833097615 0.46557443161953832 0
18.022603254709431 0.42112934689226078 0
4.9327901264720433 0.1041555052871025 0
2.673194010362177 0.44097782677083708 0
-1.0366168179419679 0.51598371112387809 0
5.3245357404145111 0.053775976633986443 0
4.836804842572433 0.44108770163269739 0
3.3809106220037868 0.46340550142434389 0
0.9400763382902223 0.54667135166607794 0
3.1853042939631089 0.43991012906356319 0
16.150075482533261 0.20632673704875251 0
-4.8281167090570216 0.43583418658977408 0
4.7188026709799766 0.10266299190988119 0
-6.6222948338067891 0.2479644640217937 0
2.8078178464296721 0.43888881050177042 0
5.8661743718649166 0.42534205858019769 0
-2.246578967171784 0.44224541312857218 0
5.0044862771959817 0.10544967254983049 0
11.72300508881321 0.37683059612384068 0
2.9793543226860382 0.43396543460674658 0
-0.26255930338470879 0.71610072526026025 0
-2.035545792148016 0.44263572226205739 0
-2.18016761665737 0.43989107454809989 0
-2.2109773271876052 0.45148704312251398 0
-0.27964277382457059 0.71437369147129259 0
6.4322613141394394 0.43037400721985009 0
-0.67189432464509313 0.46956348829191868 0
23.36047622315094 0.42898751348826458 0
24.824333312201141 0.26455632767137771 0
5.1099804284902142 0.053074803644424941 0
4.5045154648851398 0.1015715148237329 0
11.744564194900111 0.4233622608900896 0
-2.3110869966797569 0.44174440676087512 0
9.0130981222167375 0.43783232536929267 0
13.35524828655017 0.463616246690012 0
4.7898374211213559 0.1039790950727781 0
23.996670652441551 0.42682292854851439 0
-2.5275182289111791 0.044137463354235767 0
-6.3668053015141766 0.42741216815889471 0
-1.4430384004039021 0.45011463243147759 0
-1.4202467572121591 0.46128834225055892 0
-1.3945154341739361 0.43391673544592602 0
-1.5196892684408809 0.46842209250929162 0
-2.858407221114764 0.47063484061934019 0
-6.4794793767390146 0.35234548426516221 0
4.894573565567975 0.051883108805779711 0
-3.4413817972824261 0.46815550364662412 0
7.0573357921829816 0.44739351337754829 0
14.065954237834751 0.1353450120687448 0
6.370730672604406 0.46779638689594011 0
-0.038778603424112178 0.6890970854427545 0
4.7996369914089403 0.43785954695783502 0
-3.270755709229991 0.45026495257165527 0
24.79472588347809 0.41951224256834518 0
-3.8093556508802782 0.18358183531034719 0
-2.6555689515561238 0.44728207608766352 0
4.5756360214734588 0.1025689121966504 0
3.9901974971645848 0.097873211384050141 0
23.489207009966741 0.42389459309742178 0
3.876143449402262 0.4633845445747854 0
7.438444761866684 0.46742107344554679 0
11.64455996437027 0.47035429810213808 0
13.056734878708379 0.46338487356142699 0
2.644052296033236 0.46343723937987458 0
12.20133068325779 0.46201890594456679 0
12.26884946473996 0.46338908692150599 0
12.78972249289531 0.43762128835534941 0
3.3576154955654971 0.43938051627354918 0
18.096301440846549 0.422155327512026 0
14.84908534583835 0.1941800227746027 0
-2.5537160275387429 0.44626068925488538 0
18.351755530385251 0.42528848327524399 0
4.6803709164196272 0.048227541503897707 0
-0.44420455953149462 0.67029639664450014 0
9.2156966972083705 0.4422585492484421 0
4.1503517810940256 0.46955819850870961 0
14.972426972023911 0.071504486454142188 0
3.7755585782544769 0.09680006190305275 0
13.185781645530881 0.46946421900134527 0
12.474722075055441 0.46962175678578783 0
13.542826983645799 0.43504793442338929 0
-4.4370858581036767 0.43671453683017453 0
0.68686523332400395 0.5803068654350404 0
10.01662025502182 0.43291050117645308 0
13.928671081210309 0.4313350907803804 0
3.078102953045442 0.46645577242692771 0
-4.0877769635903931 0.473486058019852 0
20.42848311746862 0.47080843136547962 0
20.01736098503266 0.47170796675172272 0
14.466381623848299 0.47337271047878982 0
-3.9849436371077882 0.4701994316339998 0
5.4782520263163264 0.46349336546203901 0
-2.8935294639725928 0.44425383717902128 0
6.6757893088113036 0.45805803786523802 0
6.6582526464505936 0.43718056370068498 0
11.715439447748761 0.45094532749756783 0
4.3634272818899502 0.1029184634956932 0
20.123129680168521 0.47605446302194487 0
4.0051932668511609 0.46938102359463219 0
-6.5029165067173977 0.098964887790336395 0
6.8182976632552812 0.44547881441906018 0
14.98138385604175 0.47192993546258938 0
8.2836874770454951 0.46572889239650878 0
19.741560481913989 0.36722824554153521 0
3.5617820196853871 0.094700851423894061 0
19.400280715425641 0.47105151144342461 0
19.790693383137661 0.087059074597896219 0
-0.003781744202017523 0.71570720801032395 0
9.8956430901375523 0.46449781023927578 0
4.4662053248254177 0.047713087627377769 0
2.7700854602443372 0.46706256964788762 0
11.204138586413849 0.2070420351436896 0
20.071604724900808 0.086792559936484992 0
-3.7961950697051212 0.42603078456176752 0
6.7448360549767603 0.4596564586833648 0
6.726699240034625 0.44270646335402059 0
3.226318867809002 0.46791529059722448 0
14.531329252808391 0.43725434926031148 0
-9.908361488948632 0.091465343383284242 0
24.89843134649529 0.42910763258180912 0
6.3040516228822234 0.44306655376179671 0
3.3462290732914708 0.092647750265810264 0
-2.752116053399738 0.46752758318020682 0
12.93406714388686 0.4358603973117996 0
-1.1863830695845661 0.47331426935562332 0
-1.2152968039504179 0.46206187415837668 0
13.009869200794601 0.44561205324555753 0
7.7788362408904863 0.44816133202188557 0
6.0043651613458522 0.46802301432170362 0
12.86331715165479 0.43723603755151191 0
13.079615122536721 0.44295623042992061 0
4.2925854993415893 0.1036658445382793 0
-1.7252062163739379 0.46843858515417353 0
14.22332740598492 0.45111807115055019 0
3.1332454867872732 0.091968383536946807 0
-2.0730901522149878 0.45105294130493301 0
4.2215169964239889 0.10372412527281261 0
3.685840966824693 0.43228148553206369 0
3.617663078214993 0.44232702641236338 0
3.7560535488960038 0.43442252649067731 0
17.627655484318971 0.42729368677914831 0
13.713948074537459 0.44262914204988502 0
3.8303733432457499 0.44459515613906497 0
3.9000226694302751 0.44224057514122062 0
4.1501228212162724 0.10400790209430159 0
2.9193586876315001 0.090800989927089196 0
6.5452591909361963 0.44777574363214312 0
1.123146871224376 0.48411835913469609 0
5.6359125178871849 0.43545561108500941 0
-2.1088463392862651 0.44354904527661398 0
4.0847732913010546 0.1063152955531468 0
12.220585951102629 0.44000504633765147 0
3.4456622672039008 0.46144284073967468 0
3.5443437922072651 0.43381482971205598 0
4.3505583685306837 0.46488376906548262 0
4.3294283228077877 0.43538697390023212 0
6.932486400639494 0.43264246685300128 0
0.34187903603114428 0.54596818589512786 0
2.4663009120424548 0.040076130006404011 0
8.7256928511106366 0.4341551154251922 0
3.8728047193902531 0.10267237820163411 0
2.7119561395275702 0.084890095150073536 0
18.22261476811261 0.43072148188911241 0
8.6625232389771565 0.43905832080969243 0
9.2247161573985643 0.46752745571985332 0
-1.9626048927196229 0.46752863080536428 0
9.6694983056569654 0.46772080014324918 0
2.9206696924728059 0.46775466557252388 0
13.266917960412981 0.46754952246159831 0
3.1524891948391232 0.46097432927983251 0
4.8379367109264351 0.46814724436593042 0
3.469080573527441 0.44258878331240731 0
-3.5487281924456209 0.1626376563827853 0
3.964581256972223 0.048681983115812823 0
24.910179158004251 0.089826207807090663 0
5.493384926208094 0.43234558187433592 0
7.2212327972695034 0.44379102853038821 0
5.4039788968700897 0.44141045833931059 0
14.15088489150126 0.1311694048530154 0
6.2261968544616799 0.42896538082578201 0
2.1911648267798181 0.46076917986435778 0
-1.5858625629325449 0.44707944960591628 0
-1.8940708345389159 0.46750693666254478 0
-1.3136788354494779 0.46628995835673043 0
12.07693420424869 0.43433176785039612 0
3.6568652923201919 0.1029739722524414 0
2.2143419533477728 0.078558577466029775 0
12.150417739680041 0.44165003789546559 0
12.29297691572132 0.4383225660781298 0
12.401395346188799 0.4613125643559674 0
15.15545084425534 0.41504063322342188 0
9.5323940070982047 0.46782303359997268 0
-1.6258345187369581 0.46220136700992098 0
10.857592550215109 0.44117243606376833 0
1.9227537099070351 0.46309742845579999 0
0.1146104958729736 0.68547207533963772 0
-1.342126790759514 0.47298066109606568 0
1.9942182655431919 0.080906167037049004 0
3.750156468612841 0.04794939717936994 0
8.5652888204897337 0.44973113937972392 0
17.94910255569086 0.43142993592290252 0
15.06425531109412 0.20306826865030711 0
11.06611140945037 0.4676868492343027 0
1.185941965664048 0.45728975141214739 0
0.85470521535073773 0.56141658301236719 0
3.4424431538805842 0.1021638286505588 0
13.355576379984489 0.1035047145083651 0
13.764780085663251 0.44159443436084722 0
11.86723898401309 0.47107139505081408 0
2.834916479041818 0.44332280733685597 0
2.056638558642669 0.46390594518571249 0
-2.9635937749577641 0.45957057937387702 0
13.241273478971021 0.0429255003051775 0
3.5359455968280371 0.047218203653417952 0
13.433054646049211 0.16968627235045591 0
11.1988347258091 0.46374032097695561 0
-1.798292548176484 0.45989347247283968 0
-3.208742084867902 0.4416979485884453 0
-3.3015335698995578 0.44531683832319502 0
5.3080511923864737 0.45211121101348822 0
-0.84434473365392981 0.56210135160158647 0
-1.138881648913683 0.50318104420467136 0
1.028725838479418 0.50609202564441014 0
1.0606201140368099 0.51273014186142041 0
-0.059880436314418313 0.53314174878906517 0
-4.775511895169414 0.43779182192655941 0
-4.1960218650023302 0.42754903818367768 0
-4.6708296265187617 0.43671324018333157 0
24.183152140100962 0.43320172163468018 0
3.2285819712182291 0.098090555555132297 0
24.33467348455569 0.23965981062882691 0
1.447741879731324 0.47059605353395489 0
1.4269783314769739 0.46523425935475859 0
24.05698896503327 0.43721457556913151 0
4.4783070122365114 0.44626938612906408 0
12.857518655921 0.097006378329082932 0
-3.67385734198252 0.47657415418198318 0
19.912686476586821 0.43234058504739631 0
4.0735349608058087 0.46525923205135311 0
17.68407247794147 0.47283720357365372 0
17.651352449013611 0.46875228123471591 0
3.335070561839752 0.047375220249607268 0
13.02657474941145 0.045600833283940857 0
-1.3178343727422579 0.42393955786494569 0
16.147292503975692 0.47739732099201498 0
9.3167482023382142 0.45203530106384221 0
13.176998527876311 0.036748474179377953 0
-6.2945957009327227 0.42986376394792258 0
-1.154097142646207 0.50023221258670925 0
3.0133384575199731 0.099284058469627387 0
0.18212821695006809 0.67894747044842907 0
-3.8853095553388508 0.46922460238978159 0
8.0172376230203017 0.4510742942238436 0
-2.5992092305522458 0.1168360149207424 0
5.9018892515543513 0.46902587463602669 0
11.001919327598531 0.44078241174027732 0
13.11684268428656 0.111473195743839 0
-3.6465145823299339 0.476872153660164 0
19.58184182948742 0.43762507906243792 0
19.633792791094312 0.44162939240695609 0
8.2448338837629418 0.40195507872379821 0
-0.79367429211090479 0.58140788832606471 0
-0.33569841828456559 0.68700609400333545 0
-0.30047684531099428 0.69473851233558059 0
0.89870014084973515 0.55225228067230325 0
0.89032955522666768 0.53341685789023319 0
-0.1022206620904096 0.71712792828803495 0
9.1138581309582989 0.45177375983224349 0
24.981085943511221 0.47773734466542989 0
12.795719558390481 0.16939640505723111 0
3.122015078575286 0.046808658158489967 0
7.0201387680807592 0.43864559318418561 0
6.9910885073705744 0.44562383513581932 0
9.7271502554254017 0.43455924118342248 0
-0.60171136182582829 0.63237540674672998 0
0.81863566368589746 0.57558830377150105 0
-3.2657783056665171 0.47080712988212559 0
-3.283808499481498 0.46769668901556471 0
-2.067178848522583 0.47129728631960888 0
-2.0812713532992371 0.47110508788531769 0
-2.6492001348141572 0.47046257064543578 0
-2.6637310166343431 0.47048894842280131 0
-3.171445995529393 0.46989290947570772 0
-1.5854043045166271 0.47037665590294558 0
-2.203681209021624 0.47189951943504072 0
-2.2183736716186711 0.4712205281872941 0
-2.5451443872553541 0.47010165816663668 0
-2.5609456261151511 0.47032921092790392 0
-2.7685622075755378 0.47045155591207649 0
-2.7850135908866722 0.47032179819080361 0
-1.5354402136665599 0.47149145638384438 0
-1.5488705114387991 0.47158792381696468 0
-3.401695012487945 0.46769687409275801 0
-2.819280619976801 0.47010169817116448 0
-2.8239879393270342 0.44347233309735579 0
-1.188258824422056 0.49479975557181782 0
-1.2216987606783489 0.48737845271360791 0
-2.45947681452955 0.47009701459564429 0
-2.4577096263564688 0.44311120037118401 0
6.8526530630281997 0.4383008849083817 0
-3.0062905110207918 0.47217951617798548 0
-1.7407129431148061 0.47115103378209849 0
-1.7549875546507361 0.47008631710121762 0
-2.9220817072472611 0.47009588801923408 0
-2.3333959319397439 0.46021457070005528 0
20.274201459606012 0.42921370355074201 0
12.961057830932599 0.036295881446319248 0
7.6384764848563602 0.46049301424279082 0
-2.3738092418036749 0.47009321336575532 0
-2.390942756348887 0.47032211677964753 0
24.403428043522631 0.43599209637597008 0
2.803132226672298 0.097027969052977212 0
-4.5558650843728401 0.42965317447508089 0
-0.25207081765457701 0.70285425443477789 0
-0.24647603568606971 0.67731206299789015 0
-0.28483858009314172 0.69934550902051651 0
9.6532305968744403 0.46977891535121208 0
7.7253059242561983 0.43352981493004422 0
13.24978998667118 0.47011351217584491 0
20.166968859487682 0.38750274366219939 0
-9.5934223816178719 0.43613183636118252 0
2.9034454375795371 0.46924104890978757 0
4.479815125531756 0.46919520100401257 0
7.0661352651793594 0.47003708469763772 0
7.0506442018139062 0.47043149108673749 0
7.2798276317987289 0.43241059329542081 0
5.8876046027151236 0.47086441801008089 0
9.4302518422977677 0.47008422629303492 0
9.4131238685563332 0.47033141967768582 0
11.419473119889631 0.46507797802695999 0
11.399423233473071 0.4676850294118734 0
1.2394059594208739 0.4854414073792459 0
3.6626768901706268 0.46733829343578898 0
10.21813863441159 0.47008351665130688 0
10.20101066066908 0.47033140802926238 0
10.10647168476576 0.47001988306229903 0
8.838099508725243 0.46969477485834071 0
9.617431109827292 0.46823644756168642 0
0.2203522728032884 0.6795742996266424 0
9.2082901442376581 0.46941003847482538 0
12.99178112020175 0.46555678784144 0
16.79422242423685 0.43297766025455731 0
-9.9771484049348391 0.47517194568244547 0
11.579373628574009 0.16111205535509929 0
1.328403383449511 0.45581075889141992 0
11.79154076461252 0.46961085939589869 0
6.019869710331033 0.46966320938907269 0
2.8359819518335532 0.47008079988556911 0
1.5503738219491741 0.47035731142116388 0
1.5342559474828901 0.47033123675866922 0
2.236502870882624 0.47008032126963312 0
10.594193628971791 0.47014828196684638 0
10.578660319571281 0.47024844144700961 0
1.63702378993165 0.47007981464934739 0
1.619895816190186 0.47033134674928051 0
12.90255610150081 0.11086624604066191 0
12.58000843934037 0.46908758209288048 0
12.56463641717562 0.46858904362438469 0
11.68536175781392 0.44824337014626109 0
-0.56963106051262513 0.63989064354500813 0
3.62079674464947 0.46723844943983878 0
10.92439225677612 0.47017181787699008 0
9.12011949142539 0.47163727342900308 0
9.1057643535505726 0.47224028152740632 0
2.5703338521337749 0.46980960798485788 0
0.46959870965524969 0.64231743208700631 0
-2.5916440348937488 0.43934090011875071 0
-2.6223672300806662 0.44548747966422669 0
-0.11799337873275351 0.71698755649205614 0
3.8115744533071751 0.46435836136493719 0
2.4025201512466738 0.45533655333346429 0
9.1486783366469453 0.437595146124441 0
17.835477523741709 0.43053289828743418 0
10.970363253556631 0.46652744556038772 0
5.1996423281544599 0.47007451457202992 0
2.9082597027336861 0.046093241889909348 0
7.7856053513647918 0.4701210743587278 0
7.7688383893729256 0.47033125182098739 0
-0.38596326090543281 0.68136738247486561 0
-0.40060218440122081 0.67762835866726179 0
12.958614433064319 0.47007349986052088 0
9.7755065777549177 0.46467002335907998 0
9.75724483682448 0.46676747367317112 0
-0.3506929064247144 0.68579547394041596 0
9.5160956689287026 0.46866294780004142 0
3.400097669800672 0.46703290161987998 0
12.528212480375769 0.4710099431696681 0
12.513538162898451 0.47054635425193309 0
8.5726157445158648 0.47061141624559177 0
8.5571247066786604 0.47025822978218601 0
3.3351831978678619 0.46587778280361269 0
3.3154031263650681 0.46912910183263051 0
6.2962949695485557 0.46936557947489888 0
7.3738690810188814 0.46991017612181829 0
7.3575241232467166 0.47049841990695929 0
9.3250898031389848 0.47131303707821232 0
9.3103560261068292 0.47033129305650662 0
10.456869022468471 0.47024403512255869 0
10.440802293051281 0.47033155140201949 0
9.8573208030869033 0.46898652883801162 0
3.488415750169092 0.46412857049458789 0
6.0713343356714002 0.47035838577872102 0
6.0560410152270396 0.4703315588115729 0
8.6596954151381755 0.46711528425604498 0
5.953273172778478 0.47007262399435878 0
5.9374895010830064 0.4697515284038325 0
11.72465827477221 0.47120205170617008 0
11.70955735971326 0.47185185852009193 0
8.060013942978312 0.47009304370222882 0
17.201849833207991 0.42210459785726678 0
6.5515246468862012 0.47044458642661491 0
6.5363218546153856 0.47033593760537939 0
1.6875983466490521 0.47052769909921499 0
1.6719602013241259 0.47041045724922781 0
5.4392074453299548 0.46919417125740043 0
8.0238512247659131 0.47158572844383012 0
8.0087092995019376 0.47130782768473378 0
4.238411779260022 0.46913922165496358 0
6.6383921224365716 0.47009235338159089 0
6.6314803877542774 0.44460301153106607 0
6.825981551689793 0.47040341931603991 0
6.8096718598513073 0.4703315306368685 0
-0.04249518585367084 -0.73463827597389142 0
-0.14436717744380301 -0.72942217336354565 0
-0.2458506256591555 -0.71847427183415535 0
-0.34685385194832619 -0.70320821527700528 0
-0.44876233735635213 -0.68572551448278551 0
-0.54722013263894087 -0.66123764327032719 0
0.059489006534162052 -0.73416029215624634 0
0.16249603715272951 -0.72559499141528749 0
0.26381190387470099 -0.71402772829906613 0
0.36454797083954682 -0.69774517307478634 0
0.46485492586899002 -0.67764560500407622 0
0.56495219608593983 -0.65454632438765437 0
0.64790284925945929 -0.63374731610769519 0
0.7307899020668478 -0.61219547032910182 0
0.81248673057723209 -0.59284212146874449 0
0.89567165527951165 -0.57165232812191158 0
0.97934611541288286 -0.55201254963137836 0
1.0639230324696249 -0.5351240093629217 0
-0.63132210429569435 -0.63798673662424554 0
-0.71118806600525497 -0.61692509917397476 0
-0.79839920228298611 -0.60001926817041396 0
-0.87912774788369841 -0.57630324222112084 0
-0.9607729498001083 -0.5533376634822349 0
-1.0465411894925229 -0.53709862574491329 0
1.129766220929918 -0.52314044234598811 0
1.199049434650828 -0.50901788432279826 0
1.2632936679945019 -0.49403984096485459 0
1.3367779657201799 -0.49540284101765047 0
1.4050165382865989 -0.48762243873662442 0
1.474105809975619 -0.48537257980705811 0
-1.116214144464365 -0.52558668243695095 0
-1.181928584488473 -0.51116954550254801 0
-1.2519195676643089 -0.4990659652486496 0
-1.3184407050568769 -0.49510777832283431 0
-1.3877689077849149 -0.48858666440044102 0
-1.4568082436499581 -0.48568422520387039 0
-1.5257002718177559 -0.48450291073263119 0
1.542819934353638 -0.48512300249177448 0
-1.5942343299984401 -0.48466004623008713 0
-1.662768388179124 -0.48516194114777189 0
-1.731302446359807 -0.48462805644698859 0
-1.7995277132676879 -0.48604347095367673 0
-1.8683705627211731 -0.48516194114777189 0
-1.936904620901855 -0.48516194114777189 0
-2.0054386790825389 -0.48516194114777189 0
-2.0739727372632131 -0.48512507922609333 0
-2.140714786691527 -0.48275985004832239 0
-2.211040853624588 -0.48512484336355582 0
-2.27779530392676 -0.48275754225991357 0
-2.348108969985947 -0.48464774231210689 0
-2.4166430281666411 -0.48516194114777189 0
-2.4869592040688548 -0.48275802383939831 0
-2.553711144527921 -0.48512463053802479 0
-2.6222452027083678 -0.485161941147841 0
-2.6907792608887031 -0.48516194114784938 0
-2.7593133190690189 -0.48462175104445671 0
-2.8278473772493489 -0.48465651559991518 0
-2.8963814354296771 -0.48516194114784961 0
-2.964651149879554 -0.48597889233392461 0
-3.03453723881425 -0.48031314140695602 0
-3.1022907627862062 -0.48132488533872708 0
-3.1722310196054919 -0.48808559315582378 0
-3.2390517263313088 -0.48516194114784938 0
-3.3075857845116259 -0.48516194114784927 0
-3.3778331941464579 -0.48756965215464237 0
-3.4446539008722792 -0.48516194114784961 0
1.6113318293194629 -0.48465500876494361 0
1.6798437242852891 -0.48512636481818933 0
1.746642821876971 -0.48754394003425422 0
1.816867514216941 -0.48516673962454798 0
1.8870922065569129 -0.48754921269003249 0
1.953891304148591 -0.48516673962454648 0
2.022403199114418 -0.48516673962454648 0
2.0892022967060959 -0.48754857021062142 0
2.1594269890460658 -0.48516673962454648 0
2.227938884011889 -0.48461300566144572 0
2.2964507789777162 -0.48516673962454648 0
2.3665556703126658 -0.48273172862436492 0
2.4313033426526252 -0.4818759792848134 0
2.501986463875193 -0.48516673962454648 0
2.5687855614668669 -0.48808243929458889 0
2.6390102538068421 -0.48516673962454648 0
2.7075221487726719 -0.48516673962454948 0
2.777685612833757 -0.48465202032778071 0
2.8445459387043059 -0.48462425667824421 0
2.91305783367013 -0.48466531339531832 0
2.9815697286359679 -0.48516673962454648 0
3.05179442097596 -0.48754565003556738 0
3.1185935185676228 -0.48516673962454648 0
3.1871054135334469 -0.48516673962454648 0
3.255617308499275 -0.48516673962454648 0
3.3241292034651022 -0.48512496854782772 0
3.392641098430929 -0.48371600905281031 0
3.459709904262644 -0.48260826498740961 0
3.529664888362575 -0.48516673962454648 0
3.5981767833283982 -0.48516673962454798 0
3.6649758809200592 -0.48808250336061032 0
3.73348777588589 -0.48754480012208418 0
3.8037124682258838 -0.48460740348512771 0
3.8722243631916999 -0.48516673962454648 0
3.940698106962337 -0.48382687061418111 0
4.0109232177005714 -0.48466698024384308 0
4.0775551754246644 -0.48591017819572169 0
4.1445904699720657 -0.4846768221892277 0
4.2147838380208276 -0.48516673962454648 0
4.285008530360833 -0.48754917126381248 0
4.3517126986294032 -0.48574666394533028 0
4.421999688670919 -0.48273658703678501 0
4.4888314178841107 -0.48462868181585439 0
4.5590611306280842 -0.48275280376446561 0
4.6275680051899348 -0.48754124621531608 0
4.6943671027816096 -0.48516673962454648 0
4.762935637851867 -0.48552981540579371 0
4.8308289401245794 -0.48489176118016791 0
4.9016270732234322 -0.4827535032014863 0
4.9683756791090072 -0.48557001963874108 0
5.0352128516485202 -0.48275427245571451 0
5.1054813410320961 -0.48554470429954072 0
5.173950367542381 -0.48516673962454648 0
5.2424168657946906 -0.48554135695154882 0
5.309261360099887 -0.4875478693590532 0
5.3794860524398622 -0.48516673962454648 0
5.4479979474056996 -0.48463815664176252 0
5.516509842371506 -0.48516673962454648 0
5.584605622164414 -0.48720093950430282 0
5.6518208349289694 -0.48754542145220869 0
5.7220455272689863 -0.48516673962454648 0
5.7905574222347944 -0.48516673962454798 0
5.8607821145748318 -0.48754887913131312 0
5.9275812121664631 -0.48388774467725748 0
5.9960931071322863 -0.48516673962454648 0
6.0646050020980518 -0.48512631660383743 0
6.1348317804754124 -0.48275397782739388 0
6.2016667432331918 -0.4855696772984901 0
6.2687989503630579 -0.48263124498284188 0
6.3387032524519427 -0.48553579060392932 0
6.4071116378071364 -0.48553359863748541 0
6.4774004454519316 -0.48275178759434823 0
6.5441882668589528 -0.48512270133630792 0
6.612700161824729 -0.48516673962454648 0
6.6812120567905584 -0.48516673962454648 0
6.7497239517563674 -0.48516673962454648 0
6.8182358467222466 -0.48512601642933612 0
6.8884723501281524 -0.48275321980858638 0
6.955256774129615 -0.48562222749405398 0
7.0237715316196736 -0.48516673962454648 0
7.0922834265854879 -0.48516673962454948 0
7.1625081189254649 -0.48751955702510569 0
7.2275944191429922 -0.48754090810908313 0
7.297819111482978 -0.48516673962454648 0
7.3663310064487684 -0.48512237263930652 0
7.4348429014146138 -0.48516673962454648 0
7.5016441041702384 -0.48274581239626319 0
7.5734990898383607 -0.4827243595156322 0
7.6399981660209519 -0.48616529869841829 0
7.7106078113974199 -0.48275435679938927 0
7.7774023762436908 -0.48512315214162433 0
7.8441911444692991 -0.48275393300411051 0
7.9144261661754021 -0.48516673962454648 0
7.9846508585153764 -0.48751968689260172 0
8.0514499561070458 -0.48463821824545422 0
8.1216755574804296 -0.48275410467633578 0
8.1884764312433784 -0.48562142751416609 0
8.2569856410045155 -0.48516673962454648 0
8.3254975359703476 -0.48516673962454648 0
8.3956810037116067 -0.48273425982560708 0
8.4627653734994563 -0.48785418112557921 0
8.531033220867803 -0.48516673962454648 0
8.5995451158336351 -0.48516673962454648 0
8.6680570107993482 -0.48463951662820681 0
8.7365689057652975 -0.48516673962454648 0
8.8067935981052585 -0.48753001716703492 0
8.8718798983228453 -0.48754926395145448 0
8.9421045906631456 -0.48516673962449108 0
9.010616485629237 -0.48516673962449258 0
9.0808411779696758 -0.48754732355393648 0
9.1476402755618427 -0.48516673962443502 0
9.2161521705280727 -0.48466187096515811 0
9.2846640654945389 -0.48516673962443718 0
9.3514631630867449 -0.48752753570354379 0
9.4216878554271535 -0.48512485420323209 0
9.4901997503935416 -0.48516673962443502 0
9.5603395543087277 -0.48272431405339561 0
9.6272235403262556 -0.48462731757319771 0
9.6974543665583486 -0.48275434074165358 0
9.764247330258911 -0.48512296010848732 0
9.8327592252253062 -0.48516673962443418 0
9.9012711201916357 -0.48516673962443418 0
9.9697849538885883 -0.48561636810635839 0
10.040012815719219 -0.48274852310162708 0
10.10509400771644 -0.48808337955253422 0
10.17703149743129 -0.48753206109524722 0
10.243830595023359 -0.48516673962443418 0
10.312342489989691 -0.48516673962443418 0
10.38085438495604 -0.48516673962443568 0
10.44936627992247 -0.48512623746194278 0
10.51959467482987 -0.48275365008021243 0
10.58639006985495 -0.48512416644712147 0
10.6549019648214 -0.48516673962443568 0
10.723413859787721 -0.48516673962443568 0
10.79216054818229 -0.48781420037263712 0
10.86043764972043 -0.48516673962443568 0
10.92723674731263 -0.48808247487750761 0
10.997461439653129 -0.48516673962443568 0
11.066092299590711 -0.48578672863591582 0
11.132826208176491 -0.48273097835037398 0
11.20284942615119 -0.48583432375272162 0
11.273232916143 -0.48275369721075811 0
11.340020914484819 -0.48516673962443418 0
11.408532809451319 -0.48512481068590219 0
11.47704470441748 -0.48516673962443418 0
11.545777038342949 -0.48781188585071772 0
11.61406849435026 -0.48516673962443418 0
11.682580389316589 -0.48516673962443568 0
11.749379486908641 -0.48752223491448138 0
11.819604179249239 -0.48516673962443568 0
11.888116074215651 -0.48516673962443568 0
11.9566279691819 -0.48516673962443568 0
12.02513986414823 -0.48516673962443568 0
12.09193896174023 -0.4875449762300359 0
12.162163654080929 -0.48516673962443418 0
12.230675549047261 -0.48516673962443418 0
12.29918744401367 -0.48516673962443418 0
12.36769933898003 -0.48516673962443418 0
12.436211233946359 -0.48516673962443418 0
12.50472312891281 -0.48467301824758219 0
12.573235023879089 -0.48512403948094562 0
12.64159969184546 -0.4829167146313138 0
12.70671923558983 -0.4814996797357603 0
12.778770708778019 -0.48516673962443568 0
12.84556980637019 -0.4875491551388173 0
12.914081701336359 -0.48753672335542131 0
12.98430639367705 -0.48461660222896619 0
13.05281828864341 -0.48516673962444418 0
13.121303915196011 -0.48382310065191142 0
13.19152783607357 -0.48467802560413809 0
13.258353973542 -0.48466608564788077 0
13.326865868507969 -0.4851667396245265 0
13.39232982644881 -0.48711732110958511 0
13.46388965843971 -0.48516673962454648 0
13.54400742127063 -0.47633884833316359 0
-3.512482218398961 -0.47964974935484239 0
-3.6119109683350099 -0.46589328952361719 0
-0.042340283118612543 -0.059441540802484767 0
0.171873336300153 -0.060064164202866407 0
-0.24662944792842101 -0.061828068695600258 0
0.38608695398794718 -0.060686534104311428 0
-0.46080816055770057 -0.061828068695600258 0
0.60030057000592074 -0.061308659469975747 0
13.64517668224696 -0.46824250706560699 0
-0.67498687318698103 -0.061828068695600258 0
0.81451418441237566 -0.061930548845368728 0
-0.88916558581626037 -0.061828068695600258 0
0.51475968831723617 -0.66625566687803239 0
-0.49518966159401839 -0.67052049148668225 0
13.77773641010622 -0.4741179216513367 0
0.41479723122746859 -0.68814099946526286 0
-0.39717441490052352 -0.69411548007148405 0
0.31428418283756898 -0.70647567562282343 0
-0.29642802035305549 -0.71155509139007311 0
13.921611389534521 -0.4735921967662492 0
1.0384428278472571 -0.061828068695600258 0
0.2131661234789316 -0.72040059398261702 0
-0.19652595229681091 -0.72237229681023651 0
0.1104384361932569 -0.73178180908930857 0
-0.09343631914508771 -0.73226922146529194 0
0.0077874234958927382 -0.73363224718806164 0
-1.1033442984455399 -0.061828068695600258 0
-3.7104819466819152 -0.46982090311204872 0
-3.814087747421941 -0.46890826744349989 0
-3.9229159079696299 -0.46341703725486971 0
-4.0197415551826481 -0.45420150767889289 0
-4.1232045109819344 -0.47032388229569849 0
-4.2231499758332411 -0.4643574242499931 0
-4.3288066855229106 -0.47032388229569932 0
-4.4310063778718281 -0.47559750637504011 0
-4.5286976885488777 -0.46395466316364742 0
-4.6400653768040687 -0.46746522510840871 0
-4.7428666565679896 -0.4674684153044899 0
-4.8393854189663212 -0.4736122899920398 0
-4.9456132091458418 -0.46073122492474933 0
-5.0484142964163272 -0.4625968611657304 0
-5.15121538368681 -0.46315858663031712 0
-5.2540164709573078 -0.46367487472136237 0
-5.3568175582277826 -0.46028710512971832 0
-5.459618645498276 -0.46047505015654189 0
-5.5624197327687668 -0.46196743014536751 0
-5.6652208200392646 -0.46084916247206281 0
-5.7680219073101124 -0.46197810911191051 0
-5.8708229945814754 -0.46307043817270921 0
-5.9736240818530666 -0.4640937376575619 0
-6.0764251691246161 -0.46444605630474628 0
-6.1792262563961682 -0.46149251792715101 0
-6.2854540465768229 -0.47195940142245169 0
-6.3814017280302373 -0.47361067771005289 0
-6.4876295182108628 -0.47032388229538891 0
-6.5874315388691924 -0.47527052697417499 0
-6.6932316927539954 -0.46189853199450698 0
-6.7960327800255591 -0.46339481154063539 0
-6.8988338672971166 -0.46315856890348289 0
-7.0016349545686651 -0.46318960074327148 0
-7.104436041840227 -0.46318342558109432 0
-7.2072371291118067 -0.46053617388545343 0
-7.3100382163833597 -0.46115971557362212 0
-7.4128393036549394 -0.46297281076964669 0
-7.515640390926472 -0.46132244461488803 0
-7.6184414781980401 -0.46089939784841161 0
-7.7212425654695993 -0.46259489053788427 0
-7.8240436527411816 -0.46479928299656248 0
-7.9268447400127666 -0.46033656978520709 0
-8.0296458272848774 -0.45987923058289393 0
-8.1324469145574927 -0.46316154211308602 0
-8.2352480018301435 -0.4620095633327897 0
-8.3380490891027943 -0.46084496961991961 0
-8.4408501763754433 -0.46200914880861582 0
-8.543651263648032 -0.45990733450450882 0
-8.6464523509207343 -0.4603467692444066 0
-8.7492534381933211 -0.46478851908677132 0
-8.8520545254659382 -0.46260152351681322 0
-8.9548556127385979 -0.46089990516049911 0
-9.0576567000112398 -0.46130244543633692 0
-9.1604577872838817 -0.46292781069772221 0
-9.2632588745565272 -0.46444533623232143 0
-9.3660599618291691 -0.46484148922572649 0
-9.4688610491016085 -0.46123738638150841 0
-9.5750888392820652 -0.47204256668596711 0
-9.6761051069075652 -0.4694891044955849 0
-9.7738376080048841 -0.47360596676408351 0
14.021992678048329 -0.45972106016022818 0
14.12067541305121 -0.45960977776428558 0
14.228986610001019 -0.47857186407834251 0
14.33345335052239 -0.4691924698365833 0
14.43202500702979 -0.47033347924909141 0
14.53422112910712 -0.47523720422090671 0
14.637560691927201 -0.4640591558078016 0
14.740328534375999 -0.46349076204049372 0
14.84309637682475 -0.46330998599807371 0
14.94586421927343 -0.46461810434627182 0
15.047129998849879 -0.45104611471404948 0
15.152210092187779 -0.47114151834429752 0
15.254167746619659 -0.47033347924909452 0
15.360361183816771 -0.46968738822317002 0
15.4647396404322 -0.4618163532286611 0
15.56247127396583 -0.46319995626202393 0
15.662897166782709 -0.45698765348047921 0
15.7645813641149 -0.47076182039083342 0
15.87077480131212 -0.46244743406591748 0
15.973542643760799 -0.46380219077031848 0
16.079736080957829 -0.4736144156097023 0
16.175979953642418 -0.47697758290662351 0
16.281510787056931 -0.46240269154262459 0
16.38427862950568 -0.46193239147014709 0
16.48738185600444 -0.46163287050166713 0
16.590149698453381 -0.46300443626227228 0
16.69291754090192 -0.46428441386205871 0
16.795745440259491 -0.4718276280332907 0
16.898453225799479 -0.46462576798179561 0
16.99825616686314 -0.45656570872845559 0
17.109698235277332 -0.46295702743031358 0
17.206735747385469 -0.47184835227906041 0
17.30952459559435 -0.46460562935052607 0
17.412292438043131 -0.46283269910421387 0
17.51506028049188 -0.46092069926127871 0
17.61823100046082 -0.47124882842483512 0
17.716437861726408 -0.45664060181665378 0
17.82678940258625 -0.47355509944343138 0
17.92955724503539 -0.47360336478060849 0
18.025473897987499 -0.47049660161851442 0
18.133565768601919 -0.45754061915742372 0
18.240254188187201 -0.46448851184522272 0
18.337203020081809 -0.47033347924909302 0
18.43654526778224 -0.47361924697041308 0
18.542738704979151 -0.46385376509095871 0
18.645506547428209 -0.46018431524104902 0
18.748274389876709 -0.46020531819281069 0
18.851042232325501 -0.46205971012271491 0
18.9538100747742 -0.4608807397055471 0
19.056577917222921 -0.46174737715730529 0
19.159345759671741 -0.4630281420194674 0
19.262113602120412 -0.46422378178707591 0
19.364881444569122 -0.46458841872645262 0
19.46764928701791 -0.46141754848196909 0
19.573842724214781 -0.47361652337886279 0
19.67033071305001 -0.46745715317216979 0
19.779378409112429 -0.47356447927991752 0
19.881578626005261 -0.46433030368507838 0
19.981488499261619 -0.47033347924909302 0
20.09364091759338 -0.4639461450369054 0
20.18702418415905 -0.47033347924909302 0
20.286366431859399 -0.47202524957450842 0
20.39255986905653 -0.4613252952065599 0
20.495327711505219 -0.46472948778914908 0
20.598095553954021 -0.4643495824351867 0
20.700863396402781 -0.46297628253461492 0
20.80363123885159 -0.4615036900276337 0
20.90639908130029 -0.4608979932361395 0
21.00916692374906 -0.46253519114675479 0
21.111934766197809 -0.46488486530840711 0
21.214702608646331 -0.46025791569126762 0
21.317470451095112 -0.45972310448294668 0
21.42023829354385 -0.46207239693471941 0
21.523006135992791 -0.46086956427940362 0
21.625773978441401 -0.46185983022528942 0
21.728541820890001 -0.46308642368081732 0
21.83130966333897 -0.46064112599137719 0
21.93407750578756 -0.46035519733993252 0
22.036845348236149 -0.46357300549246921 0
22.139613190685228 -0.46317176630356421 0
22.242381033133871 -0.46272409295495442 0
22.345148875582542 -0.46070391120817539 0
22.447916718031291 -0.46161588955478128 0
22.55068456047999 -0.46128447834211261 0
22.653452402928639 -0.46057792558388783 0
22.756220245377829 -0.46309932576192159 0
22.858988087826031 -0.46319046215850912 0
22.961755930274911 -0.46324014270460317 0
23.064523772723671 -0.46051995878577201 0
23.167291615172861 -0.46113687063259562 0
23.268192434108521 -0.45707396605944811 0
23.378858994417762 -0.46369769957041812 0
23.47559514251866 -0.47033347924909302 0
23.57493739021935 -0.47361539479657683 0
23.681130827415959 -0.4637083577558454 0
23.783898669864829 -0.46027979575846739 0
23.886666512313631 -0.46044352960828883 0
23.992859949511161 -0.47361938610621301 0
24.089349162446229 -0.46743613835222991 0
24.191544444910711 -0.47167197358367557 0
24.300304732981161 -0.44992015548080089 0
24.40058452278252 -0.47457944258247248 0
24.503273567006161 -0.46396447122287388 0
24.606041409454861 -0.46366077954433332 0
24.712234846651612 -0.47360845504637161 0
24.808151499603689 -0.47044831260849501 0
1.252621540476538 -0.061828068695600258 0
-1.3175230110748211 -0.061828068695600258 0
9.3236641143561663 -0.060835512207621789 0
10.967389636257749 -0.067822578134552336 0
-2.243494621465163 -0.060491315742971417 0
4.1825145812963456 -0.056762182356090388 0
2.5239584549416949 -0.054347571038403562 0
5.8947013672085831 -0.055073260236441018 0
12.60554640678483 -0.065299743238723701 0
7.6810743855883432 -0.058925282645841938 0
7.4667698114733234 -0.058500875339224753 0
12.89811983910815 -0.055239439236157942 0
-2.0292733472520599 -0.06123782594722741 0
6.1091027893747292 -0.055561834800707872 0
-2.457390253882719 -0.058914867233987173 0
2.2582739308391981 -0.057186390085440089 0
9.0380460413773225 -0.060017329008263828 0
11.32466627633878 -0.069456415039164096 0
4.535463434242673 -0.050961740659068069 0
3.8224734081104188 -0.062824239758573402 0
10.606751426258381 -0.063223133659167402 0
9.7483771414607805 -0.061828068696226382 0
2.9657924795071948 -0.061536440365497408 0
5.6809518898154963 -0.057743418276945513 0
5.3956087357489526 -0.054690859552373058 0
12.176016322648641 -0.061733560761034312 0
1.466800253105818 -0.061828068695601028 0
-1.8150501299970421 -0.061983625733155197 0
8.1096873642236869 -0.059777056652030938 0
13.311025745808561 -0.062763134853262736 0
6.9690127082834472 -0.058889444571534777 0
-1.6008269143909359 -0.062729114415535372 0
6.53791441914586 -0.056538489573256127 0
1.8153633854785201 -0.063043183991208798 0
11.75259598639664 -0.070713711918182792 0
8.6096189312471889 -0.058789916997450932 0
4.9641804673658356 -0.051943163875875151 0
3.393699152402442 -0.061964622561830843 0
10.17673456672369 -0.061828068696226382 0
7.8953802447143708 -0.059350686460283623 0
7.2524665476435324 -0.059897935207484057 0
2.7624525172781529 -0.064241871101418158 0
12.395104912987881 -0.072432534142748931 0
6.3235071505833798 -0.056050238825773931 0
9.5378776688707543 -0.061449104057338111 0
8.8238324864143642 -0.059403644179122778 0
13.10890216382464 -0.051594046840931128 0
2.0379434867838939 -0.061828068695600258 0
8.3239932114730628 -0.060202703629620262 0
4.7498200034563114 -0.051452349109581089 0
10.39671703142935 -0.06494477132855915 0
6.7523245657944511 -0.057026603370443921 0
11.534026994732059 -0.062753016527665878 0
3.6081863096408249 -0.062374823129520147 0
9.9625558540922441 -0.061828068696227909 0
5.1800516498615616 -0.053443207080582061 0
11.967657818119649 -0.071946245316107577 0
3.1802299541400521 -0.061828068695600258 0
-2.6703494632565161 -0.080357710392060105 0
-2.9336742624127168 -0.076106233784250271 0
13.53272514136455 -0.062332544184117288 0
-3.1121582401643422 -0.079397755589018626 0
13.762357825609181 -0.067570537308805717 0
-3.303487049155974 -0.08506216335334621 0
14.018115938213169 -0.07258914151675816 0
14.204666466145889 -0.082137421882682013 0
-3.5068764139588962 -0.08428156036816177 0
14.404820223070329 -0.088215843527822607 0
-9.88349210109347 -0.4705849539702916 0
14.61994534072219 -0.095384067688800894 0
11.172926115562451 -0.062777863180108487 0
12.74984616825499 -0.065166215187365789 0
10.7535753844839 -0.065831320273541036 0
8.4668098943518224 -0.059495475543561577 0
9.1808550779093956 -0.060426429459502932 0
7.1101115684773406 -0.06003734295146386 0
1.680978965735096 -0.061828068695598717 0
4.3238014124721644 -0.055942726689946001 0
4.0380710388445804 -0.064735933085308228 0
-1.458011438457754 -0.063225940215999102 0
2.3949080078326959 -0.061828068695600258 0
5.5392058856107713 -0.058277373906768383 0
-3.728643093417205 -0.1104893524543486 0
1.4395352550000879 -0.48608050804530711 0
-1.421957640150072 -0.48755231043400049 0
1.372391532236255 -0.48711481944148732 0
-1.353308012854795 -0.49098329158723919 0
1.30172219886674 -0.4957176376451462 0
-1.28456108615957 -0.49758963294168201 0
1.2331913579327101 -0.50404623494372547 0
-1.216034300476285 -0.50594211083056917 0
1.166547353842001 -0.51174644928615476 0
-1.147982707253957 -0.51727818911702106 0
1.0959337557760569 -0.52952581781821684 0
-1.0802698185156809 -0.53013987869315893 0
1.0297092356133599 -0.5407097927189729 0
-1.012901405682028 -0.54440204194253428 0
14.850734851488969 -0.098688526260983817 0
-1.489359355102102 -0.48279555251734563 0
0.94589651330306956 -0.56309184629478981 0
-0.92916070446053611 -0.56392017900247526 0
0.86241179350730879 -0.58134179396032337 0
-0.84626657038983355 -0.58541360520679153 0
0.7783640313632223 -0.60473075393724607 0
-0.76282296166429453 -0.60630134173921879 0
-3.273318755421474 -0.48512510930247521 0
-2.5879781736181631 -0.4851619411478304 0
-2.656512231798537 -0.48512507880012751 0
11.785348231765809 -0.48461470993520789 0
5.3469470142542868 -0.48275350849552973 0
5.4154547972969169 -0.48753839956547412 0
9.7985032777421281 -0.48516673962443568 0
7.4005869539317066 -0.48516673962454648 0
7.3324481320146893 -0.48605714136420919 0
-3.340062052270266 -0.48275964254010428 0
-2.1082397663535661 -0.48516194114777189 0
7.7431464287608662 -0.48516673962454648 0
9.3891447053182358 -0.48753569103920052 0
5.7562630476320216 -0.48556956981136101 0
11.375989659342149 -0.48753422507126121 0
-2.0397057081728809 -0.48516194114777189 0
-1.971171649992201 -0.48516194114777189 0
-3.1362506390608189 -0.48516194114784927 0
-3.2047846972411338 -0.48516194114784938 0
12.12619490922317 -0.48753322429182178 0
13.29432281675647 -0.48275416191223741 0
10.13934995519943 -0.48753163551217638 0
10.209574647540229 -0.48512473398841388 0
1.8511234616998491 -0.48516673962454798 0
-2.7232542765290622 -0.48275985069138122 0
-1.559967300908101 -0.48469705436487259 0
8.222729693521579 -0.48516673962454648 0
-2.519444115437639 -0.48516194114779121 0
10.963205492169971 -0.48461012558681249 0
12.53897907639594 -0.48461048009255181 0
12.60749097136206 -0.48516673962443568 0
4.5915992603328588 -0.48516673962454648 0
4.5233303641744547 -0.48785421070528701 0
4.2490397855037889 -0.48463737889817521 0
4.1805278905379213 -0.48516673962454648 0
12.9500504461937 -0.48461172691265819 0
-2.1784871759887681 -0.48757130822529482 0
10.552134122371999 -0.48516673962443418 0
6.5784442143417641 -0.48516673962454648 0
6.509932319375987 -0.48516673962454648 0
2.1935776652627541 -0.48577249107403642 0
-3.0681731380768529 -0.47948335307815221 0
8.6320803877468748 -0.4827542616320149 0
8.5652891683507999 -0.48512267613223309 0
8.4984981089656131 -0.48275424991512678 0
6.6469561093075651 -0.48463879350852768 0
-2.8645134538632631 -0.48456201015117328 0
-2.7935803481591992 -0.48469499847152642 0
-1.627950887683006 -0.48639009665342398 0
4.1120159955721034 -0.48516673962454648 0
12.46879292924924 -0.4846772716067187 0
-2.4509100572569751 -0.48465221601009267 0
6.0971481522068496 -0.48754875398771652 0
6.1673728445468274 -0.48516673962454648 0
2.604754306323934 -0.48516673962454648 0
-3.478920929962428 -0.48516194114784927 0
-3.4103868717821029 -0.4846565314487995 0
-2.2453078827149362 -0.48516194114777189 0
9.0431483924774518 -0.48275363477914351 0
8.9763627167913569 -0.48562226433289302 0
8.1542177985557345 -0.48516673962454648 0
1.712386874394056 -0.48754913108205339 0
1.7808987693598839 -0.48753128213993713 0
6.9895155841367709 -0.48516673962454648 0
-1.834103533630834 -0.48516194114777189 0
-1.902637591811511 -0.48516194114777189 0
-2.9991825227001638 -0.48464897514330252 0
13.43134650833103 -0.48754922746777329 0
13.36112181599103 -0.48516673962454648 0
3.699231828402985 -0.48754923679995732 0
3.7677437233688149 -0.48753288693206559 0
5.0026706301278283 -0.48516673962454648 0
5.0728953224677804 -0.48754924245391512 0
12.057683014257419 -0.48754924967531732 0
-2.9306484645198418 -0.4846477678722011 0
-1.765569475450149 -0.48468538794674793 0
-1.6952558487351861 -0.48275753469197458 0
5.6895143143385596 -0.48275275885488211 0
3.084337571084701 -0.48516673962454648 0
3.0175384734930182 -0.48753454844454558 0
9.729991382775772 -0.48516673962443502 0
9.6614794878095225 -0.4846630664617172 0
-2.3155552923501328 -0.48756170553961148 0
-2.3823759990762898 -0.48512320207349408 0
3.356672353573865 -0.48753828694750778 0
5.4822538948885757 -0.48516673962454648 0
-9.9146583904716845 -0.31777856045655828 0
11.650698898507621 -0.48451343122998708 0
11.716836336799609 -0.48512286479700317 0
0.69546385564829816 -0.62640564877042682 0
3.428308619069973 -0.48258647825033307 0
3.495408940879658 -0.48463935380578232 0
7.2652854692352822 -0.48275059287069533 0
7.8116583237266566 -0.48516673962454648 0
9.3189200129776957 -0.48512356435880433 0
9.252129356442321 -0.48275002803533412 0
2.8786562499204069 -0.48582536433242601 0
2.9490282264908321 -0.48275403239191089 0
5.8933252646836234 -0.4849399778778814 0
5.8230990266065312 -0.48275404375649328 0
11.30576496700165 -0.48516673962443502 0
12.26493149653032 -0.48516673962443418 0
12.19641960156417 -0.48516673962443418 0
4.934158735161982 -0.48516673962454648 0
4.8639340428220272 -0.48754703076425482 0
3.8379684157087959 -0.48516673962454648 0
10.278086542506459 -0.48516673962443418 0
6.9210036891709246 -0.48516673962454648 0
-0.67993954163026871 -0.62794038627396553 0
8.2912415884874253 -0.48516673962454648 0
8.909563420466732 -0.48275431040378419 0
2.5362424113581041 -0.48516673962454648 0
6.2373120706577687 -0.48278659019031561 0
10.89469359720357 -0.48516673962443568 0
12.674575535183299 -0.48308258303947432 0
4.4545754704012346 -0.48516673962454648 0
4.3175516804695437 -0.48516673962454648 0
12.813030677822891 -0.48561260682851332 0
12.87982575385327 -0.48754668813456892 0
13.495989863072239 -0.482158243681578 0
10.6206460173383 -0.48516673962443418 0
6.4397076270359852 -0.48754338012445769 0
2.3305983939316581 -0.48576362395010902 0
2.262194831494809 -0.48516673962454648 0
8.4282653784191162 -0.48516673962454648 0
2.1268927833687248 -0.48275416383278019 0
6.7154680042733874 -0.48516673962454648 0
10.481909430031459 -0.48754813541850878 0
10.41511033243922 -0.48516673962443568 0
13.01856234116036 -0.48516673962443418 0
13.087074236126369 -0.48516673962446272 0
4.6618239526728473 -0.48754846779812772 0
4.7286230502645132 -0.48516673962454648 0
11.03171738713637 -0.48516673962443418 0
11.1002292821026 -0.48516673962443568 0
2.673266201289759 -0.48516673962454487 0
8.0171940086240827 -0.48512612446791492 0
8.0839931062158765 -0.48754899514926331 0
1.645587776802377 -0.48462302816880232 0
7.1248466464072147 -0.48274014882067567 0
7.058027479102547 -0.48512488280119709 0
10.07255085760745 -0.48516673962443418 0
3.632432730811296 -0.48462206039534378 0
5.1411217512045777 -0.48278798300935472 0
11.989759992451541 -0.48627398577226078 0
11.51130065190068 -0.48516673962443418 0
11.44278875693454 -0.48516673962443418 0
5.6192776848202604 -0.48516673962454648 0
-3.9706934902493511 -0.1054007222185718 0
9.4559438029104559 -0.48516673962443418 0
7.6061226388292011 -0.48516673962454648 0
7.6729217364208271 -0.48754922037143061 0
0.61255447255759699 -0.64767897804504981 0
7.4690988488975529 -0.48516673962454648 0
3.2898732559821839 -0.48516673962454648 0
11.581485861715381 -0.48273472572388398 0
11.85386012673256 -0.48516673962443568 0
11.92237202169858 -0.48516673962443418 0
5.275005412616971 -0.48754869184242372 0
5.2082063150252909 -0.48461644836868639 0
3.563920835845483 -0.48516673962454798 0
9.8670151727084345 -0.4846391042675674 0
9.9355270676747942 -0.48516673962443502 0
7.1950552439374453 -0.48561701717303613 0
1.5085639868707259 -0.48516673962454948 0
-0.59691681534677199 -0.64858830556005564 0
7.8799257313244846 -0.48785208230074001 0
2.8102899912214112 -0.48516673962454648 0
11.2355402746611 -0.48754746391578141 0
12.33342701334136 -0.4838238153376645 0
3.9064803106746142 -0.48516673962454648 0
3.9749922056404352 -0.48516673962454648 0
13.1555861310929 -0.48516673962446272 0
13.224098026058879 -0.48516673962446272 0
6.850778996830944 -0.48754641056045939 0
1.919719338230387 -0.4857375415972473 0
1.988135907171058 -0.48382405155946973 0
8.359973250717843 -0.48781150338392371 0
8.8376239508399248 -0.48808240316836821 0
2.3992186214264559 -0.48516673962454648 0
2.4677305163922769 -0.48516673962454648 0
6.3043966344785156 -0.48463588131501961 0
10.757669807270929 -0.48516673962443568 0
10.82789517664134 -0.48274680464339242 0
24.930232608675091 -0.2984054703811419 0
12.74605835074285 -0.48321463885379168 0
4.3843507780612248 -0.48751222045085119 0
10.689153756791979 -0.48561285612680699 0
6.3720980038286212 -0.48732257144809221 0
8.769201440087798 -0.48272556607093697 0
8.7023085991409186 -0.48561326965967128 0
2.0565312589824449 -0.48580398672899883 0
6.7839798992392328 -0.48516673962454648 0
10.34659843747289 -0.48416362961288639 0
4.0435041006062606 -0.48516673962454798 0
4.7985622763754554 -0.48279854965285479 0
12.401895586622301 -0.48570690694425428 0
11.17045397444315 -0.48752032444833948 0
6.0303490546151979 -0.48462457764910633 0
5.9618371596493542 -0.48461411293625611 0
2.7417780962555822 -0.48516673962454648 0
9.1818962230449976 -0.48516673962443418 0
9.1133843280786504 -0.48512255476862698 0
7.9470211582515491 -0.4827314760952815 0
1.57536308446241 -0.48752327542032942 0
10.00232616526687 -0.48753666734058809 0
5.5508192184637686 -0.4855330076688793 0
3.152855941616846 -0.48563458135661508 0
3.2197189671697419 -0.4846442288444831 0
9.592967592843042 -0.48516673962443418 0
9.5244556978768102 -0.48470760330399332 0
7.5375797193080976 -0.48620420320258018 0
15.093237075102801 -0.1095227623594003 0
-4.226667159001531 -0.1128200539023612 0
13.71290970281837 -0.4766592201096238 0
24.883514584066429 -0.47360095401288738 0
13.850605216564229 -0.45779804638859678 0
15.36269227423962 -0.1168143471218638 0
-4.5030392218787476 -0.1212785524658416 0
19.931103801055631 -0.1236561373924558 0
17.36094810361179 -0.1236728680578085 0
-6.6345403489879571 -0.12580422084850329 0
-9.2146891995552735 -0.1236728680571955 0
-4.7883179926746564 -0.1236561373915151 0
-7.3571969728652764 -0.12476607574570731 0
22.501245978128178 -0.12587630244106959 0
23.217346765114819 -0.1299924704275309 0
18.080174864475069 -0.13361274839973869 0
19.21718590481721 -0.1236728680577375 0
20.645021697294109 -0.12367286805776211 0
16.647041353239828 -0.1236728680577391 0
24.357463862105611 -0.1236561373924558 0
-5.9306156059002664 -0.1236728680570872 0
-5.5022548393545616 -0.12586639073148401 0
-8.0699567985943297 -0.12706567034775981 0
-8.5007490115901909 -0.1236561373912021 0
23.929106436842751 -0.1236561373924558 0
21.78858243316758 -0.12474653804767551 0
21.358961885265401 -0.1236561373924558 0
15.94366841045751 -0.12678197095228741 0
18.788815824528569 -0.12587046751473041 0
18.5032345709796 -0.1236728680577607 0
16.219964513437152 -0.1158209945412037 0
21.07339026842342 -0.1236561373924543 0
-5.2166865638008586 -0.12367286805708599 0
23.643523674134489 -0.1236728680577705 0
-7.7868199694921447 -0.123656137391412 0
-8.7863206284292001 -0.1236561373912021 0
-6.2112488719011054 -0.13824061543742211 0
22.072879781503691 -0.123672868057756 0
16.934937437558691 -0.1305090861857541 0
20.364327087838991 -0.13791903901529029 0
24.643046624813909 -0.12367286805769059 0
19.49785106542312 -0.13808002981460771 0
-7.0729020732593364 -0.12367286805708951 0
-9.4953693775788572 -0.13778266595927169 0
22.786808823608489 -0.123672868057882 0
17.789316674741158 -0.12365613739245281 0
15.640234309389839 -0.13557907097881511 0
24.958614916019521 -0.44778082015108012 0
-9.9485994563648212 -0.47032388229569932 0
-9.7908769035101244 -0.1223292015973885 0
-2.8436122962697081 -0.074194009708304282 0
-2.8903729214781899 -0.1492634513693972 0
-2.8033891973229181 -0.14750005851585449 0
-2.8451396493430079 -0.22018900954880979 0
-2.7620768866141718 -0.22090881337524229 0
-2.936166112182248 -0.229189713678529 0
-2.8030048967507701 -0.29132821000909132 0
-2.7236563540879688 -0.29251745934321799 0
-2.6819802788809661 -0.22255946469507079 0
-2.644979351223768 -0.29219156105519728 0
-2.6044300183392219 -0.2243222117844981 0
-2.5676757463926201 -0.29085129961501011 0
-2.5291252267042408 -0.22610367265852949 0
-2.4937233176295348 -0.2904320781335048 0
-2.4562726145825118 -0.22723662141553919 0
-2.4213055791477762 -0.29170381956452829 0
-2.3843208591978811 -0.2277352928586287 0
-2.349373768964603 -0.29108044893567031 0
-2.3129466816999349 -0.228438946525092 0
-2.2776621427697141 -0.28983511291429997 0
-2.2414633377729798 -0.22872554072067661 0
-2.2061786963747538 -0.29000117679517029 0
-2.1700372906782688 -0.22907699789654351 0
-2.134747619544568 -0.29115614055772232 0
-2.0986098416586492 -0.22965418382476471 0
-2.0633199355302319 -0.2917709450242259 0
-2.0271827222009211 -0.23017896300629509 0
-1.9923054331541259 -0.29204501492547341 0
-1.9558245211221481 -0.23063821829738829 0
-1.920958718321462 -0.29249334965271118 0
-1.8844224375425751 -0.23111559716671951 0
-1.8484396395820351 -0.29479352370556028 0
-1.812817646227858 -0.23190463651961959 0
-1.776801063644738 -0.29563450647231238 0
-1.741325820757601 -0.2325024207386828 0
-1.705537714211292 -0.29490603518053532 0
-1.6699153606786901 -0.23280675342570731 0
-1.6341408150309411 -0.29516145927888721 0
-1.598496203207187 -0.2332261600890812 0
-1.563207679169603 -0.29531662492188099 0
-1.5271528900567539 -0.23364803600595421 0
-1.492415755244481 -0.29604185320914372 0
-1.455845752949203 -0.234165333905787 0
-1.4211146474774079 -0.29657505477280272 0
-1.384459781208474 -0.23466653101551219 0
-1.349793836014241 -0.29839406581703942 0
-1.313057386412865 -0.23537934624031631 0
-1.2776238561876601 -0.29718689998883929 0
-1.241510726380874 -0.23562306833889371 0
-1.2062009519165391 -0.29768425241089252 0
-1.170064534735396 -0.2360726946248082 0
-1.134771505002147 -0.29816819606136369 0
-1.098633997380458 -0.23655440348001541 0
-1.0633435766956321 -0.29865525201145288 0
-1.0994802495450391 -0.36026733377495818 0
-1.0293160725898149 -0.36165523615923689 0
-0.99212679213832122 -0.2992935117190374 0
-0.95813464807609949 -0.36231904370702389 0
-0.92077582636485744 -0.29983663679407602 0
-0.88547597170627967 -0.36193482430507762 0
-0.8491562884126842 -0.30018923493873451 0
-0.81377266397528258 -0.36222401696981682 0
-0.77765121653719638 -0.30062231393944377 0
-0.74234837343227844 -0.36271505749513172 0
-0.70621172520582154 -0.3011024477262576 0
-0.67091887119040461 -0.36320235856724592 0
-0.63478229534865427 -0.30158980073522201 0
-0.59949205924678983 -0.36369158995895218 0
-0.56335499078689799 -0.30207867866781007 0
-0.52806507840552652 -0.36418070016467502 0
-0.4919280122914354 -0.3025677905566716 0
-0.4566381847498549 -0.36466987292705122 0
-0.49277526500391111 -0.42628279268064051 0
-0.42134836868749342 -0.42677196353390101 0
-0.38521128616546779 -0.36515904215301798 0
-0.34992147176290522 -0.4272611339507924 0
-0.3137843893190127 -0.36564821262597069 0
-0.27849457538560007 -0.42775030476036557 0
-0.2423574928534265 -0.36613738337220131 0
-0.2070676789780273 -0.42823947554822162 0
-0.17093059644627401 -0.36662655416035911 0
-0.13563721201395729 -0.42820728471724129 0
-0.099503104956110949 -0.36702883135236519 0
-0.064209621343292375 -0.42859507964322208 0
-0.028075993667680311 -0.36748662390450632 0
0.0072138560060613834 -0.42958348638543248 0
0.0433503687002431 -0.36805377098604131 0
0.078640093553900295 -0.43016885922186648 0
0.1147770662811628 -0.36857197150484539 0
0.15006684700365269 -0.43067890198021602 0
0.18620390571456749 -0.36906945925018081 0
0.2214937100791381 -0.43117293759663999 0
0.25763078706100861 -0.36956082700961762 0
0.29292059841108509 -0.4316632853584268 0
0.32905767960236593 -0.37005056012896498 0
0.36434749281826168 -0.43215274603775911 0
0.4004845750220809 -0.37053987296122148 0
0.43576790682227329 -0.43358845102820037 0
0.47191039085432812 -0.37118682313081452 0
0.50719354272327588 -0.43426167408734961 0
0.54333689707149557 -0.3717329658680818 0
-0.026878243727885671 -0.48639444405914578 0
0.113929720449472 -0.49229825093176921 0
0.57862818133880145 -0.43362035433408519 0
0.61476501880523715 -0.37204321689789238 0
-0.16204332429346599 -0.48957107377097048 0
0.25160377676487578 -0.49523491050074991 0
0.65025988795110623 -0.43429268118956671 0
0.68622625445787089 -0.37253309374458438 0
-0.3157882794724412 -0.48890733201527348 0
-0.63562905733266151 -0.42530445075593448 0
0.39625130973880462 -0.50767311290160744 0
0.50804812851600656 -0.3094782425411774 0
0.29376786552072071 -0.3079485006336945 0
0.72152179152564644 -0.43463530360793579 0
0.75763137525735935 -0.37299795748790421 0
0.72233697826578569 -0.31089179451087268 0
0.79375948153709452 -0.31137623566896427 0
0.82904781744879197 -0.37347679837165559 0
0.86518390337584405 -0.31186289654174759 0
0.90177893961190325 -0.37495172380883779 0
0.93682775830444687 -0.31251594145921813 0
0.97345936672214806 -0.37563249940042293 0
1.008333069572547 -0.31306435874320399 0
0.079487234122181227 -0.30647255159498182 0
-0.13479341472666201 -0.30499915050119281 0
-0.34907420319188981 -0.30354612044814078 0
-0.45748545085475251 -0.48838488466023522 0
1.043635952576234 -0.37517632534610451 0
1.0795646500212051 -0.31340584648062492 0
-0.7784605885217819 -0.42431352372253112 0
0.54430074775748327 -0.49767471389118428 0
1.11482191122165 -0.37548332482576441 0
1.150918837465176 -0.31384004154928108 0
1.1853934784190661 -0.38714104389704312 0
1.2221910608337001 -0.3161814744384131 0
1.1156223308922379 -0.25173288904617469 0
0.90135656713967816 -0.25027670577725541 0
-1.2423340423299181 -0.35928899217752819 0
0.8643357669085584 -0.43557703752894411 0
-0.92306291430974485 -0.42423817671111153 0
0.75846817163685787 -0.24927267674211481 0
0.68704102590400318 -0.2487832614870403 0
1.256200571778787 -0.37743878133032382 0
1.2934888778833671 -0.31528078335795812 0
-0.59864480699044176 -0.23997658816226031 0
-0.81294363624437438 -0.23852209147735551 0
-2.461694131854514 -0.35652095911813131 0
-2.3121819528191239 -0.35270036824952472 0
-2.1704701714169619 -0.35170284782303562 0
-2.029358970430462 -0.35344457273856378 0
-1.88604726879708 -0.35569786770790862 0
-1.3902335114577129 -0.37127173627250831 0
-0.95583835161413755 -0.2375727821921772 0
-1.737963898363966 -0.35817140912734913 0
1.3226097753970869 -0.37777668721193602 0
1.3624842599685709 -0.31774233360498422 0
1.329391065404709 -0.25367410213244262 0
1.4007788126282561 -0.25416431295856629 0
1.4344883826701 -0.31849581239951358 0
1.4722953885440619 -0.25469770842781803 0
1.5076680559661839 -0.31676858292715138 0
1.544029361007669 -0.2548248499597755 0
1.5794519995099019 -0.31675373193742401 0
1.6155669446038481 -0.25516967891595599 0
1.649225087722836 -0.31829848335970728 0
1.686736654166993 -0.25581072284484252 0
1.7203334849471421 -0.3189888964507116 0
1.758067602893195 -0.25635874621396731 0
1.7915614192146769 -0.31992215884624331 0
1.8294453476537771 -0.25693174104055322 0
1.8629469633143221 -0.32049931558240569 0
1.900857160058774 -0.25744954683348747 0
1.934353534586069 -0.32088270767991128 0
1.97227815493319 -0.25792586034770387 0
2.005776059872054 -0.32135210581434098 0
2.0437033392215489 -0.25840959282162063 0
2.0771328639418152 -0.32196195051383508 0
2.1151182682095291 -0.25891796954966401 0
2.148546083713065 -0.32247443461756642 0
2.1865408905976942 -0.25941422688743537 0
2.219912266505442 -0.32302131440181769 0
2.2579569557227441 -0.25991419694024892 0
2.291327238753305 -0.32352190324047209 0
2.3293800595465219 -0.26040707062130197 0
2.362690477370863 -0.32408431348960509 0
2.4007957142150391 -0.26090906514214318 0
2.4341048905135039 -0.32458782815041021 0
2.47221865644519 -0.26140276387155897 0
2.5054716279867248 -0.32513881534972061 0
2.543634867324045 -0.26190299205882001 0
2.5768867169736969 -0.32564013177995738 0
2.615058014896642 -0.26239603002754752 0
2.6482485039257471 -0.32621620718689093 0
2.6864734349123771 -0.26290032945597003 0
2.719662636015336 -0.32672238352526128 0
2.7578962911915581 -0.26339485594958129 0
2.7910324804096209 -0.32726929402742633 0
2.8293130055654272 -0.26389454264802159 0
2.862448171132606 -0.32776984076000559 0
2.9007363373431971 -0.26438736208567021 0
2.9381701116754662 -0.32801814815176777 0
2.9728784803249302 -0.26483699708972042 0
3.0104320565245239 -0.32846058575021531 0
3.0445637592250181 -0.26531178972261421 0
3.0798966368340319 -0.32741148555033128 0
3.1157066666882418 -0.26554218566058929 0
3.1509491490577801 -0.32760114870582308 0
3.18702383423103 -0.26593830937531049 0
3.2222832407253681 -0.32801498347562308 0
3.2584169750277181 -0.26639941632187369 0
3.2936975129284378 -0.32849383110658242 0
3.3298361414559681 -0.26688218928393309 0
3.365124666986349 -0.3289832151665163 0
3.4012617924652861 -0.2673703293200686 0
3.436551353185699 -0.32947221199532639 0
3.47268844626169 -0.26785929933003272 0
3.5079782146636269 -0.3299613538964366 0
3.544115296402373 -0.26834843184767898 0
3.579405098498202 -0.33045051430140671 0
3.61554218299321 -0.26883759453391309 0
3.6508319952173638 -0.33093968537052121 0
3.6869690778065012 -0.26932676402560862 0
3.7222588913432748 -0.33142885594863031 0
3.7583959738913228 -0.26981593456971381 0
3.7936857876914432 -0.33191802671069232 0
3.8298228702251098 -0.27030510531987451 0
3.865112684067959 -0.332407197496213 0
3.901249766605122 -0.27079427610828488 0
3.9365395804608152 -0.33289636829525288 0
3.972676662995561 -0.27128344690532502 0
4.007966476852916 -0.33338553909366958 0
4.0441035593876098 -0.27177261770369687 0
4.0793933732453027 -0.33387470989231749 0
4.1155304557799726 -0.27226178850232979 0
4.1508202696377321 -0.33436388069099737 0
4.186957352172394 -0.27275095930100451 0
4.2222471660301668 -0.3348530514896797 0
4.2583842485648287 -0.27324013009968662 0
4.293674062422606 -0.3353422222883643 0
4.3298111449572696 -0.27372930089837028 0
4.3651009588150407 -0.33583139308705079 0
4.4012380413497123 -0.2742184716970632 0
4.4365278552074763 -0.33632056388574388 0
4.4726649377421568 -0.27470764249575069 0
4.5079547515999163 -0.33680973468443359 0
4.5440918341345897 -0.27519681329444828 0
4.5793816479923546 -0.33729890548312241 0
4.6155187305270289 -0.2756859840931446 0
4.6508085443847946 -0.33778807628181662 0
4.6869456269194663 -0.27617515489182942 0
4.7222354407772391 -0.33827724708050633 0
4.7583725233119063 -0.27666432569051708 0
4.7936623371696756 -0.33876641787919343 0
4.8297994197043472 -0.27715349648920912 0
4.8650892335621077 -0.33925558867788658 0
4.9012263160967873 -0.27764266728789611 0
4.9365161299545459 -0.3397447594765784 0
4.9726532124892282 -0.2781318380865882 0
5.007943026346986 -0.34023393027526899 0
5.0440801088816656 -0.27862100888528651 0
5.0793699227394242 -0.34072310107396642 0
5.1155070052741074 -0.27911017968398738 0
5.1507968191318607 -0.34121227187266828 0
5.1869339016665492 -0.27959935048269352 0
5.2222237155242981 -0.34170144267137548 0
5.2583607980589866 -0.28008852128139983 0
5.2936506119167372 -0.34219061347008028 0
5.3297876944514284 -0.28057769208009992 0
5.3650775083091746 -0.34267978426878221 0
5.4012145908438676 -0.28106686287880489 0
5.4365044047016138 -0.34316895506748929 0
5.4726414872363103 -0.2815560336775122 0
5.5079313010940618 -0.34365812586620109 0
5.5440683836287414 -0.28204520447621467 0
5.5793581974865107 -0.34414729666490029 0
5.6154952800211806 -0.28253437527491138 0
5.6507850938789446 -0.3446364674635839 0
5.6869221764136171 -0.28302354607360208 0
5.7222119902713757 -0.34512563826227449 0
5.7583490728060536 -0.28351271687229102 0
5.7936388866638078 -0.34561480906097442 0
5.8297759691984901 -0.28400188767097878 0
5.8652606475341651 -0.35786704586198681 0
5.9012353430039139 -0.28645156947004119 0
5.9365232093241369 -0.34887609646231438 0
5.9726324955357226 -0.28516433037222499 0
6.0079177593060624 -0.34748917891183401 0
6.0440568112120161 -0.28556789316011733 0
6.0793461949504346 -0.34765571734698109 0
6.1154835493691522 -0.28596649803943752 0
6.1503288609744002 -0.3595742634644426 0
6.1868363656522281 -0.28836799626164589 0
6.2217415782643304 -0.36162272059867129 0
6.2582485521760249 -0.2894357693534878 0
6.2936877052359792 -0.35154803937572049 0
6.3297630182604259 -0.28764334914107847 0
6.365215735006938 -0.34989630300227381 0
6.4012178822577468 -0.28801281963222108 0
6.4360706795891911 -0.36146928582273519 0
6.4725541146159724 -0.29032934238328267 0
6.507945850263618 -0.36364957485264859 0
6.5440406127163753 -0.29140492487922748 0
6.5804142424186702 -0.35397009730870782 0
6.6156510253539071 -0.29029705623702701 0
6.6518751117813979 -0.35215737814924958 0
6.6871141699489156 -0.29013640546922681 0
6.7228678770940249 -0.35220897476327401 0
6.7584747525284827 -0.29044434364272498 0
6.7939879931115366 -0.35253299981305253 0
6.8298394665562796 -0.29087578471239067 0
6.8659764048239467 -0.35282436336612749 0
6.9013495851079369 -0.29132236601528999 0
6.9362187146585619 -0.36475931330672873 0
6.972592920767271 -0.29371206842165731 0
7.0075463355708472 -0.35595155541444667 0
7.044033207869953 -0.29231779124849921 0
7.0783680282241592 -0.35457518815931871 0
7.1153009386784767 -0.29283284616752991 0
7.1507499181201668 -0.35490905423584951 0
7.1868604730575329 -0.29330044686591911 0
7.2221768145126033 -0.3553982250345426 0
7.25830947578108 -0.29378602264790732 0
7.2880110214541087 -0.36753825847324251 0
7.3288079416535332 -0.29621640471715821 0
7.3589078870301181 -0.35925230383985512 0
7.3999917611565742 -0.2955665898222497 0
7.4317413750230452 -0.36878053756494661 0
7.4725945862246004 -0.29525281604065751 0
7.5065083787718621 -0.35852376770795608 0
7.5437921457319721 -0.29593679675246348 0
7.5770296714450573 -0.3575091815926924 0
7.6150298853570302 -0.29620780971770883 0
7.6500190977182534 -0.36942548015331839 0
7.686685677268362 -0.29856514217116809 0
7.7234219464574316 -0.37119140062510481 0
7.7584800483050644 -0.29957846485785711 0
7.7943781440580411 -0.36095939488446432 0
7.8297708925532401 -0.2978729363591664 0
7.8645169294693718 -0.35922441940509758 0
7.9010792765444586 -0.29812082808417067 0
7.7944758711419269 -0.2360204498367712 0
7.5801585651517636 -0.23412906544939541 0
7.934117757828326 -0.35953430565423972 0
7.972182076197786 -0.29853990494567401 0
8.0018221879359146 -0.36248913700812452 0
8.0417855659356139 -0.30170494032718831 0
8.0082824474726575 -0.23746436544353289 0
8.0797032253217758 -0.23804309989021799 0
8.1138430399383505 -0.3024367228333778 0
8.1512341982253744 -0.23858763324817411 0
8.1870093933789061 -0.3004329892608667 0
8.2229683502110582 -0.2386705470782001 0
8.2587774085449013 -0.30043896650294011 0
8.2945033089979887 -0.23901147612270049 0
8.3306498094343286 -0.30163453112887562 0
8.3660224665390022 -0.23959367226697861 0
8.4021663334343657 -0.30225693845642609 0
8.4374796777241254 -0.24012055337816651 0
8.4736677053813452 -0.30281607049034998 0
8.5089240391744134 -0.24062766943484881 0
8.5451099252091858 -0.30331989237127799 0
8.5803564003157167 -0.24112227295691871 0
8.616603404871654 -0.30384630851193739 0
8.6517953047113103 -0.2416185567665477 0
8.6880433998096027 -0.30434287236949831 0
8.7232263855285375 -0.24211014524360319 0
8.75953225826429 -0.30491007495189981 0
8.7946643063355054 -0.24261272428603589 0
8.830971319069512 -0.3054144857552491 0
8.8660950675325054 -0.243106669792887 0
8.9024416487471818 -0.30591588664288349 0
8.9375298469399311 -0.24359867472454291 0
8.9738770978563274 -0.3064075681453336 0
9.0089594826209964 -0.24408873632946379 0
9.0453621488502396 -0.30698680032896603 0
9.0803965279950916 -0.2445930658267759 0
9.1168004291731997 -0.30749350780833828 0
9.1518270132061961 -0.24508768585541951 0
9.1882621058881249 -0.30794403424936051 0
9.2232603044554757 -0.2455713241328818 0
9.2596958648104657 -0.30842584223494962 0
9.2946894104123849 -0.24605834570922891 0
9.3312098791527269 -0.30907304398807339 0
9.3661311947238914 -0.24657349679665941 0
9.4026537765232892 -0.30959288332736667 0
9.4375634059325311 -0.24707210906697011 0
9.4741089657735422 -0.30996562194965799 0
9.5089959036039637 -0.24754344808162301 0
9.5455415111887962 -0.31043241542167832 0
9.5804246750466788 -0.24802591736194929 0
9.6170689290068427 -0.31125602290800519 0
9.6518686375184437 -0.248569710688893 0
9.6885154233167725 -0.31181003690941489 0
9.7233016445770328 -0.2490787924428266 0
9.7599172422720777 -0.31191587901509382 0
9.7947253798409761 -0.2495073936186458 0
9.8313394322369163 -0.3123310667612143 0
9.8661509649740822 -0.24997413897148291 0
9.9024553683567227 -0.31308503882045419 0
9.9375258161111972 -0.25050370573934772 0
9.9725359599599397 -0.31237379399756071 0
10.00871965416286 -0.25079953992938081 0
10.04542316132054 -0.3139400281905983 0
10.080351091659839 -0.25143599852575638 0
10.117184984277181 -0.31468167852221818 0
10.15186789933038 -0.2519917972128749 0
10.188682686976691 -0.31522403389114878 0
10.22332158198701 -0.2525009367546735 0
10.26017544972375 -0.31577880909011352 0
10.2947639204826 -0.25300436974397711 0
10.331615897525801 -0.31628129098731289 0
10.366195649127169 -0.25349813609087091 0
10.403103553860401 -0.31684611597605788 0
10.437633477551991 -0.25400068184597491 0
10.47454239891526 -0.31735012496585979 0
10.50906418739357 -0.25449455483595268 0
10.546029959890189 -0.31790806466898031 0
10.580501091458549 -0.25510382807739268 0
10.61746863499182 -0.31842871402552042 0
10.651931618914601 -0.25561826237619062 0
10.68894683924629 -0.31896563534084948 0
10.723368410460701 -0.25601174491754081 0
10.760383936141309 -0.31944681651612949 0
10.79479865612919 -0.25648363606949309 0
10.83186986906612 -0.31998931100507388 0
10.866235950156399 -0.25697881420882829 0
10.903308337819739 -0.32048837030898542 0
10.93766650821483 -0.25747063431518591 0
10.97479043148318 -0.32105909416432837 0
11.009103214430111 -0.25797383884136299 0
11.046228162391269 -0.3215641960937779 0
11.078140338929639 -0.25982795841215822 0
11.11730288642241 -0.32227453465090289 0
11.152584313650371 -0.25113123256101361 0
11.189173933809361 -0.32126958396771788 0
11.226447601254129 -0.25965527837730251 0
11.26119118579882 -0.32313625059682299 0
11.295438579369071 -0.25998859438719579 0
11.332310488411171 -0.32382902823581078 0
11.36640822375189 -0.26048572386116359 0
11.40355916640628 -0.32392696906303953 0
11.43772920840987 -0.2609110161105227 0
11.47493870777673 -0.32434028844166368 0
11.5091305603429 -0.26137689858105151 0
11.544416116790639 -0.32347510938175128 0
11.580228284762301 -0.26163646301529331 0
11.61546323662454 -0.32370028747658353 0
11.650923025926121 -0.26060849359034349 0
11.68958390164058 -0.3222565456537726 0
11.721499648595151 -0.2598322012370522 0
11.76131804718306 -0.32221265382350422 0
11.794345452305601 -0.26299014257596209 0
11.83162595509225 -0.32611890550563261 0
11.8661041301862 -0.26365042516479642 0
11.90106216255584 -0.32558140556327603 0
11.93725454200519 -0.2639970028050328 0
11.97461313131017 -0.32758670436198373 0
12.008989369695691 -0.26471509607735438 0
12.04433050543644 -0.32685534201168243 0
12.079402268240489 -0.26548246413205528 0
12.115342851733139 -0.32704891795953001 0
12.14851020824231 -0.26292836849807821 0
12.186274793787939 -0.3271201507463809 0
12.220248518866359 -0.26239720618754692 0
12.257671100162691 -0.32736960969162671 0
12.292900688465281 -0.26345313827934752 0
12.32962354091042 -0.32851643035586398 0
12.362945713829999 -0.26316473783689093 0
12.40058128570033 -0.32838247263308878 0
12.43496650234664 -0.26568405672189649 0
12.472028972179739 -0.32910614669254501 0
12.50816951972894 -0.26753230917941401 0
12.54375535375161 -0.32986091497790399 0
12.579942350482961 -0.26829225983577948 0
12.61528982006751 -0.33043948200078233 0
12.65144483092295 -0.26884145998158032 0
12.686747242121751 -0.3309535570615163 0
12.72288941226695 -0.26934478638191978 0
12.758182173616429 -0.33144923783771502 0
12.79432059533503 -0.26983740144400181 0
12.82961112363853 -0.33194006767674772 0
12.865748548445019 -0.27032742279357902 0
12.901038538422171 -0.33242965674082919 0
12.937175707355561 -0.27081680506182582 0
12.972465564966139 -0.33291893249551402 0
13.00860266919296 -0.27130602859827768 0
13.04389249395801 -0.33340812957665578 0
13.08002958192616 -0.27179521256714179 0
13.115319398507189 -0.33389730695090519 0
13.151456482401491 -0.27228438665691412 0
13.186746296939569 -0.33438647939418042 0
13.222883379814389 -0.27277355827837918 0
13.25817319384204 -0.33487565060427099 0
13.294310276461911 -0.27326272928294137 0
13.329600090361961 -0.33536482150603852 0
13.36573717291812 -0.27375190013331052 0
13.40102698678627 -0.33585399233070629 0
13.43716406932649 -0.27424107094517819 0
7.365877875974383 -0.23266155305327291 0
6.8659324542083784 -0.22923876116647979 0
6.651674685363302 -0.2279663047321876 0
6.4373220261735469 -0.2266394131863663 0
6.2230203868810801 -0.2255713388556301 0
13.47248165470562 -0.33524200221480538 0
13.50878491320311 -0.27146792272531972 0
6.0087673255827969 -0.22341440691115161 0
5.7944861553407243 -0.2218997954823102 0
13.54440777302581 -0.33559757723537659 0
13.581382359819861 -0.27060587259806401 0
5.2944978805936742 -0.21847559989141849 0
5.0802171914163461 -0.21700808749530481 0
4.8659365022390242 -0.2155405750992177 0
4.6516558130617032 -0.2140730627031579 0
4.4373751238843848 -0.21260555030706149 0
3.9373868491378081 -0.20918135471665311 0
3.723106160035802 -0.20771384238287319 0
-1.598365501610522 -0.35647542485114858 0
0.68642827403737017 -0.4947038426853726 0
3.5088254824119649 -0.20624633954919641 0
3.2945465852636939 -0.2047803103564628 0
3.080362344050418 -0.203397363721944 0
-2.605705196520602 -0.35641715055637352 0
2.8659834032507558 -0.20184379273562009 0
2.6517027140734402 -0.20037628033947019 0
8.1510166206429506 -0.37295030839708587 0
2.1517144393263639 -0.19695208474847281 0
8.2936597665393581 -0.36655130699240751 0
1.9374337501490491 -0.19548457235233219 0
13.401258606863371 -0.21642897087805729 0
8.5827935932546211 -0.36447194776826691 0
8.4397097416417832 -0.36342008115573449 0
1.580299268186852 -0.1930387183587616 0
13.18759356601351 -0.21067146613525781 0
1.3659743261240569 -0.19161376590236309 0
8.7259550310269933 -0.37514213315037559 0
12.973312858950759 -0.2092039393248927 0
8.8691885010461569 -0.36612466267239502 0
0.72317651147758544 -0.18716866877419011 0
7.1515662379335687 -0.2311990736805809 0
9.0123738785151186 -0.37728381922786097 0
12.471206609418919 -0.20445509120260211 0
7.0087411622271398 -0.23052960705511141 0
12.25102457326612 -0.1938287210136814 0
9.2981439518382381 -0.36911149139561722 0
9.1546100768845537 -0.37827810463238631 0
9.441588148186085 -0.37000034789657488 0
13.617149340626799 -0.33715490204675641 0
13.65583914908272 -0.2731626464592477 0
0.75362314743766634 -0.49511337052585752 0
12.04434196931002 -0.203111432198504 0
11.829360622465719 -0.20071528547324169 0
9.5844485531024297 -0.3709514205564397 0
13.614331466120319 -0.2009725110186536 0
11.61620184566293 -0.19990970879007661 0
9.7278818566735232 -0.38138762797735432 0
-2.7670245095093771 -0.35883445956764232 0
-2.8393579377739369 -0.35836187484674331 0
11.40201829831118 -0.1985099968704688 0
9.8697790232383174 -0.3723195617361979 0
-1.205354459485398 -0.17397082970343469 0
13.692928264288639 -0.33785074854006403 0
13.733030364168361 -0.27276945866831381 0
11.04067621233699 -0.19854074001559441 0
10.08526134420992 -0.37418328182167621 0
10.228536028257651 -0.3751797395131079 0
-1.7052909627034489 -0.17062360117620851 0
5.5802054661634308 -0.2204322830862426 0
10.83050598534629 -0.19452883000369531 0
-1.06771351727734 -0.41952172042201658 0
-1.9196457183587561 -0.16905269979484491 0
10.37168399499515 -0.37610923940362012 0
5.4373516733785694 -0.21945394148882821 0
-2.1338995360924971 -0.1675705836348505 0
10.51480801095993 -0.37701223350760948 0
-2.3481723392640221 -0.1661280414527628 0
10.47337150338403 -0.19208297601011051 0
1.468363550484211 -0.37680517757006871 0
1.010881360136658 -0.43376191405906372 0
13.77182439735823 -0.34089600551671878 0
13.812897324871569 -0.27221100802449788 0
10.259090814206671 -0.1906154636138894 0
10.657864953892201 -0.37798241904381508 0
12.830429995096139 -0.2124301396120678 0
1.7500900487571669 -0.37852181353341152 0
1.610239997196218 -0.37594354487128812 0
10.04485975243627 -0.18918538829122389 0
1.8928947403372289 -0.37977271200703538 0
12.68760044634433 -0.2072433859780812 0
10.800841805277971 -0.37902476228244603 0
10.944068136249131 -0.37994547594848788 0
9.8305582754757612 -0.18769803745076419 0
-1.13014424460781 -0.41775590612001628 0
13.853042646727729 -0.3434937932563541 0
13.893794355451639 -0.27315692832471139 0
13.93735012512677 -0.35327006380788251 0
13.981154298487199 -0.27397616517250772 0
11.087192172907059 -0.38094769687029723 0
2.0354117396207752 -0.38066159635876279 0
9.6162487466747439 -0.18621292642492071 0
11.23038773461443 -0.38176379378903907 0
2.1780433847905378 -0.38160666082597833 0
9.4019680574975233 -0.18474541402852379 0
4.2230944347070594 -0.21113803791101249 0
11.373701072337781 -0.38260557780602772 0
-2.5650686361021231 -0.16483849018486821 0
4.0802406419222086 -0.21015969631365539 0
2.320684635218718 -0.38257942395392791 0
8.9019797827504927 -0.18132121843687479 0
2.463320289072656 -0.38358470767487962 0
2.6058059009045458 -0.38451791332927687 0
11.513459492092309 -0.38143352031818228 0
2.7483637153966289 -0.38553150607023229 0
11.652206671060689 -0.38493950030663548 0
8.6876990935730589 -0.1798537060404613 0
11.793467985270279 -0.38756393188090033 0
11.259067363700879 -0.1974638547963409 0
2.9004259484315389 -0.38766089850297342 0
12.014035947714961 -0.38452043469830022 0
8.1876404045007654 -0.17777653053576209 0
12.150559538804171 -0.38952105120535307 0
3.0495611921392878 -0.38493387012678132 0
-0.53090745200751277 -0.49018059619864118 0
-0.49228971322806242 -0.54943228360921581 0
-0.56033769360276486 -0.55183404623928878 0
-0.42245542052614338 -0.55022814153326272 0
10.687364224749629 -0.19353764703120999 0
1.294500143396432 -0.19152491371110539 0
3.1867418001853358 -0.39069831494503787 0
12.293486458375529 -0.39012935174578811 0
3.3227841702395922 -0.39234747392834329 0
3.4718411195710721 -0.39157426489268482 0
12.43661587117427 -0.39157779261304471 0
13.8496786172221 -0.20224411907544701 0
3.6146949123559708 -0.3925526064900865 0
12.580762266814711 -0.38743633745921391 0
2.4372421288328798 -0.20139841499925351 0
12.864901629515 -0.39404271813655112 0
14.02463631546054 -0.34724958017468832 0
14.072403611504329 -0.27144532435158508 0
3.7575487051408341 -0.39353094808749212 0
0.79459947578450252 -0.18827723901617541 0
12.721041160669881 -0.39509328072627897 0
2.2945682321112439 -0.1979304263459003 0
0.65174473184839254 -0.18743167227333091 0
13.0077554222998 -0.39502105973447771 0
3.900402497925727 -0.39450928968489191 0
4.043256290710608 -0.39548763128228398 0
9.2592050454756407 -0.18440894763709401 0
1.7231530609717309 -0.1940170599561889 0
4.1861100834955014 -0.39646597287966379 0
13.150609215084961 -0.39599940133226758 0
9.1163475881034941 -0.18351462882300101 0
4.4730730910649443 -0.39805887835834569 0
4.3289638762803833 -0.3974443144770331 0
13.291583562291271 -0.39947620106057918 0
13.43758115547832 -0.38968216147007922 0
4.6143287560084181 -0.3968008374517209 0
8.5449113565654109 -0.17991495856840689 0
8.4019915080033947 -0.17789702284544259 0
14.11507011980809 -0.34922879987162442 0
14.16267286527771 -0.26975071785936777 0
4.7600618280682108 -0.40143058932034231 0
8.0447013939543197 -0.17688159053804689 0
7.9733220322494036 -0.17661670062431761 0
4.8989393369380112 -0.40095040133684118 0
5.0436468692950349 -0.40252380758584999 0
5.3289404257744906 -0.40429270565876507 0
5.1835554356678717 -0.39528360036863008 0
5.4701466474541238 -0.39484943397303141 0
14.208743311506471 -0.35127880010972962 0
14.25788648832734 -0.26887167659055011 0
5.6131391776843849 -0.39693938591748579 0
1.133079161619585 -0.44408144246428871 0
5.7571453877559247 -0.40429049198181649 0
6.0989127041356337 -0.41699100341077228 0
5.9142724914625022 -0.40583215451638749 0
14.30586531886031 -0.34556343675489409 0
14.356097203853411 -0.26730579607194171 0
6.2712715136254449 -0.41578574143781011 0
0.61561198483784374 -0.24841806030223809 0
0.58031666413754168 -0.18708852545991081 0
6.391282603108202 -0.40911023994824408 0
6.5570615986335614 -0.40787935748099652 0
-1.419677332571667 -0.1745644801351276 0
-0.46211412596778528 -0.60925323239536011 0
-0.39651513999984728 -0.60226843588546508 0
-1.5624710741958889 -0.17367649217612241 0
14.41038536579636 -0.35695420274043382 0
14.45866932637521 -0.26769250634186598 0
6.9835408743953282 -0.41541343298283312 0
6.8910092916998646 -0.41721666775048211 0
7.0431124918432477 -0.40431780475576629 0
6.8311657848051981 -0.40339352662996852 0
6.7639706449723942 -0.41894515476290872 0
6.6911595813926814 -0.41661390061540571 0
6.6224258370919911 -0.40694674553987531 0
7.1046475320910973 -0.42119990234016158 0
7.180294549789366 -0.41752317199997269 0
7.241229770295968 -0.41293687887869401 0
7.3210339667882236 -0.42068635563427942 0
7.382054205205117 -0.41708215629973999 0
8.0057410231463386 -0.1185118857873287 0
14.520939022969589 -0.36248061919182401 0
14.564451728071869 -0.26673331991082883 0
1.227807258416594 -0.43237875000077969 0
1.3307287651517929 -0.12946911377393139 0
7.480438962867356 -0.42505591999806902 0
7.5403453762052619 -0.41999039254226778 0
7.6029524473956061 -0.4298866954738163 0
7.8222576718450938 -0.42492853154981691 0
7.7650665938153667 -0.41775814724823063 0
7.8940346149159506 -0.42836092621279881 0
7.6852448980803176 -0.42354936273096139 0
7.9622062031327738 -0.42080364551195942 0
14.116378732199999 -0.19818032085787429 0
0.68788669761984178 -0.12506657658550169 0
14.62709179290481 -0.35002836066830062 0
14.67595227970145 -0.26638628280463278 0
8.022738556406372 -0.40973151910277711 0
1.289120721282242 -0.43705188510903947 0
13.57843775342392 -0.40571603941383949 0
14.734564688115469 -0.34732886254723838 0
14.78784563345137 -0.26717173265563199 0
14.30606675280468 -0.182049156791773 0
0.71620525854952211 -0.55000567312195492 0
0.65424482233176118 -0.55746497801307549 0
-0.5238400064030585 -0.60680805574565566 0
14.84219688200869 -0.3477533878147343 0
14.901795971900411 -0.26978739823993242 0
1.4021556615442321 -0.12995828457264469 0
1.3480424358502401 -0.42739388215195101 0
14.51069637825802 -0.17403053515654371 0
-2.8009846913189729 -0.41652978924333828 0
-2.7428937644727238 -0.41467429289887658 0
-2.865061930451045 -0.42347974119249782 0
-2.9110039464533362 -0.36697982813938401 0
14.73329351848958 -0.16912908797255921 0
-2.692312762029315 -0.36830780558932769 0
-2.6327592415044592 -0.41540568343505802 0
-2.5697868036620708 -0.40564784331513692 0
14.949132743038099 -0.35273431098487867 0
15.00700067846668 -0.27918980168012347 0
14.97175675386142 -0.16612336874390621 0
1.3910188104638299 -0.39076371521611192 0
1.4425946934100451 -0.43555360426843143 0
1.4948940421262109 -0.43336721591839172 0
1.539558847109842 -0.38386025498004089 0
1.5821073337947511 -0.42778257791466517 0
1.6325209264675791 -0.43810782967839967 0
1.6762679981238091 -0.38564961029773742 0
1.720164668557741 -0.42662657245050623 0
1.7757857838040489 -0.43352957675823972 0
1.8183424649936279 -0.38903240661336841 0
1.862105728360365 -0.43432727456474901 0
1.9163127389809409 -0.43074254969182058 0
1.9611307433345839 -0.38925945507187582 0
2.00274191565022 -0.43440992173980753 0
-1.1002146727607289 -0.46750507378937739 0
-1.0503876845782369 -0.47960586567847568 0
-0.99802103612719872 -0.43315408555253287 0
-0.94886717842289547 -0.48122515348928091 0
-0.8885487834244159 -0.47700898826004889 0
8.0724056943182099 -0.37492789549797001 0
8.1094376399128532 -0.41631455253474381 0
8.1978032905688814 -0.41069195667692088 0
2.0587771659198921 -0.43234236937581882 0
2.1050334872742189 -0.39060322991850599 0
2.1554208407783579 -0.43418509040990749 0
13.658374074156031 -0.41664964904831991 0
0.77223868961173581 -0.55030972504202946 0
0.81773787898000971 -0.50389804889683321 0
2.2047713560485112 -0.42887957694281431 0
2.246077527203894 -0.39228124672964521 0
2.294393988693427 -0.43439783012813687 0
2.344626007921899 -0.42705830008990459 0
2.3885650900527269 -0.39368390410730331 0
2.429508084368293 -0.43407462850180162 0
-0.57699689794282816 -0.60895595473848885 0
-0.62291657947904688 -0.57142487670659281 0
2.4900272699549539 -0.43512041048125571 0
2.534629630633638 -0.3898546109478615 0
2.572141796874917 -0.43516670938083563 0
-2.5333215406748262 -0.35443246634246511 0
-2.5017078896811999 -0.4200222827949649 0
-2.4318598811676808 -0.41693697018362069 0
-0.60898996185857179 -0.49408264388813061 0
-0.67494309258031582 -0.52658961251912917 0
-2.3864444244424532 -0.36583590896650853 0
-2.338017811633331 -0.41913980286513308 0
-2.2775604327083401 -0.40851123928830613 0
-2.923759241831271 -0.42720154344930472 0
-2.985410869365531 -0.39128424552445479 0
13.735355494579011 -0.39523621449934088 0
-2.9659621880866949 -0.31010023197527919 0
-3.0475984331537931 -0.33383592372105492 0
-3.0256333294590871 -0.24772221249322149 0
-3.114462634414894 -0.27459586211703091 0
-3.1328083483202009 -0.3671506706570955 0
-3.2044423533839068 -0.30688231185847709 0
-3.1834631092950461 -0.21818668950487119 0
-3.2777604533685869 -0.24785219302730291 0
-3.299704960596606 -0.34940731536819308 0
-3.3729396786065871 -0.27373712113996768 0
-3.3935507490129142 -0.36504402815700049 0
-3.463396163422976 -0.30041158577234978 0
-3.2175559132413269 -0.39641742684139097 0
-3.474810443816251 -0.39706104666368441 0
-3.5572764355141331 -0.33740918677809689 0
-3.5399314843166652 -0.243807483588765 0
-3.6384747614644208 -0.28771435216076202 0
-2.9815472449226479 -0.1589538466841752 0
-3.053292611449427 -0.41032542835588082 0
-3.287790265208963 -0.41417711172636401 0
-3.630562689122157 -0.18160528061430589 0
-3.7296463045051271 -0.2262127100971682 0
-3.7447810901064451 -0.34291961780165259 0
-3.8339348872861052 -0.27447190454792708 0
-3.0862704575377911 -0.17375272389395119 0
-3.650719761621176 -0.37461409964472542 0
-3.3446880314250542 -0.17155430034767691 0
-3.836504188965296 -0.37226854390117409 0
-3.9301101803986729 -0.32687523731123042 0
-3.344556132290974 -0.42436784835596553 0
-2.720153606897064 -0.14904534811845499 0
6.4703551993864794 -0.40901338222910388 0
2.6268133973617731 -0.43599757471498318 0
2.6778457896598611 -0.38961346281201698 0
2.7182911287110638 -0.43577390131511401 0
13.812027330394891 -0.40576177377417572 0
6.3298277203503028 -0.41062356154854629 0
13.92945961305843 -0.071001626256151029 0
13.97582768058996 -0.1355361777856546 0
13.682810192136159 -0.066681768518527237 0
13.725734161561221 -0.13530204969694859 0
13.648309686677051 -0.1332171423028026 0
-2.5896488005890821 -0.057294163466805409 0
-2.4913890975940318 -0.1671417257049749 0
-2.5270158789650732 -0.1044782860703862 0
6.1861677358104128 -0.41492799247510109 0
-2.6403248757444122 -0.16024885157546731 0
2.7716615450517388 -0.43619637157589969 0
2.8193825676980611 -0.39707066606995239 0
2.8627899070189988 -0.43046500552101719 0
-3.850495340852111 -0.10105489091735401 0
15.22709430602656 -0.1132373471384352 0
15.2914485886301 -0.23036004379311889 0
15.424101800005079 -0.23467036124206639 0
15.34246930365563 -0.33231752036784201 0
15.221113438861661 -0.34314030736328538 0
15.46270071238294 -0.3446421356015687 0
15.55129982830233 -0.24541164320185219 0
15.588980601072169 -0.34761640680111489 0
15.67479252838133 -0.26670746022635078 0
15.78883150314185 -0.16698183836877609 0
15.896550172357379 -0.26380912633669801 0
16.034539483019199 -0.22495322021875319 0
15.98361201126049 -0.33728175291857859 0
16.135546047989131 -0.33430970018204509 0
-4.0968227262250831 -0.1086213062399865 0
-4.1582133384206177 -0.22411084984828461 0
-4.2937771967332639 -0.23081036543042671 0
-4.2212076069688589 -0.35009346880422898 0
-4.1060765443723781 -0.33832392581021009 0
-4.3477567263541141 -0.34352160917231361 0
-4.0272008439038656 -0.24104035666702719 0
14.109251470060711 -0.071951973103430378 0
13.84451540566714 -0.067276866543466998 0
-3.2062619506142611 -0.07820264274551128 0
-3.403141825253722 -0.08719360798172629 0
-2.7600604953841139 -0.075182854455778964 0
13.607588733015261 -0.064528243126562607 0
6.0376463653419723 -0.40151719371365241 0
5.9717383306681899 -0.40866934066821542 0
15.49806131546217 -0.12207923709076619 0
-4.3666228485493424 -0.11911290340027871 0
13.46081751829958 -0.062033574440822567 0
13.491837831131299 -0.1364093410072951 0
13.41612257141491 -0.1144711105359506 0
0.61589609904502784 -0.49647101847574948 0
0.58331227476011438 -0.56031454769999101 0
0.51379930545193275 -0.55759006163272273 0
0.54602631630412224 -0.60686713539360115 0
0.49105879428954519 -0.61375605904767705 0
0.44721722717504753 -0.56468991861812601 0
0.43045778724917882 -0.62945929758572861 0
0.38415204746014953 -0.58010336891687486 0
0.36768430598947638 -0.63984212709131427 0
0.32346005617648532 -0.59691498530637577 0
0.31284207308645062 -0.65211053539029473 0
0.26125867817633119 -0.61251761091906676 0
0.26015846787743457 -0.66459457161945212 0
0.2024045706792871 -0.63745533266004129 0
0.20989572413595839 -0.56226695506276536 0
0.14527750911943549 -0.60302584446283691 0
0.1460978561011847 -0.65799625286478802 0
0.08932295678035225 -0.64155842606757396 0
0.082593904164660767 -0.56112554253632407 0
0.025364845320780059 -0.60924171394305038 0
0.036500553731217647 -0.6780919548529678 0
-0.027180087427250772 -0.649630765041878 0
-0.041016149533974179 -0.58533593559861141 0
-0.096282448507597082 -0.63322628370140854 0
-0.11212330105160449 -0.5546221012505631 0
-0.1620928311724901 -0.6042259096073499 0
-0.15194948175254649 -0.67160066602480406 0
-0.20871606807930421 -0.65181386112724959 0
-0.2274839505588955 -0.57880842929493281 0
-0.27874725235720699 -0.63410246243992552 0
-0.075404287093638014 -0.67942885258866081 0
0.47408833994480287 -0.49924632202653169 0
5.8180686887334021 -0.40576933327054387 0
-0.35601499389581281 -0.54698954266004307 0
13.079182318692339 -0.39551023053339462 0
11.57732149890971 -0.37956631776456551 0
11.545058708189041 -0.43234596845875661 0
11.48808107797135 -0.43513675634989951 0
11.447987726456009 -0.39228626156508772 0
11.40252245797349 -0.43648658420750241 0
11.60171270094928 -0.43223080147540549 0
11.347232953663809 -0.43517523651833651 0
11.30221504777831 -0.3886819040748411 0
11.255751662048519 -0.42697079318518349 0
11.206660928519581 -0.43057229860395568 0
11.1619230141042 -0.39116430226812893 0
11.118436442775071 -0.433122100293724 0
11.064432413093771 -0.43375960147047771 0
11.01475540520728 -0.39311483809359671 0
10.97050796887285 -0.43594529040071528 0
10.92208516068894 -0.43554560432745693 0
10.87198568923421 -0.39273959811551712 0
10.8300178577715 -0.42625755721931757 0
10.775897312859369 -0.43668138687207753 0
10.728177118098699 -0.38522541686398021 0
10.682805958721531 -0.42633338585739622 0
10.6328203663293 -0.43305833296377899 0
10.589292883341439 -0.38625305625090722 0
10.541000819561051 -0.43234386215484011 0
10.48859250732623 -0.42689664682630413 0
10.44518383505833 -0.38435680154978102 0
10.39998225025067 -0.43293974411077291 0
10.345293414924379 -0.42926549008760162 0
10.30289089639715 -0.38346728151849069 0
10.25944382606939 -0.43280255262681838 0
10.20545654549616 -0.43845262315622618 0
10.15973949805584 -0.38216846683284922 0
10.11025482856499 -0.43320312441160769 0
10.05686406440288 -0.43074986266839932 0
10.016540991958481 -0.38089959923000921 0
9.9389891654112272 -0.38052603882358138 0
9.8963782555951791 -0.4302279609594219 0
9.8448876729935364 -0.43623911703389429 0
9.9789918176471968 -0.42667863412893348 0
9.79914240765115 -0.38226335475956952 0
9.7603569830308601 -0.43570268784772298 0
9.6954259882683669 -0.42771320219010089 0
9.6549928816808332 -0.38094691258054658 0
9.6105268005749576 -0.43609583240062039 0
9.558488920606532 -0.42510242551128408 0
9.512877432093763 -0.37879762945396878 0
9.4712405687116039 -0.43106057227784578 0
9.4177517694188211 -0.4368066167821924 0
9.3700869807742038 -0.37994992808870592 0
9.329192749573247 -0.42233840546083468 0
9.2741448029272657 -0.43147953644453568 0
9.2250043837690132 -0.37985089091229202 0
9.1856985175896977 -0.42340543375165862 0
9.1162049855062417 -0.41538304058093939 0
9.0807724098889988 -0.37716601180768689 0
9.0448126763672718 -0.4196673195259647 0
8.9768969301015211 -0.41484992973832541 0
8.9392942863775264 -0.37434748434123499 0
8.8919639630476759 -0.4199626725695314 0
8.8389910913217822 -0.42791563497423668 0
8.7978617231605956 -0.37635988122633518 0
8.7640161743715463 -0.42430776380391277 0
8.6950539532838551 -0.41451980920917902 0
8.6554652327644614 -0.3742319879992122 0
8.6083915114320781 -0.43011881217493358 0
8.5534141441885581 -0.41772412901551209 0
8.5111286728165716 -0.37119678696782071 0
8.4655518840048529 -0.42562118804843008 0
8.407752105262464 -0.4247120825660653 0
8.3696706649697639 -0.36376734103095681 0
8.342893922857181 -0.43010880740931512 0
8.2813213082698738 -0.43316437273175251 0
11.651364362434609 -0.43889141082065353 0
11.70155263175147 -0.41652887179776632 0
10.58695347837881 -0.44666630502474608 0
12.36491985223001 -0.39137904446436411 0
11.473396126315521 -0.1989651190669956 0
11.437210599958121 -0.1373416285996579 0
11.364953319218211 -0.1348648620112059 0
11.51537229623788 -0.13638324546270869 0
11.396103724006171 -0.069975304747928957 0
11.29256205544516 -0.1312009231476135 0
11.247854452827349 -0.068004022574489745 0
11.20919252570148 -0.1382811249819593 0
11.13611741933169 -0.13086543960164271 0
11.15714522403961 -0.18469833603710539 0
13.044739770754839 -0.20969312254367611 0
13.00879496081823 -0.14796323403710829 0
12.93788436911065 -0.15147497232306489 0
13.08008415138352 -0.15268209314602529 0
12.971492499013721 -0.087602058302841151 0
11.90178695890409 -0.20178934110281591 0
11.86558736032309 -0.14010986581629961 0
11.79158599724593 -0.13649904296019319 0
11.93594156957224 -0.13965123625571199 0
11.824186602232841 -0.071381063636209274 0
11.718649828060521 -0.13304786262532201 0
11.6761553669603 -0.068311332905374444 0
11.75432503676118 -0.1971196632887042 0
11.60421276211796 -0.062420343698128058 0
11.63392293566732 -0.13221050947000851 0
13.259020462646371 -0.21116063712796809 0
13.223114415652949 -0.1494087223795528 0
13.299513477002151 -0.13955815744411099 0
12.54430785683242 -0.20597676749299429 0
12.508297662661141 -0.14431621654010809 0
12.433547579754251 -0.13946217475937689 0
12.57797034466337 -0.14209383793429689 0
12.466790237862369 -0.07354632453698616 0
12.360648760156719 -0.13410371290451811 0
12.319629275445291 -0.06959773638464134 0
12.39628871299082 -0.19960135707746651 0
12.24728913557334 -0.063368392713503224 0
12.21180503821923 -0.12740997680957061 0
12.139733961662881 -0.123536276340048 0
12.17513182640211 -0.18558087417824601 0
12.28590886947878 -0.12992139472044451 0
12.61559688448966 -0.20626548163413569 0
12.65110286681389 -0.14392115040982681 0
12.73042906526198 -0.1416761790209046 0
12.678460674188701 -0.072663244047851544 0
12.80193380562109 -0.1131386982805313 0
9.6877844248046063 -0.18712065576023801 0
9.6523858292095408 -0.1246000050349791 0
9.5809589328171327 -0.1241108342361088 0
8.3305646116109795 -0.1774078520465783 0
8.2591252996151709 -0.17832262224067319 0
8.2201122845323376 -0.119371725266117 0
8.759201041766401 -0.18126462254181891 0
8.7201494797613073 -0.1192210981975098 0
8.6486941485768902 -0.11942997720502251 0
10.75907908895369 -0.19403965920481209 0
10.79396652751125 -0.13134147220430581 0
10.865515258259659 -0.13325756157248511 0
10.824810252692661 -0.067478087439602402 0
10.7214143909471 -0.12983348501419539 0
10.648899586409639 -0.12938999698598919 0
13.33048218070358 -0.21103433166685989 0
10.90193288173875 -0.19501800080233939 0
10.93582622528638 -0.13332295548477621 0
12.792865085317629 -0.39350737339990949 0
9.3306499215758443 -0.1850090694812668 0
9.3635045719293117 -0.1229947222306302 0
9.438105140032242 -0.1231324926385285 0
9.4734946204064467 -0.18576086693102981 0
7.50869344594516 -0.2336723629695022 0
7.5448515360027031 -0.1736159051765942 0
7.6162822957269309 -0.17431161729554329 0
7.4734418549016501 -0.17153780246190151 0
7.577101466404689 -0.11673362947478701 0
7.4371024137852331 -0.23328995933514121 0
7.4019698977505843 -0.17272683392976201 0
7.3305689033094277 -0.17254005818381629 0
7.3627586019337459 -0.1158668200182771 0
8.9734887909837067 -0.18261291873051269 0
8.9343982035795779 -0.1203041200963995 0
8.8629421754554709 -0.1204467081155035 0
8.8300182960892997 -0.18211504509423629 0
12.760111000926999 -0.21198066502578169 0
10.330517710599119 -0.1911046344126214 0
10.295227896741389 -0.12900254222392421 0
10.223801000348979 -0.12851337142512281 0
10.36452152547065 -0.1284803353509506 0
10.187747909633901 -0.1902476165684405 0
5.5419617155883403 -0.40665635334639683 0
7.0801382326992206 -0.2307623407150047 0
7.0448804765468402 -0.16860277766981441 0
6.9734535801543966 -0.16811360687114321 0
7.1163073729393522 -0.16909194846849221 0
7.1877342693317994 -0.16958111926723371 0
4.2945213310994967 -0.21162720870969351 0
4.2592315172417221 -0.14952511652102179 0
4.3306584136341639 -0.15001428731969729 0
4.1878046208492794 -0.14903594572233639 0
10.40172025927653 -0.19152460792195841 0
10.43667627959006 -0.12931178461049561 0
10.50950858591872 -0.1304700546200763 0
10.469719376828969 -0.066770603863504127 0
10.54482063332722 -0.19232945997807949 0
6.5087427127284254 -0.2275870580126417 0
6.4715842012207938 -0.16594536843413629 0
6.4017087017595227 -0.16667893112919219 0
6.5426842694838498 -0.16868207677073269 0
6.4334041328069507 -0.1118022147773184 0
4.3659482274919386 -0.21211637950837581 0
4.4020624135666164 -0.1538467138483571 0
4.470864974478248 -0.15305197203867921 0
4.4327593850643376 -0.098219367467495586 0
6.7231075330395704 -0.228349709776584 0
6.6859831547820407 -0.1672195471474959 0
6.7570917498760767 -0.16982903585708289 0
6.6156539215098578 -0.16855590728077011 0
6.6478106426704997 -0.1128143363211115 0
5.1516440878087986 -0.21749725829400821 0
5.1139371859547191 -0.15676868803447849 0
5.0445041533464652 -0.1581101742494706 0
5.1849416907358314 -0.16034046451257961 0
5.0752309181106394 -0.10575778289488059 0
9.7592347496801732 -0.18767574297539591 0
9.7952396219944937 -0.1255783466325944 0
9.8666665183869284 -0.1260675174313908 0
4.5083608149533578 -0.21343794495936269 0
4.5417588949547909 -0.15660437769992189 0
4.6860983582425773 -0.39989016847050712 0
3.5432680159635308 -0.39206343569139818 0
2.937350547486314 -0.20247353328901499 0
2.8990012589971248 -0.1420211562520548 0
2.8301444901651651 -0.14430785904733831 0
2.970510690424462 -0.1364531190292991 0
2.8668306719277101 -0.078128779156960176 0
13.1520403870359 -0.15356237095909461 0
13.18434390945778 -0.089222823750781083 0
7.8658663594291944 -0.2361489778785103 0
7.8305728430396258 -0.1754711827109133 0
7.7591449180982446 -0.1752794746469731 0
7.7914437909604857 -0.1176285509681875 0
4.7945096058465833 -0.2150514043005321 0
4.8306254759511962 -0.15653584286760411 0
4.8995753488181002 -0.1558615060067513 0
4.7566248871192549 -0.15802340287790179 0
4.8593808821179456 -0.1038456434814997 0
9.973444467127532 -0.18891645623180151 0
10.0095203111718 -0.1270458590289667 0
10.08094720756425 -0.12753502982778969 0
3.828975601533287 -0.3940201188862042 0
4.114683187103064 -0.39597680208099539 0
3.3962621630181951 -0.39200901272682842 0
6.1516037643492663 -0.22478976620105651 0
6.1877344099451683 -0.16526185715739669 0
6.2572078365887496 -0.16488470936151731 0
6.1142513319348772 -0.1662402533016821 0
6.2189994496252421 -0.1109022305767003 0
5.3659247769861214 -0.21896477069011749 0
5.3282976032153728 -0.15819089456213339 0
5.3993156430081903 -0.16171905436301021 0
5.4732356890228484 -0.16106628051707689 0
7.7230157534061306 -0.23617784710317011 0
3.6516792639704589 -0.2072246718548886 0
3.6877906048914828 -0.14937039748183359 0
3.7563677684218311 -0.14835892627626751 0
3.6126766210168939 -0.13848939905789759 0
3.7159356846174778 -0.098794742895042711 0
5.9373458967972796 -0.2232434222691754 0
5.973461310119629 -0.1637858754872156 0
5.899888392569288 -0.1649269172648426 0
4.7226502253092137 -0.21540791529618419 0
4.6847181737261412 -0.1549072742227029 0
3.1517399960834349 -0.20384224062822681 0
3.113372214277232 -0.14345485592559479 0
3.1848623635002622 -0.13768955159581889 0
5.2511347409471201 -0.40222950758661119 0
4.9369470259721968 -0.21635205461415941 0
4.9704290989316569 -0.1597197654267043 0
2.723129610465886 -0.20086545113818641 0
2.6846773538420572 -0.14056043232685761 0
2.618529022044906 -0.1350182769277905 0
2.6525499827503971 -0.076661266760806659 0
2.5802758176809988 -0.19988710954074701 0
2.537450076963232 -0.12690423206592721 0
-1.529029306871954 -0.35684689256482371 0
-1.5623279420627501 -0.40615831765966037 0
-1.6326722936414471 -0.41677442352505339 0
-1.4912434204220879 -0.42054967412861488 0
-1.459304102847008 -0.35989546159934799 0
-1.4317864219795 -0.41709427436006608 0
-1.3566721833199871 -0.42040274324856458 0
-1.3151222925262149 -0.36920541975489252 0
-1.2659385564199499 -0.43775500461468819 0
-1.668179567422531 -0.35650087049085499 0
-1.6972323177186071 -0.42167280866254248 0
-1.7672713034201131 -0.42125692063680431 0
-1.811837978128324 -0.36871537365066881 0
-1.8586255951804489 -0.42175221589077161 0
-1.923318660463585 -0.41190713624931402 0
-1.633872733220096 -0.1735848359667925 0
-1.658827972894316 -0.11439424169605091 0
-1.740627779723082 -0.1084347694291926 0
-1.348268547045874 -0.17534771763774251 0
-1.385649649166514 -0.1100862674119963 0
3.1159842063806442 -0.39006930811657359 0
3.0787916780195421 -0.4353637437039734 0
3.0235907487791089 -0.43607722626832163 0
2.9770587127385331 -0.38965010970948177 0
2.9437608470040941 -0.43044557297414648 0
3.151681066885498 -0.42529944319953528 0
3.5796335666853811 -0.20562997422960511 0
3.5413062050201081 -0.14501111949180631 0
3.472899662466276 -0.14809195612663389 0
3.501332996665345 -0.097536060669701441 0
3.43729263702259 -0.20641516326486389 0
3.398211277643389 -0.13743165192433049 0
3.9718293943181671 -0.39499846048359671 0
4.257566391625371 -0.39850582859355488 0
3.252949634040081 -0.3847167929842511 0
-1.776733693939712 -0.17243748492303859 0
1.7945119485111209 -0.19455520612000771 0
1.7633918359797911 -0.13105403724954659 0
2.2231413357188048 -0.19744125554718789 0
2.1845753767106348 -0.13720084866498081 0
2.1184486251143899 -0.1321104072113217 0
2.1525617080033168 -0.073237071169810958 0
2.2598730038774222 -0.12516857740991699 0
2.330705314645936 -0.13631750495592221 0
2.365803943398332 -0.19896152630319119 0
2.4103692428995029 -0.1405574479866134 0
2.4600939211807429 -0.093384723625155597 0
2.3213328463474738 -0.064741179162707926 0
4.0088137455299364 -0.20967052551509111 0
3.9707183666916488 -0.14916270917821051 0
3.901604558632668 -0.15097822266012251 0
3.9302446765685741 -0.09968467887366407 0
4.0411412489520258 -0.14084244555603431 0
5.2225977375999593 -0.2187291170274738 0
1.4372749996175589 -0.19246047828235599 0
0.75931359401228127 -0.12555574738421629 0
1.0734417591405889 -0.43036904613317728 0
1.043034212662197 -0.47508766714556339 0
0.99209684348482341 -0.4908315115728642 0
0.94063729229449355 -0.44630270444138048 0
0.89905590123744206 -0.49947893908504298 0
1.1870149175550651 -0.25252431991990232 0
1.151739346075521 -0.19015949494222001 0
1.0803114916489349 -0.19011302708152361 0
1.116448075974475 -0.12800160137778871 0
1.187874972366914 -0.12849077217650201 0
1.2231452161445511 -0.19108318947373931 0
-0.20622039377417839 -0.30452204826084189 0
-0.1700833084815665 -0.24290872458361859 0
-0.098656411629474763 -0.2433978283344588 0
-0.13394624523168139 -0.18129861918961129 0
-0.2415102181901996 -0.2424214981634229 0
-0.062527233634094806 -0.18293909833290839 0
-0.027230845823231171 -0.24408128639380519 0
0.0088981268615033367 -0.18365253506582371 0
-0.089720509233473078 -0.12077218350267641 0
-0.16923605908942399 -0.1191965270009224 0
1.8659275996253 -0.1950581043325996 0
1.9046731032620119 -0.13056403948552339 0
1.970672064721728 -0.13528868497028421 0
1.9382810188260009 -0.071769558773669792 0
-0.27764730297999402 -0.30403474364212218 0
-0.31293711895522353 -0.24193296247046259 0
-0.38436401669534659 -0.24144398877749429 0
-0.34822693410160321 -0.17983106080719391 0
-0.41966355346082768 -0.18076160176505099 0
-0.38351674826674409 -0.1177290146047789 0
-0.30231855047643869 -0.1199996620955416 0
-0.27518029095911822 -0.18190259646937229 0
1.6516753044964421 -0.1936528379665963 0
1.616436350721546 -0.13142579696878681 0
1.5450094543291071 -0.13093662617007479 0
10.97245031711215 -0.19603673661171361 0
11.003973367917061 -0.13338615981646609 0
11.035395029864141 -0.065197968596689637 0
2.0802875429339229 -0.19646291394976029 0
-0.56510742524410307 -0.42655561511919671 0
-0.88442856955677285 -0.2380742328347599 0
-0.84824252744676221 -0.17810686012608631 0
-0.77679590596975601 -0.17718158816948379 0
-0.81207812662137713 -0.1147939898124918 0
-0.73081504851356183 -0.1180904752545759 0
-0.70373396123612297 -0.17945476678844829 0
-0.91968079731846353 -0.17790585286668351 0
-0.9910853111577641 -0.1757669417486 0
-0.94507056901051767 -0.11745224273093249 0
-1.026358815798694 -0.1133264774163474 0
-1.0625112754018691 -0.1768198038600958 0
-1.027256550731364 -0.23744378250189649 0
0.43662140639492691 -0.30896362528830201 0
0.47275862710836342 -0.2473305275538154 0
0.40133178279094123 -0.24683375295532101 0
0.43746283643164269 -0.1861011481906826 0
0.36603494390270752 -0.18575742952955959 0
0.32990375612733608 -0.246509620138604 0
0.29461375371194592 -0.18443506043472579 0
0.33878625084163883 -0.1229505595715179 0
0.27034658176228088 -0.1218603078043535 0
0.225017910432734 -0.18475107663628501 0
0.36519451090972849 -0.30847432201768471 0
0.25878256800701888 -0.2460768565297187 0
0.18740685271598109 -0.2455635436749814 0
0.1521185955630153 -0.18447566918606159 0
0.11574309323647911 -0.24510454416343919 0
0.22245100844673629 -0.30753158384355378 0
0.080412222273360881 -0.1832381751639823 0
0.1246067398908052 -0.1219445178106984 0
0.056127456039757093 -0.1211000484567356 0
0.97274701451264511 -0.25073827335902182 0
0.93746327549148056 -0.18864078170649151 0
-0.52721784569751762 -0.24046571239413861 0
-0.56250764639271267 -0.17836361076117199 0
0.044822131828104503 -0.49118421396388229 0
1.258288546869637 -0.25337813050559338 0
-0.20511198405985209 -0.18235815204927749 0
0.15101152675285129 -0.307052275671997 0
0.79064962959300522 -0.4359497527365217 0
4.9710428501711608 -0.40223562754545111 0
-0.70703210286926277 -0.42180922408608379 0
-0.73645262682143242 -0.48957553051666192 0
-0.82011986779417412 -0.48813434290453628 0
-0.78578090786435539 -0.54526303436535983 0
-0.83102801260964998 -0.53509670005513243 0
-0.74123467461778703 -0.23939509218159541 0
0.3205542252365689 -0.49408649502435631 0
5.8655591657975119 -0.22346841104161921 0
-0.42050110273835489 -0.30305694537451722 0
-0.45579254301289351 -0.24119146734398511 0
-0.063366617516196502 -0.30550280356698889 0
-1.1677658300303679 -0.3606506697031171 0
-1.133939587409919 -0.17659085816671161 0
-1.159312616974165 -0.1164444957465702 0
-1.2406395049760111 -0.1118589650202038 0
-0.38716899753325801 -0.4880904997255846 0
0.18466909844635579 -0.49266400199069371 0
0.82989965062274007 -0.24986879401964601 0
-0.63367394101868502 -0.179773401239778 0
-0.59779743744406055 -0.1162615022086355 0
-0.51656616958784529 -0.1190212850399863 0
-0.48945828988717599 -0.1809269335207343 0
-0.2365800203719757 -0.50127167742112755 0
-0.66971356740291865 -0.24021534947226031 0
12.079205769198341 -0.38866183934959142 0
12.03889882349406 -0.42931785662571298 0
12.11462869967497 -0.43132673913660319 0
11.99265884416659 -0.43034881327386237 0
11.94728318158106 -0.39405985120527559 0
11.87133953976692 -0.39367538435966543 0
11.826708614998729 -0.43252513693629357 0
11.783477549937629 -0.44564813048186652 0
1.0088818607911161 -0.18969569451355101 0
0.97359428318959784 -0.12702325978035969 0
0.90216738679715891 -0.1265340889816447 0
0.86603356790427011 -0.18889283476075541 0
0.65090945204774908 -0.31042912794967509 0
0.0080602512043760205 -0.30599601490367562 0
0.044228346979111557 -0.24475751788095129 0
2.757832600953082 -0.1369013402140408 0
0.57947618623939057 -0.30998414368763327 0
1.044173910905086 -0.25122744415773762 0
-1.276829586851943 -0.1758838942571897 0
6.0798444515834698 -0.22462220068362471 0
2.0432219230295692 -0.1228131278928436 0
8.615732985856333 -0.1808592132359452 0
0.50889377951884218 -0.18600179149142901 0
0.48325406029432139 -0.1230813587973085 0
0.54418422839299796 -0.24805021517270059 0
1.5087469847925969 -0.19295627191191361 0
0.55464774619688861 -0.123940136638291 0
5.0087902950239149 -0.21651891669660761 0
7.9371225708582891 -0.23689393403843151 0
7.9019696360188139 -0.17617861360657161 0
2.5088489212885632 -0.1993979387420298 0
3.2226407869756302 -0.20355442560281911 0
3.2586539934516141 -0.1458164051805593 0
4.6153014584676022 -0.1564526053184167 0
4.6469424190900064 -0.099519052728818183 0
2.007932795831501 -0.19439745872242409 0
2.7940499002653119 -0.20186797362213141 0
-1.4910830905399239 -0.17477398781492209 0
-1.5281372227733689 -0.109804193690918 0
3.8658778733067121 -0.20934201060877539 0
5.7230592589482896 -0.22141062468361941 0
5.7591787275275381 -0.16236962740007929 0
5.6877694450905203 -0.1593085324949492 0
8.1161893181497184 -0.17754772679062031 0
5.4006801958637203 -0.39881791693434437 0
4.5433585362980367 -0.39877666717810778 0
3.3653050496651669 -0.20434092338126589 0
3.0439513636017841 -0.14494444103729659 0
3.0789258520885219 -0.080246838559902806 0
3.3268261154662579 -0.1441997160888073 0
3.2893930583856998 -0.082263728420395241 0
5.1162251497114619 -0.40886586098448802 0
5.6516323625558584 -0.22092145388493781 0
4.4023433720578966 -0.39973722517984372 0
5.2582468421036506 -0.16031503166126959 0
5.2895782652220582 -0.106850129233292 0
3.6861218087484011 -0.39304177728878759 0
3.7940401307946519 -0.20868765181439461 0
6.5800672689031856 -0.22774963174657581 0
4.5802289166692756 -0.21358389190450019 0
6.3658495951935814 -0.22633492897413229 0
6.3282349489606702 -0.16782000129177799 0
6.9373493977045069 -0.23009014093368951 0
6.9020259868833982 -0.1696305577875572 0
3.0082695308521541 -0.20290287398164811 0
9.902071829785644 -0.18849241510110329 0
6.2937207230100878 -0.22694834949627071 0
13.366663906372491 -0.39733007038043522 0
4.8324965624473082 -0.39763572998498092 0
6.0424397692290066 -0.16414488115816411 0
6.0044826185904192 -0.1100457855242932 0
4.1516675383146282 -0.21064886711233649 0
4.1161996526651317 -0.15010192950387899 0
5.8280577100534687 -0.162805200081301 0
5.7900315115761289 -0.10909918990431119 0
11.972964636607831 -0.20233445830543809 0
12.00576193061864 -0.13844770096737169 0
12.03696837732789 -0.069166686326272514 0
3.8264535553591128 -0.1401778700862446 0
5.5087363919559316 -0.22048065569057529 0
6.7944627048348742 -0.22874818666380131 0
7.2942915742720347 -0.23282625668731599 0
5.6824013253322381 -0.40207655128611919 0
7.6877108406302472 -0.17492991906541 0
5.6163425486981087 -0.15881936169630201 0
5.5448930195234487 -0.15992785600474629 0
7.2229871993500341 -0.23179386820247461 0
7.6515472113179914 -0.23501983873315879 0
12.93632852590742 -0.39453188893554247 0
11.33007463996606 -0.19708565917899801 0
11.54584405354997 -0.20364970125035409 0
7.259145614171123 -0.17109533116093331 0
6.8302464240907117 -0.16997630035064629 0
6.8643060203204289 -0.11493879787209441 0
9.1878057979316008 -0.184231747939163 0
9.2206817827506153 -0.12299314053908469 0
8.4734910808150232 -0.1796779512353672 0
8.5064893549171448 -0.12011261758943 0
12.901857940971309 -0.21014432834913269 0
12.86199907044525 -0.15070270334745101 0
9.5449393739398403 -0.18633366252998521 0
12.221129481639419 -0.39049554601433167 0
12.186131121324941 -0.430451149485922 0
12.257490591199661 -0.43112253288810531 0
9.0449460400905863 -0.18335950236083909 0
9.077844041900283 -0.12238702935656021 0
10.11623702142179 -0.189637122016551 0
12.64753310835054 -0.39224244745276721 0
13.11612085219355 -0.21059856650313041 0
12.51320292638496 -0.39233533348406691 0
13.22203611147728 -0.39648857213116689 0
-1.8482082106920621 -0.17226130131496881 0
-1.8731044947127931 -0.1132983419594903 0
-1.9549084688995979 -0.10696725703249679 0
-1.9910780613604711 -0.1709800284516817 0
-2.0624944850810758 -0.17088744971479211 0
-2.0873559952173739 -0.11220879582278689 0
-2.1691891548096431 -0.105499742380135 0
-2.099617008893143 -0.35321127182569922 0
-2.1401813641854939 -0.40979039803187922 0
-2.0695794422973259 -0.40776313433188749 0
-1.9965803561726601 -0.41069688992254488 0
14.30090131920093 -0.083438947100342331 0
-2.205343152462945 -0.16963394548315441 0
-2.2767792739060688 -0.1696251694799423 0
-2.3016077741354568 -0.1111426611462559 0
-2.3834564630030011 -0.1040229905359363 0
13.51692147778296 -0.48319761754833118 0
13.50631543203558 -0.45749099572691421 0
1.835678217018182 -0.12946948430483021 0
22.929615066117709 -0.12367565650219051 0
22.858212873684892 -0.24737405221917 0
22.995395969499871 -0.24221910721175971 0
22.72105299617397 -0.2421746498360394 0
22.91682816335944 -0.35027312839912628 0
22.779798994666031 -0.33877755742891869 0
23.035493968648201 -0.33376749277798079 0
22.677597901280961 -0.33153652793967558 0
23.136145328062689 -0.26031672042147508 0
22.581363502791991 -0.26207826899437281 0
17.503754346121109 -0.1236756565020856 0
17.432351985331429 -0.24487323676884601 0
17.294752561512691 -0.24255732850895309 0
17.56937099869883 -0.2414232966930685 0
17.361991025238101 -0.35252945098410088 0
17.50222122040423 -0.33635557845206709 0
17.236527745481879 -0.34626130952404849 0
17.16348998583296 -0.24675799840481399 0
17.610475822145411 -0.34187407203811382 0
17.711426503965161 -0.26056201829197168 0
17.13058426624827 -0.36215332265590738 0
17.023278706880671 -0.27748418776033129 0
19.07437966230788 -0.1236756565019658 0
19.145781962152299 -0.2455452627592781 0
19.28321699619271 -0.24237204113130439 0
19.008749470161799 -0.24160369199641421 0
19.212152341890469 -0.35075626871404242 0
19.073066926610629 -0.33703357178974858 0
19.349119360987711 -0.3425724211713449 0
18.97145349579359 -0.3314811768260677 0
19.41728924072234 -0.25011921682127508 0
18.871630550033512 -0.26257719288406173 0
19.45077332081275 -0.34089528138148301 0
19.548481283594359 -0.28215780012755742 0
19.658265025196531 -0.14271674607660159 0
19.69643926658776 -0.30154720116853639 0
19.808175509351809 -0.2035303618968517 0
19.821781262365491 -0.33300070809201171 0
22.215686024013049 -0.1236756565020095 0
22.14428383158042 -0.24737405221886349 0
22.00703532475104 -0.24234063741722711 0
22.281391233045099 -0.24207583098065699 0
22.083935014115539 -0.35039268042558769 0
22.22105178928247 -0.33837546624622961 0
21.965083260203329 -0.33359808893336029 0
22.322998104404451 -0.33160470168198047 0
21.868029087964199 -0.26068406310931402 0
22.420469916008852 -0.26350975309824137 0
22.499947067313581 -0.35170685822911141 0
20.787827939803432 -0.1236756565020158 0
20.716425636007699 -0.2455565876910458 0
20.578937301117179 -0.24245852728090839 0
20.853454801116161 -0.24157766098878569 0
20.648144583498279 -0.35130869518272179 0
20.788147694269441 -0.33687555406799857 0
20.512000756738939 -0.34281753193355141 0
20.88976087091525 -0.33146635653264722 0
20.444689869186259 -0.25006886219529428 0
20.987518093284859 -0.26266884799061541 0
20.410345846613779 -0.34072992169138272 0
20.313212197936821 -0.2817428034096166 0
20.203847283355842 -0.14244392286800411 0
20.159210036305328 -0.29851473937069772 0
20.055369127638361 -0.20283186982077819 0
20.0208498392854 -0.3376531225915132 0
16.50423511073048 -0.1236756565019908 0
16.57563741245033 -0.24555044397059059 0
16.713100084854261 -0.2424114165893792 0
16.438604068923279 -0.2415895842313604 0
16.642314367403522 -0.35082284331823949 0
16.5032936155377 -0.33692653105601589 0
16.788862705288899 -0.35244045443922412 0
16.383198205741699 -0.34236012140685462 0
16.862593323352598 -0.24636586117124179 0
16.925564989738799 -0.35169388466037182 0
16.28086352990201 -0.24734661685260309 0
20.927233337105449 -0.12526305047897851 0
21.133478816461231 -0.24857810411308001 0
21.06789517369036 -0.35423928523129949 0
21.180757165995061 -0.33697477483789218 0
21.273006622530691 -0.26117594919512171 0
16.36109740067597 -0.1214054753545263 0
18.644757791145171 -0.12511279624762869 0
18.56889505863473 -0.24271950475817991 0
18.435764908818179 -0.24199832124227641 0
18.503195483051648 -0.35091407999220342 0
18.380888171639111 -0.34793242972890959 0
18.30519059177945 -0.24655491469758911 0
18.61457966326298 -0.3335663814782619 0
18.269349240959919 -0.3628362858467109 0
18.167007220830421 -0.27925017658281998 0
18.710201216373751 -0.25842948810607103 0
18.796161339942149 -0.35035456305730173 0
21.64473287668077 -0.1238546015002772 0
21.71636549767457 -0.246186527851499 0
21.578995135557971 -0.24175346782664409 0
21.768681130051402 -0.34986296286755469 0
21.640711192642559 -0.33713159796047859 0
21.540736440013379 -0.33151436089721292 0
21.440655020567029 -0.26337229035476672 0
21.364044952011259 -0.35039588816751782 0
21.211864957728249 -0.126177721348852 0
22.355953039936558 -0.12585625717032961 0
10.680601763415529 -0.064712989322148834 0
23.785047422944551 -0.1247523706742838 0
23.70914810916695 -0.24259063384069729 0
23.57599015751487 -0.2419594482086784 0
23.643484639467552 -0.35058571683436413 0
23.519876407142249 -0.34388653210157022 0
23.445128182059008 -0.2458107417940347 0
23.754103106799889 -0.33359986662069591 0
23.408140936609161 -0.35942868670149852 0
23.302341150555439 -0.27150371860182482 0
23.216662189346732 -0.34734113930579991 0
23.847335792077629 -0.26149341199201959 0
23.990376564195731 -0.24749101948771041 0
23.92850516763874 -0.35296948482071577 0
24.053354377035589 -0.36020463897324989 0
24.12867695920033 -0.26089283420558218 0
24.161783755485651 -0.36094767004090689 0
24.244332083984371 -0.29273048144757757 0
18.224696797586329 -0.13051232951206679 0
18.019234714978019 -0.25766070771837052 0
18.073805064837551 -0.35343625499673781 0
17.96819120617662 -0.35131984400026639 0
17.87664792715621 -0.26786790518876269 0
17.795241190730572 -0.35928702182836142 0
17.938263191279109 -0.13046624978322069 0
24.501525048382291 -0.1247559922203557 0
24.577435827221692 -0.24257114554104589 0
24.706361876968341 -0.24386143840405899 0
24.64363912683223 -0.351279770210561 0
24.760177478861358 -0.34973596132710899 0
24.51341911225526 -0.3420894285441336 0
24.45047087682379 -0.23670285510422581 0
18.93446363187492 -0.12562116814952859 0
24.79194595962387 -0.12834214334634211 0
23.363581919271159 -0.12849384470261749 0
24.06775788962138 -0.12950212701003919 0
24.22345337362534 -0.1474561594230985 0
10.32067060872777 -0.062394703874851173 0
8.3965612106774792 -0.060820980693242738 0
20.5062450041526 -0.12568654942487581 0
16.78981601579428 -0.1236561373923904 0
19.355910723649821 -0.12570735930415411 0
21.93278947754748 -0.1252406844386621 0
23.502894240037389 -0.1234860760325539 0
21.504473384240629 -0.1254394161790239 0
17.081775806100371 -0.129734568290541 0
17.22288555652873 -0.1237871272103528 0
18.36496778100226 -0.1237897389182822 0
17.64448837602777 -0.12488618481326309 0
22.64642327046845 -0.12563368155489399 0
-9.0718829570466273 -0.1236756565013957 0
-9.1432852640633371 -0.24556680068110151 0
-9.2808094979579998 -0.24253621202882039 0
-9.0062654770249679 -0.2415625458184294 0
-9.2119421615008221 -0.35149223463914092 0
-9.0721578785489356 -0.33670508839199281 0
-9.3484077688208949 -0.34298028744250653 0
-8.9706938617358034 -0.33144006048806501 0
-9.4169261157711475 -0.25098932105497901 0
-8.8725245101407779 -0.26272283969754051 0
-9.44877541137447 -0.34683985993239391 0
-9.5469259399778004 -0.28240852088879148 0
-9.6593644207021505 -0.15694365467812441 0
-9.6985971794905517 -0.3175447818321806 0
-9.3537869858468454 -0.12583017785004441 0
23.071719622245329 -0.1245227026379314 0
-5.0738803212922861 -0.12367565650135021 0
-5.1452825137243687 -0.2473740522178719 0
-5.282555167585234 -0.2423834919191292 0
-5.0081896607507002 -0.2420466132188214 0
-5.2062026110696999 -0.35043107538196111 0
-5.0690359680882304 -0.33824445704558731 0
-5.325134980953127 -0.33352915702399039 0
-4.9671542470377146 -0.33161416810095301 0
-5.4229888855610966 -0.26167579407995789 0
-4.8721277020973757 -0.26223957387334618 0
-6.930095830750763 -0.12367565650135789 0
-7.0014980231828607 -0.2473740522178805 0
-7.1386707654423418 -0.24220052508903811 0
-6.8643292517038734 -0.24219299255890869 0
-7.0598372828064653 -0.35025569883741658 0
-6.9228036410442124 -0.33884578748314192 0
-7.1784917036582874 -0.3337871260243474 0
-6.8011785977911163 -0.33937209086354952 0
-7.2768064622563422 -0.26117248851739627 0
-6.7339613470698954 -0.23750243130299811 0
-5.7878093633916947 -0.1236756565013524 0
-5.8592116594006631 -0.24553565499448851 0
-5.9966021334621091 -0.2422901865073058 0
-5.7221686852222451 -0.2416310072051136 0
-5.9249586013573401 -0.35062295634361013 0
-5.785718878830914 -0.33725376173142291 0
-6.0617280057831504 -0.34239764195724071 0
-5.6839176183015523 -0.331492339430287 0
-6.1278532310761484 -0.24880887235445731 0
-5.5846031633541324 -0.26363451604157861 0
-5.5081299232631569 -0.35135170027781709 0
-6.1626919508352964 -0.34078474331868241 0
-6.2609685480731958 -0.28232698488546137 0
-6.3715299791162714 -0.14296896117148031 0
-6.3919216708665054 -0.31457601216108078 0
-6.5050168180562871 -0.22605125693169839 0
-6.5738688431654371 -0.3498752352257638 0
-7.5010485699577583 -0.123857857782778 0
-7.4280290276051648 -0.24300653370943229 0
-7.5665360136540114 -0.24116788412614201 0
-7.3706596647703817 -0.35085627076220771 0
-7.5022511467800834 -0.33612670470068912 0
-7.6026949911314041 -0.3312447403585449 0
-7.7006251102954053 -0.26263305438814583 0
-7.6405163309239841 -0.12521915561474631 0
-7.8468050817991664 -0.24853766371891911 0
-7.7813003916344501 -0.35398311582955699 0
-7.8936369818315306 -0.33703159427940249 0
-7.9863899556984581 -0.26126553772816918 0
-6.7895942332697476 -0.121529216868628 0
-5.6478169562850864 -0.12580126174658809 0
-7.2128216242414327 -0.12530199290153851 0
-6.068850063207802 -0.12550209039271201 0
-4.9341205465006803 -0.12526966349750551 0
-4.7276593796943764 -0.2476900569743675 0
-4.7848838206099131 -0.3669656459262482 0
-4.6715701231941784 -0.36171529680869691 0
-4.5752426216708271 -0.26151695664551872 0
-5.3572346515016847 -0.1255997574646095 0
-8.2147827426615461 -0.1242411235496228 0
-8.1418812634964031 -0.24453825619917141 0
-8.2804453968235059 -0.24156320045211091 0
-8.0909023620494125 -0.34929932120832241 0
-8.2191335225895816 -0.33688807097180901 0
-8.319483790996534 -0.33139954800436788 0
-8.4192838874880671 -0.26329241230076261 0
-7.9248638935679852 -0.12675416819770999 0
-8.9325344077232174 -0.12526952990142801 0
-8.7263402779672123 -0.2485466044738468 0
-8.7918387206332316 -0.35395201423786909 0
-8.6795668745492343 -0.3370404278050752 0
-8.5867506723043761 -0.26127066943738259 0
-8.496557343965522 -0.35049507733753882 0
-8.6478717050517293 -0.12618825811560561 0
7.1825351941856859 -0.059497312657535641 0
-8.3551979074841061 -0.12545881228228301 0
5.468669221574868 -0.056416186255590639 0
4.2545975475775988 -0.055016589478562292 0
4.1117614751678673 -0.056322916881810813 0
5.6114407536518032 -0.057084699033245583 0
7.0400785510697874 -0.059169014048358927 0
-4.6475539307380247 -0.12569028391287379 0
13.386759880464989 -0.056600389366712162 0
13.473301151866609 -0.21262814955987369 0
-0.85157346495527986 -0.42297564547885369 0
15.16600424893778 -0.22067623354216151 0
-2.4195817302798188 -0.16860056642831359 0
10.249165414707781 -0.062127726155122638 0
1.7496866283676329 -0.062393248216284787 0
-3.1177595899818562 -0.43176542750992042 0
-3.170972822824039 -0.43467793166866048 0
10.44731767318931 -0.44562344896381001 0
3.2251836100672331 -0.43650890283385441 0
3.2706246169496849 -0.43792365087826512 0
3.315590192455323 -0.44506814006976791 0
-4.569108198505119 -0.36756635455204961 0
13.98956148150039 -0.41976580809230751 0
0.080907742159101695 -0.68779394686742146 0
3.650129184053176 -0.43356150350166961 0
10.157634421425429 -0.44237955227920422 0
24.4065304958425 -0.35415951140948548 0
10.151354869969589 -0.12798702737189999 0
1.690383013216709 -0.13157177054726171 0
3.4337304398549242 -0.43081516977434331 0
3.5083874670630388 -0.43614934979308478 0
12.329512084794301 -0.43100121206708047 0
3.5787024717890419 -0.43304544697568792 0
10.615629120415919 -0.1923493466009121 0
8.1811271065020748 -0.059252685878938192 0
8.222269329520989 -0.35843395943239448 0
10.30303702872596 -0.43605646978284401 0
13.770145876905501 -0.203552996838894 0
10.10534166251319 -0.061104923853364468 0
10.577602133446209 -0.1299708906505605 0
1.609586061525339 -0.061043684908706909 0
-6.6845862174182118 -0.33165419026006387 0
13.571891851319201 -0.13003655948162529 0
13.5432795083027 -0.1981632434969188 0
12.40088013825336 -0.42739475895037488 0
10.034927951092619 -0.061393467839970607 0
1.5381931573155749 -0.060779881651404681 0
14.072159954130299 -0.42288434049698131 0
12.475965140317079 -0.43789667504207608 0
12.52057649046596 -0.44904745027907489 0
12.56746295594222 -0.43806611188592248 0
-3.0246240079510609 -0.081368426658565862 0
-2.209898921958525 -0.40563973548889071 0
3.721561239603453 -0.43329735330519431 0
9.9370832841418295 -0.1271847524016137 0
12.82734594863652 -0.43048017116881648 0
-4.424328661629592 -0.23925089274565239 0
7.9668771066971589 -0.058785858873631747 0
1.476035080147994 -0.13083537747871299 0
16.272257564309211 -0.35155312583975112 0
1.678332641470041 -0.44650653905174248 0
-2.8834391217649991 -0.29602481136630598 0
9.8911629498816911 -0.060359947290403747 0
12.90034294865001 -0.43402257454760418 0
12.677686292649669 -0.4341655882606712 0
1.395407348896059 -0.060251867786975 0
14.214645874122899 -0.17360280769496511 0
12.75280474129044 -0.43396058347208077 0
13.69123178408586 -0.20316280083081001 0
9.8207403900173258 -0.060682714959801681 0
1.321497576418309 -0.060973693129920951 0
-1.959078377278636 -0.35294543469470802 0
13.878711489107481 -0.40965853030142968 0
3.791545922935935 -0.43650342269194392 0
7.7526396534745574 -0.058315481120440882 0
15.03811762161601 -0.3737334050155105 0
9.7224149856976254 -0.12609882046174861 0
3.3978407627562728 -0.44240462863145602 0
1.2616580444148131 -0.13009562401195579 0
9.6769842372502772 -0.059614789886180422 0
-1.148550412476776 -0.47332712073078309 0
-1.1935448603217049 -0.42924381492594438 0
12.969542004141781 -0.44097683650262931 0
12.1062608523396 -0.066393626394928851 0
14.894776426667651 -0.42691778102453248 0
14.790916554043109 -0.42631749455442991 0
14.686816032296569 -0.42681341899397479 0
14.59667076130359 -0.42565251082388378 0
1.1787065003428501 -0.060359548845958413 0
16.33177069449242 -0.42372568335503269 0
7.4289166662350663 -0.43933091579373751 0
9.6086676825622384 -0.060982619512870359 0
11.911312818824589 -0.43509955259375432 0
11.95544118413191 -0.44235408086092493 0
11.867385739912089 -0.44374664675200698 0
7.5383948972332799 -0.057843556939078333 0
-9.0100485848167775 -0.41962773840742862 0
-8.9034550691023053 -0.41180570076848882 0
9.6582501387184472 -0.44422204258275988 0
-0.67370386830788553 -0.57667121479918038 0
-7.5633989681606328 -0.41953130252911702 0
-7.6698420218338574 -0.41173554376032651 0
-2.383689444792664 -0.43961004260995901 0
3.8644235348263059 -0.43303420060885389 0
1.106146207332495 -0.060740303944408991 0
9.5063635434475522 -0.12327606759461179 0
13.507795726210521 -0.39177107487498369 0
9.3700685907270369 -0.44272670777028211 0
1.0473360500286499 -0.12933867957906281 0
9.4628055246188953 -0.058869445174680048 0
-1.8123128402527231 -0.42781873907880719 0
1.541119994349339 -0.44572937578529831 0
-0.095424172315821731 -0.48702594014798012 0
13.04320609111142 -0.43363571122712591 0
20.852147146239631 -0.41792941795050842 0
20.957783002524479 -0.41111871250392751 0
7.648552694994911 -0.43015343504175119 0
0.96451893926951637 -0.059610157084758468 0
7.3241502674800776 -0.057680129593732352 0
9.3951507652922182 -0.060972028708576757 0
-6.3100745587157494 -0.36957915298597688 0
3.9367731550994169 -0.43216515809588019 0
19.613416375428969 -0.37757751654939958 0
0.89136204155833609 -0.060065917890109267 0
16.437585581008928 -0.42279257899678679 0
9.2910553746791571 -0.1223942164123009 0
12.64225419896283 -0.4368990032609219 0
20.241459923348689 -0.36706427865995311 0
-9.6074506006177316 -0.3656035216021607 0
0.83591742551012727 -0.12650939697979 0
9.2522516622783488 -0.061108216436418387 0
11.682974969379741 -0.19559804387601301 0
-0.86870690886483737 -0.52804592456221777 0
-3.4542431127756461 -0.18908904508306179 0
4.0063412342572509 -0.43770853449678732 0
19.00630461495955 -0.41578557085241291 0
18.902426153549889 -0.41020118363732339 0
13.11601669283686 -0.43308661013700661 0
16.235085149598859 -0.42229145365940379 0
9.1482292153602991 -0.1218632908849399 0
0.74872324810795576 -0.059262324960440711 0
4.0822798419253479 -0.43204338850294649 0
0.94399673263291028 -0.51408945191557942 0
21.57545301009548 -0.41606561767861761 0
21.47162221476826 -0.409759532888401 0
13.373164761752941 -0.15934773140480349 0
-3.402966109657549 -0.43096215780167518 0
4.1498868601179044 -0.43906749616734853 0
4.4449245109623758 -0.43932535798986122 0
9.1084136657427965 -0.059880752948910987 0
1.4568059286539881 -0.48516904995297477 0
1.467651453628817 -0.46272605919310728 0
1.491561944249618 -0.46884114438291852 0
4.5113432869829184 -0.43960788458897038 0
0.67530706473941504 -0.06007831527703697 0
1.4222515556925921 -0.48633275645821861 0
1.409248827819056 -0.47129738655141629 0
1.388827505886649 -0.47156452559768919 0
-1.439532639031893 -0.48600945927757289 0
-1.447037617965361 -0.4690508399076343 0
-1.471385783342209 -0.46473085468747788 0
-1.4059958737950451 -0.48540527773602588 0
-1.3957378505529849 -0.4679338777865365 0
-1.3678549107222659 -0.46661035573424092 0
-1.339708274755548 -0.44875666379373907 0
4.2207479633554579 -0.44354254458937242 0
13.252925399139169 -0.09582390544943542 0
-1.3704113213294891 -0.49104193810213742 0
1.388713168528126 -0.49062133028505411 0
1.353136142398726 -0.49039427652326012 0
1.360399095911738 -0.46405748164562621 0
1.3202334631498751 -0.49395269529600899 0
1.3091457865718179 -0.47262490507316268 0
1.2823861568179971 -0.47720013947780049 0
1.246473481089748 -0.46617693508906882 0
-1.336083920015485 -0.49226303600837928 0
9.5201343653134156 -0.44285320848551951 0
1.283973314051357 -0.49832676752240851 0
-1.3023968618552859 -0.49381223558053589 0
-1.2866143877461531 -0.47602560063345989 0
-1.2660929600056861 -0.48119403330261862 0
1.3353088776315201 -0.47792564047731989 0
-1.2678080404962151 -0.50040433841149023 0
-1.2401232669131921 -0.47726199178230427 0
-5.7178055632848928 -0.41636883212142312 0
-5.6138202764040033 -0.40924565491975617 0
4.2929951966419004 -0.4344676727751095 0
1.248060380330329 -0.50329611796112494 0
-1.2331731928017851 -0.50391443098102484 0
13.1864319129433 -0.43798416139055002 0
1.214742678977236 -0.50913967268609028 0
1.204975178700882 -0.49032290144535029 0
1.180415737954426 -0.49282493389426918 0
1.1500787840903559 -0.48806346068774198 0
-1.1989545702800131 -0.50835956537433202 0
-1.2038662392500661 -0.48771185581576437 0
-8.2855201166429993 -0.41643057669068961 0
-8.3894496327390531 -0.40911606251276778 0
0.85996848225437461 -0.5306080661496908 0
4.3668448811605503 -0.43610612825460288 0
-1.1649092860794561 -0.51393116707024933 0
1.1826809969178671 -0.5128101874900568 0
1.1444791735935149 -0.51527831260967827 0
-2.2422965204457048 -0.3486215839301926 0
-1.131283901750898 -0.52019629463544315 0
-1.473227640735064 -0.48672780810306682 0
9.0052963855128194 -0.1209684066590916 0
1.1128446576968971 -0.5237719298857364 0
1.1193588979426881 -0.50467337765455011 0
-1.0986810333340471 -0.52619234913548552 0
-1.0849260523415261 -0.50383412632845292 0
-1.0607692404414859 -0.51495185559970413 0
1.080269816208669 -0.53013987907414761 0
1.09400910490195 -0.51219213579934275 0
0.62257533883069538 -0.12556273313173169 0
13.05309453241161 -0.098113013113553749 0
-1.064073522670369 -0.53568228720980005 0
1.0465411870235151 -0.53709862618908588 0
1.036239500395036 -0.52503233226186108 0
1.012241836927009 -0.52734815267468438 0
1.014060813206433 -0.54680254700549902 0
-1.030119795068293 -0.53887987730232956 0
-1.0149207158144931 -0.52575696901101276 0
-0.99448538992606217 -0.5321314901940345 0
6.8196409645579621 -0.059007205460310887 0
-0.99710245635586647 -0.55075459895497025 0
0.9968150663033013 -0.54788840104149938 0
0.98066551373307909 -0.52824874527612287 0
0.95949648763754769 -0.53732240482073201 0
13.252779286997541 -0.44206401036678422 0
-0.98072758123204873 -0.54964637528833249 0
-0.96338468223847751 -0.52458950600947685 0
-0.93945705031940829 -0.54295211965978252 0
0.96174136240883845 -0.55612287012254424 0
0.92988967696562663 -0.56393638228550214 0
-0.9456790907236361 -0.56121978898153468 0
-0.91246629505770316 -0.56800187526679013 0
-0.91822694896345125 -0.54912752736539339 0
-0.89239952145009294 -0.55361096749714289 0
0.91244235139667451 -0.56744223783055348 0
0.91630981094152952 -0.53954221293222548 0
13.46310268725817 -0.43567267253600722 0
13.409966193425261 -0.4403146279298612 0
13.36767514402219 -0.44085572742595103 0
8.9640988140000886 -0.058064520012168733 0
-0.89654976072048409 -0.57419671062707811 0
-9.1113277162760244 -0.41687718266035068 0
0.87912774454012355 -0.576303242978362 0
0.84643672625122424 -0.58238774471861809 0
-0.86079271895276732 -0.57868188423399292 0
-7.4623132135498196 -0.41688282772897223 0
0.53450304065364529 -0.059002455143391239 0
12.822984462929689 -0.055084804740612572 0
1.491418593498183 -0.48789738678526567 0
-0.82922306571940763 -0.58902879074493153 0
-3.4942422622421541 -0.48644850338712481 0
-3.4874774184206498 -0.46743082643293232 0
-3.5168316986160271 -0.44907360985166289 0
-3.4507437729594561 -0.4392915426416788 0
-3.4607214430536559 -0.4709208386537298 0
0.82918652151274663 -0.58834373582364108 0
0.83310606027433964 -0.569801502770237 0
12.32495288636462 -0.19734551030539141 0
-1.0011703814121991 -0.49893023637545758 0
-0.81260597591961636 -0.59330582192165138 0
-0.81661715698746828 -0.56713549221401061 0
0.79437816381909854 -0.59774323358821591 0
-0.78157938202628197 -0.60137787978742974 0
-0.76706312758472128 -0.58134583349752378 0
-0.74184506591708499 -0.59460654238995603 0
0.76282061402550494 -0.60629238664625462 0
0.7750308394505937 -0.58828771187066697 0
0.74409922230298087 -0.589637346668897 0
0.7122833610904753 -0.59210064243479121 0
-0.74686634873518221 -0.61317936428085562 0
-2.0911062518083918 -0.48469207863664959 0
-2.0984724942138522 -0.46492366690215281 0
-2.1222259971241511 -0.46901544046492027 0
-2.149528585681781 -0.45874869062391149 0
-2.673645746343623 -0.48469207995813779 0
-2.6810320737857731 -0.46521627073314242 0
-2.704788917873318 -0.46951368027458679 0
-2.691822757720661 -0.4340863811163283 0
-2.639378717253456 -0.48465559182279982 0
-2.6319711049679499 -0.46564434816493272 0
-2.6054233679357699 -0.46711687784272993 0
-3.2561852408763881 -0.48465583378474453 0
-3.2487989251459291 -0.46507275045586011 0
-3.2222676838958511 -0.46704592603746381 0
-2.1243854223933432 -0.48738744633220288 0
-1.5079057152888891 -0.48226141643519732 0
-1.498107635723154 -0.45954847873365923 0
-1.5375771980757169 -0.4492267029357796 0
0.74754190767019468 -0.61162505120294208 0
-2.0568392227180481 -0.4846555952017495 0
-2.049452635880852 -0.46533053446137529 0
-2.025204959663458 -0.47122322627646412 0
-2.0230987468348589 -0.48830942171440161 0
-3.221988106208149 -0.48747396166663248 0
8.5481611946093476 -0.48464870279787359 0
8.5399450594501971 -0.4601404003561812 0
8.5139469977711144 -0.46667614848694638 0
11.767075896319129 -0.48490482692536879 0
5.3977583878865714 -0.48494441354389323 0
5.3878981297696971 -0.46186769682191431 0
5.3622684477462812 -0.46712596752180641 0
5.3337279871273777 -0.4552647664043995 0
3.3755131246894901 -0.48516673962453538 0
2.209278307859091 -0.4826964510510785 0
6.5613162406003616 -0.48460541528124901 0
6.5687800423602054 -0.46513399349822893 0
6.5947146469181153 -0.46638350233460663 0
10.56926209611346 -0.48464874442414813 0
10.56050666015747 -0.46425673576101789 0
10.535863361535769 -0.46638341072193651 0
9.7813753040005089 -0.48460734073293232 0
9.7937573538951739 -0.46898104739138008 0
9.8147591770363309 -0.46638997359364309 0
9.7976191519561695 -0.44327487159078688 0
7.3834589801902499 -0.484602975406977 0
7.3924509338451676 -0.45884284952462479 0
7.4183013326347886 -0.46861884663976311 0
7.3603915097699479 -0.44926147560797403 0
7.349203032707293 -0.48516673962465617 0
12.9671784199353 -0.48443100245902232 0
-3.2904522699665488 -0.48469169317513833 0
-3.301012386704905 -0.46997441083879871 0
-3.3240935669744371 -0.46435380300302442 0
4.1623268227109564 -0.48455731884532921 0
4.170492047388425 -0.46399653655188561 0
4.1977655265579514 -0.46669788837390958 0
4.1976777967350882 -0.48740627352460048 0
-2.7069296012317299 -0.48748709442276339 0
-2.7416889453975881 -0.48241823889324059 0
-2.7323543895951272 -0.45662537090253302 0
-2.7712855033760948 -0.44559162506565941 0
-2.1622252916911808 -0.48276875128806979 0
-1.54283378636293 -0.48498576862408183 0
4.6098715957795893 -0.48494685141689542 0
4.6000693061611839 -0.4613685068404082 0
4.5744494954823987 -0.4668223743966487 0
4.5488021544218817 -0.45794502595244813 0
4.5744712865914563 -0.48516673962457141 0
12.521851102654219 -0.48494739102635898 0
7.7945303499851661 -0.48460877225031501 0
7.8032901453932499 -0.46304711332536508 0
7.8279113074984377 -0.46639100654943477 0
7.8535784744790993 -0.45979911222610997 0
10.98033346591156 -0.484523796952604 0
10.98903116239056 -0.46400164020891382 0
11.01450887550163 -0.46678340783237882 0
10.94447541204101 -0.48508372282973228 0
10.948738178438241 -0.46355637465289301 0
2.999842064082697 -0.48494122077159002 0
2.994035555400167 -0.46360022621855562 0
2.9648772379804411 -0.4645749931886749 0
2.9645536836962618 -0.48551357776923593 0
5.7719636902283273 -0.48258277481896728 0
5.7837794804037799 -0.46604677240237991 0
5.8051764502110466 -0.46958875104173808 0
5.832505553204844 -0.45980950818568489 0
5.7561093391524008 -0.45751436980754562 0
8.9606620741949286 -0.4826343219157288 0
8.9502089445179021 -0.46645204419685848 0
8.9272079354162219 -0.4675933338262096 0
8.9920633593877497 -0.48264415144753731 0
9.0038697903400191 -0.46613507624879857 0
9.0252241954261017 -0.46961881828254992 0
8.9766305110856521 -0.45826868468308041 0
8.1727757886470762 -0.48263366008318281 0
8.1609792003211794 -0.46529522672477031 0
8.1391379569635589 -0.46809860628959588 0
8.1378421925256781 -0.48720389011809567 0
-2.6051740241177659 -0.48748815202768031 0
-3.1876511826960359 -0.48516194114791011 0
-3.1955544930966902 -0.4640644355841142 0
3.8208404419673392 -0.48452540094788821 0
3.8308016877001001 -0.46754441949376008 0
3.8542168573822302 -0.46639250406566052 0
3.7854401327791618 -0.48490589649135413 0
13.34483942815082 -0.48339395791068251 0
13.33277934373616 -0.46726427026461581 0
13.311666282109851 -0.46881653787602062 0
1.798595178770211 -0.48493902998997962 0
1.8030343823232 -0.46265413106203729 0
1.8331496725547829 -0.46637988931992402 0
1.764591882572883 -0.48511398108642462 0
10.15813396051022 -0.48066955554835289 0
6.9395561315333278 -0.48264570936770912 0
6.9304647756619584 -0.46516900145516282 0
6.9060197028670114 -0.46275790370965503 0
6.875805104802013 -0.45873703426692369 0
6.9709574167259287 -0.48263279501388318 0
6.9828081725319553 -0.46677959367711169 0
7.0068195742870714 -0.46717904620460238 0
6.9552453240328749 -0.45777765822084537 0
-3.3245431697991692 -0.48563320069244709 0
-3.361637584349888 -0.48294133503224052 0
-3.3497229462985709 -0.46099047000242172 0
-1.57710081545327 -0.48449992082388948 0
-1.568534058180687 -0.46753863677624502 0
4.9840763217053468 -0.48258126456853018 0
4.9958953168642068 -0.46604761051777233 0
5.0172928297043153 -0.46958990487775643 0
5.0446202038209798 -0.45981139653891312 0
4.96878831665195 -0.45827439296442118 0
5.0189547038438427 -0.48750218339160339 0
12.143891318633649 -0.48494014301343308 0
12.15083762511593 -0.46709749399229128 0
12.17721734941372 -0.46551938363959228 0
8.2041770738397037 -0.48264575973649282 0
8.2159794593212077 -0.46613932702695071 0
8.2377716517680426 -0.47129494104285669 0
8.1890802042963635 -0.45803365826843329 0
11.358293249932011 -0.48494095675946203 0
3.0338453602800168 -0.48511527645968289 0
2.586024226195089 -0.48513083462914092 0
2.5954497917851969 -0.46298704852196337 0
2.6214276429737668 -0.46804844813837992 0
-1.9900185159918831 -0.48757195249633151 0
-1.9945414575306111 -0.46292334550437853 0
-1.9606665015218669 -0.44229495168928218 0
-2.57084465907305 -0.48469077527056859 0
-2.5786473608099949 -0.46548223773344161 0
14.40726997687233 -0.1958587675779894 0
-3.1556278281296581 -0.48515151540148682 0
-3.146638626824446 -0.46221603989625137 0
-3.120136455526727 -0.46643534016621108 0
-3.0856007943408268 -0.45645048704047692 0
6.185966100636862 -0.4825837642051104 0
6.1732384470828556 -0.45591837451633088 0
6.1500899058028464 -0.46631735558638049 0
6.124489172751522 -0.45912362463308731 0
6.2017101653334787 -0.45886731435226058 0
10.91182157094549 -0.48516673962488482 0
9.4048453479146499 -0.48505615681116232 0
9.3942063693562812 -0.46793722195086918 0
9.3700973149235338 -0.48076512517159442 0
7.7602744025022936 -0.48464546514200069 0
7.7517982231955038 -0.46069476644031582 0
7.7256656943600586 -0.46811585653832699 0
12.556107050137509 -0.48455426459407003 0
12.59036299762062 -0.48461541676368319 0
12.59571543948371 -0.46254019219130932 0
12.62373558310412 -0.46639329530618168 0
12.657613292504401 -0.46514463283999302 0
4.539321114474248 -0.48291493578324168 0
12.931778110747009 -0.48490930111739239 0
12.94221128892262 -0.46330469114018857 0
-3.393538915812778 -0.48497537836810162 0
-3.3784895384659599 -0.4643853887326167 0
-2.7764468336141119 -0.48495194071669101 0
-2.2281743681697548 -0.48468802996699112 0
-2.2355267215327981 -0.46469973912538098 0
-2.2592838313105288 -0.46845872701402291 0
-2.286168069341735 -0.45774393537038149 0
-2.194192897655177 -0.48505528785945229 0
-2.182587355743582 -0.46750816168089332 0
-1.6122451660166011 -0.48336822522798573 0
-1.6012897560181929 -0.46810522607859012 0
-1.645634873633945 -0.48516194114778799 0
-1.6519144140526121 -0.4697209167676677 0
-1.6768699681216721 -0.46492762471523752 0
9.7471193565172971 -0.48464686210621782 0
9.7389939365604086 -0.46369483494434782 0
9.7130925125938532 -0.46429785295758669 0
9.7128634090344281 -0.48516673962443679 0
10.603518043596599 -0.48461637156698673 0
10.612630416823951 -0.46433016689836493 0
10.63703978468085 -0.4700500844370844 0
6.5270602931174651 -0.484658066764455 0
6.5196597260272249 -0.46371984686109419 0
6.4958824982383021 -0.46772985949247292 0
6.4679431421755034 -0.45737476948014311 0
2.2450668577533479 -0.48453137067594798 0
2.2522886493355072 -0.46860557369304112 0
2.2784393897903898 -0.46639301516066922 0
3.3409717109775321 -0.48501768538261758 0
3.3572273681494211 -0.4703439558221274 0
-0.73046736910964061 -0.61261884347185591 0
-0.71525179696042862 -0.59285090495956427 0
-0.72824849586841389 -0.55924610542183362 0
-0.69079992000440527 -0.60700668966345273 0
11.733678844312109 -0.48499921361831771 0
11.749064395071469 -0.46461162976041709 0
11.69970836305818 -0.48465855369695732 0
11.69114437618755 -0.46733049490276091 0
11.66730797094722 -0.46752074571255697 0
-1.955751486901546 -0.48757050262018159 0
-1.9214844578111989 -0.48756857250923208 0
-1.9254270043264929 -0.46302854535459381 0
-1.892413725074553 -0.44272886095819541 0
-2.536577629982784 -0.48465204440772353 0
-2.5266516948425362 -0.46210495189530337 0
-2.5024667107978469 -0.46583371766104148 0
-2.4777267598643831 -0.45979316514099372 0
-3.1191171245157121 -0.48516194114785399 0
8.5824171420922131 -0.48460522796307692 0
8.5908835887551902 -0.46434691889639229 0
8.6153135471834119 -0.46715590916269961 0
8.6407022981062021 -0.46037335872934698 0
8.5139052471265391 -0.48516673962499801 0
11.802476205507499 -0.48453264310340172 0
11.810338009920279 -0.46405770712241612 0
11.83775219928706 -0.46628260467047489 0
5.3247584657526401 -0.48216200196753428 0
5.3623580786983407 -0.48516673962457718 0
3.409937116595732 -0.48429168214564111 0
3.4439998068729079 -0.48462095713761172 0
0.70933185142208277 -0.61779988428952637 0
2.1778770226664239 -0.48279098148963628 0
2.1658101943443659 -0.46541223971028672 0
2.1438783471598168 -0.46759269327071218 0
2.1132046107476281 -0.45382648144814869 0
2.1427705972561522 -0.48654958228245271 0
6.5954006798502256 -0.48734339631674001 0
6.6298281355661546 -0.48454415804033341 0
6.6217352733545223 -0.46907636389183849 0
-2.8107138627042731 -0.48449625376420857 0
-2.800667537871794 -0.45912060240277131 0
-2.2614539624944858 -0.48727564208434171 0
10.535193737030051 -0.48578409402003297 0
10.4980424559298 -0.48291899897523499 0
10.509692009952881 -0.45978396110024811 0
-1.6789396020969141 -0.48656942011099691 0
9.8154568365942332 -0.4873446905685026 0
13.001434367418749 -0.48453400134395019 0
13.011032428904951 -0.46756525584274272 0
13.034808877761041 -0.46639150779353777 0
12.486525795999359 -0.48449184178710791 0
12.495894489488199 -0.46611124412544669 0
7.8285969303609564 -0.48578466827291139 0
-1.887217428720857 -0.48756616379161782 0
-2.5023106008924731 -0.48516194114779748 0
-3.0848500954255389 -0.48516194114789379 0
-3.052384653886473 -0.45754760742370082 0
9.3357625204902579 -0.48500531886303599 0
9.3436622537819183 -0.46406970804887232 0
9.3017920392361368 -0.48466048236352349 0
9.2930469322700873 -0.46483676196662971 0
9.2684164374944586 -0.4663908462004509 0
9.2435662858225811 -0.46121556967874988 0
11.014573305816111 -0.48742337741624969 0
6.1502448708053112 -0.48516673962463869 0
2.621791352647064 -0.48767638547749459 0
8.8947660435532363 -0.059703165400532422 0
5.8068407382009806 -0.48750190688455591 0
11.32118014336913 -0.48752595960809791 0
11.319962627676279 -0.46596836490561072 0
11.292443034727039 -0.4683735710423878 0
11.289742980878369 -0.48725880157551621 0
-3.4282967325088678 -0.48344148504502082 0
-2.8461906617230199 -0.48456114658384108 0
-2.836414134521879 -0.46751351313261758 0
-2.299224036081291 -0.48259130476206352 0
8.1001243482820797 -0.4829208501137342 0
8.1084307927638584 -0.45591195207567559 0
12.17887677214078 -0.48717057257769208 0
-0.69650907410075225 -0.62415249814278462 0
4.952769811793762 -0.4827187641556932 0
4.9409949112711233 -0.46625042591773741 0
4.9195667003370751 -0.469638712116975 0
4.8922411584107799 -0.4597950857245463 0
4.9178828063127122 -0.48751179098860159 0
0.67994418820490876 -0.62795832791923178 0
0.6903992068191297 -0.6084788099416848 0
0.66345187504659653 -0.60871387142872524 0
0.62958532230699882 -0.61040664583644932 0
3.854920483036643 -0.48734519666295067 0
13.31025807806285 -0.48672441695188318 0
1.730335935089969 -0.48511862731251221 0
1.74530062238034 -0.46466682932195452 0
7.0066787611599892 -0.48750250509073911 0
7.0408995053611036 -0.48466827639775989 0
7.0331843864080072 -0.46513383544701731 0
10.08967883134935 -0.48516673962490392 0
10.080648246166261 -0.46179298007721398 0
10.056016340787769 -0.46756575147263307 0
10.030599176964961 -0.45976966373940398 0
10.12218702640941 -0.48533873742585792 0
10.13096716838816 -0.46653433728167643 0
-2.4680435718021392 -0.48516194114778061 0
-3.0512522326896789 -0.4834688203817617 0
-3.0185713573225672 -0.45387664361911101 0
-2.975406817782829 -0.43683037803668778 0
-3.016316037245244 -0.48516194114789313 0
10.192732140027699 -0.48505250488988672 0
10.181999870926649 -0.46740295083303002 0
10.22670262128176 -0.48462065222583661 0
10.23560938594127 -0.46291895008867989 0
10.26008409336537 -0.46638761624745728 0
1.869395797146578 -0.48495520854927149 0
1.8596874485705721 -0.46738925360830902 0
1.8338263248776729 -0.48734267371380402 0
13.37801786005053 -0.48750743740616592 0
3.7514368365818078 -0.4851146227149189 0
3.7678892998025848 -0.46577883340280019 0
5.0567639987676687 -0.48292127407816721 0
-0.66337063013166808 -0.63224744960886348 0
-0.67017792560414424 -0.61241074576643051 0
-0.64546912971521864 -0.61390262781526594 0
-0.61669795697993268 -0.61805993231817535 0
12.109888022435859 -0.48511475637514201 0
12.075632074953459 -0.48511892791384681 0
12.09159693469095 -0.46515075183385318 0
8.2394404641640531 -0.48832568405839 0
-3.4615742209446179 -0.48824894418988568 0
-2.913514949974755 -0.484565060245571 0
-2.9049584310501939 -0.46205541036536762 0
-2.880338252557864 -0.46427865370891502 0
-2.8799457967239999 -0.48680052100158749 0
-2.3312610140165342 -0.48496499394844711 0
-2.3138324384128919 -0.46943350919075399 0
-1.7136878515006679 -0.48242410965191379 0
-1.704495261192539 -0.45979272793698939 0
-1.7416173737577401 -0.44741440682142342 0
8.9257658360778702 -0.48710287677089692 0
11.39169030193856 -0.48505468288786152 0
11.374897478112381 -0.46668109125114099 0
11.425660783192839 -0.48462123231654342 0
11.438026925090471 -0.4690062836572968 0
11.45904654248044 -0.46638539580742389 0
5.7405624050356714 -0.48259438757079121 0
5.7306095141397364 -0.46731564618129462 0
5.7032236119730344 -0.46470130817368749 0
5.6777646952088912 -0.46622528970006538 0
2.5533703850995502 -0.48516673962456791 0
2.5462313513810342 -0.46232387645805112 0
2.5199973696316049 -0.46639332419243767 0
2.51929102401964 -0.4873453606883062 0
6.217587210568106 -0.48135512140014791 0
6.2256953543943174 -0.46309708941238342 0
6.2505947793420926 -0.45949142667846582 0
6.2793874294747889 -0.45790326320616082 0
-1.8169700190856619 -0.48516194114777189 0
-1.8529503996305161 -0.48756327848890901 0
-1.859803805448567 -0.46749251014900101 0
-2.435489894166325 -0.48746131126544351 0
-2.440322110879444 -0.46647261852443478 0
0.6650881283252037 -0.63272327518406224 0
7.6890556381487212 -0.48292071259220382 0
7.7006381896285134 -0.4598693559973262 0
7.7260894967446214 -0.48569793781494652 0
4.5063941922171411 -0.48507017844037631 0
4.2319118117623153 -0.48454076796679851 0
12.89777481454909 -0.48511611283271983 0
7.4511982376414796 -0.48351433655746051 0
7.4589646714074744 -0.46047452861222637 0
7.484575766645948 -0.46639492713924158 0
7.5108237668496383 -0.45667355474402288 0
7.4178322086654873 -0.48779046517777119 0
9.67904184163989 -0.48245956238575383 0
9.6880587976887114 -0.45980625388301632 0
-2.3652424845311222 -0.48455514314865061 0
-2.3580683609100088 -0.46135696912301583 0
-1.7484359609049791 -0.48495224034749751 0
10.637627149800039 -0.48807671273719078 0
6.4937647908670533 -0.48712967734227353 0
3.3070012297236411 -0.48466314267588212 0
5.4311554398932547 -0.48493782101255051 0
5.4166309388966747 -0.46687390811936852 0
8.6509290370577627 -0.48516673962509538 0
8.6162330584378388 -0.48648719852421168 0
-0.64822083776901174 -0.63717312388598124 0
-1.783821991601281 -0.48301481610296487 0
-1.7689292350972221 -0.46109781402019828 0
-2.3995095136214681 -0.48468047416156912 0
-2.4104944558294639 -0.46053069390116719 0
-2.9489454282132361 -0.4829440127497085 0
-2.939215221792411 -0.4674668369182482 0
-2.9820490081550459 -0.48516194114788119 0
8.4789016968704267 -0.48322491333000278 0
8.4886390110227072 -0.4590398441664999 0
0.45676433195110522 -0.06186498688865899 0
24.94315669375214 -0.38337658698931448 0
0.62646374458361809 -0.63866112660527408 0
6.664843696211304 -0.48345191966778989 0
6.6537633404128371 -0.46351533484053142 0
10.466208787435001 -0.48502899414059231 0
9.8498871989668473 -0.48455102875585532 0
9.8401488920119231 -0.46848789144967717 0
7.3149470852243494 -0.4851667396247667 0
7.3048336604268194 -0.46118344971929742 0
7.2800810742244568 -0.46816874720437701 0
4.0948880218306796 -0.48516673962457019 0
4.1024520585418953 -0.4641833766588892 0
4.1283406737176511 -0.46634995222608627 0
4.1286470155777826 -0.4872387028079721 0
4.6438748919769486 -0.48511775343109009 0
4.6312843362037759 -0.46620275300151143 0
4.6758688911408512 -0.48802481343282089 0
4.6685898527665941 -0.46827158466498392 0
4.6505763202764303 -0.43469818267922389 0
7.8637879370045667 -0.48322200996426079 0
11.05039165699435 -0.48282729006729819 0
11.042616436891979 -0.46096684090979129 0
6.0814475096105287 -0.48502970380711302 0
6.0925611446371004 -0.46433163068969763 0
6.0583477001892172 -0.44750376741483422 0
6.0125002133341816 -0.44381129970462319 0
6.1135013494526413 -0.48229299785631591 0
2.6553662702009859 -0.48351376233318971 0
2.6674238380187449 -0.46744784393860228 0
2.6895146653906639 -0.46639036061800149 0
2.6902182731031061 -0.48734476797341919 0
0.59704617675510641 -0.64910635701909236 0
0.60323239662351158 -0.63007961994350259 0
0.57547052832087775 -0.63328525859661655 0
2.9306168993733661 -0.48246236040957557 0
2.939621900715073 -0.45980933875544711 0
2.9072554250518698 -0.44354750846989938 0
5.8446504475626657 -0.48292055791344279 0
-0.61363470222569549 -0.6449525122979971 0
11.251678504799999 -0.48291696013190588 0
11.26384666127818 -0.45979675933575082 0
12.53843196530444 -0.074930592204923097 0
9.0268955984548658 -0.48750783853723723 0
-0.58029912165158171 -0.65264408689032027 0
8.0682924636195672 -0.48494862559894619 0
8.0801459545807237 -0.47013101498530602 0
12.21277603361785 -0.48351481470615909 0
12.2214192705401 -0.46710076562339548 0
12.24614735898562 -0.46599532467981031 0
4.8800724592761506 -0.48291621571040522 0
3.888578186823116 -0.48351218494959097 0
3.8988236031987178 -0.46602267035647482 0
3.9235697761292179 -0.46432758752643799 0
13.2412259998005 -0.48455021450469632 0
13.23287424291194 -0.46365234650069681 0
13.207800119125871 -0.46636593813201999 0
13.275911996943501 -0.48246357016327579 0
13.28723626987953 -0.45603881257760359 0
7.0751554528440153 -0.48462177810137608 0
7.0842124086526059 -0.4620416403578978 0
7.1085831275537936 -0.46636509213848287 0
7.1358797663005884 -0.45863720926596813 0
10.26078367368501 -0.48734421909926512 0
6.9044283719834167 -0.48585876319886162 0
13.44539144679902 -0.48802572503608738 0
13.41099853983024 -0.47823528012743349 0
3.7171808890988749 -0.48511887871967091 0
12.04363807578925 -0.48802575168539891 0
8.8880119801059045 -0.48292115486234488 0
8.9001585141425217 -0.45981051431099451 0
0.58045039815073951 -0.65322559396841595 0
11.459742693036871 -0.48734377501125847 0
5.704923712127127 -0.48652416133062321 0
3.067209597343298 -0.48516673962460249 0
3.0534870117703141 -0.4662037998741777 0
-0.56370852354588574 -0.6566802323294374 0
-0.55126167195089848 -0.63686957856059256 0
-0.52795689428208692 -0.64759289698609546 0
0.54555566309665249 -0.65845822216052374 0
0.5515819895884434 -0.63964962829847094 0
0.52566910957856283 -0.64248973104475748 0
2.4865712875078798 -0.48754925751366168 0
6.2525462453742371 -0.48498185237032471 0
6.2872686607370261 -0.48516673962462509 0
10.875852826087881 -0.48753732474972422 0
10.87458760897629 -0.46746278665721708 0
10.84440077917165 -0.46514849251163859 0
10.843595857366299 -0.48590432520177951 0
9.438815829168794 -0.48462156162594672 0
9.4477014990444506 -0.46235388231505581 0
9.472205181759275 -0.46638357728688051 0
7.6575065600535774 -0.48516673962475387 0
12.658307660941411 -0.4862287861021562 0
12.624618945104119 -0.48516673962525853 0
4.2673121209505434 -0.48492366661681391 0
4.2593150550220731 -0.45839790453169138 0
6.6058889512475227 -0.058349441383646207 0
12.86351886706632 -0.48511934892789699 0
12.87886246735547 -0.46597483473265439 0
-0.53143115481492142 -0.66744565943745016 0
7.4857465728956338 -0.48637727977277051 0
20.749934792529409 -0.41721525580048269 0
9.6443515140678322 -0.48445812797196908 0
0.53079664333178656 -0.66529327805635774 0
10.673453114195549 -0.48265369750382392 0
10.66169305391502 -0.45916550696189762 0
2.279146122147087 -0.48734529888195238 0
-0.5150037401191645 -0.66647899193646909 0
-0.49975870332704941 -0.64282962616262096 0
-0.47188353622083018 -0.65594636746258428 0
-0.43244629286882252 -0.64408091075855722 0
-0.4176601397701446 -0.66973331138633496 0
-0.38430193090746367 -0.65252110450916767 0
-0.36793270371501863 -0.67963552885869039 0
-0.33958075488078338 -0.65965528920618155 0
-0.31065878641653211 -0.6807046373765131 0
-0.27995154033122083 -0.67828489024139882 0
-0.26769372064586761 -0.69777535966423709 0
5.4658862741968912 -0.48345031183997861 0
5.4553610518962374 -0.46781559759661001 0
11.666298417984271 -0.487440183313396 0
0.49553878906487159 -0.67042476870616197 0
0.49836897497157517 -0.64808992899291895 0
0.47776187495136402 -0.66231765039747648 0
8.4458284257608529 -0.48509303145100308 0
8.4371771101301434 -0.45931263918256782 0
8.411022999546919 -0.46613652891677942 0
8.3861249950804755 -0.45972671267723209 0
11.836936162250099 -0.48732321678386931 0
11.869275303099929 -0.48754872919371889 0
8.790836660333472 -0.1198057731020329 0
5.2929544733128671 -0.48511953581030992 0
5.3024101706033129 -0.46740586754622349 0
5.2595902362497178 -0.4851667396246212 0
5.2762455833531554 -0.46907770705063939 0
5.2422352789405426 -0.45737330550857003 0
5.2020597904103916 -0.44291278345716922 0
5.1620512595320651 -0.44011838059812491 0
3.5108241172469721 -0.48744318844371598 0
3.478040452282523 -0.4841244136359204 0
3.4680171934628028 -0.46545827987734067 0
-0.47976809238299012 -0.67780994326468869 0
2.1046228222792269 -0.48192309788259258 0
10.432238306180841 -0.48466072256384812 0
9.8848954721788047 -0.48346272520901667 0
9.8748081411677795 -0.46137057749285082 0
7.2437301249270947 -0.48290682011755209 0
7.2530350568649906 -0.45781544667251117 0
7.2807490428704522 -0.48570049543346139 0
0.48103887168636889 -0.67799970376807339 0
13.03551402747369 -0.48734499740848319 0
13.069171696250571 -0.48350929507051199 0
13.07890804582803 -0.46696023152234378 0
13.10364270804328 -0.46515972559822549 0
4.0618545328283284 -0.48293854331411901 0
4.0500197792809152 -0.4658503866873005 0
4.0271451184533813 -0.46633759298936139 0
4.7097822791489419 -0.48754817150673518 0
4.7029310896524734 -0.46740737828458268 0
12.417596229218709 -0.48274696919645083 0
12.42938738244883 -0.46620956056061957 0
12.452581379094759 -0.4663281221327778 0
12.45285279153323 -0.48723442667278621 0
7.896863004357872 -0.4850921341672228 0
7.9030122977434871 -0.46677642754829513 0
7.9298375933708876 -0.4612465609224955 0
9.2338540431218519 -0.48269248739984932 0
9.2677257115904794 -0.4857843719669529 0
11.08179294218712 -0.48281451610320858 0
11.091342707944261 -0.4599661182191247 0
11.1171018699212 -0.46764524651205819 0
11.143183890061771 -0.46071491120272101 0
0.44555605231074102 -0.68136738237736261 0
0.45034611681458547 -0.65796422441123026 0
0.42873177700798792 -0.66877044451277934 0
2.7229373251399842 -0.48754772581630529 0
2.7201181158262462 -0.47014049608200842 0
2.8629556073240678 -0.48276237072641459 0
2.8955204036052602 -0.48466332549165819 0
-0.46385165995950361 -0.6788520722428355 0
5.8764827571711784 -0.48503004779972558 0
5.8666151890631326 -0.46586762962472827 0
5.8997105511033334 -0.44945856011204222 0
5.9449885881331008 -0.44409654314487002 0
11.220125098293771 -0.48516673962488532 0
11.22999204546324 -0.46591570562366103 0
-0.43062339101331482 -0.68744020353390367 0
9.0965418205661024 -0.48506736804094469 0
9.0849179967244176 -0.46760045156621238 0
9.0518788736814848 -0.45900262987846918 0
9.0641312090934782 -0.48281733996296028 0
12.28128513382846 -0.48350831874642891 0
12.29161944728202 -0.46601846802448721 0
12.31635507644377 -0.46416582282540869 0
12.24747229002819 -0.48726576078573569 0
3.923608284416066 -0.48516673962454648 0
0.43125945904773849 -0.68841156659447622 0
1.696686231797722 -0.48503013640043241 0
1.710230669263699 -0.46651299742291402 0
10.05554321719138 -0.48566899473066999 0
-0.41363666320334908 -0.6899590388613368 0
0.39545742545955909 -0.69155053724445659 0
0.40060862476579989 -0.66824346393444767 0
0.37652659431073421 -0.67869322003732002 0
0.34925127525508198 -0.67656087228530082 0
0.41139822956822708 -0.12340700284700649 0
6.8663706324980804 -0.4827392063648373 0
6.8350783542346569 -0.48502701487209537 0
6.8469874705786413 -0.4666783814754738 0
1.9025073829242289 -0.4851667396245527 0
1.889816130201901 -0.46502445951314669 0
1.935419980826719 -0.4827633206503309 0
1.947266754299017 -0.46626246987276998 0
1.9720397422701821 -0.4660907693856513 0
1.95578929105592 -0.4392658774530202 0
13.47887368623695 -0.48694453545850652 0
3.6820688996130722 -0.48534727063797328 0
3.6986635859079731 -0.46586625484429278 0
5.0883104988351038 -0.48516673962454948 0
5.0749687864331623 -0.46774536745399842 0
5.1028932193388137 -0.46100530008937057 0
-0.38017918921119859 -0.69654895503579439 0
8.2748699741512617 -0.4835453853374645 0
8.2606153591440492 -0.46256912080294599 0
8.8547169695328929 -0.48534723337226388 0
8.8650287088261663 -0.46741284050783649 0
5.6706616060445194 -0.48516673962456019 0
3.137155299020518 -0.48267234001392562 0
3.1253467880781969 -0.46612486386936203 0
3.1022077378235888 -0.46632142195947202 0
3.1016139834256502 -0.48733098024171301 0
6.3230026098557008 -0.48248481665402609 0
6.3129391703059241 -0.46576211965049558 0
6.3386358904303162 -0.45938381829228397 0
6.3671004793162762 -0.44054630234365999 0
0.38043799246831539 -0.69736996181065669 0
9.4728984576734501 -0.48734341130714992 0
-0.36339880329487778 -0.69947224235686689 0
0.34496498181964153 -0.7006867181833587 0
0.32538358325079741 -0.68801883182666945 0
4.4717034441426726 -0.48453807860557868 0
4.4616654546407117 -0.4650315342872236 0
4.4386766350599878 -0.46861997219988277 0
4.4108134695602752 -0.45769136274323968 0
4.2990534688288067 -0.48802565759163291 0
12.830154630002561 -0.48516673962443568 0
12.111017450456281 -0.2016236491648947 0
-0.328593037624416 -0.70395766730009035 0
7.5214114586098333 -0.48105185118442478 0
0.32994469614304012 -0.70738541799793331 0
9.610095566584711 -0.48452997555500471 0
9.6015315797143543 -0.4673025474463916 0
9.5786217957019151 -0.46303830446951932 0
6.4558340747510004 -0.48250889309534351 0
15.511087352741431 -0.41533622550575833 0
2.3148977513353208 -0.48280443138303453 0
2.3028693945225212 -0.46544933135956501 0
-0.1087580780145482 -0.69238933723166574 0
3.237439863188365 -0.484536505163771 0
3.2476921081994861 -0.46341301061649393 0
3.2720163381753351 -0.46631574642212309 0
3.2951118083134112 -0.4649114750660619 0
3.2725994934276512 -0.48732984513424321 0
0.29484797614381753 -0.70907816052831507 0
0.30085185660950642 -0.68592721622591912 0
0.27502656705555789 -0.69686653257323172 0
5.5351185758674299 -0.48256873693002672 0
5.5263934149025058 -0.46655620149329541 0
5.5013909971629982 -0.46605965781484782 0
5.5532285489711253 -0.45951646258943518 0
5.5883124842291538 -0.4389821945957178 0
5.4997836943366361 -0.48727862741278821 0
11.63239212910549 -0.48456313719987831 0
11.623637934393059 -0.46292556426828452 0
11.59813481333916 -0.46752205280392301 0
8.7180092417372297 -0.48263452539845569 0
8.7271165461426232 -0.46519695325293542 0
8.7518571196940211 -0.46428200808211229 0
8.780795635876542 -0.45967937868975772 0
8.6866079565445222 -0.48256605880647208 0
8.6762654907504047 -0.46633848548788348 0
8.7022911625749177 -0.45773286904930333 0
8.4111374046777083 -0.48516673962465751 0
-0.31206527057838512 -0.70712282260624648 0
11.90353125058305 -0.48754212800660451 0
5.2267162231983528 -0.48247030120329448 0
0.27943772283841439 -0.71553222765852709 0
2.0737871203387832 -0.48516673962454798 0
2.0823511072095169 -0.46740937180400499 0
0.2443395230245318 -0.7162264961971726 0
0.25085913814208199 -0.69328504494793519 0
0.22578240017374329 -0.70335542076798996 0
0.2007808429971151 -0.69980795731600731 0
6.7333459269872673 -0.48354956881468031 0
6.7246761839851521 -0.46710567097512973 0
6.7025583617766111 -0.46280411681845818 0
6.69918369678091 -0.48662751921351027 0
12.07560176571552 -0.14126696589367571 0
8.7498966644112723 -0.057371384396139202 0
7.2121792427757274 -0.48516673962464851 0
7.226108192803423 -0.46893302958616068 0
1.525691960612181 -0.48467152116748219 0
13.10420220986795 -0.48516673962446338 0
-0.2290131218235428 -0.72106371819417081 0
-0.23624379560535 -0.7039546103111668 0
-0.2145302443081466 -0.70114751373573392 0
-0.18494432994386381 -0.6969615747355894 0
16.541032543508219 -0.4176126441910567 0
4.7472349952555231 -0.48256341283628568 0
4.732395692975337 -0.46636642731573702 0
4.7621910493737918 -0.45711509161550928 0
4.7215799869056303 -0.43859570991792901 0
0.2289733504088777 -0.72226129954362095 0
12.386194944025959 -0.48272561943454217 0
12.374326169589841 -0.46620156980627608 0
12.35121872407643 -0.46628250152247741 0
0.19370059987474819 -0.72225187540562552 0
0.1774500927564841 -0.70909521749024718 0
7.9310716396378531 -0.48563975084165728 0
-0.21352087507615769 -0.72398147082918107 0
6.0474770283566297 -0.48456923043982558 0
0.17860003489700971 -0.72788226552494617 0
2.8274179649628608 -0.48452361247204773 0
2.818529113227366 -0.46368563746198999 0
2.793792601615809 -0.46627498087471031 0
-0.17697131327611021 -0.72303302958523852 0
-0.1596746211264973 -0.70822975380330111 0
5.9447091859078984 -0.484817617802972 0
5.9104532384250117 -0.48341922679925048 0
11.185869150810669 -0.48516673962429158 0
11.169933868585741 -0.46858344955578513 0
0.14295401383795681 -0.72677593170875432 0
0.14920752840213949 -0.69935736335475884 0
0.12429169544771559 -0.71425099062358166 0
9.1305123018202359 -0.4846043265216754 0
9.13802235506183 -0.46635453461983128 0
9.1641446690529911 -0.46627184488158502 0
8.0343219823655136 -0.48454314266526177 0
8.0418724880662875 -0.46685354006146079 0
13.328813184261531 -0.4408788936975504 0
-0.16132951677024651 -0.72816531027392839 0
4.8474082755413734 -0.48477983794200918 0
4.8603785774219874 -0.46448666686375162 0
-0.12735328635858759 -0.73031832986391454 0
0.12705637485445651 -0.73220613668148316 0
13.17378944930096 -0.4845500808938179 0
13.1656256804105 -0.46334826514408828 0
13.13907080099254 -0.46626695255814798 0
13.207473217178631 -0.48724214067212412 0
-0.1104503217849402 -0.73166937056979209 0
0.093469734195075344 -0.73288613566201977 0
-0.076484601041151193 -0.73368050922978212 0
1.628459803060919 -0.48494819972206232 0
1.6627157505438339 -0.48456763857003238 0
1.6545767704383401 -0.46570273557285929 0
-0.057918933407889263 -0.7366397466707979 0
-0.055424683587907843 -0.71553176334637569 0
-0.025559200117013899 -0.71537142401711828 0
7.1466547559458471 -0.48269353683133459 0
7.109227653939703 -0.48578177478947221 0
10.018457834414431 -0.48290078527253849 0
-0.02559397179533935 -0.73697681307490981 0
0.026718596260429731 -0.73367267661877167 0
0.017438891007465131 -0.71005299726876303 0
0.041689660863419242 -0.71785191329962617 0
0.042555633572129353 -0.73535214754465739 0
-0.0085004061166705103 -0.73527687190171942 0
10.327757666357231 -0.48733568013575979 0
10.29350171887404 -0.48754649449773979 0
0.07493107171053548 -0.73601801953622736 0
15.883241111483891 -0.35684899033958878 0
16.02431911944818 -0.41555365958932722 0
6.8011078729807384 -0.48464624480173008 0
6.7907467726481574 -0.46180502189276662 0
6.7674526955899958 -0.46626164711148549 0
1.971221101873986 -0.48701631211393348 0
0.3202863644174419 -0.058302533782504093 0
3.649560704552727 -0.48516673962459089 0
5.1209599395666849 -0.48170869437612129 0
5.1333456188590887 -0.45666107650099019 0
5.1578785107707663 -0.46836989466731482 0
11.974059349855031 -0.48312501187783302 0
12.008011890406619 -0.48516673962481388 0
12.01669069691253 -0.46349092038258483 0
8.3426255097118212 -0.48516673962477869 0
8.3361844103622129 -0.46709249613569209 0
8.3103891551748674 -0.46419884348583468 0
8.3087734808180862 -0.48690646454698561 0
8.8222087744726139 -0.48516673962463869 0
8.8100275573580724 -0.46424379750270001 0
11.492459880785059 -0.48754551890826031 0
5.6021497110788392 -0.48516673962461349 0
5.637775896460993 -0.48802115781771238 0
5.644969645432325 -0.46739362801180678 0
2.4152360209668382 -0.48290816807839221 0
2.4019158678020869 -0.47111236108241511 0
2.38225298978747 -0.46792143738428449 0
2.4496921374767151 -0.4835670425156634 0
2.4606473170643359 -0.46051580110284501 0
2.438313848930179 -0.46464053413806322 0
6.3549756932470771 -0.48308692638924072 0
10.80828831597708 -0.48317696699533602 0
10.818466992152199 -0.45976327434222508 0
9.5073277241351697 -0.48456813583632868 0
9.5419401304889782 -0.48248487957056369 0
9.5506585027641773 -0.45970953262604392 0
7.6242975234246027 -0.48318895562035752 0
7.6123097663756454 -0.46500878067517859 0
7.5902772531380371 -0.466904131544708 0
7.5665447508782053 -0.45755997591078518 0
12.690424660822391 -0.48639415370630451 0
12.686955386973761 -0.46692712183188723 0
12.71471330509298 -0.45127609340911962 0
-0.0070374138554457136 -0.69261653668435219 0
4.4377443644304293 -0.48625751521011129 0
4.3689356016939156 -0.48516673962459339 0
4.3360120560330824 -0.48278346874999561 0
4.3215344560267512 -0.46238754642044499 0
12.79733003522654 -0.48263564934363551 0
12.78828112606282 -0.46535388820509471 0
12.762340284853471 -0.4663050977394837 0
12.76187142271692 -0.4860700843282969 0
7.5540927693869193 -0.4811960125654467 0
9.576721636211337 -0.4861858716294698 0
10.70485439938837 -0.48263521137238319 0
10.71669692240563 -0.46610090668578108 0
10.73985255764546 -0.46630136194626398 0
10.692292637057079 -0.46151206402925199 0
10.72622666046508 -0.43867041910095639 0
6.4242924506686512 -0.48516673962462847 0
6.4378231483495476 -0.46671705058041818 0
6.3891731384499781 -0.48274501033580047 0
2.3820906476849881 -0.4851667396245542 0
2.3466347287621989 -0.48113128300575642 0
2.35721117195079 -0.45931435320595299 0
11.895616980966411 -0.070514735170721404 0
11.59723313362689 -0.48614529268877338 0
13.442449811341991 -0.46890885238687369 0
8.3760657472792595 -0.48316608559278712 0
8.6796770200633624 -0.058278082630413147 0
11.937787198066131 -0.48752808029424499 0
5.1910783412838244 -0.48451855375613012 0
5.1811100996156476 -0.46519347777921921 0
3.5450800647298921 -0.48754190160852018 0
3.538228875233338 -0.46737602879350643 0
2.040830616386113 -0.48282418627555818 0
2.0311186597090272 -0.45995328425467857 0
2.0047555544738902 -0.46772466859688938 0
2.005169022301057 -0.48734309195618108 0
10.36543920858856 -0.48732612724472518 0
10.365202691799279 -0.46464091866313861 0
10.39734466954139 -0.46627666852007038 0
10.422132587442119 -0.46416647919749282 0
10.39785482086638 -0.48732202955378839 0
6.3927076893522141 -0.057591095109503831 0
19.110252752733299 -0.41761072264344612 0
9.9540843112921742 -0.48263821807382579 0
9.9422644654306396 -0.4652446556325594 0
9.9177064664431906 -0.46413274989591591 0
9.9182605684352101 -0.48689324582895699 0
7.1779232952927829 -0.48516673962464552 0
7.1685860099384664 -0.46664416435993522 0
7.1978836720138126 -0.46449535982081169 0
1.5596624418660741 -0.48500041245125408 0
4.0268649380979653 -0.48723426257155061 0
4.7787123108230727 -0.48106850352183861 0
4.7920047470200986 -0.46439791498245492 0
4.8142629189718038 -0.4654902542110258 0
9.1990241967866027 -0.48453582109407611 0
9.1919825955291596 -0.46196029487631712 0
9.1646435332533436 -0.48732106482609078 0
11.117357255844301 -0.48516673962456758 0
6.0132210808737456 -0.48452422569549292 0
5.9772523360167087 -0.48741188538695063 0
5.9756806848732316 -0.46307205029330578 0
2.759961099745182 -0.4845415726625818 0
2.793618448126177 -0.48721874816540761 0
3.4191587492166411 -0.46134668684514862 0
11.15327072465365 -0.48325827725953652 0
8.0003515011116946 -0.48504038456245591 0
7.9850706954848176 -0.46566518049375388 0
7.9579891475279787 -0.46312272052965792 0
7.9677253390965408 -0.48317317733521581 0
11.104370999053859 -0.066372875238985204 0
2.747326441975197 -0.46364790279846563 0
0.24276743792661701 -0.061329805839809681 0
12.35057136523802 -0.4851667396249893 0
12.316320073861849 -0.48663127555750152 0
4.8142629189717647 -0.48516673962465579 0
3.9931889508096701 -0.48453891680208627 0
3.9851218051777528 -0.46299193428655211 0
3.9584662563018371 -0.46626139808595968 0
3.95786423189901 -0.48516673962460782 0
13.1384581573513 -0.48516673962357121 0
1.593059493872738 -0.48490714116013228 0
1.601237882435091 -0.46217780035332862 0
9.9869109888994281 -0.48516673962476831 0
9.9973873586003172 -0.46536156816605467 0
9.9671150668380957 -0.46191796427373388 0
-4.998385665186194 -0.41789942109322309 0
-4.8942126655105858 -0.4064919452081911 0
6.7669720795162478 -0.48731902527211568 0
3.579336012212802 -0.48752769361932458 0
3.6153047570698509 -0.4845195964385709 0
3.6004933722475121 -0.46207906787735981 0
5.1570034031387699 -0.4859313838795416 0
21.678984595451301 -0.41782312257184118 0
24.314770018558509 -0.36532378139940019 0
8.7904539809011659 -0.48236312657173808 0
8.7532021405107034 -0.4860725418610814 0
11.561870978027439 -0.48316673971442758 0
11.571935027675959 -0.4597278767071416 0
11.52842862564245 -0.48516673962432999 0
11.51819186693136 -0.46375563736285769 0
5.5678970130439538 -0.4829869380058196 0
3.168556584213182 -0.48264677442775628 0
3.1804377653957498 -0.46609368802041179 0
3.2036557014041458 -0.46625134916916211 0
3.2037893713314278 -0.48721246352763842 0
-3.4224931370178688 -0.46196171074484099 0
10.74040397835255 -0.4873269682390271 0
10.77479778101244 -0.48516673962443568 0
10.76826343613669 -0.46841075013619488 0
8.5766907578409146 -0.1191239941626954 0
7.5892921126940767 -0.48608118172272552 0
8.9374801549555727 -0.43732638052374778 0
12.726369206825879 -0.4797732780219971 0
0.79672196617710977 -0.5751993767775897 0
4.4001744372017804 -0.48252796553932892 0
11.46851126344205 -0.074381807817665305 0
2.2180338175298719 -0.46070159752773232 0
-5.8217983092439418 -0.41808692097595801 0
0.19778843364593421 -0.1224042569133458 0
-8.1819346009021512 -0.41811534203908279 0
8.5381674130203553 -0.059587000715522982 0
-1.1166806737579451 -0.50289726163023696 0
22.292350178775472 -0.41819704987652823 0
22.398048424604621 -0.40584764139663021 0
6.1782316869705607 -0.057208941606248981 0
1.571990593143539 -0.46617055457541112 0
10.89581143169225 -0.066980197105235978 0
0.10610117929893501 -0.057639520804959578 0
1.400497777208743 -0.44154524727122341 0
8.437368237844435 -0.1220440730270245 0
23.296289568349749 -0.39194014322325599 0
-9.9021534880971398 -0.19681776114262589 0
10.538496616334079 -0.065072447132218048 0
9.6353211746802216 -0.46493296258458039 0
13.804865188054769 -0.13421040450275781 0
-9.9548918395791404 -0.38644979738756879 0
-9.8187368147190437 -0.3813724016033665 0
0.028557182537198651 -0.060877785295644318 0
24.856373601708139 -0.37424591966090581 0
2.4180533360425578 -0.46544669366182911 0
-6.7446322363897764 -0.42062853233459391 0
-6.6507737943400072 -0.42005844638370321 0
24.90885520890977 -0.19354574850220041 0
-3.578052950376839 -0.41970160683214819 0
8.3654458772999671 -0.121274471207641 0
-0.29069670244968759 -0.55889668949100346 0
14.170242387125681 -0.42261629177440663 0
5.9657951770127484 -0.056200903270559627 0
-0.01683421009128689 -0.1214638652427122 0
8.2913945729286862 -0.11853688580255541 0
5.0060410382664262 -0.44022816109051638 0
10.478527590094039 -0.46541322564926291 0
6.5812879597891678 -0.43859659919295058 0
8.2291157239156156 -0.440933797785516 0
22.706389200807429 -0.41909618479277061 0
22.600745419060559 -0.40434619011146672 0
-0.11403677902966219 -0.058969073668043888 0
10.90161254873583 -0.46381900552340721 0
8.2524799135862228 -0.059560666762871813 0
-6.8474333236613312 -0.41909257231834851 0
18.160867653014481 -0.39462206820612222 0
-7.1534500738504123 -0.41974969717128308 0
-7.2600161001625576 -0.40398144509238137 0
12.546368616578921 -0.46611322006810502 0
-5.0998148400515646 -0.41768576265404761 0
8.149282984095759 -0.1192093981085619 0
5.7544658388925978 -0.055356583614353277 0
-0.1760750746969659 -0.047998733872913313 0
23.01073338118108 -0.41987314602167419 0
23.11701174590252 -0.4036490611442563 0
8.0767582539964895 -0.11763713574449169 0
-0.2396952665026508 -0.13305700126214279 0
-4.0181371655128908 -0.37278698365495611 0
22.19099711190939 -0.41802744797749453 0
8.0381597714803252 -0.059118656176247182 0
-0.32632078454931768 -0.058859546908793997 0
24.46406639579272 -0.42209490572340658 0
7.9358749210234549 -0.1191131375349208 0
21.988002536845531 -0.42064548545106017 0
21.880922197875741 -0.40262232329067937 0
11.93505902986322 -0.4669950357200604 0
1.516014645948494 -0.46468453893955142 0
-0.38989524121392871 -0.047683326041834617 0
-3.9040586283408421 -0.20568031853493829 0
4.9315594125450417 -0.44021496167209012 0
5.7929576951931239 -0.44050117901427138 0
5.4448918485579076 -0.44170537291671058 0
-5.3028303177357037 -0.42088798590197452 0
-5.41144174489986 -0.40564063539138362 0
22.807604166601891 -0.41904629128855059 0
7.862668360589069 -0.1168150492045322 0
14.991457860768341 -0.42811293171317322 0
15.09358940026403 -0.41654675027639643 0
-3.574948950838837 -0.47196669076803172 0
24.554657488230319 -0.42073121152574933 0
-6.9502344109329037 -0.41921107651165568 0
-0.45400258435205881 -0.13205338072523021 0
-7.0534860362632656 -0.43165487763627319 0
8.4635237625014845 -0.46811874556174632 0
23.73032029349779 -0.42097058393074799 0
23.837716128656471 -0.40581035359355849 0
7.8797076808837119 -0.46882025356568169 0
5.2543129610894388 -0.053690042209279323 0
14.511246362042121 -0.071526089274633428 0
8.512104294875666 -0.43339974950689841 0
7.8239449175489746 -0.058684961292240712 0
6.4069002813267062 -0.45733451393808688 0
22.910785242110801 -0.43170334631979018 0
-0.54052797768362471 -0.058317677035716227 0
7.7216073701231078 -0.11828857959603011 0
-3.6157077324713232 -0.08359132309031217 0
17.02140846134867 -0.3927653382211414 0
16.94557813924007 -0.42666547698788138 0
10.32669746552104 -0.46486113159235642 0
4.8657299271848196 -0.42875596763383628 0
18.591829632851439 -0.42131331008509171 0
18.699999115349051 -0.40513449480661701 0
10.790632585579621 -0.46975992531142069 0
-6.1258339098967287 -0.4229389712004662 0
-6.2249012102742611 -0.40461492217875711 0
-0.60410004525382177 -0.047281449587990403 0
-3.245591840257958 -0.15743290839741239 0
-1.1701616585071599 -0.49344354181082112 0
2.2472153713548888 -0.44590559449309602 0
4.6173547153158223 -0.43765914798572392 0
13.22038433469119 -0.44131100570424348 0
4.1146924205204369 -0.43857813475621987 0
5.039782898949257 -0.05301164356494973 0
7.6483943956033267 -0.1159316434415836 0
15.61084730586505 -0.42607510563717299 0
15.68067560566497 -0.38677937743456031 0
4.6858019031213969 -0.43936460450089648 0
0.87988122195832752 -0.55321274256128072 0
11.89860014981438 -0.46730385843443117 0
17.885951238746038 -0.38387777573129689 0
17.768418684310419 -0.42474469683758398 0
17.695617603720351 -0.38955574075986121 0
17.557687710412221 -0.41365096260850742 0
17.46133693805654 -0.41595995767566352 0
-6.0250246254888431 -0.42215913166818481 0
-0.66820145227988226 -0.13108164283740761 0
22.088050377061538 -0.43198149795051161 0
16.079463838318819 -0.10920315344915719 0
11.54628175855767 -0.46870942684126632 0
8.3590456800952104 -0.4687859525342431 0
-0.86832128455389723 -0.55918590003459989 0
-5.2027179668007104 -0.43206290091664351 0
7.6096908625204911 -0.05823901875021515 0
-3.6598723938964439 -0.44189332459521963 0
2.32813200161244 -0.4611914435231107 0
19.41418385751642 -0.42313790623300218 0
19.515014455507782 -0.40665858370848201 0
7.5087138715425512 -0.1186034924604769 0
23.638010779222451 -0.42742779107525342 0
11.5736540393467 -0.11147877754890211 0
24.651386332103389 -0.42544472596228611 0
-0.75473538078698366 -0.057783445143355101 0
19.313497523344751 -0.42257484695485781 0
4.8237706071034578 -0.051354340190200971 0
20.446141432040569 -0.42332003197558521 0
20.344841902190819 -0.40428857235196081 0
2.8533953919634092 -0.46164452358742408 0
18.499448965272869 -0.42769256883464651 0
13.613046742505469 -0.46066721235751612 0
5.078968331826017 -0.43687679383635258 0
16.732647423535671 -0.42201193590563801 0
7.3343749152155988 -0.46540758205741128 0
17.67398759051332 -0.44113396863065818 0
-9.4150537560563095 -0.42386166701467132 0
-9.5145481991901786 -0.40502047365611121 0
-0.81830489128752459 -0.046881100730289428 0
23.93402643324972 -0.42430356262949598 0
18.799618686155998 -0.42946883269351682 0
7.4343442233530226 -0.1148148493702584 0
24.349121803332789 -0.428245558961735 0
24.246353960884061 -0.40968574419176251 0
5.7175363507568848 -0.43998023228158362 0
20.546711632729689 -0.42299269265883671 0
-5.9225960543570899 -0.42951006624642579 0
-9.3146594181928535 -0.42332609563126322 0
-5.5110533092525458 -0.42966117217278949 0
4.6098344572005416 -0.050304181949944772 0
-0.8828475212426764 -0.1300174028463589 0
0.0068150424989370309 -0.54529843814846346 0
11.07210278664494 -0.13939598005547049 0
7.3954742515454583 -0.057810445720248751 0
7.2936567602832749 -0.1172807985534641 0
19.211000349648302 -0.42969232285954923 0
1.092218220154068 -0.48107445941403132 0
-8.4925646138859285 -0.42685688966998558 0
13.57208632377449 -0.46232278119134251 0
17.140756804444599 -0.43263677879345458 0
15.92287223487943 -0.42645114013142887 0
15.83476949735816 -0.41802143709757289 0
17.271617367928879 -0.42230643402446227 0
21.778783976505789 -0.43027797866896927 0
-8.700316054635767 -0.42417977467646423 0
-8.5928847542753761 -0.40674941191841862 0
-0.96894389081888221 -0.057297674968293223 0
-7.8729728621904336 -0.42420371604505019 0
-7.981992185254005 -0.40609795527985032 0
-8.0822392316805747 -0.43055216051538131 0
23.216639812701249 -0.42599680915381832 0
12.366307822079071 -0.43900801518412857 0
5.6109235484570341 -0.46335888043988888 0
16.64065540288323 -0.43272870056331858 0
-9.212029927363993 -0.43004723328340527 0
13.88824054106224 -0.1361390162147228 0
-8.8001910006986179 -0.43014441966932282 0
1.818483606407205 -0.4371846556636636 0
-7.7730939799758314 -0.43015848893063918 0
20.649213628474481 -0.42990464833247088 0
7.6671825230989441 -0.46584383736757268 0
-2.9910921268151931 -0.46503050480163549 0
-7.3620708808956188 -0.42846147864462442 0
6.509001850500967 -0.43076385321181038 0
-0.34097612908180031 -0.6090722540319643 0
4.3960566327121713 -0.050670941548080703 0
3.9717063690308851 -0.4388250970897552 0
21.160781169358071 -0.42438308770717059 0
21.267976711299671 -0.40617617431132041 0
21.368556490801151 -0.429634300806501 0
14.02220311104095 -0.20302104636658519 0
-1.0325099587069351 -0.046490444216048178 0
7.223798234829987 -0.1186444749540787 0
22.499386250807849 -0.42961323223098002 0
17.362155433223581 -0.43302242321232443 0
1.219844160447429 -0.46621572749555878 0
-0.085126263135700778 -0.7117576071812235 0
21.060901195604011 -0.43026583806848911 0
14.25988794067138 -0.4134497211514912 0
7.1518147383046804 -0.1177356192048378 0
-1.097093318806037 -0.12900194077706501 0
-4.774426743370018 -0.47151711089245602 0
-4.7033642004632128 -0.46699103654136281 0
-6.5184698443923423 -0.47361289230811382 0
-6.5116747269175814 -0.42678906513227238 0
-6.4429675621832834 -0.42761522648546751 0
-6.5841016857095109 -0.435440173051098 0
-8.2718014717384527 -0.46991596955835763 0
-8.1982600624768232 -0.47015665032247722 0
-8.8142681972397821 -0.4726139650962507 0
-8.7853992150383569 -0.47259923834893991 0
-8.8887691994918701 -0.46933983873870327 0
-8.3026176647822503 -0.47000114937902188 0
-7.0668324174524217 -0.47303243710256981 0
-7.037937334703015 -0.47264638286758248 0
-7.1408097856335679 -0.47055782423408521 0
-6.5561635763919224 -0.47032388229529398 0
-5.3925683451591944 -0.46920378108127142 0
-5.3197333560802038 -0.47030667684555738 0
-5.2894804025608284 -0.4706555278049781 0
-4.8051432060276094 -0.46821495583637313 0
-4.16032708916795 -0.46435782812445942 0
-4.1468492740284093 -0.41146617352047238 0
-4.0796595692530806 -0.42682146250737008 0
-3.9609991130279059 -0.42356605965079891 0
-3.8994164969631191 -0.41751633017963369 0
-3.8470211474063971 -0.45117542249174358 0
-5.8344477288842533 -0.47030414371929719 0
-5.9085912298090397 -0.47258087734292059 0
-7.5812065232579613 -0.470200335323392 0
-7.6544568250992766 -0.46944014886963981 0
-7.6854056183449462 -0.46952298144748861 0
-9.3283662298292125 -0.47169829343047298 0
-9.403272343947279 -0.47180540770716017 0
-9.4329006617529654 -0.47086317307359948 0
-9.5031280781922529 -0.47032388229546851 0
-7.7590264716432706 -0.47261545235278268 0
-6.0113178138526271 -0.47131535032423177 0
-5.9374627967242111 -0.47240463511969211 0
-4.2562747999497237 -0.4724189942280867 0
-4.2431391127974676 -0.42741366459466928 0
-4.1917385691622808 -0.47032388229573868 0
-5.2163431468538546 -0.47321233158674492 0
-5.8040645625471354 -0.47019630702304899 0
-6.9639412225690984 -0.47054491191008252 0
-9.2994840195954787 -0.47144535569782992 0
-8.3735649166299311 -0.46949775277253442 0
-6.6217778252880111 -0.4668488381173983 0
-6.0402000240860598 -0.4712240432697124 0
-4.870796862298973 -0.46297363381078471 0
-4.2945396564327378 -0.47032388229577082 0
-4.3043986559389236 -0.41845925843211551 0
-4.375026933776442 -0.42519013584958781 0
-4.4575817509357458 -0.35694197195677252 0
-4.4953031356777373 -0.42582707074952642 0
24.434015266310102 -0.46653968032799897 0
24.366249777075151 -0.47033347925072189 0
21.177637305191229 -0.47080592016361472 0
21.250344719042381 -0.46924748602815208 0
17.9883632882146 -0.46333266597794648 0
18.060013912405871 -0.46208804667296099 0
14.805255654282091 -0.47199219196029901 0
14.880837144779591 -0.47211224925440609 0
15.284998099354301 -0.4736182383611226 0
15.277015734875 -0.42394407993968558 0
15.21618944138331 -0.43087965171567461 0
15.21916732758606 -0.47430932204277237 0
18.474226810013871 -0.47033347924909302 0
18.40845539084599 -0.47427640051463948 0
-4.6069407070471682 -0.47303897005714368 0
-4.6715719137628007 -0.4742388209654565 0
21.662737735856801 -0.4700976272207541 0
21.589223027978051 -0.46984655509314083 0
-6.3533027641760231 -0.47426803679298751 0
-6.4190954600298218 -0.47032388229540317 0
-6.451283503732931 -0.47365259821525191 0
-6.9344995506362164 -0.47045604003505609 0
-8.0949917547093975 -0.47280751698473572 0
-8.1679894280352308 -0.47030491525415702 0
13.681199476428359 -0.46736341971223921 0
24.77104088983064 -0.46328861885582712 0
24.847338836102811 -0.45102965748415802 0
-9.9115910649474035 -0.47063716830516111 0
-9.8504259844557751 -0.45575970718821962 0
-8.9198240131765747 -0.46982544587235348 0
-8.992112062256215 -0.47021418435050688 0
-7.2428534251090619 -0.46910100254289699 0
-7.1711932315041533 -0.47024472758255692 0
-5.4253516164081326 -0.4703238822957056 0
-5.4973192015212611 -0.47209202092500607 0
-3.7425368450365162 -0.47350994467288188 0
-3.7291336764437029 -0.42740493795681628 0
24.027117524519031 -0.46800186624213219 0
23.95517840728067 -0.47033347925129282 0
20.766598077248641 -0.46995991193954167 0
20.83934228428414 -0.47013951914524948 0
17.585504592557459 -0.46187647930323789 0
20.870251206304321 -0.47005792150308667 0
14.4011946542952 -0.47361682959949808 0
14.408315583960791 -0.43213637050768477 0
14.46720244055517 -0.42829867039903358 0
14.3394888412819 -0.42256616564135557 0
15.704532149457361 -0.454540442270019 0
15.627772052832009 -0.47058045669513843 0
18.88704593223083 -0.46940766055154948 0
18.813352765105229 -0.47237240441306488 0
22.000505563052162 -0.47074556124155298 0
21.9701278661149 -0.47034152494216219 0
22.07449111198779 -0.47317759653862629 0
24.740210537096111 -0.47213419273353419 0
-3.537884123001219 -0.48013800999490752 0
21.558420678493121 -0.46997738164058173 0
-4.0581457739334059 -0.47028494529619141 0
-4.5741014968837517 -0.46387858384069969 0
-5.731476404657621 -0.46990265544575721 0
-6.3162943727582928 -0.47032388229541189 0
-7.4786504835093686 -0.46988241703286932 0
-7.5499074200169307 -0.47032388229543748 0
-9.2255994618452934 -0.47296329036218182 0
-9.5427251636914185 -0.46115866524596122 0
-9.6031878031360147 -0.47238630356399219 0
-7.8612431179034461 -0.47186537626742148 0
-7.7878957998518423 -0.47260299841010922 0
-6.1137205405514621 -0.47154178196012858 0
-4.3654643584457524 -0.47316758008820631 0
23.546847513283382 -0.47427177790624903 0
23.612618932450399 -0.47033347924961583 0
23.64560857983124 -0.471733798083386 0
14.90970155398319 -0.47204501330343701 0
20.35760306675337 -0.46951506767904522 0
18.097503649144961 -0.46790216308105093 0
17.172898457613321 -0.46556556886986489 0
17.24038314817129 -0.46384384474173401 0
21.2832145036122 -0.47033347924909302 0
13.987478256264341 -0.46996406950044239 0
14.05777950046426 -0.47051511977213101 0
14.08765107006221 -0.47047040188051398 0
24.46787809363105 -0.47051981145485589 0
16.11227221777952 -0.47005464989630807 0
16.092919076413349 -0.43454132012069269 0
16.158565586105698 -0.43995437215714323 0
16.048146990919381 -0.46567381242821537 0
19.22448619363966 -0.47284991677929311 0
19.299795144351531 -0.47142642159840548 0
22.41252284445908 -0.46932251816637749 0
22.38031619725588 -0.46951125280819139 0
22.48561538257292 -0.47231252020703879 0
-5.1145007096616348 -0.47025942802450249 0
-5.1874580212070391 -0.4727259405321631 0
-6.8621191932715737 -0.47046039830114822 0
-8.6835189049579284 -0.47078545582943632 0
-8.713290576313824 -0.47148593059764432 0
-8.6107785749236054 -0.46928894439306068 0
21.147873727924331 -0.47153440452569217 0
-9.638525598338811 -0.46137303913069339 0
-8.4786066871502221 -0.47183798415474948 0
-8.405425369142554 -0.46952239196126971 0
-7.8908764443242649 -0.47081227521592389 0
-6.7299463667795676 -0.47049981588788897 0
-6.6567425279417911 -0.46976116329912171 0
-4.9825238706574613 -0.46994318470072283 0
-4.9066630194133509 -0.46603936078874503 0
14.775885226463471 -0.47136746417861042 0
23.20370359837662 -0.47116201679089881 0
23.23442780421767 -0.47052046144890047 0
23.132201436027302 -0.46947196398537938 0
19.944381196390619 -0.46436748157813901 0
19.966507658324929 -0.41316223917551309 0
20.020628452271321 -0.42744417709891941 0
18.507192215750081 -0.47179239595343808 0
16.827146725452121 -0.46467695252119101 0
16.860212762492029 -0.4713464293359354 0
16.858530435583351 -0.42313495315193672 0
16.762401815301601 -0.46377403747606288 0
16.450905861734171 -0.4707751267493594 0
16.421178559486279 -0.47088100795902899 0
16.524408480633149 -0.47003513606322639 0
-5.0841798836299734 -0.47021394763917401 0
-6.2530883382842024 -0.46100790806968123 0
-6.8317983672395872 -0.47045943032428572 0
-7.9953787981940394 -0.47032388229522321 0
-8.0654575752070947 -0.47150954521428828 0
19.703444472877081 -0.47303589986350553 0
19.690312945657229 -0.42738886689593181 0
19.638780553050069 -0.47152102245098382 0
-9.7457386441509559 -0.47426238365773338 0
-9.7601307963687347 -0.42738206922879518 0
-9.6724304670688888 -0.41533828464339179 0
-9.8043656472594414 -0.45635335746407751 0
-9.0946957272698228 -0.469878753568862 0
-9.023389670920432 -0.47032388229512662 0
-8.5084126500828567 -0.47083283250312802 0
-7.347858372558246 -0.47198901530275972 0
-7.2757711872928974 -0.47032388229548999 0
-6.7596677695621459 -0.4707387034791542 0
-5.598435079669656 -0.46929506146735311 0
-5.5262004368938538 -0.47205262683350879 0
-5.0131911470842878 -0.47023788050861881 0
-3.7805342200792191 -0.47032388229554412 0
22.82228528695163 -0.47046245588468749 0
22.791974266366019 -0.47042946666699342 0
22.89675227666952 -0.47304545754569588 0
23.922259599945122 -0.47068176243631299 0
14.3682464423647 -0.46625197259752033 0
22.719739284025199 -0.4704565640436798 0
15.733751011380059 -0.4703334792494287 0
19.541771646899729 -0.46300404078894603 0
19.608074329892151 -0.46820671631081362 0
18.918753407730762 -0.46975154399549829 0
-3.9547580293361011 -0.47146139584025432 0
16.34657351494678 -0.47119831081491648 0
-5.7006568899890304 -0.46999598423162992 0
-7.4480162454624868 -0.47018675722651437 0
-7.3767225221952266 -0.4720101527583051 0
-9.1967123488560034 -0.47236944270481063 0
-9.125309486782804 -0.47018279887329789 0
-9.7119775866605629 -0.46441197367091752 0
-7.9626336653242253 -0.46924071873002898 0
-6.1433166788288762 -0.4707681536842665 0
-6.2168404751856059 -0.46542306963511793 0
-5.6301528123602367 -0.4696871927590931 0
13.74374005555306 -0.47055482226156747 0
-4.4644669577459828 -0.46818137111735142 0
-4.3991299926143288 -0.4685491649327691 0
16.935282966473881 -0.47232494484384158 0
20.053199080141329 -0.46076217741060072 0
20.089821520830899 -0.40216227419755629 0
20.135640262934761 -0.44016064864443388 0
23.31123058193031 -0.4557002925886165 0
20.31826190030846 -0.46088136316319461 0
-4.49775028878401 -0.471592621006105 0
13.95244174226919 -0.47033347924967639 0
-8.5779182927388309 -0.47032388229512578 0
22.308243963910481 -0.46998591411907581 0
19.12297023226661 -0.47023418605880429 0
19.195605590225419 -0.47231962002257 0
19.328668014372791 -0.47132237796855769 0
15.936003803998251 -0.47211736203024068 0
16.01232118732317 -0.46900593255757228 0
14.15797742716623 -0.47033347924966068 0
17.274412481583511 -0.47015118162334452 0
17.347455521106621 -0.47359230636243183 0
20.458085697626039 -0.47167659980281118 0
20.53300925373652 -0.47161113193945531 0
23.718373478618808 -0.47100248418717022 0
24.922294199128999 -0.47478659762129322 0
21.898837626586769 -0.46937781513092319 0
18.78392368726357 -0.4713925771117386 0
18.714018442393641 -0.47033347924871971 0
15.597840381481049 -0.47116900193775318 0
15.525768473091309 -0.46993380278791019 0
14.56737141273314 -0.46779037615016411 0
14.500118762631219 -0.4682314027458237 0
17.754851912872891 -0.47033347924909302 0
20.94240278120586 -0.46938274340665043 0
24.12246194299258 -0.47301822583024161 0
24.058063040260169 -0.47441327293216062 0
19.505649171685409 -0.46621603459587951 0
16.316943856252291 -0.47074596390432671 0
24.67455330441998 -0.47033347924841579 0
21.487002436087462 -0.46924115069556488 0
16.96474286671226 -0.47073028887325791 0
18.29965310101943 -0.47357111180712402 0
18.371458967564209 -0.47033347924964308 0
15.11973770988137 -0.46217706351554899 0
15.18572156812003 -0.46522852088769429 0
23.34458632157013 -0.46685043183178732 0
18.17396107016506 -0.4569286131080591 0
21.3550924170227 -0.47193817690775441 0
24.54095510923711 -0.47100583240009031 0
22.277970065715941 -0.4702558936074247 0
15.9065163195915 -0.47128741190050782 0
24.33342931243503 -0.47010256069586148 0
24.26348193462632 -0.47033347925107349 0
21.074323294092711 -0.47309683652508638 0
17.891518721474171 -0.4546104319832478 0
17.957532935479811 -0.4721361220946908 0
14.702221275973759 -0.47212753205671709 0
15.323632977337899 -0.46250328152353959 0
15.39679867792449 -0.4604476309095441 0
15.43913957172097 -0.42672430118534371 0
15.371731165959099 -0.4171809053929561 0
18.57996164854012 -0.47110011088521592 0
21.693367982151869 -0.47028535805634719 0
21.765995009999589 -0.4727395763197384 0
-9.7973978661651149 -0.2487977268850407 0
21.86556561082195 -0.47033347925028429 0
18.681237467246451 -0.46916619740193832 0
15.496776140323661 -0.46967904857443959 0
23.85164554837035 -0.46954838794411619 0
14.601642470970519 -0.47150040855636999 0
20.73599676622673 -0.47022298756092751 0
20.663128684830749 -0.47264288202323568 0
17.789107860354822 -0.47033347925085761 0
5.2849624309707561 -0.43915897013051791 0
17.478023276587209 -0.46969729924068498 0
17.55137700788223 -0.46728962823460479 0
14.29726297271452 -0.46259030597976702 0
24.158905915724631 -0.46893231588449052 0
15.798545752186049 -0.46204314669892937 0
18.990671535500361 -0.46966667832935399 0
22.176315991559751 -0.47031423600416872 0
22.103369093220628 -0.47271397418471478 0
24.64188149624729 -0.47144370617968839 0
23.509851090001568 -0.47033347924967728 0
23.438300444008291 -0.4734664060845214 0
20.249255822086528 -0.4648215741414925 0
18.20637618450851 -0.46809852739769647 0
17.07430042287826 -0.4689518135916062 0
17.139968642738989 -0.4722318750187266 0
24.570387260033431 -0.47071413508968851 0
16.213334276141271 -0.47033347924909302 0
22.58576333757026 -0.46951594236145427 0
22.5150408941062 -0.47151131950789898 0
21.045440414053399 -0.47236640346248621 0
17.85761975532089 -0.47033347924907598 0
23.099685477913219 -0.46939499464251688 0
23.027477190375201 -0.470199077508205 0
19.848461897916561 -0.47236718987791548 0
19.85446122128992 -0.42088532315204369 0
19.91297660429543 -0.47033347924977192 0
16.655060355311981 -0.47346931873509668 0
16.728462751301802 -0.4700140774487519 0
16.555012516982501 -0.47025948655810668 0
19.810208761847001 -0.47033347924915148 0
19.7930807881053 -0.4271554379010104 0
19.741624699867021 -0.45768435422247872 0
22.997229313324748 -0.47050133332978078 0
22.92561334003204 -0.47266512929577842 0
14.260745269615249 -0.47033347924917213 0
22.618278702073411 -0.4694365957535297 0
22.688907755405829 -0.4702214732858766 0
19.429551443131299 -0.47097778679271868 0
22.206627012145749 -0.4702720895241132 0
20.149342641927959 -0.47616552142838497 0
23.410233981219388 -0.47207087658270419 0
20.216598485486291 -0.47245329600827618 0
17.04196333658453 -0.454958570303369 0
16.245755872470539 -0.47081351184990111 0
19.02162372726108 -0.47010087981640919 0
19.092599100226732 -0.47012173329158269 0
15.83542555170294 -0.46850240357248402 0
7.0809410337665772 -0.1181637974853663 0
14.196774822511269 -0.47061899949933889 0
17.376292764944971 -0.47287348388251249 0
17.447423567457779 -0.47010188739652981 0
20.634263410429529 -0.47250915304129698 0
20.561882123757862 -0.47137433793315142 0
23.748452071859901 -0.47037615181704878 0
23.81913319371392 -0.4694989905496349 0
16.626212577199151 -0.47283848772298581 0
21.79551570588422 -0.47155707973212579 0
18.610051330920989 -0.47040128828510258 0
12.050831824760889 -0.46741276912724122 0
15.43031457162922 -0.46979765706470977 0
-1.1831501554285631 -0.05675000603709647 0
14.672954198794541 -0.47148987829125039 0
20.973341565927651 -0.46945279055660682 0
24.222945730103682 -0.46156401774074401 0
13.80587314880888 -0.46126673192877798 0
13.892350259723511 -0.46139046646473708 0
21.455615248411469 -0.46956129880253472 0
21.383973797944531 -0.47204454759251768 0
18.271592714910309 -0.47227359752687731 0
15.082888009205011 -0.47033347924917829 0
15.011884245224749 -0.47011155368093988 0
0.097835196347348247 -0.71187547225970349 0
0.28497754154371302 -0.55106296732642512 0
11.028080129149791 -0.43866384253400947 0
0.58493204242086727 -0.60420236098355229 0
4.3804086915024696 -0.46790070951500262 0
7.0095124329572149 -0.1179234992817887 0
-1.246714577041903 -0.046087407950580112 0
3.8955409840203372 -0.051488325469070839 0
8.0600210736246538 -0.43936262327198772 0
6.9376424559660466 -0.1164258431287651 0
-1.313782059823033 -0.12700098260454651 0
6.7911103969336271 -0.1145171348374454 0
6.8993856020683673 -0.057079597547652502 0
18.284880271840478 -0.43735488493086311 0
12.73916963395024 -0.46283260053758501 0
-1.3878031858536499 -0.047028055264719128 0
15.116939629751551 -0.31919278988221211 0
12.12313210374651 -0.46598440991303203 0
3.6813046389657189 -0.051020165595207882 0
0.8216770398880594 -0.551754782017293 0
12.842515550112889 -0.46561859484760881 0
12.812653686464261 -0.46425714992035522 0
0.14877454913270219 -0.54224037685235782 0
-1.4565117467018449 -0.1264909738537926 0
3.6380897849036971 -0.4626444960755563 0
6.7204657674979327 -0.1127488097630191 0
-1.827823144013452 -0.46258001065360249 0
3.4669859965329999 -0.050497699997972462 0
-4.612114902248714 -0.42703920006948098 0
-1.530075804606051 -0.0471518496644905 0
6.574714428352701 -0.1124033081804939 0
23.42375093602854 -0.43630782701401161 0
6.6828324137953707 -0.056326913493464761 0
11.98544888552968 -0.46214377471327001 0
0.069260423648694239 -0.71409681923345891 0
1.776081690410136 -0.46855569009472559 0
-1.596827183494921 -0.1268377755890838 0
14.620867849048629 -0.1943326587066731 0
3.239333807954611 -0.049747248111413032 0
6.5057460919036636 -0.1116218374172986 0
3.572278836502099 -0.46660587488663968 0
3.5115598737990821 -0.47181124254299189 0
3.1185758195398852 -0.4394128142874909 0
-1.682523027931492 -0.05567119008842504 0
11.442126921049169 -0.44489754183168351 0
3.0258674946276272 -0.050877102038751808 0
6.3605123501810903 -0.1113771123063397 0
4.583060493947956 -0.43656209330084278 0
-9.9714095973995338 -0.44075584052009531 0
4.0456953158088318 -0.44072201137592459 0
-1.745992362063675 -0.045217917050154557 0
6.4686190083065576 -0.055716261561931782 0
3.7310853427568902 -0.46613373613054992 0
-9.9067256561288577 -0.42420778896587003 0
12.91238255023061 -0.46544400691051008 0
5.5232719205666134 -0.44622685142366231 0
6.291389209280954 -0.1107776180055 0
2.8142084924689739 -0.049123384942530879 0
10.885908981473531 -0.43973183131410831 0
-1.810744861812938 -0.12568310467196911 0
8.7995783726976029 -0.4315493611269261 0
-0.58490428096301239 -0.63666604733715371 0
13.932277474301021 -0.2047415738618204 0
4.4985682987547744 -0.46550832418234211 0
4.5212932351709023 -0.46981675994211092 0
-4.7247398534102771 -0.42277081442055281 0
-1.8967424553463881 -0.054983443519733777 0
6.1461699584681497 -0.1103882289513998 0
13.15155086045363 -0.43933707811241213 0
17.08645192113028 -0.4290704751659653 0
2.5956272438312591 -0.057611577985252592 0
3.7921728557680421 -0.46837436543183858 0
2.4734621415064311 -0.15145444934055791 0
6.2542944778775471 -0.055196955550519157 0
6.0770026022599462 -0.10988042128481761 0
-1.960208513884756 -0.044637705299891611 0
-1.650299324595379 -0.44902979284015232 0
2.490567490813937 -0.46872534425663059 0
12.974502326273409 -0.47003597788479429 0
10.290456166435989 -0.46542682057086909 0
13.382534389185199 -0.46885631562978708 0
11.488369964822329 -0.46899208263279968 0
5.9195839505206047 -0.46472371878744823 0
4.1845257583667053 -0.44099613692896089 0
-2.0250220715621161 -0.124456271393797 0
7.5384663068729916 -0.46377933169158791 0
6.0389130414861869 -0.46733292957443739 0
-0.91708443909765403 -0.52236574097762034 0
11.16682562397277 -0.43866909814845861 0
5.9320382100947864 -0.1093357348631068 0
-2.1086397823041789 -0.052241707698115009 0
2.0958337639133831 -0.059831054770310373 0
5.8626631613651341 -0.10890167335188369 0
4.221136987665921 -0.47000783563579263 0
9.9381389590911837 -0.4370565112686019 0
11.348081444773859 -0.46758647781179691 0
9.4961665502199093 -0.46336275777439268 0
11.29871020123562 -0.43813101552257472 0
6.0380459053831199 -0.055281490813396388 0
-2.1739598563528171 -0.043646553164244289 0
12.43457449727239 -0.44050711477109278 0
1.881746650710548 -0.057291189654419129 0
4.291834461622579 -0.47037479741015381 0
13.47245364531055 -0.46739769398640768 0
5.675728926187972 -0.44398302625903813 0
5.5837464301043411 -0.46764271870818253 0
-2.2392827953558552 -0.1232785668464918 0
18.42284288878826 -0.42742927635314137 0
5.7238008438926169 -0.1131271557435635 0
-2.3251704621418079 -0.053610322465696199 0
5.8242327831407934 -0.054738451184498188 0
5.3697933712624506 -0.43778739690421548 0
11.77606382593139 -0.46920110633660178 0
5.2167703018960951 -0.46729069639096238 0
19.916213553214739 -0.36096468344383109 0
19.925582182151899 -0.26027281387290702 0
-2.3885700654944539 -0.043309636047123942 0
2.5326054836952299 -0.43777178629208829 0
14.73405987231919 -0.07264033638446879 0
23.561235011227009 -0.42741001548499069 0
12.60344111812277 -0.43092017205364719 0
15.75624185267087 -0.42701044233330798 0
15.784719134587281 -0.32659389521162557 0
5.363680319560939 -0.10742482880897419 0
5.6523689785386804 -0.1133635341782057 0
-3.2398592436198932 -0.43865657975929118 0
24.72593722564439 -0.42737531673434281 0
-3.160196432665153 -0.1431290601720058 0
-2.455766684744928 -0.1206316871947196 0
5.5809403734021128 -0.11312386783755379 0
11.104034611853869 -0.19925308458206031 0
-0.13501600390478929 -0.70815796946321452 0
3.0223489517538522 -0.46899204530313532 0
5.5095117680140691 -0.1128842382119121 0
5.1491403684127146 -0.1062361883261374 0
8.1508408150670899 -0.43532803728103231 0
2.3808704782329619 -0.43812764603699123 0
-0.18006468548968629 -0.54569983826898871 0
5.435883448407087 -0.11006530925939451 0
6.1470086590054711 -0.42893503338103262 0
20.208712554018749 -0.42961177743835588 0
9.0819884421066206 -0.43182240233404778 0
5.2193786295708753 -0.10681251050385671 0
24.117379033497048 -0.42640860836650157 0
11.963220184450501 -0.46713209641196041 0
2.880723833097615 -0.46557443161953832 0
18.022603254709431 -0.42112934689226078 0
4.9327901264720433 -0.1041555052871025 0
2.673194010362177 -0.44097782677083708 0
-1.0366168179419679 -0.51598371112387809 0
5.3245357404145111 -0.053775976633986443 0
4.836804842572433 -0.44108770163269739 0
3.3809106220037868 -0.46340550142434389 0
0.9400763382902223 -0.54667135166607794 0
3.1853042939631089 -0.43991012906356319 0
16.150075482533261 -0.20632673704875251 0
-4.8281167090570216 -0.43583418658977408 0
4.7188026709799766 -0.10266299190988119 0
-6.6222948338067891 -0.2479644640217937 0
2.8078178464296721 -0.43888881050177042 0
5.8661743718649166 -0.42534205858019769 0
-2.246578967171784 -0.44224541312857218 0
5.0044862771959817 -0.10544967254983049 0
11.72300508881321 -0.37683059612384068 0
2.9793543226860382 -0.43396543460674658 0
-0.26255930338470879 -0.71610072526026025 0
-2.035545792148016 -0.44263572226205739 0
-2.18016761665737 -0.43989107454809989 0
-2.2109773271876052 -0.45148704312251398 0
-0.27964277382457059 -0.71437369147129259 0
6.4322613141394394 -0.43037400721985009 0
-0.67189432464509313 -0.46956348829191868 0
23.36047622315094 -0.42898751348826458 0
24.824333312201141 -0.26455632767137771 0
5.1099804284902142 -0.053074803644424941 0
4.5045154648851398 -0.1015715148237329 0
11.744564194900111 -0.4233622608900896 0
-2.3110869966797569 -0.44174440676087512 0
9.0130981222167375 -0.43783232536929267 0
13.35524828655017 -0.463616246690012 0
4.7898374211213559 -0.1039790950727781 0
23.996670652441551 -0.42682292854851439 0
-2.5275182289111791 -0.044137463354235767 0
-6.3668053015141766 -0.42741216815889471 0
-1.4430384004039021 -0.45011463243147759 0
-1.4202467572121591 -0.46128834225055892 0
-1.3945154341739361 -0.43391673544592602 0
-1.5196892684408809 -0.46842209250929162 0
-2.858407221114764 -0.47063484061934019 0
-6.4794793767390146 -0.35234548426516221 0
4.894573565567975 -0.051883108805779711 0
-3.4413817972824261 -0.46815550364662412 0
7.0573357921829816 -0.44739351337754829 0
14.065954237834751 -0.1353450120687448 0
6.370730672604406 -0.46779638689594011 0
-0.038778603424112178 -0.6890970854427545 0
4.7996369914089403 -0.43785954695783502 0
-3.270755709229991 -0.45026495257165527 0
24.79472588347809 -0.41951224256834518 0
-3.8093556508802782 -0.18358183531034719 0
-2.6555689515561238 -0.44728207608766352 0
4.5756360214734588 -0.1025689121966504 0
3.9901974971645848 -0.097873211384050141 0
23.489207009966741 -0.42389459309742178 0
3.876143449402262 -0.4633845445747854 0
7.438444761866684 -0.46742107344554679 0
11.64455996437027 -0.47035429810213808 0
13.056734878708379 -0.46338487356142699 0
2.644052296033236 -0.46343723937987458 0
12.20133068325779 -0.46201890594456679 0
12.26884946473996 -0.46338908692150599 0
12.78972249289531 -0.43762128835534941 0
3.3576154955654971 -0.43938051627354918 0
18.096301440846549 -0.422155327512026 0
14.84908534583835 -0.1941800227746027 0
-2.5537160275387429 -0.44626068925488538 0
18.351755530385251 -0.42528848327524399 0
4.6803709164196272 -0.048227541503897707 0
-0.44420455953149462 -0.67029639664450014 0
9.2156966972083705 -0.4422585492484421 0
4.1503517810940256 -0.46955819850870961 0
14.972426972023911 -0.071504486454142188 0
3.7755585782544769 -0.09680006190305275 0
13.185781645530881 -0.46946421900134527 0
12.474722075055441 -0.46962175678578783 0
13.542826983645799 -0.43504793442338929 0
-4.4370858581036767 -0.43671453683017453 0
0.68686523332400395 -0.5803068654350404 0
10.01662025502182 -0.43291050117645308 0
13.928671081210309 -0.4313350907803804 0
3.078102953045442 -0.46645577242692771 0
-4.0877769635903931 -0.473486058019852 0
20.42848311746862 -0.47080843136547962 0
20.01736098503266 -0.47170796675172272 0
14.466381623848299 -0.47337271047878982 0
-3.9849436371077882 -0.4701994316339998 0
5.4782520263163264 -0.46349336546203901 0
-2.8935294639725928 -0.44425383717902128 0
6.6757893088113036 -0.45805803786523802 0
6.6582526464505936 -0.43718056370068498 0
11.715439447748761 -0.45094532749756783 0
4.3634272818899502 -0.1029184634956932 0
20.123129680168521 -0.47605446302194487 0
4.0051932668511609 -0.46938102359463219 0
-6.5029165067173977 -0.098964887790336395 0
6.8182976632552812 -0.44547881441906018 0
14.98138385604175 -0.47192993546258938 0
8.2836874770454951 -0.46572889239650878 0
19.741560481913989 -0.36722824554153521 0
3.5617820196853871 -0.094700851423894061 0
19.400280715425641 -0.47105151144342461 0
19.790693383137661 -0.087059074597896219 0
-0.003781744202017523 -0.71570720801032395 0
9.8956430901375523 -0.46449781023927578 0
4.4662053248254177 -0.047713087627377769 0
2.7700854602443372 -0.46706256964788762 0
11.204138586413849 -0.2070420351436896 0
20.071604724900808 -0.086792559936484992 0
-3.7961950697051212 -0.42603078456176752 0
6.7448360549767603 -0.4596564586833648 0
6.726699240034625 -0.44270646335402059 0
3.226318867809002 -0.46791529059722448 0
14.531329252808391 -0.43725434926031148 0
-9.908361488948632 -0.091465343383284242 0
24.89843134649529 -0.42910763258180912 0
6.3040516228822234 -0.44306655376179671 0
3.3462290732914708 -0.092647750265810264 0
-2.752116053399738 -0.46752758318020682 0
12.93406714388686 -0.4358603973117996 0
-1.1863830695845661 -0.47331426935562332 0
-1.2152968039504179 -0.46206187415837668 0
13.009869200794601 -0.44561205324555753 0
7.7788362408904863 -0.44816133202188557 0
6.0043651613458522 -0.46802301432170362 0
12.86331715165479 -0.43723603755151191 0
13.079615122536721 -0.44295623042992061 0
4.2925854993415893 -0.1036658445382793 0
-1.7252062163739379 -0.46843858515417353 0
14.22332740598492 -0.45111807115055019 0
3.1332454867872732 -0.091968383536946807 0
-2.0730901522149878 -0.45105294130493301 0
4.2215169964239889 -0.10372412527281261 0
3.685840966824693 -0.43228148553206369 0
3.617663078214993 -0.44232702641236338 0
3.7560535488960038 -0.43442252649067731 0
17.627655484318971 -0.42729368677914831 0
13.713948074537459 -0.44262914204988502 0
3.8303733432457499 -0.44459515613906497 0
3.9000226694302751 -0.44224057514122062 0
4.1501228212162724 -0.10400790209430159 0
2.9193586876315001 -0.090800989927089196 0
6.5452591909361963 -0.44777574363214312 0
1.123146871224376 -0.48411835913469609 0
5.6359125178871849 -0.43545561108500941 0
-2.1088463392862651 -0.44354904527661398 0
4.0847732913010546 -0.1063152955531468 0
12.220585951102629 -0.44000504633765147 0
3.4456622672039008 -0.46144284073967468 0
3.5443437922072651 -0.43381482971205598 0
4.3505583685306837 -0.46488376906548262 0
4.3294283228077877 -0.43538697390023212 0
6.932486400639494 -0.43264246685300128 0
0.34187903603114428 -0.54596818589512786 0
2.4663009120424548 -0.040076130006404011 0
8.7256928511106366 -0.4341551154251922 0
3.8728047193902531 -0.10267237820163411 0
2.7119561395275702 -0.084890095150073536 0
18.22261476811261 -0.43072148188911241 0
8.6625232389771565 -0.43905832080969243 0
9.2247161573985643 -0.46752745571985332 0
-1.9626048927196229 -0.46752863080536428 0
9.6694983056569654 -0.46772080014324918 0
2.9206696924728059 -0.46775466557252388 0
13.266917960412981 -0.46754952246159831 0
3.1524891948391232 -0.46097432927983251 0
4.8379367109264351 -0.46814724436593042 0
3.469080573527441 -0.44258878331240731 0
-3.5487281924456209 -0.1626376563827853 0
3.964581256972223 -0.048681983115812823 0
24.910179158004251 -0.089826207807090663 0
5.493384926208094 -0.43234558187433592 0
7.2212327972695034 -0.44379102853038821 0
5.4039788968700897 -0.44141045833931059 0
14.15088489150126 -0.1311694048530154 0
6.2261968544616799 -0.42896538082578201 0
2.1911648267798181 -0.46076917986435778 0
-1.5858625629325449 -0.44707944960591628 0
-1.8940708345389159 -0.46750693666254478 0
-1.3136788354494779 -0.46628995835673043 0
12.07693420424869 -0.43433176785039612 0
3.6568652923201919 -0.1029739722524414 0
2.2143419533477728 -0.078558577466029775 0
12.150417739680041 -0.44165003789546559 0
12.29297691572132 -0.4383225660781298 0
12.401395346188799 -0.4613125643559674 0
15.15545084425534 -0.41504063322342188 0
9.5323940070982047 -0.46782303359997268 0
-1.6258345187369581 -0.46220136700992098 0
10.857592550215109 -0.44117243606376833 0
1.9227537099070351 -0.46309742845579999 0
0.1146104958729736 -0.68547207533963772 0
-1.342126790759514 -0.47298066109606568 0
1.9942182655431919 -0.080906167037049004 0
3.750156468612841 -0.04794939717936994 0
8.5652888204897337 -0.44973113937972392 0
17.94910255569086 -0.43142993592290252 0
15.06425531109412 -0.20306826865030711 0
11.06611140945037 -0.4676868492343027 0
1.185941965664048 -0.45728975141214739 0
0.85470521535073773 -0.56141658301236719 0
3.4424431538805842 -0.1021638286505588 0
13.355576379984489 -0.1035047145083651 0
13.764780085663251 -0.44159443436084722 0
11.86723898401309 -0.47107139505081408 0
2.834916479041818 -0.44332280733685597 0
2.056638558642669 -0.46390594518571249 0
-2.9635937749577641 -0.45957057937387702 0
13.241273478971021 -0.0429255003051775 0
3.5359455968280371 -0.047218203653417952 0
13.433054646049211 -0.16968627235045591 0
11.1988347258091 -0.46374032097695561 0
-1.798292548176484 -0.45989347247283968 0
-3.208742084867902 -0.4416979485884453 0
-3.3015335698995578 -0.44531683832319502 0
5.3080511923864737 -0.45211121101348822 0
-0.84434473365392981 -0.56210135160158647 0
-1.138881648913683 -0.50318104420467136 0
1.028725838479418 -0.50609202564441014 0
1.0606201140368099 -0.51273014186142041 0
-0.059880436314418313 -0.53314174878906517 0
-4.775511895169414 -0.43779182192655941 0
-4.1960218650023302 -0.42754903818367768 0
-4.6708296265187617 -0.43671324018333157 0
24.183152140100962 -0.43320172163468018 0
3.2285819712182291 -0.098090555555132297 0
24.33467348455569 -0.23965981062882691 0
1.447741879731324 -0.47059605353395489 0
1.4269783314769739 -0.46523425935475859 0
24.05698896503327 -0.43721457556913151 0
4.4783070122365114 -0.44626938612906408 0
12.857518655921 -0.097006378329082932 0
-3.67385734198252 -0.47657415418198318 0
19.912686476586821 -0.43234058504739631 0
4.0735349608058087 -0.46525923205135311 0
17.68407247794147 -0.47283720357365372 0
17.651352449013611 -0.46875228123471591 0
3.335070561839752 -0.047375220249607268 0
13.02657474941145 -0.045600833283940857 0
-1.3178343727422579 -0.42393955786494569 0
16.147292503975692 -0.47739732099201498 0
9.3167482023382142 -0.45203530106384221 0
13.176998527876311 -0.036748474179377953 0
-6.2945957009327227 -0.42986376394792258 0
-1.154097142646207 -0.50023221258670925 0
3.0133384575199731 -0.099284058469627387 0
0.18212821695006809 -0.67894747044842907 0
-3.8853095553388508 -0.46922460238978159 0
8.0172376230203017 -0.4510742942238436 0
-2.5992092305522458 -0.1168360149207424 0
5.9018892515543513 -0.46902587463602669 0
11.001919327598531 -0.44078241174027732 0
13.11684268428656 -0.111473195743839 0
-3.6465145823299339 -0.476872153660164 0
19.58184182948742 -0.43762507906243792 0
19.633792791094312 -0.44162939240695609 0
8.2448338837629418 -0.40195507872379821 0
-0.79367429211090479 -0.58140788832606471 0
-0.33569841828456559 -0.68700609400333545 0
-0.30047684531099428 -0.69473851233558059 0
0.89870014084973515 -0.55225228067230325 0
0.89032955522666768 -0.53341685789023319 0
-0.1022206620904096 -0.71712792828803495 0
9.1138581309582989 -0.45177375983224349 0
24.981085943511221 -0.47773734466542989 0
12.795719558390481 -0.16939640505723111 0
3.122015078575286 -0.046808658158489967 0
7.0201387680807592 -0.43864559318418561 0
6.9910885073705744 -0.44562383513581932 0
9.7271502554254017 -0.43455924118342248 0
-0.60171136182582829 -0.63237540674672998 0
0.81863566368589746 -0.57558830377150105 0
-3.2657783056665171 -0.47080712988212559 0
-3.283808499481498 -0.46769668901556471 0
-2.067178848522583 -0.47129728631960888 0
-2.0812713532992371 -0.47110508788531769 0
-2.6492001348141572 -0.47046257064543578 0
-2.6637310166343431 -0.47048894842280131 0
-3.171445995529393 -0.46989290947570772 0
-1.5854043045166271 -0.47037665590294558 0
-2.203681209021624 -0.47189951943504072 0
-2.2183736716186711 -0.4712205281872941 0
-2.5451443872553541 -0.47010165816663668 0
-2.5609456261151511 -0.47032921092790392 0
-2.7685622075755378 -0.47045155591207649 0
-2.7850135908866722 -0.47032179819080361 0
-1.5354402136665599 -0.47149145638384438 0
-1.5488705114387991 -0.47158792381696468 0
-3.401695012487945 -0.46769687409275801 0
-2.819280619976801 -0.47010169817116448 0
-2.8239879393270342 -0.44347233309735579 0
-1.188258824422056 -0.49479975557181782 0
-1.2216987606783489 -0.48737845271360791 0
-2.45947681452955 -0.47009701459564429 0
-2.4577096263564688 -0.44311120037118401 0
6.8526530630281997 -0.4383008849083817 0
-3.0062905110207918 -0.47217951617798548 0
-1.7407129431148061 -0.47115103378209849 0
-1.7549875546507361 -0.47008631710121762 0
-2.9220817072472611 -0.47009588801923408 0
-2.3333959319397439 -0.46021457070005528 0
20.274201459606012 -0.42921370355074201 0
12.961057830932599 -0.036295881446319248 0
7.6384764848563602 -0.46049301424279082 0
-2.3738092418036749 -0.47009321336575532 0
-2.390942756348887 -0.47032211677964753 0
24.403428043522631 -0.43599209637597008 0
2.803132226672298 -0.097027969052977212 0
-4.5558650843728401 -0.42965317447508089 0
-0.25207081765457701 -0.70285425443477789 0
-0.24647603568606971 -0.67731206299789015 0
-0.28483858009314172 -0.69934550902051651 0
9.6532305968744403 -0.46977891535121208 0
7.7253059242561983 -0.43352981493004422 0
13.24978998667118 -0.47011351217584491 0
20.166968859487682 -0.38750274366219939 0
-9.5934223816178719 -0.43613183636118252 0
2.9034454375795371 -0.46924104890978757 0
4.479815125531756 -0.46919520100401257 0
7.0661352651793594 -0.47003708469763772 0
7.0506442018139062 -0.47043149108673749 0
7.2798276317987289 -0.43241059329542081 0
5.8876046027151236 -0.47086441801008089 0
9.4302518422977677 -0.47008422629303492 0
9.4131238685563332 -0.47033141967768582 0
11.419473119889631 -0.46507797802695999 0
11.399423233473071 -0.4676850294118734 0
1.2394059594208739 -0.4854414073792459 0
3.6626768901706268 -0.46733829343578898 0
10.21813863441159 -0.47008351665130688 0
10.20101066066908 -0.47033140802926238 0
10.10647168476576 -0.47001988306229903 0
8.838099508725243 -0.46969477485834071 0
9.617431109827292 -0.46823644756168642 0
0.2203522728032884 -0.6795742996266424 0
9.2082901442376581 -0.46941003847482538 0
12.99178112020175 -0.46555678784144 0
16.79422242423685 -0.43297766025455731 0
-9.9771484049348391 -0.47517194568244547 0
11.579373628574009 -0.16111205535509929 0
1.328403383449511 -0.45581075889141992 0
11.79154076461252 -0.46961085939589869 0
6.019869710331033 -0.46966320938907269 0
2.8359819518335532 -0.47008079988556911 0
1.5503738219491741 -0.47035731142116388 0
1.5342559474828901 -0.47033123675866922 0
2.236502870882624 -0.47008032126963312 0
10.594193628971791 -0.47014828196684638 0
10.578660319571281 -0.47024844144700961 0
1.63702378993165 -0.47007981464934739 0
1.619895816190186 -0.47033134674928051 0
12.90255610150081 -0.11086624604066191 0
12.58000843934037 -0.46908758209288048 0
12.56463641717562 -0.46858904362438469 0
11.68536175781392 -0.44824337014626109 0
-0.56963106051262513 -0.63989064354500813 0
3.62079674464947 -0.46723844943983878 0
10.92439225677612 -0.47017181787699008 0
9.12011949142539 -0.47163727342900308 0
9.1057643535505726 -0.47224028152740632 0
2.5703338521337749 -0.46980960798485788 0
0.46959870965524969 -0.64231743208700631 0
-2.5916440348937488 -0.43934090011875071 0
-2.6223672300806662 -0.44548747966422669 0
-0.11799337873275351 -0.71698755649205614 0
3.8115744533071751 -0.46435836136493719 0
2.4025201512466738 -0.45533655333346429 0
9.1486783366469453 -0.437595146124441 0
17.835477523741709 -0.43053289828743418 0
10.970363253556631 -0.46652744556038772 0
5.1996423281544599 -0.47007451457202992 0
2.9082597027336861 -0.046093241889909348 0
7.7856053513647918 -0.4701210743587278 0
7.7688383893729256 -0.47033125182098739 0
-0.38596326090543281 -0.68136738247486561 0
-0.40060218440122081 -0.67762835866726179 0
12.958614433064319 -0.47007349986052088 0
9.7755065777549177 -0.46467002335907998 0
9.75724483682448 -0.46676747367317112 0
-0.3506929064247144 -0.68579547394041596 0
9.5160956689287026 -0.46866294780004142 0
3.400097669800672 -0.46703290161987998 0
12.528212480375769 -0.4710099431696681 0
12.513538162898451 -0.47054635425193309 0
8.5726157445158648 -0.47061141624559177 0
8.5571247066786604 -0.47025822978218601 0
3.3351831978678619 -0.46587778280361269 0
3.3154031263650681 -0.46912910183263051 0
6.2962949695485557 -0.46936557947489888 0
7.3738690810188814 -0.46991017612181829 0
7.3575241232467166 -0.47049841990695929 0
9.3250898031389848 -0.47131303707821232 0
9.3103560261068292 -0.47033129305650662 0
10.456869022468471 -0.47024403512255869 0
10.440802293051281 -0.47033155140201949 0
9.8573208030869033 -0.46898652883801162 0
3.488415750169092 -0.46412857049458789 0
6.0713343356714002 -0.47035838577872102 0
6.0560410152270396 -0.4703315588115729 0
8.6596954151381755 -0.46711528425604498 0
5.953273172778478 -0.47007262399435878 0
5.9374895010830064 -0.4697515284038325 0
11.72465827477221 -0.47120205170617008 0
11.70955735971326 -0.47185185852009193 0
8.060013942978312 -0.47009304370222882 0
17.201849833207991 -0.42210459785726678 0
6.5515246468862012 -0.47044458642661491 0
6.5363218546153856 -0.47033593760537939 0
1.6875983466490521 -0.47052769909921499 0
1.6719602013241259 -0.47041045724922781 0
5.4392074453299548 -0.46919417125740043 0
8.0238512247659131 -0.47158572844383012 0
8.0087092995019376 -0.47130782768473378 0
4.238411779260022 -0.46913922165496358 0
6.6383921224365716 -0.47009235338159089 0
6.6314803877542774 -0.44460301153106607 0
6.825981551689793 -0.47040341931603991 0
6.8096718598513073 -0.4703315306368685 0

Triangles
23248
3541 6713 7833 10
3583 6977 7080 10
4106 6633 6636 10
3523 6360 6693 10
4120 7009 7812 10
3530 6757 7772 10
7011 4122 7012 10
3652 6748 8084 10
4027 6642 6645 10
6547 3655 6549 10
3564 6656 6800 10
6540 3533 7783 10
6585 4126 7345 10
6500 4112 6664 10
3664 7029 7030 10
3675 6683 7056 10
6331 3504 6516 10
6515 4036 6817 10
4091 6863 7833 10
6686 3654 7718 10
7068 4168 7069 10
3506 6536 6829 10
4042 6684 7056 10
6685 4044 6836 10
4047 6542 6838 10
6548 4048 7718 10
6700 4155 7808 10
6687 3608 6844 10
4132 6903 7266 10
4135 7062 7063 10
3546 6283 6634 10
6382 3615 6482 10
3531 7121 7771 10
3653 7059 7213 10
3980 6248 6605 10
6252 4059 6423 10
7147 4161 7735 10
6392 3667 7785 10
4168 6986 7246 10
6381 3987 6382 10
4054 6298 7863 10
3989 6359 6563 10
6528 5029 6529 10
6352 3994 7748 10
6328 4037 7766 10
6324 4045 6541 10
6332 3996 6525 10
3627 6332 6532 10
6187 6684 7811 10
5406 5409 7801 10
3336 3337 6660 10
3759 7301 7312 10
7448 7169 7553 10
7352 3833 7362 10
6744 5218 7231 10
3744 7332 7343 10
7329 3753 7341 10
5194 6870 6871 10
6155 4996 6156 10
4094 6834 7834 10
6544 6044 6545 10
6969 6988 7765 10
6974 6970 6975 10
7245 3792 7537 10
3827 7292 7310 10
3198 3199 5407 10
3773 6029 7224 10
3935 5694 6011 10
5407 3199 8037 10
8057 6404 8068 10
3876 5409 5456 10
4912 6642 6643 10
6730 6729 6731 10
3796 7327 7359 10
5040 5042 6078 10
7283 3816 7290 10
5258 3878 5269 10
6201 6202 6203 10
3727 7251 7272 10
3758 7312 7339 10
3929 4238 5048 10
3912 3335 5259 10
7169 5868 7551 10
6680 4935 7080 10
4931 6992 6993 10
5257 3912 5259 10
4920 4933 7185 10
5117 6512 7734 10
3093 3094 5904 10
5232 4853 5234 10
3828 7310 7344 10
7226 6202 7475 10
3335 3336 5259 10
7298 3790 7338 10
4225 5723 5775 10
5003 5004 6458 10
3398 3399 5736 10
7290 3815 7320 10
5453 3950 5455 10
5048 5055 5996 10
3371 3372 5091 10
3402 3403 5763 10
6990 3783 7325 10
3726 7272 7311 10
5055 3931 5996 10
4938 4564 6035 10
3070 3071 5867 10
6373 4016 6479 10
5694 4961 6011 10
3950 5453 5457 10
6031 3770 6032 10
5259 3336 6660 10
3912 5257 5260 10
3866 7209 7227 10
5264 4780 5266 10
4780 4701 5266 10
5450 5592 7822 10
7248 3808 7295 10
5006 3685 7296 10
5710 4201 5814 10
5409 3876 7801 10
5885 7228 7230 10
6783 4949 6784 10
3191 3192 5451 10
3854 7163 7593 10
3719 7220 7279 10
7232 3858 7286 10
5198 6708 8203 10
5451 3192 8062 10
3867 7227 7288 10
6521 5183 8211 10
7388 3707 7477 10
7321 6158 8099 10
3842 7211 7274 10
7099 4951 8128 10
5178 7069 7246 10
4701 4699 5266 10
6734 5145 6735 10
5209 6688 6844 10
3327 3328 7054 10
7643 7429 7646 10
6030 3771 6031 10
6733 5145 6734 10
7170 5537 7181 10
3679 7170 7181 10
7325 3782 7326 10
5992 3765 7501 10
7173 3734 7192 10
5488 5701 7832 10
5269 3878 5271 10
7222 5706 7240 10
7104 5527 7151 10
3680 7104 7151 10
3780 7263 7467 10
3904 3326 5246 10
5008 5470 6143 10
3779 6873 7262 10
6618 5595 6824 10
3682 6618 6824 10
6581 5423 7757 10
6029 3772 6030 10
5721 4232 5827 10
3747 7152 7334 10
5954 5114 5988 10
1350 1351 7391 10
6099 4953 6159 10
3684 6099 6159 10
3188 3189 5490 10
5244 3904 5246 10
7228 3736 7230 10
3737 7194 7230 10
3496 6373 6479 10
7197 3718 7279 10
7201 3851 7240 10
6068 5582 6074 10
7192 3735 7228 10
3687 6068 6074 10
7150 3725 7311 10
3740 6195 7347 10
3850 7222 7240 10
3839 7125 7328 10
7206 3843 7274 10
6049 5474 6053 10
6784 4951 7100 10
3937 4961 5694 10
3697 6049 6053 10
5452 3885 5457 10
6191 3757 7339 10
3834 7353 7423 10
5490 3189 8073 10
3814 7074 7320 10
6015 4943 6023 10
3870 6015 6023 10
6720 3829 7344 10
3789 6926 7338 10
7353 3835 7498 10
3849 7187 7222 10
5991 5501 6003 10
3804 7193 7632 10
5723 4225 5850 10
5486 3681 7200 10
3681 5486 7204 10
3896 5991 6003 10
7466 3767 7662 10
5959 5447 5973 10
6177 6176 7818 10
3946 5959 5973 10
7271 3797 7359 10
5245 3926 5648 10
3754 6042 7341 10
6046 3743 7343 10
5447 3903 5701 10
3746 7333 7545 10
7333 3745 7582 10
3787 6034 6069 10
3903 5447 5959 10
3752 7330 7517 10
7330 3751 7597 10
6924 6923 8190 10
5061 3928 5077 10
5453 5452 5457 10
3832 6060 7362 10
5456 5409 7803 10
5095 6083 7505 10
5188 6764 8275 10
5648 3926 5649 10
4912 6377 6642 10
5994 5681 5995 10
5060 6343 6395 10
6407 5420 7807 10
5500 5501 5985 10
5443 6131 6714 10
5985 5501 5991 10
7301 3760 7302 10
5044 6091 6203 10
7155 3844 7206 10
6201 6203 6204 10
5099 7387 8102 10
7118 3717 7197 10
5500 3946 5973 10
6144 6862 7735 10
4859 5023 5506 10
6992 4931 7976 10
3834 7352 7353 10
3946 5500 5985 10
6110 5443 6714 10
5418 6124 8059 10
7292 3826 7293 10
3326 3327 5246 10
7332 3745 7333 10
3752 7329 7330 10
5496 3683 7215 10
3683 5496 7229 10
6462 6256 8295 10
5117 4963 6512 10
3904 5244 5247 10
3887 3320 5231 10
7251 3728 7252 10
6142 3750 7322 10
3817 7283 7284 10
4967 4943 6010 10
9 4234 8144 10
6010 4943 6015 10
3722 6130 7313 10
5592 3917 7822 10
5229 3887 5231 10
4963 6511 6512 10
6292 4949 7234 10
6089 3836 7354 10
3846 7156 7358 10
6081 3811 7305 10
5792 4202 5823 10
7551 5868 7552 10
5077 3928 8129 10
5773 5776 7537 10
6678 4934 6679 10
5221 7004 7005 10
6110 6714 8293 10
4343 5130 5564 10
3321 3322 7148 10
6990 5095 7504 10
7908 6557 8180 10
4961 3937 6369 10
4202 5792 5824 10
5814 4201 5839 10
7188 3847 7358 10
7249 3810 7613 10
5550 5552 6077 10
3733 7173 7174 10
7195 3739 7347 10
5475 5474 6033 10
3853 7202 7335 10
6033 5474 6049 10
3941 5270 5271 10
5042 5046 6078 10
4436 4854 5079 10
3809 7249 7652 10
3793 7244 7702 10
5504 7102 7317 10
4967 3896 6003 10
4238 4242 5048 10
5987 4790 5988 10
3896 4967 6010 10
3748 6141 7152 10
4780 5264 5267 10
4958 7296 7323 10
5246 3327 7054 10
5099 7405 7416 10
6129 3724 7150 10
5567 3686 7253 10
3686 5567 7273 10
4191 6017 7725 10
7221 3720 7382 10
4348 5121 5123 10
3721 7221 7453 10
6125 5418 6128 10
5581 5582 6062 10
5964 4867 5965 10
6062 5582 6068 10
7322 3751 7330 10
4432 4849 5064 10
7333 3746 7334 10
7233 3860 7654 10
6583 5022 6612 10
7221 3721 7313 10
6105 5413 7915 10
7212 3840 7328 10
3838 6088 7125 10
5649 6028 6916 10
3835 7353 7354 10
5072 4790 5987 10
3860 7233 7304 10
3859 7233 7714 10
4946 7027 7028 10
7370 5905 7914 10
7001 4119 7764 10
4854 4438 5433 10
4837 4674 5158 10
6730 6731 8255 10
6983 5136 7765 10
6035 6592 7936 10
3810 7249 7305 10
3813 6080 7074 10
7212 3841 7611 10
5102 5059 7205 10
4746 4742 5988 10
5465 4953 6085 10
5701 3903 7832 10
4570 4950 6061 10
6025 7154 8097 10
6085 4953 6099 10
7220 3720 7221 10
3788 6069 6926 10
6480 3495 6527 10
3809 7248 7249 10
4339 5134 5542 10
4428 4847 5018 10
5219 5218 6744 10
3840 7212 7651 10
7302 3760 7400 10
6371 5960 6372 10
6684 6187 7056 10
3859 7232 7233 10
6577 6576 8055 10
5475 3870 6023 10
6059 3830 6720 10
4946 4570 6061 10
4396 4814 4981 10
5008 4376 5470 10
7211 3841 7212 10
3870 5475 6033 10
5023 4347 5506 10
5224 4850 7894 10
4972 6498 7919 10
7093 6644 8004 10
5510 3688 7303 10
3688 5510 7315 10
3372 4214 5091 10
6265 6035 6266 10
5251 5247 6076 10
3741 6045 6195 10
3094 4223 5904 10
5598 5595 6196 10
7194 3738 7195 10
6041 3756 6191 10
5181 6534 8209 10
6196 5595 6618 10
4949 4951 6784 10
4424 4846 5013 10
3852 7201 7202 10
5418 4375 6026 10
3937 4969 6369 10
5140 4342 6057 10
3942 3312 5285 10
4228 3398 5736 10
3928 5061 5107 10
7293 3826 7494 10
5144 5570 7868 10
7708 7179 8009 10
7187 3848 7188 10
4234 9 7610 10
4246 4759 4975 10
6128 5418 8001 10
3403 4226 5763 10
6034 3786 6083 10
3716 7118 7119 10
5283 3942 5285 10
3845 7155 7156 10
6263 6261 8257 10
5864 5940 6042 10
7202 3853 7530 10
3664 7031 7145 10
5526 5527 6995 10
3071 4230 5867 10
4236 3070 5867 10
5917 5914 6046 10
3320 3321 5231 10
6995 5527 7104 10
6141 3749 6142 10
4420 4844 5010 10
3723 6129 6130 10
7195 3738 7451 10
3739 7195 7558 10
6045 3742 6046 10
5233 5232 5234 10
3755 6041 6042 10
3852 7202 7681 10
6924 5143 6925 10
6088 3837 6089 10
4393 4396 4981 10
4958 5006 7296 10
3928 5073 8129 10
6080 3812 6081 10
7270 3798 7271 10
3831 6059 6060 10
6203 7138 7922 10
5581 3697 6053 10
3338 3339 5271 10
4233 3371 5091 10
4834 4670 5161 10
3697 5581 6062 10
4583 4586 5000 10
3817 7284 7622 10
5516 3703 7356 10
3703 5516 7365 10
4841 4678 5154 10
6124 5418 6125 10
6087 6172 6173 10
5536 5537 7160 10
4416 4838 5004 10
4827 4666 5164 10
7160 5537 7170 10
4342 5140 7868 10
7775 6565 8205 10
5219 6744 6745 10
5744 7206 7274 10
3847 7188 7677 10
7252 3728 7584 10
4705 4703 6207 10
3093 5904 7975 10
5773 7537 8217 10
7188 3848 7695 10
4210 5936 5942 10
5862 5864 6042 10
5760 5780 6060 10
5095 5777 6004 10
5782 4213 5801 10
5986 5907 7174 10
6593 4944 6594 10
7239 7050 7925 10
5914 5913 6046 10
3887 5229 5232 10
5057 5040 6078 10
4236 5867 7650 10
7317 5235 7861 10
5270 3941 5272 10
6118 3462 6119 10
4408 4824 4990 10
5736 3399 7982 10
3685 5006 7444 10
6438 5021 6439 10
3920 3307 5328 10
5485 5486 7189 10
5100 5102 7205 10
6512 6651 7734 10
4586 4762 5000 10
4826 4662 5167 10
7189 5486 7200 10
3402 5763 7988 10
5235 5236 7861 10
5049 5029 6528 10
5326 3920 5328 10
4412 4835 4993 10
4850 4686 7894 10
5465 3687 6074 10
5231 3321 7148 10
5112 5098 6001 10
3687 5465 6085 10
4560 4937 8201 10
4969 3937 7236 10
5562 3871 7737 10
3313 3314 7159 10
7156 3846 7509 10
3871 5562 7741 10
4819 4658 5170 10
3845 7156 7510 10
5497 5496 7208 10
5401 6754 6755 10
5794 5733 6081 10
7208 5496 7215 10
4936 4560 8201 10
5079 4854 5080 10
5044 6202 7176 10
7355 4833 7793 10
5551 6213 8137 10
3333 3334 5261 10
3716 7119 7526 10
3899 5254 6111 10
4564 4944 6035 10
5210 6844 8212 10
6101 7161 8108 10
5758 5760 6060 10
4811 4654 5173 10
6332 5970 6532 10
4692 5576 5577 10
4854 5433 5434 10
3318 3319 5233 10
5549 5024 6426 10
5039 5050 5060 10
4434 4436 5079 10
5568 5567 7241 10
5130 4343 7732 10
7326 3782 7706 10
7241 5567 7253 10
5021 4384 5022 10
5248 5247 5251 10
3324 3325 5248 10
6290 4947 6291 10
5802 5801 6089 10
5210 5209 6844 10
5429 3949 7746 10
3949 5429 7754 10
6572 5019 8240 10
5867 5868 7650 10
6138 6147 6153 10
6299 5432 7863 10
5875 7197 7279 10
6599 5026 8180 10
5028 4972 7968 10
4252 4254 5025 10
5570 5144 7178 10
4191 5066 6017 10
5221 6746 7277 10
5598 3684 6159 10
4808 4650 5176 10
5970 6332 6525 10
4242 5033 5048 10
4430 4432 5064 10
5114 5954 8090 10
3684 5598 6196 10
4674 4676 5158 10
6484 5201 8121 10
4934 6678 7923 10
4852 4690 5577 10
6052 6381 6382 10
3777 7643 7646 10
5511 5510 7289 10
7289 5510 7303 10
5064 4849 5065 10
4932 4931 7991 10
5777 5095 7886 10
5900 5901 6130 10
4934 4935 6680 10
6052 6382 6482 10
5066 4191 7724 10
3929 5048 5996 10
5061 4239 5107 10
4404 4821 4987 10
5610 3901 7760 10
3901 5610 7767 10
5943 5936 6142 10
5001 6501 7739 10
4802 4646 5179 10
4778 4707 5262 10
4933 4932 7970 10
5166 6297 8237 10
5290 3873 5503 10
5121 4348 5147 10
4426 4428 5018 10
5254 3899 8082 10
5515 5516 7331 10
5503 3873 5504 10
7331 5516 7356 10
6832 4994 7066 10
4242 5031 5033 10
6142 3749 7411 10
6510 6511 7958 10
3750 6142 7521 10
3337 3878 6660 10
6130 3722 7560 10
5733 5731 6081 10
4375 5559 6026 10
3723 6130 7585 10
4801 4642 5182 10
5020 4384 5021 10
7169 7551 7553 10
5526 3682 6824 10
4920 4540 4933 10
4422 4424 5013 10
3682 5526 6995 10
6456 5005 8056 10
4223 5903 5904 10
6210 5551 8137 10
5222 5221 7005 10
5004 5005 6458 10
5561 5562 7720 10
6034 3787 7575 10
4438 4440 5433 10
7720 5562 7737 10
7308 3864 7638 10
6089 3837 7625 10
4742 5954 5988 10
5735 4228 5736 10
3733 7174 7524 10
5021 6438 7946 10
5234 4853 7987 10
7260 3232 7905 10
4692 4694 5576 10
3811 6081 7469 10
5018 4847 5019 10
4947 6290 8003 10
5139 5146 6876 10
4226 5762 5763 10
4550 4927 8032 10
5069 7355 7793 10
5427 3897 7781 10
5801 5800 6089 10
3897 5427 7790 10
7235 3235 7881 10
6081 3812 7573 10
3308 3309 7165 10
7085 6929 7927 10
3836 6089 7726 10
3430 3431 5841 10
3312 3313 5285 10
4562 4564 4938 10
4418 4420 5010 10
5827 4232 5829 10
4230 5866 5867 10
6028 5265 6916 10
4789 4628 5193 10
5169 7021 7250 10
4244 4246 4975 10
4937 4562 4938 10
4995 4996 6155 10
7199 3242 7841 10
7163 3854 7335 10
3952 5051 5052 10
4837 5158 5159 10
4670 4672 5161 10
4764 5220 5221 10
5156 4850 5223 10
3831 6060 7619 10
4666 4668 5164 10
7180 3245 7829 10
4414 4416 5004 10
5198 5197 6708 10
3496 6372 6373 10
5536 3680 7151 10
7504 5095 7505 10
5034 5037 5055 10
7157 3248 7804 10
3680 5536 7160 10
5222 6842 7186 10
6046 3742 7395 10
3743 6046 7396 10
7102 5235 7317 10
4406 4408 4990 10
7446 3869 7929 10
4371 4942 8079 10
6042 3754 7376 10
3755 6042 7449 10
5898 5900 6130 10
7073 3251 7782 10
4975 4759 4976 10
6060 3832 7722 10
4764 5221 5222 10
4928 4550 8032 10
6169 3257 7743 10
7425 3803 7877 10
3942 5283 5286 10
3798 7270 7661 10
7176 3678 7281 10
4282 4284 5417 10
6715 3254 7763 10
3939 4969 7236 10
5426 5427 7774 10
4209 5919 5931 10
5936 5935 6142 10
7774 5427 7781 10
7503 7505 8120 10
5013 4846 5014 10
4947 4949 6292 10
7447 4235 7784 10
7448 3938 7784 10
4376 4357 5469 10
7673 7702 7800 10
5685 3882 7806 10
3882 5685 7815 10
6213 6212 8137 10
4254 4385 5025 10
4662 4664 5167 10
5215 6443 8075 10
4268 4270 5422 10
6371 6370 8158 10
6223 6281 6402 10
6343 6342 6395 10
6218 6454 6510 10
4678 4680 5154 10
6164 5468 8098 10
6041 3755 7450 10
3742 6045 7394 10
3756 6041 7555 10
6045 3741 7482 10
5287 3890 5805 10
4690 4692 5577 10
3959 6136 8207 10
5684 5685 7797 10
4215 5733 5793 10
4410 4412 4993 10
5095 6004 6083 10
7797 5685 7806 10
4200 5711 5749 10
6400 6499 6557 10
4790 5072 6013 10
4208 5879 5900 10
4951 7099 7100 10
5265 5266 6865 10
5265 6865 6916 10
5270 5269 5271 10
4294 4377 4997 10
7570 7467 7852 10
4658 4660 5170 10
5551 5549 6426 10
6738 7219 7967 10
4949 6783 7234 10
5485 3679 7181 10
5348 7260 7905 10
4841 5154 5155 10
4781 4620 5199 10
6493 5157 7826 10
6512 6620 6651 10
4944 4945 6594 10
3679 5485 7189 10
4792 4632 5190 10
6153 6152 6158 10
4376 5469 5470 10
7664 3781 7852 10
3830 6059 7460 10
7271 3798 7660 10
6375 5076 6378 10
6059 3831 7462 10
4016 6480 6527 10
5010 4844 5011 10
4654 4656 5173 10
5202 5201 7950 10
4783 4624 5196 10
5285 3313 7159 10
4834 5161 5162 10
5688 5689 7821 10
3339 3941 5271 10
3878 3338 5271 10
3797 7271 7710 10
5542 5134 7316 10
5418 6026 8001 10
7821 5689 7830 10
4388 4268 5422 10
6069 3788 7539 10
3787 6069 7540 10
5689 3874 7830 10
3741 6195 7481 10
6191 3756 7554 10
3874 5689 7837 10
3757 6191 7580 10
6734 6735 8139 10
4687 4685 6076 10
5041 5039 5060 10
6195 3740 7577 10
3199 3911 8037 10
4638 5185 5186 10
6155 6154 7154 10
5413 6105 6236 10
3780 7262 7263 10
5262 4705 6207 10
3536 6671 7110 10
6805 3440 7949 10
5183 6525 8211 10
6429 5579 7843 10
3783 6990 7603 10
6108 6109 8072 10
7045 5169 7141 10
5195 5194 6871 10
4284 4375 5417 10
4790 4746 5988 10
3916 5362 8132 10
5362 3916 8122 10
5286 5287 5805 10
6720 3830 7459 10
4650 4652 5176 10
6088 3838 7437 10
5627 7235 7881 10
5114 5987 5988 10
6844 6843 8212 10
3812 6080 7665 10
6836 6835 8208 10
3878 5258 6660 10
3837 6088 7476 10
4796 4636 5186 10
5697 5698 7840 10
5648 5649 6916 10
5004 4838 5005 10
3829 6720 7656 10
7840 5698 7847 10
5090 4233 5091 10
6733 6731 7349 10
7631 7593 7903 10
3724 6129 7479 10
6119 3462 8207 10
3670 6772 6966 10
3788 6926 7541 10
6141 3748 7372 10
3334 3912 5261 10
3749 6141 7377 10
6129 3723 7576 10
4950 6586 7345 10
6523 6979 7116 10
4144 6812 6934 10
6080 3813 7704 10
4151 6832 7066 10
6977 6680 7080 10
6525 6524 8211 10
6766 6765 6919 10
4782 4616 5202 10
4223 5899 5903 10
5497 3681 7204 10
6839 5623 6998 10
4788 4689 5249 10
5353 7906 7932 10
4777 4612 5205 10
6418 6872 7049 10
3307 3308 5328 10
6862 7147 7735 10
4348 5123 8033 10
5184 5183 6521 10
4969 3939 7768 10
6297 6296 8237 10
3681 5497 7208 10
6362 6361 8240 10
7074 3814 7599 10
6873 3779 7615 10
6926 3789 7688 10
3329 3330 5649 10
3764 5992 7500 10
5880 5926 7119 10
3926 3329 5649 10
6570 6845 7012 10
7100 7099 7101 10
6790 6949 7097 10
5732 4228 5735 10
4827 5164 5165 10
3838 7125 7436 10
6336 6825 6827 10
4376 5008 5546 10
5749 5750 7156 10
4945 4946 7028 10
6507 6668 6961 10
6516 4989 7766 10
4646 4648 5179 10
6211 6216 7146 10
4193 5928 5952 10
6808 6807 6809 10
5188 5187 6764 10
6659 6658 6804 10
3725 7150 7392 10
3940 3318 5233 10
7150 3724 7408 10
3328 3926 7054 10
7125 3839 7648 10
4560 4562 4937 10
3881 5241 8231 10
3748 7152 7373 10
5241 3881 8182 10
7152 3747 7443 10
3813 7074 7705 10
4226 5759 5762 10
6897 7008 7127 10
4989 6329 7766 10
4993 4835 4994 10
3778 6873 7653 10
5698 3884 7847 10
6458 6761 6907 10
3954 6103 7916 10
3991 6365 8041 10
6592 4944 6593 10
3325 3904 5248 10
6435 3479 8041 10
5143 5142 6925 10
5072 5071 6013 10
5021 5022 8174 10
7700 3855 7762 10
4520 4913 7891 10
4040 6435 8058 10
4230 5863 5866 10
4572 4948 8193 10
7906 3888 7932 10
5370 7888 7911 10
5148 4520 7891 10
6581 3478 8058 10
6586 6585 7345 10
6251 6450 6751 10
6468 6467 7184 10
4536 5062 7901 10
6642 6377 6645 10
6656 6305 6800 10
4039 6581 7757 10
3486 6583 6612 10
6501 6500 6664 10
5313 3920 5326 10
6688 6687 6844 10
6542 6349 6838 10
4774 4608 5208 10
4642 4644 5182 10
3890 5287 5984 10
3469 6120 8059 10
6537 4991 6829 10
4990 4824 4991 10
3774 7225 7729 10
3884 5698 7859 10
3553 6837 6839 10
4088 6704 7190 10
6752 3555 6754 10
5693 5424 6366 10
5142 5139 6876 10
4402 4404 4987 10
5719 5723 5850 10
4628 4630 5193 10
3942 5286 5805 10
3571 6850 6852 10
7008 5210 8212 10
7048 3572 7239 10
4181 6885 6888 10
3333 5261 5263 10
3548 6927 6929 10
3644 6493 7826 10
3319 3887 5233 10
7114 4986 8230 10
7114 7113 7158 10
4772 4604 5211 10
4250 4384 5020 10
6443 5215 6444 10
7118 3716 7525 10
3717 7118 7562 10
3920 5313 5842 10
5011 6421 7256 10
3324 5248 5250 10
3765 5992 7179 10
4638 4640 5185 10
5568 3683 7229 10
5403 7878 7893 10
4193 5112 6001 10
4859 4861 5023 10
4826 5167 5168 10
3683 5568 7241 10
4997 4377 4998 10
3718 7197 7512 10
5646 7199 7841 10
5313 5311 5842 10
6083 3786 7703 10
7197 3717 7542 10
4919 4536 7901 10
4542 4932 4933 10
7069 5177 7070 10
7155 3845 7598 10
5775 5723 5776 10
5257 4778 5262 10
4707 4705 5262 10
3569 6374 6378 10
6302 3988 6306 10
6346 3551 6350 10
7888 3919 7911 10
5842 5311 5958 10
3948 5462 7933 10
3764 5967 5992 10
4999 5550 6077 10
4528 5076 7870 10
6199 3972 8096 10
3553 6839 6997 10
5311 5312 5958 10
6714 6131 7833 10
5721 5827 5828 10
4767 4600 5214 10
3844 7155 7635 10
6192 3971 8080 10
5347 7865 7873 10
3704 7281 8112 10
6754 3555 6904 10
4910 4371 8079 10
3908 5972 5983 10
3843 7206 7666 10
5263 5261 5267 10
7723 3863 8104 10
5878 5880 7119 10
5972 5374 5983 10
5642 7180 7829 10
5961 5960 6371 10
4935 4558 4936 10
5264 5263 5267 10
7519 7552 8196 10
6535 5180 7810 10
6096 4983 6097 10
4357 4359 5469 10
3569 6378 6575 10
3547 6636 6777 10
6306 3988 6567 10
3571 6852 7019 10
6751 6750 6753 10
7206 3844 7698 10
7187 3849 7569 10
5789 5792 5823 10
6247 6429 7843 10
4819 5170 5171 10
3566 7093 8004 10
7194 3737 7380 10
6717 6716 7751 10
6713 6714 7833 10
4092 7037 7752 10
3738 7194 7452 10
3735 7192 7514 10
5710 5814 5815 10
3572 7050 7239 10
6350 3551 6504 10
3675 7056 7834 10
7043 4162 7046 10
3736 7228 7409 10
3654 7002 7718 10
7063 3530 7772 10
7266 3652 8084 10
6633 6634 6636 10
4181 6888 7133 10
7192 3734 7544 10
4107 6777 6928 10
6516 6515 6817 10
7036 4091 7833 10
4175 6795 7103 10
4912 4528 7870 10
6536 6537 6829 10
7228 3735 7441 10
4636 4638 5186 10
6685 6836 7783 10
3737 7230 7378 10
7543 3729 8123 10
6549 6548 7718 10
4155 7017 7808 10
7230 3736 7379 10
6590 6717 7785 10
7246 3629 7810 10
6894 4165 6900 10
4544 4931 4932 10
6693 6360 7863 10
7132 4120 7812 10
7012 4122 7337 10
3924 5999 6007 10
5098 5101 6001 10
7222 3850 7564 10
6547 6549 7748 10
6541 6540 7783 10
3849 7222 7565 10
6030 3772 7426 10
6331 6516 7766 10
3705 1350 7391 10
5312 3908 5958 10
4768 4596 5217 10
7213 4132 7266 10
4135 7063 7771 10
6283 6284 6634 10
3548 6929 7084 10
7123 3531 7771 10
5811 5814 5839 10
5999 5351 6007 10
6144 5625 6862 10
6248 6249 6605 10
7278 6077 8096 10
5035 5049 5960 10
3908 5312 5972 10
6709 5197 7827 10
6355 3598 6358 10
4983 4984 6056 10
3848 7187 7696 10
5511 3686 7273 10
6393 6392 7785 10
5961 6371 8158 10
7484 3761 8196 10
3771 6030 7527 10
3431 4206 5841 10
5385 7854 7869 10
3850 7240 7566 10
5415 4389 7917 10
3580 6333 6340 10
7485 7519 8196 10
6298 6299 7863 10
6864 4092 7752 10
6563 6359 7826 10
5462 3948 8026 10
4950 4572 8193 10
4976 4977 8242 10
4162 6723 7046 10
6353 6352 7748 10
6329 6328 7766 10
6310 4034 6313 10
6324 6541 7802 10
5840 3430 5841 10
3686 5511 7289 10
7878 3906 7893 10
5222 7005 7978 10
4165 6898 6900 10
4811 5173 5174 10
5382 7157 7804 10
4202 5824 5829 10
7444 5006 8017 10
5470 5469 6087 10
7672 7632 8038 10
4210 5942 5944 10
5919 4209 5937 10
5983 5374 5990 10
3792 7245 7589 10
7594 3825 8181 10
4213 5782 5803 10
5691 5692 8025 10
3891 6021 6024 10
5328 3308 7165 10
4981 4814 4982 10
4808 5176 5177 10
5469 5468 6087 10
3983 6626 7299 10
5374 5373 5990 10
7240 3851 7693 10
4292 4294 4997 10
5110 6644 7093 10
5907 5986 7889 10
5407 5406 7801 10
3772 6029 7427 10
6021 5274 6024 10
4791 5251 6076 10
4620 4622 5199 10
5266 4699 6865 10
7201 3852 7682 10
4023 6405 8068 10
4034 6307 6313 10
3598 6314 6358 10
3529 6453 8028 10
3851 7201 7692 10
6337 3580 6340 10
4852 5577 5578 10
5414 4389 5415 10
7016 3514 7018 10
4138 7079 7081 10
6029 3773 7493 10
4764 4592 5220 10
5747 5749 7156 10
5088 4233 5090 10
4982 4983 6096 10
5181 5180 6534 10
7245 3793 7626 10
3494 6615 8087 10
4182 6846 8045 10
3800 7268 7618 10
5423 5422 6055 10
3653 7213 7875 10
5692 5693 7897 10
3842 7274 7473 10
4150 6828 8070 10
7134 4182 8045 10
4558 4560 4936 10
7052 4097 7282 10
3719 7279 7407 10
7211 3842 7471 10
3914 6050 6054 10
5334 7073 7782 10
6918 4138 7081 10
6778 4171 8065 10
7279 3718 7513 10
3477 6579 8092 10
6098 6286 7795 10
4538 4920 7348 10
7173 3733 7523 10
5163 6788 8078 10
3720 7220 7383 10
3841 7211 7472 10
3624 7075 7117 10
7220 3719 7384 10
3640 6639 8078 10
3734 7173 7559 10
6643 6642 8277 10
6050 5294 6054 10
5075 5073 7913 10
4248 4250 5020 10
7274 3843 7667 10
8059 6109 8119 10
6453 4065 8028 10
7115 3624 7117 10
5570 4342 7868 10
3322 3922 7148 10
4987 4821 4988 10
4802 5179 5180 10
3663 6389 6390 10
7286 3858 7492 10
6797 4071 7876 10
4982 6096 8107 10
3912 5260 5261 10
4334 4336 5147 10
4934 4556 4935 10
3858 7232 7609 10
7865 3925 7873 10
3866 7227 7634 10
5967 3764 7499 10
7034 3542 8030 10
6906 4166 8086 10
6253 4015 8056 10
5261 5260 5267 10
3872 6070 6075 10
5099 5100 7387 10
5750 5711 7188 10
5000 5001 7739 10
5928 4193 6001 10
5343 6715 7763 10
7731 6969 7765 10
5738 4194 7846 10
5422 5421 6055 10
5191 8257 8258 10
6975 6970 7361 10
6070 5667 6075 10
6414 5172 6724 10
6629 3538 8114 10
7295 3808 7534 10
5014 7172 8246 10
5665 6169 7743 10
6876 7361 8142 10
6803 3642 8091 10
6031 3771 7642 10
7305 3811 7470 10
6007 5351 6014 10
3867 7288 7668 10
5579 6448 8221 10
7311 3725 7393 10
3726 7311 7403 10
3944 6084 6094 10
5971 7126 8106 10
5515 3688 7315 10
4951 4582 4956 10
3810 7305 7612 10
7232 3859 7713 10
3889 5650 7953 10
5351 5350 6014 10
4540 4542 4933 10
7227 3867 7675 10
7313 3721 7454 10
6084 5677 6094 10
4624 4626 5196 10
3688 5515 7331 10
7820 5395 7823 10
6252 6423 7883 10
3808 7248 7647 10
6708 5197 6709 10
3722 7313 7561 10
4391 5419 5420 10
3386 3387 5829 10
4963 4962 7958 10
7272 3726 7402 10
3886 6151 6189 10
5895 7150 7311 10
3727 7272 7413 10
4612 4614 5205 10
3747 7334 7442 10
5373 3924 5990 10
3770 6031 7721 10
7334 3746 7546 10
5417 4375 5418 10
7854 3894 7869 10
7320 3815 7507 10
3860 7304 7567 10
6151 5306 6189 10
7322 3750 7520 10
5062 4538 7348 10
3924 5373 5999 10
3814 7320 7600 10
3751 7322 7556 10
4916 5067 7996 10
6710 3590 8183 10
3835 7354 7633 10
7248 3809 7717 10
5122 5120 8241 10
6091 5060 6395 10
5028 6614 8087 10
3192 3885 8062 10
6284 6285 7778 10
4632 4634 5190 10
5424 5693 6016 10
4546 4930 4931 10
5911 5889 7195 10
3758 7339 7483 10
6528 6529 7346 10
3815 7290 7508 10
5503 5504 7317 10
4616 4618 5202 10
3839 7328 7649 10
5444 4867 5964 10
7339 3757 7579 10
7209 3866 7502 10
3915 6749 6917 10
5221 5219 6746 10
4996 4997 6208 10
4391 5420 5421 10
6330 4991 6537 10
5260 5257 5262 10
7798 5381 7805 10
6749 5280 6917 10
7347 3739 7557 10
4801 5182 5183 10
5120 5119 6699 10
5420 6407 6559 10
3740 7347 7578 10
7363 7466 7662 10
4542 4544 4932 10
3754 7341 7374 10
7341 3753 7375 10
4199 5889 5909 10
5681 4872 5995 10
7343 3743 7401 10
7344 3829 7657 10
4239 4237 5107 10
3744 7343 7487 10
7290 3816 7601 10
4212 5748 5796 10
4384 4252 5025 10
5033 5034 5055 10
3664 7030 7031 10
3926 5245 7054 10
7354 3836 7727 10
3759 7312 7397 10
7338 3790 7686 10
3846 7358 7511 10
3789 7338 7715 10
7312 3758 7410 10
3853 7335 7528 10
5966 5928 7418 10
3827 7310 7608 10
7335 3854 7529 10
7262 3780 7468 10
6245 6246 7237 10
7328 3840 7716 10
5654 4911 7309 10
6577 4916 6578 10
3796 7359 7606 10
4171 6932 8065 10
3905 7142 7153 10
3790 7298 7687 10
5249 4687 6076 10
3779 7262 7614 10
5051 3952 7243 10
6795 5065 7103 10
5232 5229 5661 10
4853 5232 5661 10
6024 5274 6036 10
7142 5669 7153 10
6676 4892 6958 10
5244 4788 5249 10
4689 4687 5249 10
3828 7344 7711 10
4368 5117 5118 10
6256 7185 8295 10
7728 3805 7744 10
4608 4610 5208 10
6032 3770 7655 10
3904 5247 5248 10
7358 3847 7678 10
5274 5275 6036 10
7251 3727 7488 10
6213 5551 6426 10
3728 7251 7583 10
4556 4558 4935 10
4604 4606 5211 10
7362 3833 7639 10
7310 3828 7712 10
6764 5187 7984 10
5561 3703 7365 10
7777 5633 7787 10
7359 3797 7709 10
4703 4780 6207 10
7327 3796 7605 10
4580 4582 4951 10
3712 7419 7595 10
3703 5561 7720 10
3918 7182 7191 10
7327 5716 7359 10
6727 4922 6728 10
4962 5007 6217 10
4789 5193 5194 10
7244 3793 7245 10
7182 5278 7191 10
6830 4150 8070 10
5026 5027 7908 10
4783 5196 5197 10
7026 4946 8183 10
4570 4572 4950 10
7152 5933 7334 10
3832 7362 7679 10
5000 4762 5001 10
5025 5026 6047 10
4930 4928 8175 10
3753 7329 7516 10
5022 5025 6047 10
7329 3752 7515 10
3826 7292 7963 10
7300 3800 8115 10
4388 5422 5423 10
7332 3744 7486 10
7301 3759 7398 10
3760 7301 7399 10
6554 4972 7919 10
3898 7203 7207 10
3745 7332 7522 10
4221 5914 5916 10
5864 4222 5939 10
7292 3827 7607 10
5073 5075 8129 10
5091 5092 7853 10
5412 8057 8068 10
5760 4218 5779 10
8013 6836 8208 10
4946 7026 7027 10
5880 4198 5925 10
7203 4939 7207 10
7761 5333 7770 10
4997 4998 6208 10
3816 7283 7981 10
7352 3834 7422 10
5178 5177 7069 10
4935 4936 8052 10
3877 7820 7823 10
5650 3889 8036 10
3495 6528 6530 10
5350 3891 6014 10
5816 4211 5817 10
4600 4602 5214 10
5711 5709 7188 10
5151 4850 5156 10
3823 7592 7973 10
7283 3817 7697 10
4929 4554 4934 10
3909 7223 7238 10
3891 5350 6021 10
3939 4974 7768 10
3833 7352 7518 10
4544 4546 4931 10
6054 5294 6064 10
3967 4974 7849 10
6249 6250 7842 10
7223 5366 7238 10
3923 5391 7980 10
4975 4976 6227 10
5294 5293 6064 10
3876 5456 8034 10
6185 6087 7884 10
5134 4339 7753 10
3794 7324 7674 10
4596 4598 5217 10
3879 7261 7280 10
7592 3824 7699 10
3933 5057 5106 10
4582 4583 5000 10
5692 4387 5693 10
7742 5341 7756 10
3883 7798 7805 10
5124 5122 6821 10
4568 4570 4946 10
4985 7114 7158 10
7261 5300 7280 10
5247 5244 5249 10
4368 5116 5117 10
4280 4389 5414 10
5198 8203 8204 10
5429 3871 7741 10
3786 6034 7623 10
5025 4385 5026 10
5059 5102 7216 10
5070 5072 5108 10
4781 5199 5200 10
6206 7750 8080 10
3871 5429 7746 10
3542 7035 8030 10
3880 7306 7318 10
5889 5887 7195 10
4860 4862 4922 10
3189 3917 8073 10
4985 4986 7114 10
7369 7368 7381 10
4767 5214 5215 10
3730 7439 7914 10
3715 7414 7887 10
7405 7404 7415 10
4232 5721 5853 10
7478 7434 7759 10
7480 7438 7914 10
7456 7455 7563 10
4222 5864 5938 10
5914 4221 5915 10
7174 5907 7371 10
4592 4594 5220 10
6787 3640 8078 10
4097 6874 7282 10
7306 5304 7318 10
7551 3763 7553 10
4218 5760 5778 10
5733 4215 5837 10
3913 7777 7787 10
5777 4217 5783 10
5801 4213 5849 10
4208 5900 5921 10
5936 4210 5946 10
7125 5798 7328 10
4015 6455 8056 10
7591 5764 8195 10
7550 7551 7581 10
7445 7474 7857 10
7424 7641 8076 10
7504 3784 7506 10
4190 7446 7995 10
7491 3857 7850 10
4792 5190 5191 10
4198 5880 5924 10
6955 5203 7088 10
4200 5749 5804 10
5172 5171 6724 10
3773 7224 7977 10
4927 4552 4929 10
3864 7126 7307 10
7432 3807 7838 10
3861 7458 7912 10
5711 4200 5854 10
3792 7536 7537 10
7433 7628 7838 10
4196 5890 5920 10
7428 7429 7643 10
5889 4199 5922 10
4554 4556 4934 10
7464 7463 7568 10
3818 7571 8134 10
4201 5710 5870 10
3315 3316 5504 10
7490 7669 7850 10
6753 6754 7659 10
5710 5815 7202 10
4391 4272 5419 10
4016 6373 6480 10
5455 3950 5456 10
3873 3315 5504 10
4206 5830 5836 10
5091 4214 5092 10
6320 5961 8158 10
7547 7548 7691 10
5806 4211 5816 10
3193 3194 5457 10
5015 6695 8235 10
7690 3820 7691 10
7325 3783 7602 10
5748 4212 5847 10
3868 7624 7857 10
4949 4580 4951 10
5784 4215 5793 10
5708 5710 7202 10
3902 7761 7770 10
6800 6801 8202 10
4772 5211 5212 10
5879 4208 5929 10
3802 7640 8076 10
6545 5016 6546 10
4389 5416 7917 10
7663 7620 7874 10
7640 7680 8248 10
5899 4223 5923 10
4842 4247 5077 10
3696 7725 7960 10
4530 4916 8055 10
4228 5732 5846 10
3077 3078 5944 10
3801 7658 8248 10
3082 3083 5937 10
4548 4928 4930 10
3921 7742 7756 10
4225 5775 5845 10
7758 3210 8089 10
3864 7307 7637 10
5978 5329 5984 10
5759 4226 5844 10
3409 3410 5803 10
6375 6376 7870 10
5863 4230 5869 10
5039 5036 5043 10
7224 3774 7730 10
7671 7701 7871 10
5451 5450 7822 10
5610 3949 7754 10
7684 7683 7689 10
4348 4334 5147 10
4336 4368 5147 10
6409 5191 8258 10
3782 7325 7636 10
5719 5850 5851 10
4386 5997 6148 10
4166 7064 8086 10
6044 6425 6426 10
3949 5610 7760 10
5739 5738 7846 10
4574 4947 4948 10
5639 6187 6188 10
5789 5823 5852 10
3314 3873 7159 10
4389 4282 5417 10
5811 5839 5848 10
4977 5020 5021 10
6353 7748 8063 10
7074 5728 7320 10
5275 3914 6036 10
5925 4198 5952 10
5868 7169 7650 10
5904 5903 5905 10
4782 5202 5203 10
3121 3122 4237 10
3124 3125 5073 10
6925 5142 6945 10
4233 5088 5111 10
3914 5275 6050 10
3387 4202 5829 10
4232 3386 5829 10
5735 5736 5737 10
5794 6081 7305 10
3707 7389 7966 10
4071 6796 7876 10
4550 4552 4927 10
3207 5622 7769 10
5201 6484 6485 10
6929 4899 7927 10
4546 4548 4930 10
5439 7758 8089 10
5817 4211 5840 10
7389 3706 7574 10
5763 5762 5764 10
5691 5690 5692 10
5019 6362 8240 10
6541 6018 7802 10
5194 7166 8213 10
4768 5217 5218 10
4774 5208 5209 10
4247 4245 5077 10
7749 3213 8074 10
4777 5205 5206 10
5204 4782 8247 10
7724 3691 8083 10
5040 5039 5041 10
5421 6610 8092 10
5035 5032 5049 10
5867 5866 5868 10
6131 7036 7833 10
5420 5412 7807 10
7691 7548 7979 10
3922 5230 7148 10
5017 6573 7808 10
4248 4247 4249 10
4246 4247 4248 10
4974 3939 7849 10
4246 4245 4247 10
7690 7691 7979 10
4947 4576 4949 10
5426 3901 7767 10
5166 5165 6297 10
4244 4245 4246 10
4916 4532 5067 10
4988 4989 6516 10
6309 6688 7144 10
3901 5426 7774 10
4976 4759 4977 10
5096 4123 5102 10
3907 5441 7997 10
3642 6948 8091 10
4572 4574 4948 10
6362 5063 6363 10
4927 4929 8147 10
4248 4249 4250 10
5820 5840 5841 10
3887 5232 5233 10
4576 4580 4949 10
6365 6366 8041 10
4244 4241 4245 10
6541 7783 8015 10
7738 3216 8049 10
6417 6418 7348 10
6393 6027 8256 10
5928 6001 7418 10
4270 4391 5422 10
4995 6155 7154 10
4945 4568 4946 10
4861 4860 4964 10
7065 5003 8086 10
5144 5145 7178 10
4974 3967 7945 10
6189 5306 6490 10
5904 5906 7975 10
5622 3207 8117 10
6042 5940 7341 10
5885 5886 7228 10
5267 5260 6207 10
5306 5307 6490 10
6098 5617 6286 10
5738 5736 7982 10
6648 5065 6795 10
5157 6563 7826 10
5076 4530 8055 10
5763 5765 7988 10
4685 4791 6076 10
4948 4947 8003 10
5423 6055 7757 10
5283 5282 5286 10
5282 4863 5286 10
5917 6046 7343 10
4964 4922 6727 10
4988 6516 6817 10
5649 3330 6028 10
4386 5690 5691 10
3967 4980 7945 10
4278 4280 5414 10
4392 4393 4981 10
5490 5488 7832 10
6926 5771 7338 10
5975 7063 7772 10
6044 5016 6545 10
7312 5859 7339 10
3806 7627 7744 10
5413 5415 7915 10
5391 3923 8061 10
5215 5214 8039 10
4754 5411 5412 10
5392 7749 8074 10
5798 5748 7212 10
7050 4163 7925 10
5707 5706 7222 10
5199 5198 6052 10
5942 5936 5943 10
4243 4241 4244 10
4240 4239 4241 10
4931 6993 7990 10
5293 3872 6064 10
5693 4387 6016 10
5684 3897 7790 10
4272 4274 5419 10
5097 5096 5102 10
4538 4540 4920 10
4380 4392 4957 10
5109 4912 6643 10
3872 5293 6070 10
3885 3193 5457 10
3194 3950 5457 10
5002 4762 5980 10
3897 5684 7797 10
6802 5110 7093 10
4762 4588 5980 10
5070 5071 5072 10
5044 5041 6091 10
5782 5801 5802 10
4566 4568 4945 10
5928 5925 5952 10
4250 4249 4251 10
4931 4930 7976 10
4977 5021 7946 10
4222 3077 5944 10
3078 4210 5944 10
3083 4221 5937 10
4209 3082 5937 10
5039 5043 5050 10
4241 4239 5061 10
3410 4213 5803 10
4218 3409 5803 10
5654 7835 8024 10
4238 4237 4239 10
4937 4938 6267 10
4971 4975 6227 10
4552 4554 4929 10
5748 5746 7212 10
4368 4340 5116 10
4194 5765 7846 10
4782 5203 8247 10
5100 5097 5102 10
6888 5315 6889 10
6610 6560 8178 10
4928 6335 6336 10
6549 5574 7748 10
4983 4814 4984 10
5690 4387 5692 10
4861 4964 5015 10
3972 6194 8096 10
4910 6138 8023 10
3204 5620 7776 10
5820 5817 5840 10
4266 4388 6016 10
5625 6093 6862 10
5411 5410 5413 10
6917 5280 7058 10
7644 7645 7719 10
5016 5015 6546 10
6929 6928 6930 10
4386 5691 5997 10
7350 3223 7985 10
5280 5281 7058 10
7004 5221 7277 10
4534 4536 4919 10
4976 8242 8243 10
5773 5775 5776 10
3309 3890 7165 10
4534 4919 5067 10
5287 5978 5984 10
5036 5035 5043 10
3823 7590 7591 10
7519 3762 7552 10
5082 4192 5083 10
5995 6388 8232 10
3538 6773 8114 10
6183 6182 7818 10
4796 5186 5187 10
5779 4218 5803 10
4221 5916 5937 10
5939 4222 5944 10
4944 4566 4945 10
5413 5414 5415 10
4368 5118 5147 10
4957 6117 6118 10
6435 6436 8058 10
5060 6272 6343 10
3940 5233 5234 10
4548 4550 4928 10
4249 4842 5074 10
5048 5033 5055 10
6174 4892 6676 10
5906 5905 7920 10
5907 5906 7920 10
5082 5083 5956 10
5419 5412 5420 10
3927 5400 8010 10
4574 4576 4947 10
5121 5120 5122 10
5667 3944 6075 10
5997 5027 6148 10
5879 5877 7221 10
4340 4344 5116 10
5031 4242 6006 10
7314 3226 7948 10
5688 3882 7815 10
5802 6089 7354 10
5286 4863 5287 10
3944 5667 6084 10
5074 4842 5075 10
4237 3122 5107 10
5207 4777 7909 10
4526 4912 5109 10
4530 4532 4916 10
7967 7219 8051 10
4932 6914 7969 10
5201 6486 7950 10
5461 7738 8049 10
4929 4934 7923 10
4951 4956 8128 10
4249 4247 4842 10
4922 4862 4923 10
4991 4992 6829 10
3882 5688 7821 10
5043 5035 5961 10
5143 6924 8190 10
4246 4248 4759 10
5468 5467 8098 10
4245 4241 5061 10
5812 5816 7233 10
5329 5327 5984 10
6494 6659 7828 10
4957 4392 4968 10
3928 3124 5073 10
3929 3121 4237 10
4245 5061 5077 10
5092 4214 5093 10
4343 5554 7732 10
4250 4251 4252 10
4187 5082 5956 10
5550 4999 5955 10
6945 5142 7862 10
5101 5099 7416 10
5015 4964 6695 10
3971 6193 8080 10
4217 5777 7886 10
5901 5879 7221 10
5755 6720 7344 10
5904 5905 5906 10
4243 4244 4793 10
4240 4241 4243 10
5737 5736 5738 10
5071 5982 6013 10
5763 5764 5765 10
7291 3229 7921 10
5099 5097 5100 10
4371 4380 4942 10
4536 4538 5062 10
4238 4239 4240 10
5906 4196 7975 10
5108 5072 5987 10
4524 5109 5110 10
5136 5968 7765 10
4251 4249 5074 10
5824 5827 5829 10
7281 3678 8133 10
4526 4528 4912 10
4762 5002 7866 10
5907 7369 7371 10
3323 3324 5250 10
4388 5423 5424 10
4194 5738 7982 10
7771 7063 8029 10
3922 3323 5250 10
5411 5413 6237 10
5272 3941 6197 10
4998 4377 4999 10
4532 4534 5067 10
5113 5114 5115 10
5744 5745 7206 10
4754 5410 5411 10
3931 3119 5996 10
3358 3935 5103 10
3355 5068 5104 10
3360 3937 5694 10
3368 4192 5082 10
7425 7877 7944 10
4564 4566 4944 10
6106 3954 7916 10
3332 3333 5263 10
5765 4194 7988 10
4524 4526 5109 10
3895 3332 5263 10
6214 6213 6426 10
6130 5901 7313 10
4346 5149 5563 10
5203 5202 7950 10
6060 5780 7362 10
3352 5070 5108 10
5843 3943 7162 10
7310 5755 7344 10
6528 7346 8176 10
3112 3113 3952 10
3356 3357 3934 10
3366 3367 4187 10
3358 3359 3935 10
3352 3353 5070 10
3114 3115 3936 10
3120 3121 3929 10
3364 3365 3967 10
3118 3119 3931 10
3360 3361 3937 10
3362 3363 3939 10
3123 3124 3928 10
3110 3111 4123 10
3116 3117 3933 10
3355 3356 5068 10
3368 3369 4192 10
3353 3354 3932 10
3108 3109 4188 10
5677 3886 6094 10
6625 5188 8275 10
3940 5234 5235 10
5113 3930 5114 10
4969 4926 6369 10
4528 4530 5076 10
5843 7162 7177 10
5697 3874 7837 10
3886 5677 6151 10
5250 5248 5251 10
4193 3107 5112 10
3201 5360 7788 10
4913 4522 5110 10
6345 6237 8167 10
6115 4968 7161 10
4814 4398 4984 10
5086 5085 7429 10
6399 6400 7892 10
3874 5697 7840 10
4522 4524 5110 10
4898 4952 6011 10
4252 4251 4253 10
4250 4252 4384 10
3895 5263 5264 10
5737 5738 5739 10
5765 5764 5766 10
4251 5074 5957 10
5790 5793 7249 10
6613 3494 8087 10
5001 4762 7866 10
3350 3351 3930 10
5875 5876 7197 10
3106 3107 4193 10
4388 5424 6016 10
3918 5843 7177 10
6695 4964 6696 10
4777 5206 7909 10
4377 4296 5955 10
5235 5234 5236 10
4520 4522 4913 10
4252 4253 4254 10
3895 5264 5265 10
4188 5096 5097 10
3350 3930 5113 10
3918 7177 7182 10
4980 3967 7952 10
5068 3934 5069 10
5070 3932 5071 10
3370 4233 5111 10
3370 3371 4233 10
3109 3110 5096 10
3115 3116 5106 10
3117 3118 5105 10
3122 3123 5107 10
3111 3112 5081 10
4254 4253 4255 10
5265 5264 5266 10
5421 5420 6560 10
5159 6659 6804 10
4254 4255 4256 10
4255 4253 4812 10
5113 5115 5953 10
4254 4256 4385 10
4256 4255 4257 10
4256 4257 4258 10
4258 4257 4259 10
4258 4259 4260 10
4258 4260 4386 10
4260 4259 4261 10
4261 4259 4810 10
4260 4261 4262 10
4262 4261 4263 10
4262 4263 4264 10
4264 4263 4265 10
4262 4264 4387 10
4264 4265 4266 10
4266 4265 4267 10
4684 4850 5151 10
4717 4715 5309 10
4706 4869 5226 10
4825 5269 5270 10
4667 4665 5502 10
4682 4684 5151 10
4825 5268 5269 10
4704 4706 5226 10
4820 4717 5309 10
5255 5258 5268 10
4665 5289 5502 10
5237 4773 5238 10
5268 5258 5269 10
4589 4856 5277 10
4723 4773 5237 10
4267 4265 4807 10
4266 4267 4268 10
4805 4661 5282 10
4800 5502 5503 10
4715 4825 5309 10
4695 4693 5647 10
4813 5326 5327 10
4787 5647 5648 10
4645 4643 5314 10
4625 4623 5295 10
5227 4795 5228 10
4591 4589 5277 10
5299 5301 5302 10
4800 4667 5502 10
4679 4795 5227 10
4665 4663 5289 10
4726 4888 5150 10
4766 4733 5288 10
4651 4649 5325 10
4805 5282 5283 10
5277 4856 5278 10
4711 5255 5268 10
5240 5361 5680 10
4818 4645 5314 10
4661 4659 5282 10
4635 4828 5637 10
4623 4839 5295 10
5275 4836 5672 10
4879 4716 5291 10
4813 5325 5326 10
4787 4695 5647 10
5276 4591 5277 10
4541 4539 5630 10
5305 4845 5306 10
4619 4885 5292 10
4609 4845 5305 10
4593 4591 5276 10
4663 4805 5289 10
4696 4698 5572 10
4605 5279 5308 10
4563 4736 5301 10
4649 5310 5325 10
5252 4770 5253 10
4882 4724 5150 10
5229 4795 5661 10
5237 5240 5680 10
4732 4734 5639 10
4557 4776 5658 10
5273 4836 5274 10
5353 5605 5631 10
4813 4651 5325 10
4553 4779 5316 10
4655 4653 5329 10
4906 4510 5315 10
5296 4565 5301 10
4653 4813 5329 10
4607 4605 5308 10
4629 4836 5273 10
4805 5283 5284 10
5242 4788 5243 10
5237 5238 5240 10
4637 4635 5637 10
4729 4770 5252 10
4551 4549 5634 10
5228 4795 5229 10
4698 4857 5572 10
4567 4565 5296 10
4565 4563 5301 10
5301 4736 5302 10
4716 4718 5291 10
4734 4893 5639 10
5228 5229 5231 10
5316 4779 5317 10
4518 4520 5148 10
4828 5351 5637 10
5299 5296 5301 10
5327 5326 5328 10
4866 4704 5226 10
4555 4553 5316 10
4266 4268 4388 10
4268 4267 4269 10
5238 4773 5239 10
4577 5363 5600 10
5239 4773 5670 10
4539 5330 5630 10
5352 5353 5631 10
4691 4788 5242 10
4813 5327 5329 10
4851 4601 5593 10
4700 4702 5673 10
5256 5257 5259 10
4738 4541 5630 10
4510 4512 5315 10
5255 5256 5258 10
4828 4633 5349 10
4751 5335 5336 10
4621 4619 5292 10
5633 5632 5638 10
5279 4851 5280 10
4825 4713 5268 10
4633 4631 5349 10
4601 4599 5593 10
4483 4481 5352 10
5380 5633 5638 10
5316 5317 5319 10
4569 4579 5659 10
4527 4525 5591 10
4751 5336 5337 10
4848 4682 5151 10
5339 4738 5340 10
5403 5346 5599 10
4694 4693 4695 10
4543 4738 5339 10
4603 4851 5279 10
5312 4818 5314 10
5383 5384 5385 10
4805 5284 5289 10
4779 4551 5634 10
5378 4527 5591 10
4684 4686 4850 10
4724 4726 5150 10
4718 4874 5291 10
5310 5313 5325 10
4716 4715 4717 10
4712 4711 4713 10
4715 4713 4825 10
4751 4479 5335 10
4693 4691 5242 10
4733 4731 5288 10
4720 4722 5660 10
4743 5394 5641 10
5253 4770 5361 10
4894 4486 5354 10
4559 4557 5658 10
4573 4571 5387 10
5317 4779 5318 10
5402 5403 5599 10
4481 4751 5352 10
5600 5363 5601 10
5314 4643 5678 10
4884 4470 5376 10
4839 5294 5295 10
5306 4845 5307 10
4452 4868 5377 10
4887 4474 5443 10
4839 5293 5294 10
4696 4697 4698 10
5227 5228 5230 10
4704 4705 4706 10
4523 4521 5393 10
4730 4729 4731 10
4681 4679 5227 10
4474 4476 5443 10
5274 4836 5275 10
4713 4711 5268 10
4617 4615 5666 10
4828 5349 5350 10
4828 5350 5351 10
4868 4454 5355 10
4896 4593 5276 10
4710 4709 4711 10
4722 4723 4724 10
5242 5243 5245 10
4495 4493 5402 10
4684 4685 4686 10
5344 4748 5345 10
4451 4449 5618 10
4623 4621 4839 10
4470 4472 5376 10
5340 4738 5342 10
5321 4840 5322 10
4776 5320 5658 10
4493 4749 5402 10
4680 4679 4681 10
4703 4701 4780 10
5605 4750 5631 10
4499 4748 5344 10
5330 4739 5331 10
4505 4747 5383 10
4729 4727 4770 10
4724 4723 4725 10
4877 4462 5375 10
4450 4452 5377 10
4693 5242 5647 10
5289 5290 5502 10
4694 4696 4855 10
4475 4840 5321 10
4659 4657 4863 10
5393 4521 5555 10
5356 4760 5357 10
4709 4707 4778 10
4578 4573 5387 10
4714 4713 4715 10
4634 4636 4796 10
5281 4851 5593 10
4711 4709 5255 10
4855 4696 5572 10
5310 4818 5311 10
4611 4609 5305 10
5440 4451 5618 10
5330 5331 5333 10
4437 4760 5356 10
4427 4425 5602 10
4631 4629 5273 10
5252 5253 5254 10
4486 4488 5354 10
4682 4683 4684 10
4479 4477 5335 10
4509 4809 5651 10
5356 5359 5636 10
4549 4737 5634 10
4731 4729 5252 10
4660 4659 4661 10
4496 4903 5547 10
4718 4719 4720 10
4642 4643 4644 10
4636 4637 4638 10
4692 4691 4693 10
4639 4637 5372 10
4662 4661 4663 10
4634 4635 4636 10
4628 4629 4630 10
4423 4421 5454 10
4455 4756 5436 10
4454 4456 5355 10
4624 4623 4625 10
4537 4739 5330 10
4702 4701 4703 10
4856 4587 5615 10
4650 4649 4651 10
4495 5402 5599 10
5243 4788 5244 10
4462 4464 5375 10
4268 4269 4270 10
4599 4895 5593 10
4512 4909 5315 10
4453 4451 5440 10
4644 4645 4646 10
4507 4505 5383 10
4594 4596 4768 10
4632 4631 4633 10
4873 5454 5455 10
4588 4589 4590 10
4672 4673 4674 10
5383 4747 5384 10
5337 5336 5338 10
5458 5459 5462 10
4654 4655 4656 10
4429 4427 5408 10
4845 4607 5308 10
4691 4689 4788 10
4718 4720 4874 10
4702 4866 5673 10
4688 4689 4690 10
4726 4728 4888 10
4739 4535 5632 10
4457 4455 5436 10
4652 4654 4811 10
4594 4593 4595 10
5404 5587 5608 10
4459 4457 5388 10
4663 4661 4805 10
4668 4670 4834 10
4598 4599 4600 10
4608 4607 4609 10
4592 4591 4593 10
4911 4518 5148 10
4604 4603 4605 10
5370 5396 5397 10
5587 5358 5608 10
5591 4743 5641 10
4442 4444 5430 10
4444 4865 5430 10
5303 5653 5663 10
5408 4427 5602 10
4579 4567 5296 10
5388 4457 5436 10
4610 4612 4777 10
4752 4465 5611 10
4675 4673 4853 10
5311 4818 5312 10
4525 4743 5591 10
4610 4609 4611 10
4568 4567 4569 10
4595 4593 4896 10
4529 4527 5378 10
4425 4873 5602 10
4626 4628 4789 10
4892 4732 5639 10
5359 5619 5636 10
4534 4533 4535 10
4756 4453 5440 10
4494 4496 5547 10
4616 4617 4618 10
5391 5436 5437 10
4670 4671 4672 10
5302 5303 5304 10
4666 4665 4667 10
4751 5337 5352 10
5356 5357 5359 10
4704 4703 4705 10
4732 4731 4733 10
5302 4736 5303 10
4421 4880 5454 10
4656 4657 4658 10
5255 4778 5256 10
4688 4687 4689 10
4825 5270 5309 10
5437 4756 5438 10
4542 4543 4544 10
4476 4891 5443 10
5344 5347 5463 10
4557 4555 4776 10
4757 5603 5604 10
5344 5345 5347 10
4546 4547 4548 10
4600 4599 4601 10
4735 4733 4766 10
4572 4571 4573 10
4588 4587 4589 10
5331 5332 5334 10
4761 4429 5408 10
4740 4529 5378 10
4538 4537 4539 10
4640 4642 4801 10
4664 4663 4665 10
5321 5322 5323 10
4873 4423 5454 10
5404 4761 5405 10
4466 4468 5442 10
4700 4701 4702 10
4446 4448 5444 10
4676 4677 4678 10
4757 5604 5621 10
4448 4867 5444 10
4618 4619 4620 10
4537 4535 4739 10
4809 4507 5383 10
4700 4699 4701 10
4273 4803 5425 10
4431 4761 5404 10
4630 4629 4631 10
5436 4756 5437 10
4488 4899 5354 10
4533 4531 5638 10
4749 5367 5368 10
4883 4466 5442 10
4726 4727 4728 10
4658 4657 4659 10
4614 4615 4616 10
4638 4637 4639 10
5370 5367 5396 10
5345 5346 5348 10
4569 4567 4579 10
4528 4529 4530 10
4465 4463 5611 10
4776 4555 5316 10
5396 4750 5397 10
4609 4607 4845 10
4480 4482 4890 10
5611 5629 5650 10
4456 4871 5355 10
4472 4474 4887 10
4644 4646 4802 10
4512 4514 4909 10
4708 4707 4709 10
4447 4445 5603 10
5611 4463 5629 10
4596 4597 4598 10
4682 4681 4683 10
5438 4756 5440 10
4518 4519 4520 10
5398 4758 5399 10
4472 4887 5376 10
4580 4577 4581 10
4545 4543 5339 10
4564 4563 4565 10
5253 5361 5362 10
4647 4645 4818 10
5425 4803 5426 10
4480 4890 5625 10
4560 4559 4561 10
4678 4679 4680 10
4275 4273 5425 10
4652 4653 4654 10
4506 4507 4508 10
4552 4553 4554 10
5535 5484 5537 10
4843 4469 5458 10
4509 4507 4809 10
5280 4851 5281 10
4510 4511 4512 10
5322 4840 5324 10
4612 4613 4614 10
4858 4442 5430 10
4464 4883 5375 10
4605 4603 5279 10
4724 4725 4726 10
4618 4620 4781 10
4556 4555 4557 10
5357 5358 5360 10
5641 5394 5642 10
4517 4515 5612 10
4468 4884 5442 10
5243 5244 5246 10
4508 4510 4906 10
5345 4748 5346 10
4443 4758 5398 10
4604 4605 4606 10
5335 5323 5336 10
4508 4507 4509 10
4606 4605 4607 10
4562 4563 4564 10
4397 4395 5464 10
4449 4757 5618 10
4469 4467 5458 10
4497 4495 5599 10
5391 5388 5436 10
4531 4740 5638 10
4622 4621 4623 10
5463 5347 5626 10
4487 4750 5396 10
4521 4519 5555 10
4686 4687 4688 10
4270 4269 4271 10
4361 5533 5545 10
4536 4535 4537 10
4576 4575 4577 10
5364 5365 5366 10
4327 4325 5545 10
4480 4479 4481 10
4518 4517 4519 10
4580 4581 4582 10
4640 4641 4642 10
4763 4415 5505 10
5484 5535 5586 10
4395 4771 5464 10
4476 4475 4477 10
4512 4513 4514 10
5381 5378 5591 10
5471 5476 5543 10
4276 4278 5410 10
4614 4616 4782 10
4271 4269 5445 10
4757 4447 5603 10
4464 4466 4883 10
5535 5533 5586 10
4534 4535 4536 10
4293 4290 5518 10
4448 4449 4450 10
5448 5449 5452 10
4369 4910 5466 10
4500 4499 4501 10
4535 4533 5632 10
5450 4763 5505 10
4281 4921 5428 10
4424 4426 4846 10
4456 4457 4458 10
4725 4723 5237 10
4488 4489 4490 10
4539 4537 5330 10
4440 4441 4442 10
4659 4863 5282 10
4438 4437 4439 10
4467 4752 5458 10
4558 4559 4560 10
4900 4584 4901 10
4505 4503 4747 10
4522 4523 4524 10
4440 4442 4858 10
5428 4921 5429 10
4492 4491 4493 10
4492 4494 4902 10
4496 4495 4497 10
4431 4429 4761 10
4445 4443 5398 10
5534 4327 5545 10
4397 5464 5597 10
4481 4479 4751 10
4468 4470 4884 10
4504 4506 4904 10
4468 4467 4469 10
4734 4741 4893 10
4598 4600 4767 10
5476 4864 5543 10
5398 5399 5400 10
5471 5472 5476 10
4478 4480 5625 10
4460 4459 4461 10
4749 5368 5369 10
5480 5478 5544 10
4867 4450 5377 10
5533 4361 5586 10
5460 4752 5611 10
4525 4523 4743 10
4325 4361 5545 10
4583 4581 4584 10
4666 4667 4668 10
4678 4677 4679 10
4843 5458 5462 10
4626 4627 4628 10
4648 4647 4649 10
4428 4429 4430 10
4452 4453 4454 10
5352 5337 5353 10
4839 4621 5292 10
4754 4276 5410 10
4464 4465 4466 10
4488 4487 4489 10
4558 4557 4559 10
4679 4677 4795 10
5339 5340 5341 10
4289 4287 5560 10
4743 4523 5393 10
5426 4803 5427 10
4516 4517 4518 10
4765 5487 5488 10
5538 5580 5589 10
4576 4577 4580 10
4300 4302 5548 10
4540 4539 4541 10
4414 4415 4416 10
4390 4293 5518 10
4412 4414 4835 10
4668 4667 4669 10
4302 4347 5548 10
4365 4369 5466 10
5524 4350 5530 10
4424 4425 4426 10
5562 4797 5590 10
5481 5491 5492 10
5528 5525 5530 10
5502 5290 5503 10
5481 5492 5498 10
5531 5530 5534 10
4886 4403 5499 10
4448 4450 4867 10
5486 5480 5544 10
5507 4390 5513 10
4432 4434 4849 10
4450 4451 4452 10
4602 4601 4603 10
4706 4707 4708 10
4803 4271 5445 10
4420 4419 4421 10
4776 5319 5320 10
5310 5311 5313 10
5525 5524 5530 10
5531 5534 5545 10
4329 4327 5534 10
4360 5538 5589 10
4403 4401 5499 10
4432 4431 4433 10
4572 4573 4574 10
5478 5481 5544 10
4287 4797 5560 10
4452 4454 4868 10
4614 4613 4615 10
4771 4967 5464 10
5519 4333 5529 10
5584 4341 5588 10
4865 4446 5444 10
5489 5488 5490 10
5528 5530 5531 10
5494 5497 5498 10
4408 4410 4824 10
4442 4443 4444 10
4519 4744 5555 10
4290 4289 5518 10
4350 5524 5529 10
4786 4351 5546 10
5513 4390 5514 10
4422 4423 4424 10
4446 4445 4447 10
5427 4803 5445 10
4880 5453 5454 10
4272 4271 4273 10
4418 4419 4420 10
4425 4423 4873 10
4492 4493 4494 10
5448 4763 5449 10
5477 4315 5491 10
4350 4329 5534 10
4456 4458 4871 10
4749 5369 5402 10
4408 4409 4410 10
4474 4475 4476 10
5492 5494 5498 10
4405 4886 5446 10
4771 4943 4967 10
4472 4473 4474 10
4276 4275 4277 10
4299 4383 5553 10
4313 4363 5491 10
4354 4378 5565 10
4765 4409 5487 10
4422 4421 4423 10
5404 5405 5587 10
5585 5483 5586 10
5521 5519 5529 10
4286 4287 4288 10
4375 4286 5559 10
4288 4290 4291 10
4365 4360 4366 10
4393 4395 4396 10
4415 4413 5505 10
4554 4553 4555 10
5533 5531 5545 10
4317 4315 5477 10
5491 4363 5492 10
4395 4394 4771 10
4771 4394 4864 10
4433 4431 5404 10
4487 4485 4750 10
4498 4497 4499 10
4672 4674 4837 10
4460 4461 4462 10
4490 4492 5640 10
5524 5521 5529 10
4420 4421 4422 10
4501 4499 5344 10
4516 4515 4517 10
4668 4669 4670 10
4270 4271 4272 10
4299 4297 4383 10
4322 4324 5542 10
4338 4322 5542 10
4356 4354 5565 10
4400 4401 4402 10
4508 4509 4510 10
4646 4647 4648 10
5357 4760 5358 10
4765 5488 5489 10
4502 4501 4503 10
4504 4505 4506 10
4273 4271 4803 10
4274 4273 4275 10
4924 4275 5425 10
4276 4277 4278 10
4284 4286 4375 10
4383 4297 5507 10
4864 4394 5543 10
4417 4415 4763 10
4439 4437 5356 10
4461 4459 4753 10
4462 4463 4464 10
4480 4481 4482 10
5405 4761 5406 10
5481 5477 5491 10
5508 5507 5513 10
4305 4382 5540 10
4315 4313 5491 10
4815 4365 5466 10
4369 4370 4371 10
4372 4370 5471 10
4372 5471 5543 10
5472 4373 5473 10
4393 4381 4394 10
4401 4769 5499 10
4408 4407 4409 10
4418 4417 4419 10
4450 4449 4451 10
4484 4485 4486 10
4526 4525 4527 10
4583 4585 4586 10
5458 4752 5459 10
4775 4953 5465 10
4859 4860 4861 10
5446 4886 5447 10
5394 5393 5395 10
4283 4281 5428 10
4352 4345 4353 10
4383 5509 5553 10
4401 4399 4769 10
4416 4418 4838 10
4428 4430 4847 10
5406 4761 5408 10
5500 4769 5501 10
4775 4881 4953 10
4278 4279 4280 10
4300 4301 4302 10
4335 4333 5519 10
5530 4350 5534 10
4351 4352 5546 10
4749 4491 5367 10
4530 4531 4532 10
4690 4689 4691 10
4383 5507 5508 10
4411 4409 4765 10
4640 4639 4641 10
5481 5498 5544 10
4301 4299 5553 10
4344 4351 4755 10
4477 4475 5321 10
4280 4281 4282 10
4282 4281 4283 10
4288 4289 4290 10
4288 4291 5559 10
4292 4290 4293 10
4295 4390 5507 10
4304 4305 4306 10
4306 4309 5506 10
4310 4308 4311 10
4309 4859 5506 10
4316 4315 4317 10
4318 4317 4319 10
4320 4319 4321 10
4324 4323 4325 10
4324 4339 5542 10
4333 4331 5529 10
4331 4350 5529 10
4334 4333 4335 10
4336 4335 4337 10
4340 4337 4341 10
4351 4345 4352 10
4378 4353 4379 10
4355 4356 4357 10
4359 4358 4360 10
4361 5585 5586 10
4862 4364 5563 10
4371 4370 4372 10
4370 4373 5471 10
4380 4372 4381 10
4392 4381 4393 10
5540 4382 5541 10
4407 4405 5446 10
4410 4409 4411 10
4434 4433 4435 10
4454 4455 4456 10
4520 4521 4522 10
4550 4551 4552 10
4583 4584 4585 10
5560 4797 5561 10
5561 4797 5562 10
5492 5493 5494 10
5509 5510 5511 10
5509 5511 5512 10
5553 5512 5571 10
5528 5531 5532 10
5541 5567 5568 10
4295 4293 4390 10
4307 4305 5540 10
4331 4329 4350 10
4358 4356 4374 10
4398 4399 4400 10
4402 4401 4403 10
4458 4457 4459 10
4902 4494 5547 10
4499 4497 4748 10
5472 5474 5475 10
4287 4285 4797 10
4302 4304 4347 10
4304 4306 5506 10
4347 4304 5506 10
4336 4337 4340 10
4344 4345 4351 10
4354 4353 4378 10
5492 4363 5493 10
4416 4415 4417 10
4421 4419 4880 10
4885 4617 5666 10
4881 4917 4918 10
5449 5450 5451 10
5512 5566 5571 10
5520 5519 5521 10
4280 4282 4389 10
4284 4285 4286 10
4292 4293 4294 10
4294 4295 4296 10
4313 4311 4363 10
4314 4315 4316 10
4316 4317 4318 10
4365 4366 4369 10
4406 4407 4408 10
4504 4503 4505 10
5499 4769 5500 10
5479 5480 5482 10
5495 5557 5569 10
5522 5521 5523 10
4270 4272 4391 10
4362 4317 5477 10
4318 4319 4320 10
4322 4323 4324 10
4328 4330 4343 10
4336 4340 4368 10
4352 4355 5546 10
4360 4358 5538 10
5471 4373 5472 10
4396 4398 4814 10
4402 4403 4404 10
4404 4405 4406 10
4530 4529 4531 10
4620 4619 4621 10
4880 5448 5452 10
5472 5475 5476 10
5494 5493 5495 10
5494 5496 5497 10
5557 5540 5569 10
4298 4300 4367 10
4305 4303 4382 10
4310 4311 4312 10
4312 4314 4346 10
4320 4322 4338 10
4325 4323 4361 10
4324 4325 4326 10
4484 4483 4485 10
4500 4501 4502 10
4286 4285 4287 10
4286 4288 5559 10
4291 4290 4292 10
4291 4292 4806 10
4296 4295 4297 10
4296 4297 4298 10
4298 4297 4299 10
4300 4299 4301 10
4302 4301 4303 10
4302 4303 4304 10
4304 4303 4305 10
4306 4305 4307 10
4308 4307 5556 10
4311 4308 5556 10
4309 4364 4859 10
4312 4311 4313 10
4314 4313 4315 10
4316 4318 4342 10
4319 4317 4362 10
4320 4321 4322 10
4322 4321 4323 10
4326 4325 4327 10
4326 4327 4328 10
4328 4327 4329 10
4328 4329 4330 10
4330 4329 4331 10
4343 4330 5554 10
4334 4335 4336 10
4337 4335 4349 10
4349 4335 5519 10
4340 4341 4344 10
4344 4341 4345 10
4352 4353 4354 10
4355 4354 4356 10
4355 4376 5546 10
4357 4356 4358 10
4362 5477 5478 10
4362 5478 5479 10
5493 4363 5556 10
4859 4364 4860 10
4775 4379 4881 10
4881 4379 4917 10
4380 4381 4392 10
4394 4381 5543 10
4393 4394 4395 10
4396 4395 4397 10
4396 4397 4398 10
4398 4397 4399 10
4404 4403 4405 10
4406 4405 4407 10
4412 4411 4413 10
4462 4461 4463 10
5389 5388 5391 10
5472 5473 5474 10
5478 5477 5481 10
5479 5478 5480 10
5479 5482 5483 10
5485 5480 5486 10
5483 5482 5484 10
5483 5484 5586 10
5558 5483 5585 10
5494 5495 5496 10
5520 5521 5522 10
5523 5521 5524 10
5526 5525 5527 10
5532 5531 5533 10
5532 5533 5535 10
5532 5535 5536 10
5536 5535 5537 10
5613 5612 5614 10
5556 4307 5557 10
4324 4326 4339 10
4332 4333 4334 10
4370 4366 4373 10
4400 4399 4401 10
4417 4763 5448 10
4428 4427 4429 10
5513 5514 5515 10
5515 5514 5516 10
4297 4295 5507 10
4345 4341 5584 10
4349 5519 5520 10
4352 4354 4355 10
4357 4358 4359 10
5482 5480 5485 10
5516 5514 5517 10
5523 5524 5525 10
5527 5525 5528 10
5580 5539 5581 10
5541 5566 5567 10
4306 4307 4308 10
4332 4334 4348 10
4367 5548 5549 10
4413 4411 5607 10
4631 5273 5349 10
5523 5525 5526 10
4277 4275 4924 10
4755 4351 4786 10
4378 4379 4775 10
5541 4382 5566 10
4383 5508 5509 10
4436 4437 4438 10
4586 4587 4588 10
5479 5483 5558 10
4303 4301 5571 10
4306 4308 4309 10
4364 4310 5563 10
4363 4311 5556 10
4378 4775 4878 10
4917 5584 5588 10
4309 4308 4310 10
4312 4313 4314 10
4355 4357 4376 10
4359 4360 4365 10
4753 4459 5388 10
4765 5489 5607 10
4771 4864 4943 10
4274 4275 4276 10
4278 4277 4279 10
4288 4287 4289 10
4291 4806 4829 10
4294 4293 4295 10
4294 4296 4377 10
4301 5553 5571 10
4307 5540 5557 10
4321 5558 5585 10
4330 4331 4332 10
4332 4331 4333 10
4332 4348 5554 10
4369 4366 4370 10
4378 4878 5565 10
4414 4413 4415 10
4424 4423 4425 10
5495 5493 5557 10
5509 5508 5510 10
4346 4314 5570 10
4358 4374 5538 10
4405 4403 4886 10
4416 4417 4418 10
4488 4490 4899 10
4538 4539 4540 10
5540 5541 5569 10
4298 4299 4300 10
4309 4310 4364 10
4359 4365 4815 10
4430 4429 4431 10
4878 4775 5465 10
5390 5389 5392 10
4330 4332 5554 10
4546 4545 4547 10
4282 4283 4284 10
4432 4433 4434 10
4460 4462 4877 10
4466 4467 4468 10
4361 4323 5585 10
4326 4328 5564 10
4371 4372 4380 10
4412 4413 4414 10
4440 4439 4441 10
4454 4453 4455 10
4468 4469 4470 10
4732 4733 4734 10
5565 4878 5583 10
5580 5473 5589 10
4367 4300 5548 10
4362 5479 5558 10
4442 4441 4443 10
4880 5452 5453 10
4284 4283 4285 10
4291 4829 5559 10
4321 4319 5558 10
4328 4343 5564 10
4860 4364 4862 10
4367 5549 5550 10
4369 4371 4910 10
5538 4374 5539 10
4404 4406 4821 10
5581 5539 5582 10
5582 5539 5583 10
4339 4326 5564 10
4437 4435 4760 10
4486 4487 4488 10
4494 4495 4496 10
5539 4374 5583 10
4374 5565 5583 10
4917 4379 5584 10
4484 4486 4894 10
4496 4497 4498 10
5493 5556 5557 10
5509 5512 5553 10
5541 5568 5569 10
4323 4321 5585 10
4353 4345 5584 10
4594 4595 4596 10
4314 4316 5570 10
4379 4353 5584 10
4381 4372 5543 10
5566 4382 5571 10
4400 4402 4822 10
4918 4917 5596 10
5538 5539 5580 10
5517 4289 5560 10
4566 4567 4568 10
4280 4279 4281 10
4436 4435 4437 10
4562 4561 4563 10
4570 4571 4572 10
4316 4342 5570 10
4319 4362 5558 10
5514 4390 5518 10
4407 5446 5487 10
4444 4443 4445 10
4341 4337 5588 10
4641 4639 4823 10
5449 4763 5450 10
4568 4569 4570 10
4688 4690 4852 10
4272 4273 4274 10
4310 4312 5563 10
4374 4356 5565 10
4410 4411 4412 10
4880 4419 5448 10
4740 5379 5380 10
5459 5460 5461 10
4506 4505 4507 10
4917 5588 5596 10
4382 4303 5571 10
4490 4489 4491 10
4512 4511 4513 10
5364 4578 5365 10
5438 5440 5441 10
4281 4279 4921 10
4312 4346 5563 10
4455 4453 4756 10
5459 4752 5460 10
4476 4477 4478 10
5632 4533 5638 10
4274 4276 4754 10
4493 4491 4749 10
4575 4573 4578 10
4514 4515 4516 10
4669 4667 4800 10
5405 5406 5407 10
4436 4438 4854 10
4471 4469 4843 10
4478 4477 4479 10
4502 4503 4504 10
4438 4439 4440 10
4646 4645 4647 10
4674 4673 4675 10
4676 4678 4841 10
4399 4397 5597 10
4467 4465 4752 10
5368 5367 5370 10
4430 4431 4432 10
4434 4435 4436 10
4472 4471 4473 10
5594 5522 5595 10
4445 5398 5603 10
4550 4549 4551 10
4664 4665 4666 10
4289 5517 5518 10
4420 4422 4844 10
4797 4285 5590 10
4409 4407 5487 10
4444 4446 4865 10
4528 4527 4529 10
4542 4541 4543 10
4554 4555 4556 10
4337 4349 5588 10
4587 4585 5615 10
4753 5389 5390 10
5450 5505 5592 10
5489 5592 5607 10
4477 5321 5335 10
4510 4509 4511 10
4616 4615 4617 10
4411 4765 5607 10
5409 5408 5602 10
4744 5612 5613 10
4456 4455 4457 10
4566 4565 4567 10
4426 4425 4427 10
4426 4427 4428 10
4466 4465 4467 10
5594 4918 5596 10
4579 5298 5659 10
5321 5323 5335 10
4366 4360 5589 10
5520 5522 5594 10
4494 4493 4495 10
4590 4589 4591 10
5406 5408 5409 10
5520 5594 5596 10
4419 4417 5448 10
4448 4447 4449 10
4449 4447 4757 10
4602 4603 4604 10
4656 4658 4819 10
4809 5386 5651 10
5284 5283 5285 10
4452 4451 4453 10
4496 4498 4903 10
4482 4483 4484 10
4519 4517 4744 10
4536 4537 4538 10
5473 4373 5589 10
4486 4485 4487 10
4349 5520 5596 10
4444 4445 4446 10
4446 4447 4448 10
4698 4697 4699 10
4516 4518 4911 10
4500 4502 4905 10
4549 4547 4737 10
5397 4750 5605 10
4552 4551 4553 10
4563 4561 4736 10
4464 4463 4465 10
4662 4663 4664 10
5340 5342 5343 10
4279 4277 5609 10
5517 5514 5518 10
4564 4565 4566 10
4592 4593 4594 10
4740 5378 5379 10
4476 4478 4891 10
4544 4543 4545 10
4642 4641 4643 10
5588 4349 5596 10
4744 4517 5612 10
4809 5383 5385 10
4283 5428 5590 10
4520 4519 4521 10
4624 4625 4626 10
5454 5453 5455 10
4458 4459 4460 10
4589 4587 4856 10
4373 4366 5589 10
4470 4469 4471 10
4586 4585 4587 10
5594 5595 5598 10
4574 4575 4576 10
4720 4719 4721 10
4874 4720 5660 10
4470 4471 4472 10
5298 5297 5300 10
4603 4601 4851 10
4548 4549 4550 10
4475 4473 4840 10
4458 4460 5628 10
5367 4489 5396 10
4504 4904 5401 10
5609 4924 5610 10
4734 4733 4735 10
4730 4731 4732 10
4277 4924 5609 10
4921 4279 5609 10
4918 5594 5598 10
5437 5438 5439 10
4676 4675 4677 10
4526 4527 4528 10
4634 4633 4635 10
4498 4499 4500 10
4443 4441 4758 10
4482 4481 4483 10
4524 4525 4526 10
4285 4283 5590 10
4608 4609 4610 10
4647 4818 5310 10
4531 4529 4740 10
4524 4523 4525 10
5369 5368 5371 10
4839 5292 5293 10
4769 4399 5597 10
4513 4511 4804 10
5505 4413 5607 10
4899 4490 5640 10
4570 4569 4571 10
4706 4708 4869 10
4753 5388 5389 10
5501 4769 5597 10
4491 4489 5367 10
5379 5378 5381 10
4823 5373 5374 10
5399 5619 5620 10
4433 5404 5608 10
4809 5385 5386 10
4490 4491 4492 10
5592 5505 5607 10
4478 4479 4480 10
4514 4513 4515 10
4710 4711 4712 10
4556 4557 4558 10
5380 5379 5382 10
4620 4621 4622 10
4474 4473 4475 10
4652 4651 4653 10
5621 5604 5622 10
4718 4717 4719 10
4712 4713 4714 10
4548 4547 4549 10
5297 5296 5299 10
4560 4561 4562 10
4574 4573 4575 10
5307 4845 5308 10
4463 4461 5629 10
4586 4588 4762 10
5441 5440 5618 10
4522 4521 4523 10
4540 4541 4542 10
4553 4551 4779 10
5402 5369 5403 10
4544 4545 4546 10
4473 4471 5643 10
5603 5400 5604 10
4532 4533 4534 10
4489 4487 5396 10
4871 4458 5628 10
4694 4695 4696 10
4585 4584 4900 10
4543 4541 4738 10
4579 5297 5298 10
4722 4724 4882 10
4650 4651 4652 10
4511 4509 5651 10
5612 4515 5624 10
4747 5463 5626 10
4598 4597 4599 10
4690 4691 4692 10
4719 4717 4820 10
4654 4653 4655 10
4649 4647 5310 10
5365 4578 5387 10
4532 4531 4533 10
4460 4877 5628 10
5398 5400 5603 10
5289 5284 5290 10
5629 5390 5650 10
5363 5364 5601 10
5384 5626 5627 10
4702 4704 4866 10
4664 4666 4827 10
4599 4597 4895 10
4582 4581 4583 10
5358 4760 5608 10
4653 4651 4813 10
4547 4545 5652 10
4435 4433 5608 10
4571 4569 5659 10
4628 4627 4629 10
4501 5344 5463 10
4730 4732 4892 10
5397 5605 5606 10
4610 4611 4612 10
4630 4631 4632 10
4483 5352 5631 10
4709 4778 5255 10
4648 4649 4650 10
5331 4739 5332 10
4612 4611 4613 10
4734 4735 4741 10
5318 5634 5635 10
4638 4639 4640 10
5614 5612 5624 10
5384 4747 5626 10
4737 4547 5652 10
4905 4502 5401 10
4747 4503 5463 10
4670 4669 4671 10
5647 5245 5648 10
4596 4595 4597 10
5332 4739 5632 10
5238 5239 5241 10
4900 4901 4939 10
4600 4601 4602 10
5346 4748 5599 10
5399 4758 5619 10
4890 4482 5617 10
4702 4703 4704 10
4891 4478 5625 10
4502 4504 5401 10
4716 4717 4718 10
4626 4625 4627 10
4658 4659 4660 10
4728 4727 4729 10
4632 4633 4634 10
4503 4501 5463 10
4740 5380 5638 10
4760 4435 5608 10
4674 4675 4676 10
4698 4700 4857 10
4722 4721 4723 10
5333 5342 5630 10
5324 4840 5643 10
4615 4613 4889 10
4636 4635 4637 10
4439 5356 5636 10
4840 4473 5643 10
4500 4905 5623 10
5618 4757 5621 10
4508 4906 5616 10
4630 4632 4792 10
4680 4682 4848 10
4660 4661 4662 10
4748 4497 5599 10
4471 4843 5643 10
4618 4617 4619 10
4515 4513 5624 10
5363 4578 5364 10
4743 5393 5394 10
4635 4633 4828 10
5653 5658 5663 10
4903 4498 5623 10
5318 4779 5634 10
4680 4681 4682 10
4492 4902 5640 10
4590 4591 4592 10
4513 4804 5624 10
4720 4721 4722 10
4776 5316 5319 10
4622 4623 4624 10
5332 5632 5633 10
4721 4719 5670 10
4441 4439 5636 10
4602 4604 4772 10
4629 4627 4836 10
5325 5313 5326 10
4904 4506 5616 10
4606 4607 4608 10
4644 4643 4645 10
4708 4709 4710 10
5395 5393 5555 10
5634 4737 5635 10
4606 4608 4774 10
4590 4592 4764 10
4672 4671 4673 10
4660 4662 4826 10
4648 4650 4808 10
4698 4699 4700 10
5441 5618 5621 10
4619 4617 4885 10
4579 5296 5297 10
5330 5333 5630 10
4656 4655 4657 10
5298 5655 5659 10
4727 4725 5680 10
4482 4484 5617 10
4484 4894 5617 10
4758 4441 5636 10
5619 4758 5636 10
4581 4577 5600 10
4622 4624 4783 10
4498 4500 5623 10
4577 4575 5363 10
4728 4729 4730 10
4823 4639 5372 10
4686 4685 4687 10
5242 5245 5647 10
4585 4900 5615 10
4506 4508 5616 10
4514 4516 5654 10
5460 5611 5650 10
4461 4753 5629 10
4575 4578 5363 10
4696 4695 4697 10
5324 5643 5644 10
4823 5372 5373 10
4714 4715 4716 10
4753 5390 5629 10
5342 4738 5630 10
4692 4693 4694 10
5645 5613 5646 10
4723 4721 4773 10
4545 5339 5652 10
4909 4514 5654 10
4726 4725 4727 10
4885 5666 5667 10
5395 5555 5645 10
5651 5386 5657 10
4804 4511 5651 10
5381 5591 5641 10
4710 4712 4872 10
4697 4695 4787 10
4750 4485 5631 10
4516 4911 5654 10
4684 4683 4685 10
5339 5341 5652 10
4706 4705 4707 10
4843 5462 5644 10
5361 4770 5680 10
4685 4683 4791 10
4485 4483 5631 10
5372 4637 5637 10
5256 4778 5257 10
5643 4843 5644 10
5655 5387 5659 10
4728 4730 5682 10
5239 5670 5671 10
4714 4716 4879 10
5303 4736 5653 10
4901 5600 5601 10
4901 4584 5600 10
4625 5295 5672 10
5387 4571 5659 10
4611 5305 5676 10
5635 5664 5665 10
4725 5237 5680 10
5614 5624 5656 10
5365 5387 5655 10
4615 4889 5666 10
4737 5652 5664 10
4683 4681 5662 10
5635 4737 5664 10
4744 5613 5645 10
4791 4683 5662 10
4722 4882 5660 10
5684 4807 5685 10
4719 4820 5670 10
4804 5651 5657 10
4584 4581 5600 10
4613 4611 5676 10
5653 4559 5658 10
5555 4744 5645 10
4561 4559 5653 10
5624 4804 5656 10
5652 5341 5664 10
5656 4804 5657 10
4857 4700 5673 10
4773 4721 5670 10
5252 5254 5288 10
4736 4561 5653 10
4895 5668 5669 10
4731 5252 5288 10
4836 4627 5672 10
4795 4677 5661 10
5658 5320 5663 10
4714 4879 5679 10
4888 4728 5682 10
4823 5374 5678 10
4889 5676 5677 10
4643 4641 5678 10
4595 4896 5668 10
4712 4714 5679 10
4627 4625 5672 10
4770 4727 5680 10
4675 4853 5661 10
4889 4613 5676 10
4267 4807 5683 10
4677 4675 5661 10
4641 4823 5678 10
4872 4712 5679 10
4269 4267 5683 10
4730 4892 5682 10
4895 4597 5668 10
4597 4595 5668 10
5670 4820 5671 10
4681 5227 5662 10
4710 4872 5681 10
5683 4807 5684 10
4869 4708 5681 10
5227 5230 5662 10
4708 4710 5681 10
4265 4263 5686 10
5445 4269 5683 10
4735 4766 5954 10
4807 4265 5686 10
5685 4807 5686 10
5688 4810 5689 10
4261 4810 5687 10
4263 4261 5687 10
5687 4810 5688 10
5686 4263 5687 10
4259 4257 5695 10
4386 4260 5690 10
4260 4262 5690 10
4262 4387 5690 10
4810 4259 5695 10
5689 4810 5695 10
5697 4812 5698 10
4255 4812 5696 10
4257 4255 5696 10
5780 7352 7362 10
5696 4812 5697 10
5695 4257 5696 10
5446 5447 5701 10
5488 5487 5701 10
5703 5702 5704 10
4231 5703 5705 10
4220 5807 5808 10
4195 5713 5714 10
4216 5785 5786 10
5713 5712 5715 10
5741 5740 5743 10
5767 5768 5770 10
4204 5752 5753 10
5724 5725 5727 10
5831 4227 5832 10
5795 5796 5797 10
5725 4203 5726 10
5768 4205 5769 10
5752 5751 5754 10
4224 5741 5742 10
4197 5856 5857 10
5856 5855 5858 10
5882 5881 5884 10
5908 5909 5910 10
4219 5872 5873 10
4207 5892 5893 10
5872 5871 5874 10
5892 5891 5894 10
4229 5882 5883 10
5930 5931 5932 10
3105 3106 5952 10
5487 5446 5701 10
3421 3422 5702 10
3383 3384 5712 10
3416 3417 5740 10
3388 3389 5823 10
3407 3408 5778 10
3424 3425 5839 10
3391 3392 5784 10
3406 3407 5751 10
3429 3430 5840 10
3395 3396 4203 10
3387 3388 4202 10
3281 3282 3905 10
3287 3288 3886 10
3289 3290 3944 10
3297 3298 3891 10
3303 3304 3908 10
3305 3306 5842 10
3314 3315 3873 10
3337 3338 3878 10
3339 3340 3941 10
3274 3275 3898 10
3291 3292 3872 10
3309 3310 3890 10
3322 3323 3922 10
3328 3329 3926 10
3341 3342 3881 10
3347 3348 3899 10
3349 3350 5113 10
3375 3376 5783 10
3372 3373 4214 10
3385 3386 4232 10
3394 3395 5724 10
3311 3312 3942 10
3331 3332 3895 10
3427 3428 5806 10
3413 3414 4212 10
3374 3375 4217 10
3408 3409 4218 10
3415 3416 4224 10
3271 3272 3909 10
3277 3278 3918 10
3284 3285 3915 10
3300 3301 3924 10
3306 3307 3920 10
3317 3318 3940 10
3325 3326 3904 10
3334 3335 3912 10
3344 3345 3916 10
3376 3377 5767 10
3377 3378 4205 10
3379 3380 4225 10
3382 3383 4195 10
3390 3391 4216 10
3397 3398 4228 10
3400 3401 4194 10
3403 3404 4226 10
3405 3406 4204 10
3410 3411 4213 10
3412 3413 5795 10
3418 3419 4200 10
3420 3421 4231 10
3423 3424 4201 10
3428 3429 4211 10
3431 3432 4206 10
3433 3434 4227 10
3294 3295 3914 10
3279 3280 3943 10
3319 3320 3887 10
3392 3393 4215 10
3426 3427 4220 10
3310 3311 5805 10
3378 3379 5845 10
3414 3415 5847 10
3384 3385 5853 10
3393 3394 5837 10
3381 3382 5851 10
3425 3426 5848 10
3417 3418 5804 10
3404 3405 5844 10
3396 3397 5846 10
3432 3433 5830 10
3411 3412 5849 10
3389 3390 5852 10
3434 3435 5838 10
3268 3269 3879 10
3419 3420 5854 10
3278 3279 5843 10
3380 3381 5850 10
3074 3075 5855 10
3069 3070 4236 10
3071 3072 4230 10
3073 3074 4197 10
3072 3073 5869 10
3089 3090 5881 10
3102 3103 5871 10
3098 3099 5921 10
3097 3098 5891 10
3262 3263 3910 10
3265 3266 3880 10
3129 3130 3874 10
3101 3102 4219 10
3091 3092 4196 10
3085 3086 5908 10
3086 3087 4199 10
3088 3089 4229 10
3094 3095 4223 10
3096 3097 4207 10
3099 3100 4208 10
3126 3127 3884 10
3104 3105 4198 10
3087 3088 5922 10
3095 3096 5923 10
3103 3104 5924 10
3422 3423 5870 10
3100 3101 5929 10
3083 3084 4221 10
3084 3085 5915 10
3090 3091 5920 10
3075 3076 5938 10
3261 3262 5945 10
3132 3133 3882 10
3135 3136 3897 10
3081 3082 4209 10
3252 3253 3902 10
3186 3187 3903 10
3260 3261 3945 10
3218 3219 5949 10
3220 3221 5948 10
3233 3234 3925 10
3138 3139 3901 10
3148 3149 3688 10
3157 3158 3681 10
3194 3195 3950 10
3196 3197 3876 10
3199 3200 3911 10
3205 3206 3927 10
3211 3212 3923 10
3224 3225 3888 10
3192 3193 3885 10
3181 3182 3896 10
3172 3173 3687 10
3243 3244 3877 10
3160 3161 3679 10
3258 3259 3900 10
3140 3141 3949 10
3142 3143 3871 10
3145 3146 3703 10
3151 3152 3686 10
3154 3155 3683 10
3163 3164 3680 10
3166 3167 3682 10
3169 3170 3684 10
3175 3176 3697 10
3178 3179 3870 10
3189 3190 3917 10
3202 3203 3892 10
3208 3209 3907 10
3214 3215 3889 10
3217 3218 3948 10
3219 3220 3875 10
3221 3222 3947 10
3227 3228 3919 10
3236 3237 3894 10
3238 3239 3951 10
3240 3241 3893 10
3246 3247 3883 10
3249 3250 3913 10
3076 3077 4222 10
3078 3079 4210 10
3080 3081 5930 10
3184 3185 3946 10
3079 3080 5946 10
3230 3231 3906 10
3255 3256 3921 10
3237 3238 5947 10
3239 3240 5950 10
3259 3260 5951 10
6546 5015 8150 10
4231 5702 5703 10
4220 5806 5807 10
4195 5712 5713 10
5724 4203 5725 10
4216 5784 5785 10
5795 4212 5796 10
4204 5751 5752 10
5767 4205 5768 10
4224 5740 5741 10
5830 4227 5831 10
4197 5855 5856 10
5908 4199 5909 10
4229 5881 5882 10
4219 5871 5872 10
4207 5891 5892 10
5930 4209 5931 10
7321 4910 8023 10
4231 3421 5702 10
4195 3383 5712 10
4220 3427 5806 10
5839 3425 5848 10
4202 3388 5823 10
3408 4218 5778 10
3379 4225 5845 10
5740 3417 5804 10
3311 3942 5805 10
4206 3432 5830 10
4224 3416 5740 10
5751 3407 5778 10
3395 4203 5724 10
4216 3391 5784 10
3376 5767 5783 10
4204 3406 5751 10
4215 3393 5837 10
3385 4232 5853 10
4217 3375 5783 10
3413 4212 5795 10
3392 4215 5784 10
3377 4205 5767 10
3279 3943 5843 10
4212 3414 5847 10
5712 3384 5853 10
4226 3404 5844 10
3390 4216 5852 10
3890 3310 5805 10
4200 3419 5854 10
3412 5795 5849 10
3306 3920 5842 10
3397 4228 5846 10
4201 3424 5839 10
3415 4224 5847 10
4211 3429 5840 10
3423 4201 5870 10
3394 5724 5837 10
3418 4200 5804 10
5850 3381 5851 10
4203 3396 5846 10
3382 4195 5851 10
4205 3378 5845 10
3428 4211 5806 10
5823 3389 5852 10
3426 4220 5848 10
3405 4204 5844 10
4213 3411 5849 10
3918 3278 5843 10
4225 3380 5850 10
3433 4227 5830 10
4227 3434 5838 10
3420 4231 5854 10
5702 3422 5870 10
4230 3072 5869 10
4197 3074 5855 10
3073 4197 5869 10
4229 3089 5881 10
5891 3098 5921 10
3086 4199 5908 10
4219 3102 5871 10
4223 3095 5923 10
4207 3097 5891 10
5871 3103 5924 10
5881 3090 5920 10
3099 4208 5921 10
4208 3100 5929 10
3088 4229 5922 10
4199 3087 5922 10
3096 4207 5923 10
3104 4198 5924 10
3091 4196 5920 10
3101 4219 5929 10
5855 3075 5938 10
3085 5908 5915 10
4221 3084 5915 10
3076 4222 5938 10
3262 3910 5945 10
3945 3261 5945 10
3081 4209 5930 10
3900 3259 5951 10
3238 3951 5947 10
3221 3947 5948 10
3219 3875 5949 10
3240 3893 5950 10
3080 5930 5946 10
4210 3079 5946 10
3948 3218 5949 10
3875 3220 5948 10
3894 3237 5947 10
3951 3239 5950 10
3260 3945 5951 10
5704 5702 5870 10
5743 5740 5804 10
4216 5786 5852 10
5715 5712 5853 10
5795 5797 5849 10
4220 5808 5848 10
5767 5770 5783 10
5726 4203 5846 10
4204 5753 5844 10
5832 4227 5838 10
5724 5727 5837 10
5754 5751 5778 10
4195 5714 5851 10
5769 4205 5845 10
4224 5742 5847 10
4231 5705 5854 10
4197 5857 5869 10
5858 5855 5938 10
5884 5881 5920 10
5874 5871 5924 10
5894 5891 5921 10
5908 5910 5915 10
4207 5893 5923 10
4219 5873 5929 10
4229 5883 5922 10
5930 5932 5946 10
3929 4237 4238 10
5163 5162 6788 10
5200 5199 6052 10
5140 5139 5141 10
4904 5616 7842 10
5196 5195 6121 10
4296 4298 5955 10
4367 5550 5955 10
3873 5290 7159 10
3349 5113 5953 10
3899 3348 5953 10
4860 4922 4964 10
4187 4980 7952 10
3348 3349 5953 10
5698 4812 5957 10
4198 3105 5952 10
6047 6599 8184 10
5287 4863 5978 10
4253 4251 5957 10
6393 7785 7999 10
3305 5842 5958 10
3908 3304 5958 10
4298 4367 5955 10
3663 6390 6711 10
3186 3903 5959 10
3946 3185 5959 10
7041 4186 7816 10
4741 4735 4742 10
4742 4735 5954 10
3892 5359 8021 10
7363 7662 7694 10
4398 4400 4984 10
4812 4253 5957 10
7002 7001 7764 10
5312 5314 5972 10
5678 5374 5972 10
3304 3305 5958 10
5499 5500 5973 10
5447 4886 5973 10
3185 3186 5959 10
5138 5139 5140 10
5149 4862 5563 10
4817 4799 5982 10
4863 4657 5978 10
4655 5329 5978 10
7532 5766 7533 10
3275 3276 5979 10
3356 3934 5068 10
3353 3932 5070 10
4905 5401 6755 10
4994 5003 7065 10
5467 7321 8099 10
5441 3907 8081 10
6390 4089 6711 10
3303 3908 5983 10
4759 4248 5020 10
3184 3946 5985 10
3785 7505 7676 10
5022 4384 5025 10
4400 4822 4984 10
3936 3115 5106 10
4123 3111 5081 10
3933 3117 5105 10
4188 3109 5096 10
5314 5678 5972 10
5816 5818 7233 10
6627 6628 8201 10
4344 4755 5116 10
3924 3301 5990 10
3112 3952 5081 10
3110 4123 5096 10
3123 3928 5107 10
3116 3933 5106 10
3118 3931 5105 10
5822 5820 5841 10
4886 5499 5973 10
5160 5159 6804 10
4870 4817 5982 10
3896 3182 5991 10
5693 6365 7897 10
5771 7298 7338 10
5620 3204 8146 10
5637 5351 5999 10
5373 5372 5999 10
5412 5411 8057 10
6366 5424 6435 10
5943 6142 7322 10
4767 5215 5216 10
3272 3273 6002 10
4657 4655 5978 10
5464 4967 6003 10
5501 5597 6003 10
3106 4193 5952 10
5552 5551 6210 10
3898 3275 5979 10
5153 5152 7132 10
5157 5155 6563 10
5135 5133 5136 10
7205 3707 7388 10
5026 4385 5027 10
3351 3352 5108 10
3898 7198 7203 10
3302 3303 5983 10
5307 3915 6490 10
3300 3924 6007 10
5424 5423 6436 10
5338 7350 7985 10
5432 6299 7895 10
3354 3355 5104 10
3367 3368 5082 10
3107 3108 5112 10
3357 3358 5103 10
3359 3360 5694 10
6534 5180 6535 10
6875 5011 7282 10
6724 5171 7046 10
5216 5215 8075 10
3119 3120 5996 10
3183 3184 5985 10
3181 3896 6010 10
3915 5307 6749 10
4745 4784 4958 10
6280 6279 7998 10
7418 7417 7957 10
7193 3804 7944 10
5639 4893 6187 10
3891 3298 6014 10
5793 5794 7249 10
3952 5052 7930 10
3369 3370 5111 10
6384 6385 8193 10
4785 4746 4790 10
3302 5983 5990 10
4941 4926 4969 10
4915 4908 4961 10
4898 4876 4952 10
4831 4817 4870 10
6566 5153 7812 10
5859 6191 7339 10
3870 3179 6015 10
5982 5071 7167 10
5014 5017 7017 10
3898 5979 7198 10
3269 3270 6019 10
4741 4742 4745 10
5273 5274 6021 10
5350 5349 6021 10
3183 5985 5991 10
5094 5095 6990 10
4186 6867 7816 10
4999 4377 5955 10
3198 5407 7801 10
3301 3302 5990 10
4768 5218 5219 10
7332 5917 7343 10
5476 5475 6023 10
4943 4864 6023 10
5042 5041 5044 10
3856 7670 7762 10
5116 4963 5117 10
4908 4898 6011 10
7133 6888 7836 10
5623 6756 6998 10
6609 3477 8092 10
3182 3183 5991 10
5114 3930 5987 10
6262 5188 6625 10
5083 5086 5956 10
3297 3891 6024 10
5997 5691 7898 10
3330 3331 6028 10
5895 5896 7150 10
5940 7329 7341 10
5057 3933 7254 10
4982 8107 8108 10
4899 6929 6930 10
3178 3870 6033 10
5138 5137 5139 10
4960 4955 4974 10
5134 5133 5135 10
5144 5143 5145 10
5577 5576 6037 10
5220 5219 5221 10
3914 3295 6036 10
3495 6480 6528 10
5146 6975 7361 10
7867 5014 8246 10
3266 3267 6040 10
5372 5637 5999 10
5197 5196 6121 10
5083 4192 5084 10
7178 5145 7349 10
3895 5265 6028 10
5090 5091 7853 10
5295 5294 6050 10
5275 5672 6050 10
3697 3176 6049 10
4942 4380 4957 10
6195 5911 7347 10
3909 3272 6002 10
5597 5464 6003 10
5416 4389 5417 10
5040 5041 5042 10
4264 4266 6016 10
5760 5754 5778 10
5721 5715 5853 10
5770 5777 5783 10
5864 5858 5938 10
5910 5914 5915 10
5749 5711 5750 10
5797 5801 5849 10
5727 5733 5837 10
5580 5581 6053 10
5474 5473 6053 10
6051 5700 6186 10
5014 7017 7018 10
5932 5936 5946 10
5606 7314 7948 10
5900 5894 5921 10
5880 5874 5924 10
5749 5743 5804 10
3911 5587 8037 10
5729 5728 7074 10
6549 7718 8060 10
5705 5711 5854 10
5890 5884 5920 10
3294 3914 6054 10
5883 5889 5922 10
5710 5704 5870 10
5728 7290 7320 10
5830 5831 5836 10
5807 5806 5816 10
5785 5784 5793 10
5742 5748 5847 10
4320 4338 6057 10
4342 4318 6057 10
6435 5424 6436 10
4243 4793 4794 10
5873 5879 5929 10
7423 7353 7498 10
3299 3300 6007 10
4238 4240 4242 10
5982 4799 6013 10
3909 7210 7223 10
5084 4192 5111 10
4994 6832 6833 10
3263 3264 6063 10
4588 4590 5980 10
5893 5899 5923 10
3175 3697 6062 10
4957 4968 8220 10
5775 5769 5845 10
5732 5726 5846 10
6870 5194 8213 10
5753 5759 5844 10
3872 3292 6064 10
5857 5863 5869 10
5772 5771 6926 10
5088 5084 5111 10
6316 6501 7866 10
5038 5040 5057 10
6836 5998 7783 10
6852 5067 6853 10
5714 5719 5851 10
5034 5036 5037 10
5067 4919 6853 10
4274 4754 5419 10
3180 3181 6010 10
4188 5097 5098 10
5027 5997 7892 10
5119 6698 6699 10
5293 5292 6070 10
4885 5667 6070 10
5808 5811 5848 10
5786 5789 5852 10
3299 6007 6014 10
3687 3173 6068 10
4970 4971 6280 10
5053 7456 7989 10
6951 6952 8071 10
5755 5756 6720 10
4977 4759 5020 10
4878 5465 6074 10
5582 5583 6074 10
6498 4972 8170 10
3298 3299 6014 10
5859 5860 6191 10
5410 4278 5414 10
5098 5097 5099 10
3180 6010 6015 10
4754 5412 5419 10
5799 5798 7125 10
5123 5122 5124 10
3291 3872 6075 10
3944 3290 6075 10
5716 5717 7271 10
4745 4742 4746 10
5281 3905 7058 10
5667 5666 6084 10
4889 5677 6084 10
3179 3180 6015 10
7070 5177 7071 10
3172 3687 6085 10
3930 3351 5108 10
4766 5288 6090 10
3905 5281 7142 10
6222 6223 8025 10
4957 6118 6119 10
5931 5919 5933 10
4961 4908 6011 10
5371 7291 7921 10
6102 6115 7161 10
5782 5779 5803 10
5022 6047 6612 10
3879 3269 6019 10
5126 5124 6823 10
5254 5253 6111 10
5916 5919 5937 10
5942 5939 5944 10
3289 3944 6094 10
3886 3288 6094 10
5349 5273 6021 10
3684 3170 6099 10
4923 4862 5149 10
5052 5047 5053 10
3909 6002 7210 10
4258 4386 6148 10
4385 4256 6148 10
5305 5306 6151 10
5677 5676 6151 10
4953 4881 6159 10
4918 5598 6159 10
5240 5238 6160 10
7002 5573 7718 10
5218 6617 7231 10
3765 7179 7604 10
5934 5933 7152 10
3256 3257 6169 10
6679 4934 6680 10
4785 4790 6013 10
5230 3922 7287 10
5900 5879 5901 10
5038 5036 5039 10
5024 5549 7902 10
4864 5476 6023 10
4793 4244 4975 10
5986 5890 7889 10
5201 5200 8121 10
5413 5410 5414 10
5046 5047 5051 10
6022 7096 8261 10
3287 3886 6189 10
5836 5971 8106 10
5034 5032 5035 10
3169 3684 6196 10
5564 5130 7753 10
3341 3881 6197 10
3941 3340 6197 10
4676 4841 5158 10
5130 5129 5131 10
6237 6236 7918 10
3296 3297 6024 10
5912 5911 6195 10
5766 5764 7591 10
5504 3316 7102 10
3879 7242 7261 10
7545 7333 7582 10
3915 3285 6490 10
5793 5733 5794 10
4192 3369 5111 10
5258 5256 6660 10
6063 3264 7318 10
3682 3167 6618 10
4187 3367 5082 10
3934 3357 5103 10
3935 3359 5694 10
3932 3354 5104 10
3108 4188 5112 10
3331 3895 6028 10
3253 3254 6715 10
5279 5280 6749 10
5307 5308 6749 10
7517 7330 7597 10
4745 4746 4784 10
5037 5036 5038 10
5236 5234 7987 10
3120 3929 5996 10
4755 4786 4962 10
3296 6024 6036 10
5962 7184 8273 10
7943 6423 8266 10
3177 3178 6033 10
5595 5522 6824 10
5523 5526 6824 10
6020 3774 7224 10
4594 4768 5220 10
4699 4697 6865 10
5068 5069 7340 10
4188 5098 5112 10
6040 3267 7280 10
5019 5063 6362 10
7288 5833 7857 10
4994 7065 7066 10
7126 3864 7308 10
3690 6728 6760 10
3295 3296 6036 10
4630 4792 5193 10
3284 3915 6917 10
6792 5122 8241 10
4123 5081 7216 10
4784 4746 4785 10
4598 4767 5217 10
5669 3943 7153 10
4784 4785 4798 10
3166 3682 6995 10
4798 4799 4816 10
4816 4817 4830 10
4830 4831 4832 10
4832 4833 4875 10
4875 4876 4897 10
4897 4898 4907 10
4907 4908 4914 10
4914 4915 4925 10
4925 4926 4940 10
4940 4941 4954 10
5245 5243 7054 10
3177 6033 6049 10
4798 4785 4799 10
4347 5023 7902 10
4816 4799 4817 10
4830 4817 4831 10
4954 4941 4955 10
4940 4926 4941 10
4925 4915 4926 10
4914 4908 4915 10
4907 4898 4908 10
4897 4876 4898 10
4875 4833 4876 10
4832 4831 4833 10
4346 5570 7178 10
5155 8205 8206 10
5051 5047 5052 10
5052 5053 5054 10
4240 4243 6006 10
3250 3251 7073 10
5141 5139 5142 10
3940 5235 7102 10
6982 5136 6983 10
3880 3266 6040 10
6267 6265 8269 10
3943 5669 7162 10
4849 4434 5079 10
3905 3282 7058 10
6019 3270 7238 10
5038 5039 5040 10
6268 3983 7299 10
4903 6349 7183 10
7179 7363 8009 10
5272 5671 8145 10
5034 5035 5036 10
6729 4923 6731 10
4922 4923 6729 10
3317 3940 7102 10
3680 3164 7104 10
4895 5669 7142 10
5281 5593 7142 10
4847 4430 5064 10
3176 3177 6049 10
6047 5026 6599 10
5230 5228 7148 10
7464 4925 7465 10
4606 4774 5211 10
4821 4406 4990 10
4602 4772 5214 10
5400 3927 8105 10
5532 5536 7151 10
5527 5528 7151 10
4904 6251 8095 10
3453 6162 8099 10
6002 3273 7207 10
5106 5057 6078 10
5977 7123 7771 10
5672 5295 6050 10
4925 4940 7465 10
4927 8147 8148 10
4614 4782 5205 10
5033 5032 5034 10
3281 3905 7153 10
3943 3280 7153 10
3247 3248 7157 10
5290 5284 7159 10
3930 5108 5987 10
6507 4902 7217 10
5979 3276 7191 10
5055 5037 7858 10
4622 4783 5199 10
4846 4426 5018 10
4610 4777 5208 10
5669 5668 7162 10
3163 3680 7160 10
4359 4815 5469 10
4979 4966 4980 10
4387 4264 6016 10
4913 5110 6802 10
4870 5982 7167 10
7169 7448 7784 10
4844 4422 5013 10
5006 4798 5030 10
5023 5016 5024 10
4806 4292 4997 10
5473 5580 6053 10
4391 5421 5422 10
4668 4834 5164 10
3679 3161 7170 10
5240 6160 8132 10
3293 3294 6054 10
4838 4418 5010 10
6480 5049 6528 10
6655 6654 8043 10
3244 3245 7180 10
5537 5484 7181 10
5482 5485 7181 10
4835 4414 5004 10
7272 5895 7311 10
5186 5185 5189 10
5169 5168 7021 10
5277 5278 7182 10
3880 7285 7306 10
5073 3125 7913 10
5110 5109 6644 10
6061 4950 7345 10
4242 4240 6006 10
4618 4781 5202 10
4893 4741 6051 10
4656 4819 5173 10
4664 4827 5167 10
6056 7158 8224 10
3879 6019 7242 10
4660 4826 5170 10
5071 3932 7167 10
7391 1351 8127 10
4243 4794 6006 10
3293 6054 6064 10
4318 4320 6057 10
4652 4811 5176 10
5181 8209 8210 10
3160 3679 7189 10
7304 5818 7912 10
4780 5267 6207 10
3277 3918 7191 10
4672 4837 5161 10
4640 4801 5185 10
5278 5979 7191 10
4893 6051 6186 10
5278 4856 7198 10
5270 5272 8145 10
3174 3175 6062 10
3910 3263 6063 10
3241 3242 7199 10
4648 4808 5179 10
4644 4802 5182 10
7732 5554 8033 10
4590 4764 5980 10
3292 3293 6064 10
5192 4792 8149 10
3681 3158 7200 10
6227 6226 6279 10
6176 6168 6208 10
5236 4671 7861 10
4900 4939 7203 10
5486 5544 7204 10
5498 5497 7204 10
7132 5152 7276 10
5137 5136 7032 10
4824 4410 4993 10
4799 4785 6013 10
5975 7772 8276 10
5031 5032 5033 10
3174 6062 6068 10
5809 7286 7850 10
5579 5578 6448 10
4766 6090 8090 10
6272 5060 8094 10
5247 5249 6076 10
3274 3898 7207 10
5315 4909 6889 10
3157 3681 7208 10
4939 6002 7207 10
3362 3939 7236 10
5075 3884 7859 10
4939 4901 7210 10
4626 4789 5196 10
3173 3174 6068 10
3952 3113 7243 10
5027 4385 6148 10
4196 5906 7889 10
5292 4885 6070 10
5360 3201 8251 10
5032 5029 5049 10
3683 3155 7215 10
5434 6300 6654 10
6788 5162 6789 10
7080 4935 7081 10
6227 4976 7931 10
5364 5366 7223 10
5640 4902 7247 10
7750 6143 8080 10
5979 5278 7198 10
5022 6583 8174 10
5496 5495 7229 10
5569 5568 7229 10
4745 4958 6051 10
6035 4944 6592 10
5963 6878 7992 10
3590 7025 8183 10
3234 3235 7235 10
5366 6019 7238 10
5153 7132 7812 10
5065 5078 7103 10
7371 3732 7412 10
5366 5365 7242 10
3271 3909 7238 10
5821 5822 7308 10
6506 6507 7217 10
4959 4955 4960 10
3154 3683 7241 10
5024 6044 6426 10
6808 6312 7909 10
5583 4878 6074 10
4781 5200 5201 10
5093 4214 7275 10
3191 5451 7822 10
3290 3291 6075 10
8014 7755 8236 10
4235 7779 7784 10
5118 5121 5147 10
4671 5236 7987 10
6418 7049 7901 10
5120 6699 6741 10
3686 3152 7253 10
3910 7319 7357 10
3231 3232 7260 10
5298 5300 7261 10
4956 5000 7739 10
5134 5135 7316 10
5300 6040 7280 10
5512 5511 7273 10
5567 5566 7273 10
5945 3910 7357 10
6305 6304 7218 10
5126 6823 6858 10
6327 6676 6958 10
6349 6348 7183 10
3374 4217 7275 10
4214 3373 7275 10
5300 5297 7285 10
5945 7357 7364 10
3268 3879 7280 10
4938 6035 6265 10
5716 7271 7359 10
3228 3229 7291 10
7809 6027 8216 10
5304 6063 7318 10
5214 5213 8039 10
4822 4402 4987 10
3151 3686 7289 10
4694 4855 5576 10
5666 4889 6084 10
6381 5198 8204 10
5182 5181 5970 10
3171 3172 6085 10
4634 4796 5190 10
4440 4858 5433 10
3884 5075 7913 10
5302 5304 7306 10
3688 3149 7303 10
5135 5136 5137 10
4680 4848 5154 10
5288 5254 6090 10
6800 6305 7891 10
5008 4786 5546 10
3885 5452 8062 10
3945 5945 7364 10
5513 5515 7315 10
5510 5508 7315 10
3225 3226 7314 10
5128 6883 6884 10
5304 5303 7319 10
4892 5639 6958 10
6511 4963 7958 10
5122 6793 6821 10
4755 4963 5116 10
3766 7708 8009 10
6730 6805 7949 10
3171 6085 6099 10
5260 5262 6207 10
3265 3880 7318 10
5141 5143 5144 10
4954 4955 4959 10
3945 7364 7707 10
6002 4939 7210 10
4972 4970 8170 10
5131 5129 5132 10
5559 4829 6026 10
4792 5191 8149 10
3148 3688 7331 10
5550 5549 5551 10
5076 6375 7870 10
5015 7792 8150 10
3288 3289 6094 10
3880 6040 7285 10
5905 6065 7914 10
3222 3223 7350 10
3170 3171 6099 10
5253 5362 6111 10
6200 3677 6201 10
3937 3361 7236 10
5432 5431 6693 10
3703 3146 7356 10
3114 3936 7243 10
6025 4995 7154 10
5560 5561 7365 10
5516 5517 7365 10
5951 3945 7707 10
5046 5045 5047 10
5470 6185 8141 10
4774 5209 5210 10
5951 7707 7736 10
5141 5142 5143 10
5455 5456 7803 10
3145 3703 7720 10
4911 5148 7218 10
1534 1535 7164 10
4256 4258 6148 10
5676 5305 6151 10
7019 6852 7925 10
4881 4918 6159 10
5115 5114 8090 10
3871 3143 7737 10
5238 5241 6160 10
5635 5665 7740 10
3215 3216 7738 10
5428 5429 7741 10
5562 5590 7741 10
4894 5354 6637 10
5470 6087 6185 10
5665 5664 7742 10
7429 5085 7646 10
3900 5951 7736 10
6160 3916 8132 10
3921 3256 6169 10
3257 3258 7743 10
5156 5223 6892 10
5193 5192 6043 10
6627 4937 7299 10
5765 5766 7846 10
3936 5106 6078 10
3212 3213 7749 10
4755 4962 4963 10
3900 7736 7740 10
3949 3141 7746 10
3142 3871 7746 10
5824 5792 5825 10
6291 4947 6292 10
5145 5143 8190 10
5554 4348 8033 10
4876 4833 7355 10
5429 4921 7754 10
5609 5610 7754 10
5341 5340 7756 10
5354 4899 6930 10
3286 3287 6189 10
6286 5617 7778 10
4768 5219 5220 10
4794 4793 4970 10
7340 5069 7793 10
3209 3210 7758 10
5343 5342 7761 10
4942 4957 6119 10
7145 7031 7745 10
6019 5366 7242 10
6717 6008 7785 10
5941 5942 7330 10
3168 3169 6196 10
3340 3341 6197 10
3901 3139 7760 10
3140 3949 7760 10
5425 5426 7767 10
5610 4924 7767 10
5919 5918 7333 10
3188 5490 7832 10
7268 3800 7269 10
7740 5665 7743 10
3206 3207 7769 10
5333 5331 7770 10
5135 5137 5138 10
3286 6189 6490 10
5054 5059 7216 10
5083 5085 5086 10
5131 5133 5134 10
6365 5693 6366 10
3168 6196 6618 10
3138 3901 7774 10
5334 5332 7777 10
3364 3967 7849 10
3203 3204 7776 10
5174 6259 6468 10
4926 4915 6369 10
5909 5889 5911 10
3285 3286 6490 10
4968 4981 7161 10
6464 6280 8165 10
3897 3136 7781 10
4954 6031 6032 10
5633 5380 7787 10
5074 5075 7859 10
6090 5115 8090 10
5427 5445 7790 10
5683 5684 7790 10
4767 5216 5217 10
3890 5984 7165 10
5984 5327 7165 10
3200 3201 7788 10
5191 6263 8257 10
3167 3168 6618 10
6439 5021 6440 10
5547 6350 7217 10
5359 3892 8125 10
6354 6353 8063 10
5256 5259 6660 10
5382 5379 7798 10
3 4 7175 10
4980 4966 7945 10
3197 3198 7801 10
3917 5592 8073 10
7744 5791 7947 10
3135 3897 7797 10
5822 5841 8106 10
5409 5602 7803 10
4873 5455 7803 10
7254 5105 7858 10
5381 5641 7805 10
5038 5057 7254 10
3774 6020 7225 10
4772 5212 8035 10
3882 3133 7806 10
3902 3253 6715 10
4974 4955 7768 10
5685 5686 7815 10
5687 5688 7815 10
5308 5279 6749 10
5028 6553 8179 10
5781 5782 7353 10
5087 7645 7646 10
7835 7012 8024 10
5616 4906 7219 10
4870 7167 7340 10
5642 5394 7820 10
5169 7045 7047 10
4783 5197 5198 10
5395 5645 7823 10
3366 4187 7952 10
3933 5105 7254 10
5966 7419 8188 10
3190 3191 7822 10
3132 3882 7821 10
4338 5542 7316 10
5522 5523 6824 10
5145 6733 7349 10
3187 3188 7832 10
6040 5300 7285 10
5184 6521 6522 10
3874 3130 7830 10
3910 6063 7319 10
6539 4043 7811 10
5689 5695 7837 10
5623 4905 6756 10
3955 6114 6115 10
5696 5697 7837 10
6178 3969 7884 10
5432 6693 7863 10
6153 6158 7321 10
7249 7613 7652 10
4697 4787 6865 10
5646 5613 7839 10
5205 5204 7872 10
6838 6349 7297 10
6865 4787 6916 10
6728 6729 7949 10
5045 5044 7176 10
6731 4923 7349 10
5456 3950 8034 10
4980 4187 8077 10
5212 5211 7791 10
4787 5648 6916 10
4852 5579 7907 10
3129 3874 7840 10
3283 3284 6917 10
4909 5654 8024 10
3254 3255 7763 10
4902 5547 7217 10
4973 5031 6006 10
3884 3127 7847 10
4784 4798 5006 10
5385 5384 7854 10
6449 6039 8084 10
5401 4904 7659 10
5157 6493 7828 10
4671 4669 7861 10
3165 3166 6995 10
5796 5748 5798 10
5140 5141 7868 10
4940 6032 7993 10
5118 5117 5119 10
5121 5122 5123 10
5347 5345 7865 10
5031 5029 5032 10
3283 6917 7058 10
6756 6755 7061 10
5547 4903 7183 10
5223 5224 8234 10
5627 5626 7873 10
7010 3560 7836 10
5403 5369 7878 10
5243 5246 7054 10
6216 5007 7146 10
8088 5362 8122 10
5575 5573 7002 10
3282 3283 7058 10
4956 4582 5000 10
5963 5964 6878 10
3165 6995 7104 10
5370 5397 7888 10
3913 3250 7073 10
5348 5346 7893 10
6563 5155 8206 10
6138 3961 6147 10
5549 5548 7902 10
5125 5124 5126 10
5353 5337 7906 10
3316 3317 7102 10
3164 3165 7104 10
5371 5368 7911 10
4958 7323 7956 10
5098 5099 5101 10
6569 6570 7835 10
5213 4772 8035 10
6063 5304 7319 10
5606 5605 7932 10
5462 5459 7933 10
4915 4961 6369 10
3230 3906 7921 10
5241 5239 8231 10
5662 5230 8219 10
5050 5043 7856 10
5593 4895 7142 10
5905 7370 7920 10
5360 5358 8187 10
5650 5390 7953 10
3202 3892 8251 10
4686 4688 7894 10
3126 3884 7913 10
6177 3970 6180 10
3458 6177 6180 10
6123 3469 8059 10
5338 5336 7972 10
5309 5270 8145 10
5671 4820 8145 10
5047 5045 5056 10
5391 5437 7980 10
3227 3919 7948 10
5787 7248 7295 10
5362 5361 8132 10
3881 3342 8182 10
4673 4671 7987 10
5228 5231 7148 10
5620 5619 8125 10
5075 4842 8129 10
5441 5621 7997 10
3968 6235 6236 10
3205 3927 8146 10
4196 3092 7975 10
7172 7014 8246 10
6594 4945 7816 10
5400 5399 8010 10
3400 4194 7982 10
5622 5604 8105 10
3224 3888 7985 10
4194 3401 7988 10
5359 5357 8021 10
4867 5377 7943 10
3916 3345 8122 10
5461 5460 8036 10
5587 5405 8037 10
5439 5438 8081 10
3344 3916 8118 10
5592 5489 8073 10
5392 5389 8061 10
5452 5449 8062 10
3208 3907 8117 10
4937 6267 7299 10
5528 5532 7151 10
3211 3923 8089 10
3347 3899 8088 10
3196 3876 8034 10
3950 3195 8034 10
6203 6091 7138 10
3217 3948 8049 10
3214 3889 8074 10
5967 7499 7596 10
5787 7295 7838 10
3280 3281 7153 10
6108 6107 7917 10
5102 4123 7216 10
5149 4346 7178 10
3251 3252 7782 10
8118 5241 8182 10
5131 5134 7753 10
4906 5315 8051 10
6297 5165 8249 10
7762 5813 7934 10
3883 3247 7157 10
4998 4999 7818 10
4772 5213 5214 10
5933 5919 7333 10
4984 4985 6056 10
7389 5059 7390 10
6473 6472 8002 10
5284 5285 7159 10
4965 4960 4966 10
6913 6914 7991 10
3162 3163 7160 10
5131 5132 5133 10
4941 4969 7768 10
4970 4793 4971 10
4879 6012 7031 10
3939 3363 7849 10
5993 6475 7955 10
5668 4896 7162 10
3468 6128 6133 10
5942 5943 7330 10
4855 5572 5573 10
5327 5328 7165 10
5953 5115 8082 10
5418 8059 8119 10
5698 5957 7859 10
5006 5030 8017 10
3162 7160 7170 10
6812 5976 6934 10
7221 7382 7453 10
5720 5721 7269 10
7162 4896 7177 10
3458 6175 6176 10
4984 4822 4985 10
6090 5254 8082 10
5083 5084 5085 10
3161 3162 7170 10
6436 5423 6581 10
6667 6666 8027 10
6560 6559 8008 10
4896 5276 7177 10
7017 5017 7808 10
4903 5623 7297 10
5190 5188 6263 10
5739 7684 7690 10
5832 5838 7904 10
4890 5617 6098 10
5069 3934 7924 10
6349 4903 7297 10
6067 5737 7548 10
7233 7654 7714 10
4871 5628 5969 10
7604 7179 7708 10
7177 5276 7182 10
4829 4806 4995 10
5625 4890 6093 10
8059 6120 8072 10
3707 7205 7389 10
5175 5174 6468 10
6313 6308 7144 10
344 345 4094 10
3877 3244 7180 10
5194 5193 6043 10
5139 5137 5146 10
5484 5482 7181 10
6366 6435 8041 10
4815 5466 5467 10
6436 6581 8058 10
3955 6102 6113 10
5276 5277 7182 10
4899 5640 7927 10
5136 5133 5968 10
5291 4874 6000 10
4815 5467 5468 10
6425 6044 6427 10
6444 5215 6445 10
5572 4857 5574 10
5179 5178 5981 10
3248 3249 7804 10
5094 5093 5095 10
6329 4989 7342 10
3967 3365 7952 10
4874 5660 6008 10
5355 4871 5977 10
4789 5194 5195 10
6842 5222 7978 10
5993 5994 6475 10
6169 5665 7742 10
5005 5009 8056 10
7802 6018 8245 10
3159 3160 7189 10
4891 5625 6144 10
5628 4877 5998 10
3276 3277 7191 10
3462 6118 6122 10
4774 5210 5211 10
6751 6753 7659 10
4958 4784 5006 10
7301 5861 7312 10
6218 3449 6454 10
5721 5828 7269 10
1219 1220 6103 10
3999 6278 6279 10
6223 3482 6281 10
4338 7316 8100 10
5026 7908 8180 10
1217 1218 6106 10
3159 7189 7200 10
5660 4882 6027 10
3455 6424 6425 10
3984 6342 6343 10
4879 5291 6012 10
4781 5201 5202 10
1215 1216 6112 10
4857 5673 5674 10
1213 1214 6120 10
5617 4894 7778 10
1211 1212 6123 10
7551 7552 7581 10
4868 5355 5975 10
4856 5615 7198 10
1209 1210 6127 10
5127 5130 7732 10
4848 5151 5152 10
3893 3241 7199 10
1205 1206 6139 10
1207 1208 6133 10
3158 3159 7200 10
7747 4979 8077 10
3487 6440 6526 10
6111 5362 8088 10
1203 1204 6145 10
1201 1202 6149 10
6400 3484 6499 10
4051 6558 6559 10
5838 7175 7904 10
5466 4910 7321 10
5443 4891 6131 10
5183 5182 5970 10
8 1046 6198 10
6512 3448 6620 10
4877 5375 6018 10
6306 6568 7309 10
1339 1340 6200 10
6026 6025 8000 10
6755 6754 7844 10
7198 5615 7203 10
1199 1200 6154 10
1197 1198 6161 10
5587 3911 8187 10
5841 4206 8106 10
3454 6546 6657 10
5174 6258 6259 10
4882 5150 6058 10
1195 1196 6166 10
1073 1074 6165 10
4960 4974 7945 10
4940 4954 6032 10
4777 5207 5208 10
6103 6104 7916 10
1192 1193 6175 10
3961 6137 6146 10
5809 7232 7286 10
1190 1191 6180 10
5165 6294 8249 10
5133 5132 8071 10
1078 1079 6179 10
7156 5750 7358 10
5782 5802 7353 10
5673 4866 5675 10
6715 5343 7761 10
5377 4868 5974 10
5679 4879 6009 10
5615 4900 7203 10
4782 5204 5205 10
7212 7611 7651 10
1187 1188 6190 10
6614 5028 8179 10
5081 3952 7930 10
5544 5498 7204 10
4833 4831 7793 10
5150 4888 6082 10
4858 5430 5431 10
3245 3246 7829 10
1185 1186 6194 10
3931 5055 7858 10
4741 4745 6051 10
5375 4883 6048 10
1083 1084 6193 10
4887 5443 6110 10
6087 5468 6172 10
1535 1530 7994 10
5187 7077 7984 10
1046 1047 3465 10
1221 1222 6150 10
1048 1049 3953 10
4888 5682 6134 10
1053 1054 6114 10
1214 1215 3956 10
5682 4892 6174 10
1182 1183 6209 10
1056 1057 3957 10
7446 7171 7995 10
1051 1052 6113 10
1216 1217 3470 10
1059 1060 6132 10
1208 1209 3468 10
1050 1051 3464 10
1062 1063 3461 10
1066 1067 3460 10
1058 1059 3462 10
1055 1056 6116 10
1212 1213 3469 10
1065 1066 6147 10
1202 1203 3962 10
1070 1071 3453 10
1206 1207 3960 10
1061 1062 6135 10
1071 1072 6162 10
1196 1197 3459 10
1088 1089 6215 10
1054 1055 3463 10
1049 1050 6100 10
1218 1219 3954 10
1180 1181 6212 10
1077 1078 3969 10
1204 1205 3467 10
1063 1064 6146 10
1189 1190 3970 10
1069 1070 6157 10
1198 1199 3964 10
1052 1053 3955 10
1076 1077 6178 10
1191 1192 3458 10
1188 1189 6181 10
1079 1080 6184 10
1067 1068 6152 10
1200 1201 3466 10
1072 1073 3965 10
1047 1048 6095 10
1220 1221 3471 10
1057 1058 6122 10
1210 1211 3958 10
1075 1076 3452 10
1080 1081 3451 10
1064 1065 3961 10
1060 1061 3959 10
1186 1187 3457 10
1081 1082 6192 10
1174 1175 4083 10
1176 1177 3455 10
1092 1093 4064 10
1095 1096 3448 10
1090 1091 3449 10
1194 1195 3966 10
1068 1069 3963 10
1222 1045 3968 10
1178 1179 6219 10
1325 1326 6231 10
1291 1292 6224 10
1257 1258 6220 10
1045 1224 6235 10
1256 1257 3481 10
1290 1291 3977 10
1324 1325 3498 10
1082 1083 3971 10
1074 1075 6171 10
1193 1194 6170 10
1326 1327 3975 10
1089 1090 6238 10
1292 1293 3490 10
1258 1259 3985 10
1224 1225 3472 10
1171 1172 3454 10
1255 1256 6239 10
1289 1290 6228 10
1323 1324 6243 10
1179 1180 3974 10
5155 7775 8205 10
7387 5100 7388 10
1097 1098 4127 10
1327 1328 6270 10
1293 1294 6277 10
1259 1260 6234 10
1225 1226 6282 10
1254 1255 3990 10
1288 1289 3489 10
1322 1323 3993 10
1087 1088 3973 10
1163 1164 3690 10
7220 5875 7279 10
632 633 4018 10
969 970 7095 10
783 784 7092 10
446 447 3650 10
481 482 7097 10
818 819 3557 10
934 935 3528 10
597 598 7089 10
667 668 7101 10
1004 1005 4015 10
1086 1087 6211 10
1181 1182 3456 10
748 749 4013 10
411 412 7105 10
516 517 4012 10
853 854 7084 10
899 900 7108 10
562 563 3621 10
365 366 7112 10
702 703 3586 10
1039 1040 7113 10
713 714 7079 10
376 377 4010 10
551 552 7075 10
1328 1329 3499 10
888 889 4009 10
1294 1295 3999 10
1260 1261 3482 10
1226 1227 4000 10
864 865 4006 10
1184 1185 3972 10
1253 1254 6242 10
1287 1288 6318 10
527 528 7068 10
1321 1322 6319 10
400 401 4004 10
737 738 7120 10
1015 1016 7067 10
3447 6697 6698 10
678 679 3592 10
1169 1170 4140 10
586 587 3615 10
1103 1104 3689 10
923 924 7121 10
829 830 7060 10
492 493 4003 10
435 436 7059 10
1157 1158 3693 10
772 773 4028 10
980 981 4029 10
643 644 7057 10
621 622 7128 10
958 959 3522 10
794 795 3563 10
457 458 7129 10
1106 1107 3446 10
470 471 3644 10
1085 1086 3450 10
807 808 7133 10
945 946 7137 10
608 609 4034 10
656 657 4035 10
1329 1330 6341 10
1295 1296 6278 10
993 994 7051 10
1261 1262 6281 10
1227 1228 6344 10
1183 1184 6199 10
1084 1085 6205 10
1252 1253 3480 10
759 760 7050 10
1286 1287 3976 10
1320 1321 3497 10
422 423 3656 10
1109 1110 3692 10
505 506 7139 10
842 843 3551 10
1118 1119 3444 10
910 911 3534 10
573 574 7042 10
354 355 3673 10
691 692 7041 10
1028 1029 4037 10
1115 1116 3694 10
724 725 4038 10
1121 1122 3698 10
387 388 7040 10
5964 5965 6880 10
540 541 3996 10
877 878 7034 10
875 876 7147 10
538 539 3627 10
389 390 7145 10
726 727 3580 10
6403 4023 8068 10
1026 1027 3505 10
1136 1137 3436 10
1124 1125 3443 10
1177 1178 6424 10
689 690 7143 10
1330 1331 3984 10
352 353 4043 10
1296 1297 3491 10
575 576 7023 10
1262 1263 4011 10
1228 1229 3474 10
1251 1252 6364 10
1285 1286 6367 10
1319 1320 6370 10
912 913 4045 10
840 841 4046 10
503 504 7140 10
424 425 3994 10
761 762 7019 10
1091 1092 6454 10
1166 1167 3441 10
991 992 7013 10
1154 1155 3439 10
654 655 3598 10
1160 1161 3440 10
1133 1134 3702 10
1100 1101 3447 10
610 611 3609 10
947 948 7134 10
805 806 7010 10
468 469 3989 10
459 460 7131 10
796 797 3988 10
1139 1140 3701 10
4866 5226 5976 10
956 957 4054 10
619 620 7127 10
1127 1128 3700 10
645 646 7003 10
1331 1332 6342 10
1297 1298 6396 10
1263 1264 6401 10
1229 1230 6403 10
982 983 3516 10
1250 1251 3991 10
1112 1113 3445 10
1284 1285 3488 10
1318 1319 3992 10
770 771 3569 10
433 434 7000 10
494 495 3638 10
1148 1149 3438 10
831 832 7124 10
921 922 7122 10
584 585 3987 10
680 681 3986 10
1145 1146 3699 10
1017 1018 6994 10
735 736 6991 10
398 399 3662 10
529 530 6986 10
1151 1152 3695 10
6108 5416 6109 10
5376 4887 6092 10
866 867 3545 10
886 887 3540 10
549 550 7115 10
378 379 3667 10
715 716 6977 10
1332 1333 3500 10
1298 1299 4022 10
1264 1265 3483 10
1230 1231 4023 10
1249 1250 6433 10
1037 1038 6971 10
1283 1284 6437 10
1093 1094 6509 10
1317 1318 6441 10
700 701 3982 10
4883 5442 6066 10
1142 1143 3437 10
363 364 6964 10
1175 1176 6503 10
1130 1131 3442 10
564 565 4055 10
901 902 7111 10
851 852 7107 10
514 515 3633 10
413 414 7106 10
750 751 3574 10
1002 1003 3511 10
665 666 7098 10
3361 3362 7236 10
599 600 6953 10
936 937 4059 10
816 817 3980 10
479 480 6948 10
448 449 4063 10
1333 1334 6394 10
1299 1300 6463 10
6427 4083 6503 10
1265 1266 6397 10
785 786 6946 10
1231 1232 6405 10
1248 1249 3479 10
3455 6427 6503 10
1282 1283 4002 10
1316 1317 3496 10
967 968 6941 10
1173 1174 6543 10
630 631 3604 10
634 635 3603 10
971 972 7094 10
781 782 7091 10
444 445 3978 10
483 484 7090 10
820 821 3979 10
932 933 4065 10
595 596 7087 10
669 670 6937 10
1006 1007 3510 10
746 747 3575 10
1094 1095 6584 10
1334 1335 4031 10
409 410 6932 10
1300 1301 3492 10
1266 1267 4032 10
518 519 3632 10
1232 1233 3475 10
1247 1248 6434 10
1281 1282 6478 10
1315 1316 6479 10
855 856 6927 10
897 898 7083 10
560 561 3981 10
5430 4865 5435 10
367 368 6921 10
704 705 3983 10
1041 1042 7082 10
711 712 6918 10
374 375 3668 10
553 554 7078 10
890 891 3539 10
862 863 3546 10
525 526 7072 10
402 403 3661 10
739 740 6912 10
1013 1014 7064 10
1335 1336 6496 10
676 677 4068 10
1301 1302 6497 10
1267 1268 6465 10
1233 1234 6469 10
1246 1247 4040 10
1280 1281 3487 10
1314 1315 4016 10
588 589 4069 10
1172 1173 6608 10
925 926 7062 10
827 828 6904 10
490 491 3639 10
437 438 6903 10
774 775 3568 10
978 979 3517 10
641 642 6901 10
623 624 6894 10
960 961 4072 10
6097 4139 6198 10
1096 1097 6620 10
792 793 4074 10
4884 5376 6086 10
455 456 7055 10
472 473 4075 10
809 810 6885 10
1336 1337 3501 10
1302 1303 4021 10
5442 4884 6079 10
943 944 6877 10
1268 1269 3484 10
1234 1235 4051 10
1245 1246 6477 10
1279 1280 6526 10
1313 1314 6527 10
606 607 3610 10
3273 3274 7207 10
658 659 3597 10
995 996 7052 10
757 758 7048 10
420 421 4077 10
507 508 7043 10
844 845 4078 10
908 909 4080 10
571 572 6869 10
356 357 3995 10
693 694 6867 10
1030 1031 3504 10
722 723 3581 10
385 386 7037 10
5880 5925 5926 10
542 543 3626 10
1337 1338 6551 10
1303 1304 6555 10
3690 6726 6727 10
1269 1270 6499 10
1235 1236 6558 10
1170 1171 6657 10
879 880 7035 10
1244 1245 3478 10
1278 1279 4026 10
1312 1313 3495 10
873 874 7033 10
536 537 3997 10
391 392 7029 10
728 729 4082 10
1098 1099 6650 10
3156 3157 7208 10
1024 1025 3998 10
687 688 7025 10
350 351 3674 10
577 578 7022 10
914 915 3533 10
3113 3114 7243 10
838 839 3552 10
501 502 7020 10
426 427 3655 10
763 764 6850 10
989 990 7016 10
5226 4869 5989 10
1168 1169 6662 10
652 653 4001 10
1338 1339 4030 10
1304 1305 3493 10
1270 1271 4057 10
1236 1237 3476 10
1243 1244 6580 10
1277 1278 6582 10
612 613 4085 10
1311 1312 6530 10
949 950 6846 10
803 804 7011 10
466 467 3645 10
461 462 7009 10
798 799 3562 10
954 955 3523 10
617 618 7007 10
5123 5124 5125 10
647 648 7006 10
984 985 4086 10
768 769 4087 10
431 432 7001 10
496 497 4088 10
4865 5444 5963 10
1099 1100 6689 10
833 834 6997 10
919 920 6996 10
1305 1306 6552 10
1271 1272 6556 10
1237 1238 6600 10
1242 1243 4039 10
1276 1277 3486 10
582 583 3616 10
1310 1311 4041 10
345 346 6834 10
682 683 3591 10
1019 1020 6830 10
733 734 6826 10
396 397 4005 10
531 532 6987 10
5714 5713 5716 10
868 869 4007 10
1101 1102 6697 10
4869 5681 5993 10
884 885 4008 10
1167 1168 6694 10
547 548 6979 10
380 381 4093 10
717 718 6978 10
1035 1036 6972 10
1165 1166 6718 10
698 699 3587 10
361 362 6967 10
566 567 3620 10
1306 1307 4049 10
1272 1273 3485 10
1238 1239 4050 10
903 904 6814 10
1241 1242 6579 10
1275 1276 6611 10
1309 1310 6615 10
849 850 6960 10
512 513 4095 10
415 416 6810 10
6529 5028 8087 10
1102 1103 6722 10
752 753 4014 10
1000 1001 4098 10
1104 1105 6740 10
663 664 6956 10
601 602 6806 10
1164 1165 6726 10
3932 5104 7167 10
938 939 3527 10
814 815 3558 10
477 478 6803 10
3921 6169 7742 10
450 451 3649 10
787 788 6947 10
965 966 6796 10
628 629 4017 10
1307 1308 6613 10
1273 1274 6598 10
1239 1240 6609 10
1240 1241 3477 10
1274 1275 4058 10
1162 1163 6760 10
1308 1309 3494 10
636 637 4019 10
973 974 6794 10
779 780 6939 10
442 443 3651 10
485 486 6787 10
1105 1106 6768 10
822 823 3556 10
6249 7842 8053 10
930 931 3529 10
593 594 6785 10
4901 5601 7210 10
671 672 6782 10
7227 5833 7288 10
1008 1009 4100 10
744 745 4020 10
407 408 6778 10
520 521 4102 10
857 858 6776 10
3968 6105 6150 10
895 896 6773 10
558 559 3622 10
369 370 6770 10
706 707 3585 10
1161 1162 6798 10
1043 1044 6920 10
709 710 6765 10
4801 5183 5184 10
372 373 4104 10
555 556 6763 10
5211 5210 7791 10
892 893 4024 10
860 861 4106 10
523 524 6762 10
404 405 4025 10
1107 1108 6791 10
741 742 6915 10
1011 1012 6906 10
674 675 3593 10
590 591 3614 10
1159 1160 6805 10
3156 7208 7215 10
927 928 6757 10
825 826 6752 10
488 489 4108 10
1110 1111 6820 10
4158 7020 7021 10
439 440 6748 10
3588 6594 6867 10
776 777 4027 10
7073 5334 7777 10
1158 1159 6819 10
976 977 4110 10
6523 3625 6979 10
639 640 6743 10
625 626 6898 10
962 963 3521 10
790 791 3564 10
1108 1109 6815 10
453 454 6891 10
474 475 3643 10
6160 5241 8118 10
1156 1157 6840 10
811 812 6890 10
941 942 6881 10
6486 4070 6785 10
604 605 4033 10
660 661 4112 10
4959 4960 4965 10
1111 1112 6854 10
997 998 6874 10
755 756 6872 10
4067 6765 6766 10
418 419 3657 10
509 510 6723 10
846 847 3550 10
906 907 3535 10
569 570 6721 10
358 359 3672 10
695 696 6719 10
4114 6680 6977 10
1032 1033 4036 10
5468 6164 6172 10
720 721 4115 10
1113 1114 6857 10
383 384 6864 10
544 545 4116 10
1153 1154 6866 10
3935 6011 8054 10
881 882 6863 10
871 872 6859 10
1155 1156 6856 10
1114 1115 6868 10
534 535 3628 10
393 394 6711 10
6418 3573 6872 10
730 731 3579 10
1022 1023 3506 10
685 686 6710 10
348 349 4042 10
579 580 6855 10
4872 5679 7851 10
916 917 4044 10
836 837 4047 10
499 500 6706 10
1152 1153 6902 10
428 429 4048 10
765 766 6702 10
987 988 6700 10
650 651 3599 10
5180 5981 7810 10
6176 4998 7818 10
614 615 3608 10
951 952 6849 10
801 802 6845 10
6862 3543 7147 10
3155 3156 7215 10
464 465 4121 10
463 464 6690 10
800 801 4052 10
1116 1117 6882 10
1117 1118 6905 10
952 953 4053 10
6570 4052 6845 10
615 616 6843 10
6108 3956 6112 10
7210 5601 7223 10
649 650 6841 10
986 987 3515 10
766 767 3570 10
3899 6111 8088 10
429 430 6686 10
498 499 3637 10
1119 1120 6908 10
835 836 6837 10
1147 1148 6922 10
7302 7400 7484 10
917 918 6835 10
580 581 4124 10
347 348 6683 10
1146 1147 6938 10
4130 7129 7130 10
684 685 4126 10
1120 1121 6931 10
1021 1022 6828 10
6336 3579 6825 10
731 732 6825 10
6746 3601 7057 10
394 395 3663 10
533 534 6681 10
870 871 3544 10
882 883 3541 10
1144 1145 6944 10
545 546 6818 10
3916 6160 8118 10
1122 1123 6935 10
382 383 3666 10
1123 1124 6940 10
6022 5974 7096 10
719 720 6677 10
1033 1034 6816 10
1143 1144 6959 10
696 697 4128 10
6507 3550 6668 10
1141 1142 6962 10
359 360 6672 10
568 569 4056 10
905 906 6669 10
1126 1127 6963 10
847 848 6668 10
5903 5902 7252 10
510 511 3634 10
417 418 6813 10
4033 6808 6809 10
1138 1139 6970 10
754 755 3573 10
998 999 3512 10
1129 1130 6988 10
3643 6658 6659 10
1128 1129 6969 10
661 662 6663 10
1140 1141 6968 10
1131 1132 6984 10
1125 1126 6950 10
603 604 6809 10
940 941 4129 10
1134 1135 6985 10
6717 7751 8005 10
5191 5190 6263 10
812 813 4060 10
475 476 6658 10
4178 7100 7101 10
452 453 4062 10
789 790 6799 10
1135 1136 6980 10
1132 1133 6981 10
963 964 6797 10
626 627 3605 10
3641 6790 7097 10
1137 1138 6974 10
638 639 3602 10
975 976 6649 10
3593 6292 6638 10
777 778 6641 10
440 441 4131 10
5776 7245 7537 10
487 488 6639 10
824 825 4133 10
928 929 4066 10
5037 7254 7858 10
591 592 6786 10
7257 6284 7778 10
673 674 6638 10
1010 1011 3509 10
742 743 3576 10
405 406 6781 10
522 523 3631 10
859 860 6635 10
893 894 6629 10
556 557 4136 10
371 372 6769 10
708 709 4067 10
6458 4100 6761 10
1044 8 4139 10
707 708 6767 10
370 371 3669 10
557 558 6624 10
894 895 3538 10
858 859 3547 10
5601 5364 7223 10
521 522 6623 10
406 407 3660 10
743 744 6621 10
7548 5737 7979 10
4019 6616 6617 10
1009 1010 6761 10
672 673 4141 10
4017 6445 6606 10
6507 6961 7247 10
592 593 4070 10
6125 3468 6127 10
929 930 6758 10
823 824 6750 10
486 487 3640 10
441 442 6747 10
778 779 3567 10
7292 5757 7310 10
974 975 3518 10
637 638 6616 10
627 628 6606 10
964 965 4071 10
788 789 4073 10
451 452 6739 10
476 477 4143 10
813 814 6737 10
3620 6596 6597 10
939 940 6603 10
3242 3243 7841 10
602 603 3611 10
5197 6121 7827 10
662 663 3596 10
1149 1150 7896 10
999 1000 6725 10
753 754 6602 10
5857 5856 5859 10
416 417 4076 10
5495 5569 7229 10
511 512 6601 10
848 849 4079 10
1150 1151 7900 10
904 905 4145 10
7028 3589 7041 10
3591 6585 6586 10
567 568 6596 10
360 361 4148 10
4164 6897 7127 10
4085 6687 6688 10
697 698 6591 10
6377 3568 6645 10
3632 6467 6468 10
4072 6653 6654 10
4074 6305 6656 10
3552 6349 6542 10
1034 1035 3503 10
6251 3979 6450 10
3597 6500 6501 10
3618 7023 7024 10
3995 6675 6676 10
718 719 3582 10
381 382 6716 10
546 547 3625 10
883 884 6713 10
6286 3545 6391 10
3513 7052 7053 10
869 870 6588 10
532 533 4081 10
395 396 6712 10
732 733 4149 10
1020 1021 4150 10
683 684 6585 10
346 347 3675 10
581 582 6707 10
5115 6090 8082 10
918 919 3532 10
834 835 3553 10
497 498 6703 10
430 431 3654 10
767 768 6701 10
985 986 6574 10
648 649 4084 10
616 617 4153 10
953 954 6692 10
799 800 6691 10
7157 5382 7798 10
462 463 3646 10
465 466 6564 10
802 803 3561 10
950 951 3524 10
613 614 6687 10
651 652 6550 10
6164 6165 6171 10
988 989 4155 10
764 765 4156 10
427 428 6548 10
500 501 4158 10
837 838 6542 10
3925 3234 7235 10
915 916 6685 10
578 579 3617 10
349 350 6684 10
686 687 3590 10
4995 4806 4996 10
1023 1024 6536 10
729 730 6682 10
5156 6892 6893 10
392 393 4089 10
535 536 6533 10
872 873 4090 10
880 881 4091 10
543 544 6520 10
384 385 4092 10
721 722 6518 10
1031 1032 6515 10
694 695 3588 10
357 358 6675 10
570 571 3619 10
3270 3271 7238 10
907 908 6513 10
6797 7876 8197 10
845 846 6508 10
6644 6643 7817 10
508 509 4162 10
419 420 6665 10
5760 5779 5780 10
756 757 4096 10
996 997 4097 10
659 660 6500 10
605 606 6661 10
942 943 3526 10
810 811 3559 10
473 474 6495 10
454 455 3648 10
791 792 6656 10
5734 5735 7284 10
961 962 6653 10
624 625 4165 10
640 641 4099 10
977 978 6646 10
775 776 6645 10
438 439 3652 10
489 490 6487 10
826 827 3555 10
6823 3445 6857 10
926 927 3530 10
3153 3154 7241 10
589 590 6483 10
5753 5752 5755 10
675 676 6476 10
5365 5655 7242 10
1012 1013 4166 10
740 741 4101 10
6157 3453 8099 10
403 404 6474 10
524 525 4103 10
6405 6406 8068 10
861 862 6633 10
891 892 6632 10
554 555 3623 10
373 374 6471 10
710 711 3584 10
1042 1043 3473 10
705 706 6626 10
368 369 4105 10
559 560 6470 10
896 897 4169 10
856 857 4107 10
519 520 6467 10
408 409 4171 10
745 746 6461 10
1007 1008 6459 10
3699 6925 6944 10
670 671 3594 10
5916 5914 5917 10
594 595 3613 10
931 932 6453 10
821 822 6450 10
6927 6928 6929 10
484 485 4109 10
443 444 6447 10
5864 5939 5940 10
780 781 4173 10
7640 7267 8076 10
972 973 4175 10
635 636 6446 10
4815 5468 5469 10
629 630 6607 10
4796 5187 5188 10
966 967 3520 10
786 787 3565 10
449 450 6430 10
478 479 3642 10
815 816 6604 10
937 938 6422 10
600 601 4177 10
664 665 4111 10
3153 7241 7253 10
1001 1002 6419 10
751 752 6415 10
7269 3800 7300 10
414 415 3658 10
513 514 6412 10
5768 5769 5771 10
850 851 3549 10
6911 3698 6935 10
902 903 3536 10
6350 5547 7183 10
565 566 6411 10
362 363 3671 10
6885 6886 6888 10
699 700 6595 10
1036 1037 4113 10
716 717 4114 10
7242 5655 7261 10
6772 6082 6966 10
379 380 6590 10
548 549 4180 10
7049 7048 7239 10
885 886 6589 10
867 868 6391 10
530 531 3629 10
397 398 6387 10
6406 6407 7807 10
734 735 3578 10
3570 6578 6702 10
1018 1019 3507 10
681 682 6587 10
583 584 6380 10
920 921 4117 10
5024 5016 6044 10
832 833 4118 10
495 496 6379 10
7180 5642 7820 10
432 433 4119 10
769 770 6575 10
983 984 6571 10
646 647 3600 10
3152 3153 7253 10
7211 5744 7274 10
618 619 3607 10
6850 6851 6852 10
6202 5044 6203 10
955 956 6360 10
797 798 6567 10
460 461 4120 10
5725 5726 5728 10
6156 3459 6161 10
467 468 6562 10
804 805 4122 10
948 949 4182 10
611 612 6561 10
653 654 6355 10
990 991 3514 10
6573 5017 7848 10
762 763 3571 10
425 426 6547 10
502 503 3636 10
5956 7747 8077 10
839 840 6351 10
913 914 6540 10
4783 5198 5199 10
576 577 4185 10
351 352 6539 10
688 689 4125 10
5176 5175 5962 10
1025 1026 6538 10
727 728 6333 10
390 391 3664 10
3906 3231 7260 10
537 538 6531 10
874 875 3543 10
878 879 3542 10
541 542 6524 10
386 387 3665 10
4986 4987 6005 10
723 724 6517 10
1029 1030 6331 10
5655 5298 7261 10
6699 6697 6722 10
692 693 4186 10
355 356 6514 10
572 573 4184 10
5762 5761 7293 10
909 910 6321 10
843 844 6504 10
3922 5250 7287 10
506 507 3635 10
5092 5093 5094 10
421 422 6502 10
5808 5810 5811 10
758 759 3572 10
5994 5995 7196 10
994 995 3513 10
4798 4816 5030 10
5094 6990 7325 10
657 658 6317 10
607 608 6310 10
944 945 4183 10
5104 5068 7340 10
808 809 4181 10
3689 6699 6722 10
471 472 6492 10
456 457 4130 10
793 794 6491 10
959 960 6301 10
6671 6066 7110 10
622 623 3606 10
642 643 3601 10
7265 6192 8080 10
979 980 6489 10
5950 3893 7855 10
773 774 6488 10
436 437 4132 10
3902 6715 7761 10
491 492 6293 10
828 829 4134 10
924 925 4135 10
587 588 6481 10
4986 8229 8230 10
677 678 6289 10
4794 4973 6006 10
5716 5713 5717 10
6753 6752 6754 10
1014 1015 3508 10
738 739 3577 10
5566 5512 7273 10
401 402 6288 10
4861 5016 5023 10
3906 7878 7921 10
526 527 3630 10
6183 3457 6190 10
863 864 6283 10
889 890 6273 10
552 553 4137 10
5950 7855 7860 10
375 376 6269 10
712 713 4138 10
3893 7839 7855 10
1040 1041 4179 10
7164 4236 7650 10
703 704 6268 10
366 367 3670 10
561 562 6260 10
5893 5892 5895 10
898 899 3537 10
854 855 3548 10
3373 3374 7275 10
517 518 6466 10
6888 6889 7836 10
410 411 3659 10
5786 5788 5789 10
747 748 6460 10
1005 1006 6455 10
6210 6199 8096 10
668 669 4178 10
6097 4983 7214 10
596 597 4176 10
5250 5251 7287 10
933 934 6452 10
5050 7856 7928 10
819 820 6451 10
482 483 3641 10
445 446 6247 10
782 783 3566 10
970 971 3519 10
633 634 6244 10
4916 6577 8055 10
631 632 6442 10
7199 5646 7839 10
3267 3268 7280 10
968 969 4142 10
4970 6280 6464 10
3694 6882 6883 10
784 785 4174 10
447 448 6428 10
480 481 4172 10
817 818 6248 10
935 936 6252 10
6837 6838 6839 10
598 599 3612 10
666 667 3595 10
1003 1004 6253 10
7293 7494 7594 10
5297 5299 7285 10
749 750 6254 10
412 413 4144 10
515 516 6257 10
5671 5272 8111 10
852 853 4170 10
3443 6950 6951 10
900 901 4146 10
6237 6345 8057 10
3951 5950 7860 10
563 564 6408 10
4996 4806 4997 10
364 365 4147 10
701 702 6264 10
1038 1039 3502 10
714 715 3583 10
377 378 6392 10
550 551 3624 10
5866 5865 7302 10
887 888 6276 10
865 866 6287 10
528 529 4168 10
6037 7213 7266 10
399 400 6386 10
5417 5418 8119 10
736 737 4167 10
1016 1017 4151 10
6121 7024 8067 10
679 680 6383 10
3951 7860 7864 10
585 586 6382 10
3150 3151 7289 10
922 923 3531 10
5005 6456 6457 10
830 831 3554 10
493 494 6296 10
434 435 3653 10
771 772 6374 10
5859 5856 5860 10
981 982 6361 10
3446 6791 6792 10
644 645 4152 10
620 621 4164 10
957 958 6298 10
795 796 6302 10
3919 7888 7948 10
3919 3228 7291 10
458 459 3647 10
5127 5129 5130 10
469 470 6359 10
806 807 3560 10
946 947 3525 10
609 610 6307 10
655 656 6314 10
4802 5180 5181 10
3692 6820 6821 10
5730 7283 7290 10
992 993 4154 10
5816 5817 5818 10
760 761 4163 10
423 424 6352 10
6170 6168 6175 10
504 505 4157 10
841 842 6346 10
7285 5299 7306 10
911 912 6324 10
574 575 3618 10
353 354 6325 10
3444 6908 6909 10
690 691 3589 10
1027 1028 6328 10
725 726 6337 10
388 389 4160 10
539 540 6332 10
876 877 4161 10
3150 7289 7303 10
5087 5084 5088 10
5947 3951 7864 10
5230 7287 8219 10
5170 5169 7047 10
5118 5119 5120 10
6323 6322 8018 10
5755 5752 5756 10
5030 4816 5066 10
5890 4196 7889 10
5947 7864 7869 10
4794 4970 4972 10
6673 6174 8194 10
3678 7176 7226 10
5786 5785 5787 10
7243 3936 8048 10
3149 3150 7303 10
5909 5911 5912 10
5007 5008 7750 10
5768 5771 5772 10
4789 5195 5196 10
6626 6627 7299 10
8018 6322 8245 10
5299 5302 7306 10
3888 7906 7985 10
5037 5038 7254 10
5725 5728 5729 10
6754 6904 7844 10
3894 5947 7869 10
7883 6423 7943 10
6532 5181 8210 10
7879 6647 7939 10
5180 5179 5981 10
6579 7757 8092 10
5173 5172 5225 10
5808 5807 5809 10
5895 5892 5896 10
7216 5081 7930 10
5508 5513 7315 10
3888 3225 7314 10
5873 5872 5875 10
4800 5503 7317 10
4968 4392 4981 10
6093 6860 6861 10
7126 5822 8106 10
4971 4793 4975 10
4206 5836 8106 10
4978 4966 4979 10
5831 5832 5833 10
6615 7346 8087 10
7824 6110 8293 10
3264 3265 7318 10
5303 5663 7319 10
7037 7038 7752 10
1530 3069 7994 10
7044 7043 7046 10
7167 5104 7340 10
3449 6217 6238 10
6895 6894 6900 10
6801 6802 7813 10
7202 7530 7681 10
6374 6375 6378 10
4962 4786 5007 10
7439 7370 7914 10
3892 8021 8251 10
6303 6302 6306 10
7235 5627 7873 10
3235 3236 7881 10
6347 6346 6350 10
5796 5798 5799 10
5819 5817 5820 10
5742 5741 5744 10
4959 6030 6031 10
4952 4876 7355 10
6219 6214 6424 10
5080 4854 6655 10
5714 5718 5719 10
3948 7933 8049 10
6233 3993 6243 10
3147 3148 7331 10
3999 6226 6277 10
3482 6222 6234 10
6241 3480 6242 10
6230 3976 6318 10
5019 6572 7848 10
3927 8010 8146 10
7503 7504 7505 10
5421 6560 6610 10
3984 6272 6341 10
7319 5663 7357 10
5118 5120 5121 10
5960 5049 6373 10
7079 7080 7081 10
4816 4830 5066 10
3435 1 8050 10
3889 7953 8074 10
1 3 8050 10
3907 7997 8117 10
7195 7451 7558 10
6372 3496 6441 10
3923 7980 8089 10
5875 5872 5876 10
3689 6740 6741 10
3913 7073 7777 10
7171 7446 7929 10
7075 7076 7117 10
5042 5045 5046 10
3147 7331 7356 10
7260 5348 7893 10
4962 6217 6218 10
6115 6126 8220 10
5128 5126 6883 10
5142 6876 7862 10
5857 5861 5863 10
6439 3487 6478 10
5744 5741 5745 10
3947 3222 7350 10
4796 5188 5190 10
5200 6482 8121 10
3484 6399 6465 10
4051 6407 6469 10
7116 7115 7117 10
7109 6079 7974 10
5056 5045 7176 10
5663 5320 7357 10
3146 3147 7356 10
5703 5704 5706 10
6919 6918 7081 10
5931 5933 5934 10
7345 6710 8183 10
5127 5126 5128 10
5753 5757 5759 10
5703 5706 5707 10
5885 5882 5886 10
6326 6958 7910 10
6187 6186 7056 10
5883 5882 5885 10
6306 6567 6568 10
7788 5360 8187 10
7135 7134 8045 10
5882 5884 5886 10
7735 7034 8030 10
7017 7016 7018 10
5773 5769 5775 10
4982 4814 4983 10
5705 5703 5707 10
7357 5320 7364 10
6846 6847 8045 10
4792 5192 5193 10
6898 6899 6900 10
7291 5371 7911 10
6723 6724 7046 10
5730 5726 5732 10
6914 4932 7991 10
7751 6864 7752 10
6350 6504 6505 10
6554 4021 6555 10
7176 6202 7226 10
6759 3529 8028 10
7251 5897 7272 10
6718 6696 6726 10
7284 7571 7622 10
5195 6871 7024 10
6356 6355 6358 10
5320 5319 7364 10
6896 5212 6897 10
5517 5560 7365 10
4801 5184 5185 10
6334 6335 8032 10
5893 5897 5899 10
6333 6334 6340 10
6779 6778 8065 10
4065 7096 8028 10
5029 5028 6529 10
7776 5620 8125 10
6204 3501 6551 10
3448 6511 6584 10
6311 6310 6313 10
4119 7000 7764 10
7314 5606 7932 10
5741 5743 5745 10
7364 5319 7707 10
3232 3233 7905 10
6804 6803 8091 10
4991 6330 7342 10
6907 6906 8086 10
4973 4972 5028 10
6828 6829 8070 10
5872 5874 5876 10
6639 6640 8078 10
6896 6895 8035 10
5420 6559 6560 10
6630 6629 8114 10
6545 3454 6608 10
5319 5317 7707 10
5790 5785 5793 10
7769 5622 8105 10
6078 5046 8048 10
7350 5338 7972 10
3144 3145 7720 10
4808 5177 5178 10
6421 5011 6875 10
7119 5926 7887 10
5812 5807 5816 10
5011 5012 7282 10
5873 5877 5879 10
7355 5069 7924 10
7707 5317 7736 10
5831 5835 5836 10
7758 5439 8081 10
5742 5746 5748 10
6307 6308 6313 10
5194 6043 7166 10
6314 6315 6358 10
3144 7720 7737 10
7316 5138 8100 10
5932 5931 5934 10
7749 5392 8061 10
7738 5461 8036 10
5892 5894 5896 10
5152 5156 7130 10
6338 6337 6340 10
5125 5126 5127 10
5130 5131 7753 10
5317 5318 7736 10
5797 5796 5799 10
5135 5138 7316 10
5905 5903 6065 10
5927 5925 5928 10
5727 5725 5729 10
3143 3144 7737 10
6944 6945 6959 10
5200 6052 6482 10
7149 6253 8056 10
6065 5903 7252 10
5770 5768 5772 10
6208 6167 7880 10
5708 5704 5710 10
7736 5318 7740 10
5752 5754 5756 10
5883 5887 5889 10
5888 5884 5890 10
5132 5129 8126 10
5705 5709 5711 10
5910 5909 5912 10
5856 5858 5860 10
7031 6012 7745 10
6980 6976 6985 10
3889 3215 7738 10
5318 5635 7740 10
5827 5826 7267 10
5713 5715 5717 10
5735 5737 6067 10
5737 5739 7979 10
6945 3437 6959 10
5747 5743 5749 10
7677 7188 7695 10
5590 5428 7741 10
5878 5874 5880 10
4826 5168 5169 10
3883 7157 7798 10
3447 6652 6689 10
4937 6627 8201 10
5664 5341 7742 10
6029 4978 7224 10
3258 3900 7743 10
5932 5935 5936 10
5898 5894 5900 10
7275 4217 7886 10
7038 7039 7942 10
6648 3518 6649 10
4070 6485 6786 10
6667 4076 6813 10
5797 5800 5801 10
6473 3669 6769 10
3625 6522 6818 10
4067 6628 6767 10
6535 4081 6681 10
5727 5731 5733 10
6449 4131 6747 10
5764 5762 6072 10
6566 3646 6690 10
4062 6432 6739 10
5770 5774 5777 10
4158 6705 6706 10
5750 7188 7358 10
6421 3512 6725 10
3573 6417 6602 10
6709 3617 6855 10
6414 3634 6601 10
5758 5754 5760 10
4870 7340 7793 10
5720 5715 5721 10
5910 5913 5914 10
5862 5858 5864 10
6593 3588 6719 10
6389 3663 6712 10
3515 6573 6574 10
5183 5970 6525 10
4052 6569 6691 10
5042 5044 5045 10
6357 3599 6550 10
6958 6188 7910 10
5994 7196 8262 10
7739 6957 8128 10
3141 3142 7746 10
7543 7252 7584 10
4854 5434 6655 10
3579 6335 6682 10
5377 6022 7943 10
6323 3535 6513 10
3255 3921 7763 10
3550 6506 6508 10
6312 4033 6661 10
3923 3212 7749 10
3643 6494 6495 10
4945 7028 7816 10
6295 4108 6487 10
6291 3593 6476 10
6949 7819 8091 10
4954 4959 6031 10
6671 3536 6814 10
3671 6674 6967 10
5177 5962 7071 10
3900 7740 7743 10
6679 4114 6978 10
4339 5564 7753 10
6262 3622 6470 10
5868 5866 6073 10
4100 6457 6459 10
4053 6848 6849 10
6932 6933 8065 10
6879 4129 6881 10
4060 6887 6890 10
3576 6914 6915 10
4019 6246 6446 10
6780 4025 6781 10
6444 4017 6607 10
3775 7629 8066 10
5706 7201 7240 10
4087 6575 6576 10
5781 5779 5782 10
4118 6997 6998 10
4921 5609 7754 10
3252 3902 7782 10
3620 6410 6411 10
3543 6861 7033 10
6266 3587 6595 10
5340 5343 7756 10
5012 5013 7867 10
4084 7005 7006 10
3591 6385 6587 10
5916 5918 5919 10
4948 6384 8193 10
5941 5939 5942 10
5054 5058 5059 10
4130 6893 7055 10
4902 6507 7247 10
3601 6745 6901 10
4085 6309 6561 10
6631 3539 6632 10
6348 3552 6351 10
5005 6457 6458 10
4986 6973 8229 10
3907 3209 7758 10
6330 3998 6538 10
5911 7195 7347 10
7309 6569 7835 10
3249 3913 7804 10
6772 3670 6921 10
3537 6775 7083 10
6339 3581 6517 10
4802 5181 5182 10
3995 6327 6514 10
6009 4879 7031 10
7467 7263 7852 10
6760 6728 6798 10
5962 5175 7184 10
7070 4103 7072 10
6354 4077 6502 10
5342 5333 7761 10
7161 4982 8108 10
6358 6315 7866 10
3597 6316 6317 10
3139 3140 7760 10
6784 4178 6937 10
3623 7077 7078 10
5766 7532 7845 10
6304 4074 6491 10
5066 4830 6017 10
4072 6300 6301 10
6789 3641 7090 10
6363 3517 6489 10
3568 6376 6488 10
5023 5024 7902 10
3632 6259 6466 10
5219 6745 6746 10
6256 3575 6460 10
6812 4144 7106 10
7194 5885 7230 10
3979 6250 6451 10
3706 7390 8127 10
4811 5174 5175 10
5053 5047 5056 10
3246 3883 7829 10
3536 7110 7111 10
5063 7879 7939 10
5060 5050 8094 10
5718 5716 7327 10
5153 6566 7775 10
6052 5198 6381 10
3822 7533 7964 10
3768 7465 7965 10
7430 3776 7431 10
6832 4151 6994 10
7593 7163 7903 10
4985 4822 4986 10
4800 7317 7861 10
6275 3540 6276 10
4924 5425 7767 10
3545 6285 6287 10
4170 7084 7085 10
6831 6830 8070 10
7086 3549 7107 10
4087 6577 6701 10
6005 6817 8288 10
4118 6999 7124 10
6116 6117 6126 10
3927 3206 7769 10
4819 5171 5172 10
3243 3877 7841 10
6696 4964 6727 10
6742 6740 6768 10
3767 7466 7568 10
5886 7192 7228 10
7417 3710 7489 10
4989 4990 7342 10
5331 5334 7770 10
3690 6727 6728 10
5174 5225 6258 10
3708 7388 7962 10
6955 4176 7089 10
3519 6943 7095 10
3670 6966 7112 10
3731 7370 7440 10
4144 6934 7105 10
3577 6993 7120 10
3589 7027 7143 10
4151 7066 7067 10
7136 4183 7137 10
3513 7015 7051 10
6896 4164 7128 10
7045 4157 7139 10
3618 6871 7042 10
4160 7039 7040 10
5970 5181 6532 10
6774 7780 8114 10
6860 6093 8110 10
5065 6648 7879 10
5177 5176 5962 10
3446 6742 6768 10
6793 6791 6815 10
6577 3570 6701 10
5981 5178 7246 10
7552 3762 7581 10
3706 7389 7390 10
5431 6848 7961 10
3137 3138 7774 10
5089 5088 5090 10
7117 7076 7825 10
5811 5813 5814 10
3692 6793 6815 10
5735 6067 7284 10
5149 7178 7349 10
5821 7308 8104 10
3877 7180 7820 10
7281 3704 7456 10
6822 6820 6854 10
5332 5633 7777 10
3137 7774 7781 10
3892 3203 7776 10
7053 7052 7282 10
4170 7086 7107 10
7056 6186 7834 10
5789 5791 5792 10
3236 3894 7881 10
6999 3554 7124 10
5208 5207 7144 10
3136 3137 7781 10
3445 6822 6854 10
5035 5960 5961 10
4970 6464 8170 10
3233 3925 7905 10
5579 6429 7907 10
7141 5169 7250 10
6117 4957 8220 10
6801 4913 6802 10
6445 5215 8039 10
5030 5066 8083 10
6735 5145 8190 10
5380 5382 7787 10
4808 5178 5179 10
8002 6472 8216 10
6884 6882 6905 10
7187 5707 7222 10
4965 6029 6030 10
5445 5683 7790 10
7035 7036 8030 10
5148 6305 7218 10
3911 3200 7788 10
6384 4948 8003 10
6879 5964 6880 10
5010 5011 7256 10
4973 5029 5031 10
7702 7244 7800 10
3444 6884 6905 10
6999 6756 7061 10
5824 5826 5827 10
4826 5169 5170 10
6910 6908 6931 10
5217 5216 7237 10
3134 3135 7797 10
5206 5205 7872 10
6166 3459 7880 10
5948 3947 8007 10
5379 5381 7798 10
6788 6787 8078 10
6876 5146 7361 10
5948 8007 8012 10
3876 3197 7801 10
3698 6910 6931 10
4986 4822 4987 10
3463 6116 6126 10
6952 6950 6963 10
3947 7972 8007 10
4832 4875 5967 10
6188 6187 7811 10
3134 7797 7806 10
4955 4941 7768 10
5225 5172 6413 10
5602 4873 7803 10
4811 5175 5176 10
6900 6899 8039 10
5641 5642 7805 10
5719 5722 5723 10
4988 4821 4989 10
3133 3134 7806 10
5105 3931 7858 10
6005 4988 6817 10
3875 5948 8012 10
4819 5172 5173 10
4861 5015 5016 10
6091 6395 8168 10
4946 6061 8183 10
3875 8012 8020 10
6874 6875 7282 10
6997 6839 6998 10
7156 7509 7510 10
3700 6952 6963 10
6440 5021 8174 10
6858 6857 6868 10
4827 5165 5166 10
6056 4985 7158 10
7371 7369 7381 10
5863 5865 5866 10
5078 5079 7890 10
7064 7065 8086 10
6866 6734 6902 10
5949 3875 8020 10
5686 5687 7815 10
7084 6929 7085 10
3694 6858 6868 10
7169 4061 7650 10
5759 5761 5762 10
5949 8020 8026 10
6455 6456 8056 10
5413 6236 6237 10
5124 6821 6822 10
5734 5732 5735 10
4965 4966 4978 10
6965 6134 7954 10
3893 7199 7839 10
3363 3364 7849 10
5967 4875 5992 10
6086 6630 8114 10
7505 6083 7676 10
6936 6935 6940 10
3948 5949 8026 10
5394 5395 7820 10
5821 5820 5822 10
3131 3132 7821 10
5899 5902 5903 10
6754 5401 7659 10
5645 5646 7823 10
3917 3190 7822 10
5550 5551 5552 10
6115 6114 6126 10
4830 4832 6017 10
5833 5834 7857 10
3443 6936 6940 10
3131 7821 7830 10
6924 3699 6938 10
6796 7294 7876 10
4928 6336 8175 10
4842 5077 8129 10
4831 4870 7793 10
3458 6176 6177 10
4043 6325 7910 10
5639 6188 6958 10
6575 6378 6576 10
3130 3131 7830 10
6578 4916 7996 10
4991 4824 4992 10
6759 8047 8276 10
5576 5575 6038 10
7209 5835 7227 10
5861 5859 7312 10
5154 5153 7775 10
5152 7130 7276 10
3903 3187 7832 10
5218 5217 7237 10
5810 5809 7850 10
4994 4835 5003 10
5089 5090 7263 10
6072 5762 7293 10
6948 6949 8091 10
7119 7414 7526 10
5695 5696 7837 10
4834 5162 5163 10
3799 7461 8016 10
6092 6274 7951 10
6671 6670 8019 10
7831 6779 8065 10
7262 5089 7263 10
4875 4897 5992 10
5691 6223 7898 10
6373 5049 6480 10
5167 5166 7789 10
5613 5614 7839 10
7664 7326 7706 10
6448 5578 6449 10
4987 4988 6005 10
4992 4993 6833 10
5007 4786 5008 10
4989 4821 4990 10
3128 3129 7840 10
6983 3442 6984 10
6136 6137 8079 10
4993 4994 6833 10
5185 5184 7959 10
3128 7840 7847 10
5203 6955 8247 10
5210 7008 7791 10
7839 5614 7855 10
5961 6320 8093 10
6829 4992 8070 10
4827 5166 5167 10
4938 6265 6267 10
6852 6851 7996 10
5223 4850 5224 10
3127 3128 7847 10
6873 3778 7645 10
6001 5101 7418 10
5788 5787 7838 10
5003 6907 8086 10
6568 6569 7309 10
5906 5907 7889 10
7337 7010 7836 10
7136 5963 7992 10
6812 6811 8064 10
4094 345 6834 10
6644 7817 8222 10
5384 5627 7854 10
7571 7284 8134 10
6413 5172 6414 10
3954 1219 6103 10
3470 1217 6106 10
1220 3471 6103 10
5614 5656 7855 10
1218 3954 6106 10
1216 3470 6112 10
5174 5173 5225 10
3956 1215 6112 10
1214 3956 6120 10
1212 3469 6123 10
3469 1213 6120 10
4986 6005 6973 10
3465 1047 6095 10
3471 1221 6150 10
4187 5956 8077 10
3958 1211 6123 10
3468 1209 6127 10
1210 3958 6127 10
1208 3468 6133 10
7855 5656 7860 10
1206 3960 6139 10
3960 1207 6133 10
3467 1205 6139 10
3464 1051 6113 10
3953 1049 6100 10
1048 3953 6095 10
1050 3464 6100 10
5216 6245 7237 10
1054 3463 6114 10
1052 3955 6113 10
3955 1053 6114 10
1056 3957 6116 10
3962 1203 6145 10
6496 3501 7922 10
1202 3962 6149 10
1204 3467 6145 10
3463 1055 6116 10
6780 5993 7955 10
3462 1059 6132 10
3957 1057 6122 10
3466 1201 6149 10
5063 5064 7879 10
5119 6652 6698 10
1046 3465 6198 10
5175 6468 7184 10
1058 3462 6122 10
5054 5053 5058 10
5656 5657 7860 10
1060 3959 6132 10
1062 3461 6135 10
3959 1061 6135 10
3461 1063 6146 10
1198 3964 6161 10
1200 3466 6154 10
3459 1197 6161 10
3964 1199 6154 10
1066 3460 6147 10
6347 6350 7183 10
3961 1065 6147 10
1064 3961 6146 10
1196 3459 6166 10
5009 5010 7256 10
3460 1067 6152 10
1222 3968 6150 10
4669 4800 7861 10
7860 5657 7864 10
4236 7164 7994 10
1070 3453 6157 10
3965 1073 6165 10
3966 1195 6166 10
1068 3963 6152 10
3824 7592 7871 10
3453 1071 6162 10
3963 1069 6157 10
3968 1045 6235 10
1072 3965 6162 10
6165 1074 6171 10
6303 6306 7218 10
3458 1192 6175 10
4992 4824 4993 10
1193 6170 6175 10
5811 5810 5813 10
1191 3458 6180 10
6933 7336 8065 10
3970 1190 6180 10
3969 1078 6179 10
6179 1079 6184 10
7885 7135 8045 10
5819 5820 5821 10
5657 5386 7864 10
1077 3969 6178 10
3452 1076 6178 10
1194 3966 6170 10
4923 5149 7349 10
1075 3452 6171 10
5757 5755 7310 10
5345 5348 7865 10
1188 6181 6190 10
3528 6252 7883 10
1189 3970 6181 10
5818 5819 7912 10
3457 1187 6190 10
4030 1339 6200 10
6833 6831 8070 10
5957 5074 7859 10
1080 3451 6184 10
3451 1081 6192 10
6311 6313 7909 10
1186 3457 6194 10
7864 5386 7869 10
3971 1083 6193 10
3972 1185 6194 10
5129 5128 8214 10
1082 3971 6192 10
5164 5163 7733 10
5005 4838 5009 10
6193 1084 6205 10
6356 6358 7186 10
1184 3972 6199 10
1183 6199 6209 10
3456 1182 6209 10
6275 6110 7824 10
1085 3450 6205 10
3974 1180 6212 10
3973 1088 6215 10
3450 1086 6211 10
1181 3456 6212 10
5386 5385 7869 10
1087 3973 6211 10
6852 6853 7925 10
6215 1089 6238 10
1179 3974 6219 10
1090 3449 6238 10
3481 1257 6220 10
3977 1291 6224 10
3498 1325 6231 10
1326 3975 6231 10
1292 3490 6224 10
1258 3985 6220 10
1224 3472 6235 10
1256 3481 6239 10
1290 3977 6228 10
1324 3498 6243 10
6258 5225 8228 10
1178 6219 6424 10
3975 1327 6270 10
3490 1293 6277 10
3985 1259 6234 10
3472 1225 6282 10
3990 1255 6239 10
3489 1289 6228 10
3993 1323 6243 10
4837 5159 5160 10
1328 3499 6270 10
1294 3999 6277 10
1260 3482 6234 10
1226 4000 6282 10
1254 3990 6242 10
1288 3489 6318 10
1322 3993 6319 10
3455 1177 6424 10
7028 7041 7816 10
3449 1091 6454 10
3499 1329 6341 10
3999 1295 6278 10
3482 1261 6281 10
4000 1227 6344 10
3480 1253 6242 10
3976 1287 6318 10
3497 1321 6319 10
1092 4064 6454 10
6162 6163 8099 10
1176 3455 6503 10
5789 5788 5791 10
7044 7046 7047 10
1330 3984 6341 10
1296 3491 6278 10
1262 4011 6281 10
1228 3474 6344 10
1252 3480 6364 10
1286 3976 6367 10
1320 3497 6370 10
6077 5552 8096 10
4064 1093 6509 10
4083 1175 6503 10
3984 1331 6342 10
3491 1297 6396 10
4011 1263 6401 10
3474 1229 6403 10
3991 1251 6364 10
3488 1285 6367 10
3992 1319 6370 10
1174 4083 6543 10
5838 3435 8050 10
7500 5992 7501 10
1095 3448 6584 10
6509 1094 6584 10
1332 3500 6342 10
1298 4022 6396 10
1264 3483 6401 10
1230 4023 6403 10
1250 3991 6433 10
1284 3488 6437 10
1318 3992 6441 10
5011 4844 5012 10
1173 6543 6608 10
7138 6091 8168 10
3454 1172 6608 10
5209 5208 7144 10
3448 1096 6620 10
3500 1333 6394 10
4022 1299 6463 10
3483 1265 6397 10
4023 1231 6405 10
3479 1249 6433 10
4002 1283 6437 10
3496 1317 6441 10
6073 5866 7302 10
1097 4127 6620 10
5745 7155 7206 10
1171 3454 6657 10
6790 5162 7819 10
1334 4031 6394 10
1300 3492 6463 10
1266 4032 6397 10
5626 5347 7873 10
1232 3475 6405 10
1248 3479 6434 10
1282 4002 6478 10
1316 3496 6479 10
4140 1170 6657 10
4127 1098 6650 10
4031 1335 6496 10
3492 1301 6497 10
4032 1267 6465 10
3475 1233 6469 10
4040 1247 6434 10
3487 1281 6478 10
4016 1315 6479 10
1169 4140 6662 10
6194 7278 8096 10
6773 6774 8114 10
5369 5371 7878 10
1336 3501 6496 10
1302 4021 6497 10
1268 3484 6465 10
1234 4051 6469 10
1246 4040 6477 10
1280 3487 6526 10
1314 4016 6527 10
5092 6989 7853 10
4139 8 6198 10
6693 5431 7961 10
6650 1099 6689 10
6732 6733 8259 10
1100 3447 6689 10
3455 6425 6427 10
6770 3669 7938 10
3447 1101 6697 10
3441 1167 6694 10
6669 3535 7935 10
1103 3689 6722 10
3689 1104 6740 10
3690 1164 6726 10
3501 1337 6551 10
4021 1303 6555 10
3484 1269 6499 10
1166 3441 6718 10
4051 1235 6558 10
3478 1245 6477 10
4026 1279 6526 10
3495 1313 6527 10
1168 6662 6694 10
5058 5053 7989 10
1163 3690 6760 10
7762 3855 7903 10
6810 4076 7941 10
1106 3446 6768 10
5014 4846 5017 10
1338 4030 6551 10
3514 7013 7172 10
1304 3493 6555 10
1270 4057 6499 10
4834 5163 5164 10
1236 3476 6558 10
1244 3478 6580 10
1278 4026 6582 10
1312 3495 6530 10
6697 1102 6722 10
1165 6718 6726 10
6740 1105 6768 10
3440 1161 6798 10
3446 1107 6791 10
3493 1305 6552 10
4057 1271 6556 10
3476 1237 6600 10
4039 1243 6580 10
3486 1277 6582 10
4041 1311 6530 10
3692 1110 6820 10
3693 1158 6819 10
1162 6760 6798 10
1160 3440 6805 10
1109 3692 6815 10
6138 6153 8023 10
1157 3693 6840 10
5926 7796 8101 10
1306 4049 6552 10
1272 3485 6556 10
6591 3587 7936 10
1238 4050 6600 10
1242 4039 6579 10
1276 3486 6611 10
1310 4041 6615 10
1112 3445 6854 10
6055 5421 8092 10
5003 4835 5004 10
7894 4852 7907 10
1115 3694 6868 10
7414 7119 7887 10
7302 7484 8196 10
1154 3439 6866 10
3445 1113 6857 10
3439 1155 6856 10
6791 1108 6815 10
1159 6805 6819 10
4049 1307 6613 10
3485 1273 6598 10
4050 1239 6609 10
3477 1241 6579 10
4058 1275 6611 10
6820 1111 6854 10
3494 1309 6615 10
4794 4972 4973 10
4983 6056 7214 10
6847 7773 8045 10
3695 1152 6902 10
6867 6594 7816 10
3694 1116 6882 10
1118 3444 6905 10
3069 4236 7994 10
6389 6388 7851 10
1240 3477 6609 10
1274 4058 6598 10
1308 3494 6613 10
3444 1119 6908 10
1156 6840 6856 10
6011 4952 8054 10
1121 3698 6931 10
1148 3438 6922 10
6308 6309 7144 10
6857 1114 6868 10
1153 6866 6902 10
3699 1146 6938 10
3698 1122 6935 10
1124 3443 6940 10
5101 7417 7418 10
1145 3699 6944 10
5792 5791 7193 10
1151 3695 7900 10
6057 4338 8100 10
5771 5773 7298 10
3438 1149 7896 10
5103 3935 8054 10
6335 4928 8032 10
6665 4077 7940 10
1127 3700 6963 10
3437 1143 6959 10
3443 1125 6950 10
1142 3437 6962 10
1139 3701 6970 10
3700 1128 6969 10
3701 1140 6968 10
5397 5606 7888 10
6646 3517 7939 10
3702 1134 6985 10
1136 3436 6980 10
6882 1117 6905 10
1133 3702 6981 10
1130 3442 6988 10
3436 1137 6974 10
3442 1131 6984 10
6892 5223 7937 10
1147 6922 6938 10
7205 5059 7389 10
6908 1120 6931 10
5780 5781 7352 10
3365 3366 7952 10
4841 5155 5157 10
1144 6944 6959 10
5346 5403 7893 10
6935 1123 6940 10
5012 4844 5013 10
1141 6962 6968 10
6950 1126 6963 10
1342 1343 7226 10
6969 1129 6988 10
3125 3126 7913 10
7896 1150 7900 10
1132 6981 6984 10
5009 4838 5010 10
7644 3777 7646 10
1138 6970 6974 10
1135 6980 6985 10
5186 5189 7825 10
4848 5153 5154 10
5152 5151 5156 10
4848 5152 5153 10
5548 4347 7902 10
5552 6210 8096 10
464 4121 6690 10
4052 801 6845 10
952 4053 6849 10
3608 615 6843 10
650 3599 6841 10
3515 987 6700 10
766 3570 6702 10
4048 429 6686 10
3637 499 6706 10
5251 4791 8219 10
836 4047 6837 10
4044 917 6835 10
4837 5160 5161 10
580 4124 6855 10
348 4042 6683 10
4126 685 6710 10
1022 3506 6828 10
3579 731 6825 10
394 3663 6711 10
534 3628 6681 10
3544 871 6859 10
882 3541 6863 10
4116 545 6818 10
3666 383 6864 10
720 4115 6677 10
4036 1033 6816 10
696 4128 6719 10
3672 359 6672 10
4056 569 6721 10
906 3535 6669 10
3550 847 6668 10
510 3634 6723 10
418 3657 6813 10
3573 755 6872 10
998 3512 6874 10
7293 7594 8181 10
4112 661 6663 10
604 4033 6809 10
4129 941 6881 10
812 4060 6890 10
3643 475 6658 10
4062 453 6891 10
790 3564 6799 10
3521 963 6797 10
626 3605 6898 10
3602 639 6743 10
5017 4846 5018 10
976 4110 6649 10
4027 777 6641 10
440 4131 6748 10
340 341 7296 10
488 4108 6639 10
4133 825 6752 10
928 4066 6757 10
3614 591 6786 10
674 3593 6638 10
3509 1011 6906 10
742 3576 6915 10
4025 405 6781 10
3631 523 6762 10
860 4106 6635 10
4024 893 6629 10
556 4136 6763 10
372 4104 6769 10
4067 709 6765 10
1044 4139 6920 10
3585 707 6767 10
370 3669 6770 10
558 3622 6624 10
3538 895 6773 10
858 3547 6776 10
4102 521 6623 10
3660 407 6778 10
6067 7548 8135 10
744 4020 6621 10
4100 1009 6761 10
672 4141 6782 10
4070 593 6785 10
930 3529 6758 10
3556 823 6750 10
486 3640 6787 10
442 3651 6747 10
3567 779 6939 10
974 3518 6794 10
4019 637 6616 10
628 4017 6606 10
4007 6588 7795 10
4071 965 6796 10
788 4073 6947 10
3649 451 6739 10
4143 477 6803 10
814 3558 6737 10
3527 939 6603 10
602 3611 6806 10
3596 663 6956 10
1000 4098 6725 10
4014 753 6602 10
416 4076 6810 10
512 4095 6601 10
4079 849 6960 10
904 4145 6814 10
3620 567 6596 10
4148 361 6967 10
698 3587 6591 10
3503 1035 6972 10
5798 7212 7328 10
718 3582 6978 10
4093 381 6716 10
3625 547 6979 10
884 4008 6713 10
4007 869 6588 10
532 4081 6987 10
396 4005 6712 10
4149 733 6826 10
1020 4150 6830 10
3591 683 6585 10
346 3675 6834 10
582 3616 6707 10
3532 919 6996 10
834 3553 6997 10
4088 497 6703 10
3654 431 7001 10
5337 5338 7906 10
768 4087 6701 10
4086 985 6574 10
5066 7724 8083 10
648 4084 7006 10
4153 617 7007 10
954 3523 6692 10
3562 799 6691 10
462 3646 7009 10
466 3645 6564 10
3561 803 7011 10
950 3524 6846 10
4085 613 6687 10
652 4001 6550 10
4155 989 7016 10
764 4156 6850 10
3655 427 6548 10
4158 501 7020 10
838 3552 6542 10
3533 915 6685 10
578 3617 7022 10
350 3674 6684 10
6634 6284 7257 10
3590 687 7025 10
1024 3998 6536 10
4082 729 6682 10
5876 7118 7197 10
392 4089 7029 10
6530 6528 8176 10
536 3997 6533 10
4090 873 7033 10
880 4091 7035 10
3626 543 6520 10
4092 385 7037 10
722 3581 6518 10
3504 1031 6515 10
5956 5086 7747 10
694 3588 6867 10
3602 6743 7231 10
3995 357 6675 10
3619 571 6869 10
908 4080 6513 10
4078 845 6508 10
508 4162 7043 10
420 4077 6665 10
4096 757 7048 10
996 4097 7052 10
6102 3955 6115 10
3597 659 6500 10
606 3610 6661 10
3526 943 6877 10
6782 4141 7234 10
810 3559 6885 10
4075 473 6495 10
3648 455 7055 10
792 4074 6656 10
4072 961 6653 10
624 4165 6894 10
4099 641 6901 10
978 3517 6646 10
3568 775 6645 10
6137 6138 8079 10
438 3652 6903 10
490 3639 6487 10
3555 827 6904 10
926 3530 7062 10
4069 589 6483 10
676 4068 6476 10
6134 6674 7954 10
4166 1013 7064 10
4841 5157 5158 10
740 4101 6912 10
3661 403 6474 10
4103 525 7072 10
862 3546 6633 10
3705 7391 7989 10
3539 891 6632 10
554 3623 7078 10
374 3668 6471 10
3584 711 6918 10
1042 3473 7082 10
3983 705 6626 10
5992 4897 7179 10
368 4105 6921 10
560 3981 6470 10
4169 897 7083 10
856 4107 6927 10
3632 519 6467 10
5578 6039 6449 10
4171 409 6932 10
746 3575 6461 10
3510 1007 6459 10
670 3594 6937 10
3613 595 7087 10
932 4065 6453 10
6193 6206 8080 10
3979 821 6450 10
7012 7337 8024 10
484 4109 7090 10
444 3978 6447 10
4173 781 7091 10
972 4175 7094 10
3603 635 6446 10
6350 6505 7217 10
3925 7235 7873 10
630 3604 6607 10
3520 967 6941 10
786 3565 6946 10
4063 449 6430 10
3642 479 6948 10
5728 5730 7290 10
816 3980 6604 10
4059 937 6422 10
5368 5370 7911 10
600 4177 6953 10
3956 6108 8072 10
4089 6390 7030 10
4111 665 7098 10
708 4067 6767 10
3669 371 6769 10
4136 557 6624 10
894 3538 6629 10
3547 859 6635 10
522 3631 6623 10
406 3660 6781 10
3576 743 6621 10
1010 3509 6761 10
4141 673 6638 10
592 4070 6786 10
4066 929 6758 10
824 4133 6750 10
3640 487 6639 10
4131 441 6747 10
778 3567 6641 10
3518 975 6649 10
638 3602 6616 10
3605 627 6606 10
964 4071 6797 10
1002 3511 6419 10
4073 789 6799 10
452 4062 6739 10
476 4143 6658 10
4060 813 6737 10
940 4129 6603 10
3611 603 6809 10
662 3596 6663 10
3512 999 6725 10
3574 751 6415 10
754 3573 6602 10
4076 417 6813 10
3634 511 6601 10
7632 7193 8038 10
848 4079 6668 10
4145 905 6669 10
568 4056 6596 10
360 4148 6672 10
4128 697 6591 10
414 3658 7106 10
1034 3503 6816 10
3582 719 6677 10
514 3633 6412 10
382 3666 6716 10
546 3625 6818 10
3541 883 6713 10
870 3544 6588 10
4081 533 6681 10
3663 395 6712 10
732 4149 6825 10
3549 851 7107 10
4150 1021 6828 10
684 4126 6585 10
3675 347 6683 10
4124 581 6707 10
918 3532 6835 10
902 3536 7111 10
3553 835 6837 10
498 3637 6703 10
430 3654 6686 10
3570 767 6701 10
4055 565 6411 10
986 3515 6574 10
4084 649 6841 10
3671 363 6964 10
616 4153 6843 10
4053 953 6692 10
800 4052 6691 10
3646 463 6690 10
700 3982 6595 10
4121 465 6564 10
802 3561 6845 10
3524 951 6849 10
614 3608 6687 10
7202 5815 7335 10
4113 1037 6971 10
3599 651 6550 10
988 4155 6700 10
4156 765 6702 10
716 4114 6977 10
428 4048 6548 10
500 4158 6706 10
4047 837 6542 10
3667 379 6590 10
916 4044 6685 10
3617 579 6855 10
4180 549 7115 10
4042 349 6684 10
686 3590 6710 10
3506 1023 6536 10
886 3540 6589 10
730 3579 6682 10
4089 393 6711 10
3628 535 6533 10
872 4090 6859 10
3545 867 6391 10
4091 881 6863 10
544 4116 6520 10
384 4092 6864 10
5191 6409 8149 10
530 3629 6986 10
4115 721 6518 10
398 3662 6387 10
1032 4036 6515 10
3588 695 6719 10
358 3672 6675 10
570 3619 6721 10
3578 735 6991 10
3535 907 6513 10
846 3550 6508 10
1018 3507 6994 10
4162 509 6723 10
3657 419 6665 10
756 4096 6872 10
3986 681 6587 10
4097 997 6874 10
660 4112 6500 10
4033 605 6661 10
942 3526 6881 10
584 3987 6380 10
3559 811 6890 10
474 3643 6495 10
454 3648 6891 10
4117 921 7122 10
3564 791 6656 10
962 3521 6653 10
832 4118 7124 10
4165 625 6898 10
640 4099 6743 10
6698 6697 6699 10
3638 495 6379 10
6338 6340 8148 10
4110 977 6646 10
4119 433 7000 10
776 4027 6645 10
3652 439 6748 10
4108 489 6487 10
770 3569 6575 10
826 3555 6752 10
3530 927 6757 10
3516 983 6571 10
590 3614 6483 10
646 3600 7003 10
3593 675 6476 10
1012 4166 6906 10
4101 741 6915 10
404 4025 6474 10
3607 619 7127 10
524 4103 6762 10
4106 861 6633 10
5969 8013 8208 10
956 4054 6360 10
892 4024 6632 10
3623 555 6763 10
4104 373 6471 10
3988 797 6567 10
710 3584 6765 10
3473 1043 6920 10
460 4120 7131 10
706 3585 6626 10
5679 6071 7851 10
468 3989 6562 10
4105 369 6770 10
3622 559 6470 10
4122 805 7010 10
896 4169 6773 10
6137 3961 6138 10
4107 857 6776 10
948 4182 7134 10
520 4102 6467 10
408 4171 6778 10
4020 745 6461 10
3609 611 6561 10
1008 4100 6459 10
3594 671 6782 10
654 3598 6355 10
594 3613 6785 10
3529 931 6453 10
3514 991 7013 10
822 3556 6450 10
4109 485 6787 10
762 3571 7019 10
3651 443 6447 10
780 4173 6939 10
3994 425 6547 10
4175 973 6794 10
3636 503 7140 10
636 4019 6446 10
5127 5128 5129 10
840 4046 6351 10
4017 629 6607 10
966 3520 6796 10
4045 913 6540 10
3565 787 6947 10
450 3649 6430 10
478 3642 6803 10
576 4185 7023 10
352 4043 6539 10
3558 815 6604 10
7174 7371 7412 10
938 3527 6422 10
4125 689 7143 10
4177 601 6806 10
664 4111 6956 10
1026 3505 6538 10
4098 1001 6419 10
3580 727 6333 10
752 4014 6415 10
3658 415 6810 10
4095 513 6412 10
390 3664 7145 10
538 3627 6531 10
850 3549 6960 10
3536 903 6814 10
3543 875 7147 10
566 3620 6411 10
362 3671 6967 10
878 3542 7034 10
3587 699 6595 10
1036 4113 6972 10
3996 541 6524 10
4114 717 6978 10
3665 387 7040 10
380 4093 6590 10
548 4180 6979 10
724 4038 6517 10
4008 885 6589 10
868 4007 6391 10
4037 1029 6331 10
3629 531 6987 10
5053 5056 7456 10
4005 397 6387 10
692 4186 7041 10
734 3578 6826 10
3673 355 6514 10
3507 1019 6830 10
4184 573 7042 10
682 3591 6587 10
910 3534 6321 10
3616 583 6380 10
920 4117 6996 10
7252 7543 8123 10
3551 843 6504 10
4118 833 6997 10
506 3635 7139 10
496 4088 6379 10
432 4119 7001 10
422 3656 6502 10
4087 769 6575 10
3572 759 7050 10
984 4086 6571 10
3600 647 7006 10
4060 6737 7967 10
994 3513 7051 10
3576 6621 7969 10
618 3607 7007 10
4035 657 6317 10
3523 955 6360 10
3229 3230 7921 10
798 3562 6567 10
608 4034 6310 10
4120 461 7009 10
3636 7140 7250 10
7267 7640 8248 10
3645 467 6562 10
4183 945 7137 10
804 4122 7011 10
4053 6692 7961 10
4182 949 6846 10
808 4181 7133 10
612 4085 6561 10
3644 471 6492 10
4001 653 6355 10
4130 457 7129 10
990 3514 7016 10
794 3563 6491 10
3571 763 6850 10
426 3655 6547 10
3522 959 6301 10
502 3636 7020 10
3552 839 6351 10
622 3606 7128 10
6107 6106 7916 10
914 3533 6540 10
4185 577 7022 10
3601 643 7057 10
3674 351 6539 10
688 4125 7025 10
980 4029 6489 10
3998 1025 6538 10
4028 773 6488 10
728 4082 6333 10
3664 391 7029 10
436 4132 7059 10
3997 537 6531 10
492 4003 6293 10
874 3543 7033 10
4084 6841 7978 10
3542 879 7035 10
4134 829 7060 10
542 3626 6524 10
386 3665 7037 10
924 4135 7121 10
3581 723 6517 10
3615 587 6481 10
1030 3504 6331 10
4186 693 6867 10
678 3592 6289 10
356 3995 6514 10
572 4184 6869 10
3508 1015 7067 10
6077 6183 7818 10
6640 5163 8078 10
4080 909 6321 10
738 3577 7120 10
844 4078 6504 10
6164 6171 6172 10
3635 507 7043 10
4004 401 6288 10
4077 421 6502 10
3630 527 7068 10
758 3572 7048 10
3513 995 7052 10
864 4006 6283 10
658 3597 6317 10
5918 5917 7332 10
4009 889 6273 10
3610 607 6310 10
6105 3968 6236 10
552 4137 7075 10
944 4183 6877 10
376 4010 6269 10
4181 809 6885 10
4138 713 7079 10
472 4075 6492 10
456 4130 7055 10
1040 4179 7113 10
4074 793 6491 10
3586 703 6268 10
960 4072 6301 10
3606 623 6894 10
366 3670 7112 10
562 3621 6260 10
7015 4154 7051 10
642 3601 6901 10
3537 899 7108 10
3517 979 6489 10
3525 7136 7137 10
774 3568 6488 10
854 3548 7084 10
5719 5718 5722 10
4132 437 6903 10
3639 491 6293 10
4012 517 6466 10
3659 411 7105 10
828 4134 6904 10
4135 925 7062 10
748 4013 6460 10
588 4069 6481 10
4015 1005 6455 10
4068 677 6289 10
668 4178 7101 10
1014 3508 7064 10
6728 4922 6729 10
3577 739 6912 10
4176 597 7089 10
402 3661 6288 10
526 3630 7072 10
934 3528 6452 10
6993 4167 7120 10
3546 863 6283 10
3557 819 6451 10
890 3539 6273 10
482 3641 7097 10
4137 553 7078 10
446 3650 6247 10
3668 375 6269 10
712 4138 6918 10
3566 783 7092 10
4179 1041 7082 10
5051 7243 8048 10
6966 4147 7112 10
970 3519 7095 10
704 3983 6268 10
7110 4146 7111 10
3670 367 6921 10
4018 633 6244 10
3981 561 6260 10
5927 5928 5966 10
898 3537 7083 10
3468 6125 6128 10
632 4018 6442 10
3548 855 6927 10
5940 5941 7329 10
3612 6955 7089 10
4142 969 7095 10
3623 6763 7984 10
518 3632 6466 10
5605 5353 7932 10
410 3659 6932 10
784 4174 7092 10
3575 747 6460 10
3650 447 6428 10
1006 3510 6455 10
6943 4142 7095 10
4172 481 7097 10
4178 669 6937 10
818 3557 6248 10
596 4176 7087 10
3528 935 6252 10
4065 933 6452 10
5459 5461 7933 10
820 3979 6451 10
598 3612 7089 10
5085 5084 5087 10
3641 483 7090 10
7081 4935 8052 10
3978 445 6247 10
3595 667 7101 10
782 3566 7091 10
6934 3659 7105 10
1004 4015 6253 10
3519 971 7094 10
634 3603 6244 10
4013 749 6254 10
412 4144 7105 10
3604 631 6442 10
516 4012 6257 10
968 4142 6941 10
4170 853 7084 10
4174 785 6946 10
7077 4137 7078 10
448 4063 6428 10
900 4146 7108 10
480 4172 6948 10
3630 7070 7072 10
7066 3508 7067 10
3621 563 6408 10
3980 817 6248 10
4147 365 7112 10
936 4059 6252 10
702 3586 6264 10
7326 7664 7852 10
3612 599 6953 10
3502 1039 7113 10
666 3595 7098 10
714 3583 7079 10
3511 1003 6253 10
3606 6896 7128 10
750 3574 6254 10
4010 377 6392 10
4139 6097 7214 10
3624 551 7075 10
4144 413 7106 10
3633 515 6257 10
888 4009 6276 10
852 4170 7107 10
6416 6417 7348 10
4006 865 6287 10
4146 901 7111 10
564 4055 6408 10
528 4168 7068 10
364 4147 6964 10
400 4004 6386 10
3635 7045 7139 10
3982 701 6264 10
4167 737 7120 10
6871 4184 7042 10
1038 3502 6971 10
1016 4151 7067 10
3583 715 6977 10
5189 7116 7117 10
378 3667 6392 10
3592 679 6383 10
7039 3665 7040 10
550 3624 7115 10
6614 6613 8087 10
3540 887 6276 10
586 3615 6382 10
866 3545 6287 10
3531 923 7121 10
7027 4125 7143 10
4168 529 6986 10
3662 399 6386 10
830 3554 7060 10
736 4167 6991 10
4003 493 6296 10
4151 1017 6994 10
3653 435 7059 10
680 3986 6383 10
772 4028 6374 10
6631 6092 7951 10
3987 585 6382 10
4029 981 6361 10
922 3531 7122 10
644 4152 7057 10
3554 831 7124 10
6981 6983 6984 10
494 3638 6296 10
4164 621 7128 10
434 3653 7000 10
3569 771 6374 10
958 3522 6298 10
982 3516 6361 10
3563 795 6302 10
7005 3600 7006 10
4152 645 7003 10
458 3647 7129 10
3507 6832 6994 10
470 3644 6359 10
620 4164 7127 10
6989 7325 7326 10
3560 807 7133 10
4054 957 6298 10
796 3988 6302 10
946 3525 7137 10
5863 5861 5865 10
3647 459 7131 10
4034 609 6307 10
3989 469 6359 10
806 3560 7010 10
656 4035 6314 10
3525 947 7134 10
3658 6812 7106 10
4154 993 7051 10
610 3609 6307 10
3226 3227 7948 10
760 4163 7050 10
3598 655 6314 10
3656 423 6352 10
992 4154 7013 10
4157 505 7139 10
3577 6912 7990 10
6922 6924 6938 10
4163 761 7019 10
7175 5838 8050 10
842 3551 6346 10
424 3994 6352 10
6065 7252 8123 10
504 4157 7140 10
3534 911 6324 10
5141 5144 7868 10
4046 841 6346 10
4109 6789 7090 10
574 3618 7042 10
912 4045 6324 10
354 3673 6325 10
3618 575 7023 10
3594 6784 6937 10
3589 691 7041 10
4043 353 6325 10
4152 7003 7277 10
690 3589 7143 10
1028 4037 6328 10
3505 1027 6328 10
6775 4169 7083 10
4038 725 6337 10
4105 6772 6921 10
3647 7131 7276 10
5390 5392 7953 10
726 3580 6337 10
388 4160 7040 10
4160 389 7145 10
540 3996 6332 10
3627 539 6332 10
1341 1342 7475 10
4161 877 7034 10
876 4161 7147 10
4688 4852 7894 10
6745 4099 6901 10
6914 4101 6915 10
6893 3648 7055 10
5888 7173 7192 10
6887 3559 6890 10
3526 6879 6881 10
6861 4090 7033 10
5759 5757 5761 10
5315 6888 7786 10
5087 5088 5089 10
5078 6943 7986 10
4996 6208 7880 10
5336 5323 7972 10
6105 3471 6150 10
6848 3524 6849 10
3582 6679 6978 10
6674 4148 6967 10
4145 6671 6814 10
4971 6227 6279 10
3092 3093 7975 10
4952 7924 8054 10
5019 4847 5063 10
5437 5439 7980 10
3702 6985 7983 10
5063 4847 5064 10
6175 6168 6176 10
6652 6650 6689 10
4030 6204 6551 10
3660 6780 6781 10
3399 3400 7982 10
3799 8016 8116 10
6873 5089 7262 10
3565 6947 7813 10
3966 6168 6170 10
7445 7857 7929 10
4128 6593 6719 10
5730 5732 5734 10
6543 6545 6608 10
5201 6485 6486 10
4124 6709 6855 10
6251 4904 7842 10
6217 3449 6218 10
6705 3637 6706 10
6511 6509 6584 10
4853 4673 7987 10
7972 5323 8007 10
3436 6976 6980 10
4121 6566 6690 10
3223 3224 7985 10
7877 7424 8076 10
3401 3402 7988 10
5054 7216 7930 10
3441 6696 6718 10
5161 5160 7819 10
6424 6214 6425 10
3493 6554 6555 10
3628 6535 6681 10
6218 6510 7958 10
3974 6214 6219 10
6522 4116 6818 10
6407 3475 6469 10
6399 4032 6465 10
4002 6439 6478 10
6222 3482 6223 10
6226 3999 6279 10
6272 3984 6343 10
3992 6372 6441 10
6217 6215 6238 10
3657 6667 6813 10
3964 6156 6161 10
6272 3499 6341 10
3489 6230 6318 10
3990 6241 6242 10
6222 3985 6234 10
6226 3490 6277 10
3498 6233 6243 10
3487 6439 6440 10
6173 3452 6178 10
4110 6648 6649 10
3958 6125 6127 10
6399 3484 6400 10
6407 4051 6559 10
5621 5622 7997 10
6485 3614 6786 10
3457 6183 7278 10
3470 6108 6112 10
5899 5897 5902 10
4104 6473 6769 10
6726 6696 6727 10
6102 3464 6113 10
6137 3461 6146 10
6628 3585 6767 10
3906 7260 7893 10
5897 5895 7272 10
6523 7116 7959 10
6118 3957 6122 10
3651 6449 6747 10
6432 3649 6739 10
6181 6183 6190 10
4098 6421 6725 10
6417 4014 6602 10
6142 7411 7521 10
4095 6414 6601 10
5416 5417 8119 10
6245 5216 8075 10
5833 5832 5834 10
4005 6389 6712 10
5323 5322 8007 10
6886 6887 7786 10
6306 4911 7218 10
6573 4086 6574 10
6079 6775 7974 10
6569 3562 6691 10
4001 6357 6550 10
6164 3965 6165 10
5901 7221 7313 10
5808 5809 5810 10
8007 5322 8012 10
6335 4082 6682 10
6 7 4234 10
6511 3448 6512 10
5399 5620 8010 10
7590 7533 7591 10
4080 6323 6513 10
6506 4078 6508 10
7324 3794 7800 10
3610 6312 6661 10
6494 4075 6495 10
5322 5324 8012 10
5814 5813 7163 10
3639 6295 6487 10
4068 6291 6476 10
3454 6545 6546 10
5125 5127 7732 10
3981 6262 6470 10
7308 7723 8104 10
6457 3510 6459 10
8012 5324 8020 10
6798 6728 7949 10
7744 3805 8038 10
5786 5787 5788 10
3570 6577 6578 10
4959 4965 6030 10
4024 6631 6632 10
3465 6097 6198 10
6246 3603 6446 10
3604 6444 6607 10
5188 6262 6263 10
5059 5058 7390 10
5623 6839 7297 10
6410 4055 6411 10
6130 7560 7585 10
3982 6266 6595 10
5324 5644 8020 10
4160 7145 7745 10
6268 7299 8270 10
6385 3986 6587 10
5357 5360 8021 10
3674 6539 7811 10
8020 5644 8026 10
6309 3609 6561 10
4046 6348 6351 10
5002 5980 8136 10
3505 6330 6538 10
4038 6339 6517 10
5644 5462 8026 10
3588 6593 6594 10
6705 4158 7021 10
6522 3625 6523 10
4061 7164 7650 10
6327 3673 6514 10
6485 4070 6486 10
4114 6679 6680 10
6628 4067 6766 10
3656 6354 6502 10
6417 3573 6418 10
6861 3543 6862 10
6990 7504 7506 10
6652 3447 6698 10
6822 3445 6823 10
6316 4035 6317 10
5460 5650 8036 10
6893 4130 7130 10
6745 3601 6746 10
6569 4052 6570 10
6285 3545 6286 10
3195 3196 8034 10
5836 5835 5971 10
5405 5407 8037 10
6335 3579 6336 10
4178 6784 7100 10
3641 6789 6790 10
6506 3550 6507 10
3563 6304 6491 10
6250 3979 6251 10
4033 6312 6808 10
6300 3522 6301 10
6494 3643 6659 10
6259 3632 6468 10
7015 3513 7053 10
3593 6291 6292 10
4029 6363 6489 10
6376 4028 6488 10
6376 3568 6377 10
6300 4072 6654 10
4074 6304 6305 10
6457 4100 6458 10
6316 3597 6501 10
4164 6896 6897 10
6327 3995 6676 10
6246 4019 6617 10
7027 3589 7028 10
4017 6444 6445 10
6871 3618 7024 10
6039 6037 7266 10
4990 4991 7342 10
5714 5716 5718 10
3552 6348 6349 10
6309 4085 6688 10
5125 7732 8033 10
6410 3620 6597 10
5065 4849 5078 10
6385 3591 6586 10
6944 6925 6945 10
5095 5093 7886 10
1343 1344 3678 10
3216 3217 8049 10
1359 1360 7386 10
1376 1377 3714 10
1393 1394 7383 10
1410 1411 7393 10
1427 1428 3731 10
1444 1445 7378 10
1461 1462 7395 10
1478 1479 3748 10
1495 1496 7374 10
1512 1513 7398 10
1513 1514 7399 10
1496 1497 3754 10
1479 1480 7372 10
1462 1463 7396 10
1445 1446 3737 10
1428 1429 7368 10
1411 1412 7403 10
1394 1395 3720 10
1377 1378 7366 10
1360 1361 7406 10
1358 1359 3708 10
1375 1376 7367 10
1392 1393 7384 10
1409 1410 3725 10
1426 1427 7440 10
1443 1444 7379 10
1460 1461 3742 10
1477 1478 7373 10
1494 1495 7375 10
1511 1512 3759 10
1528 1529 4235 10
1514 1515 3760 10
1497 1498 7376 10
1480 1481 7377 10
1463 1464 3743 10
1446 1447 7380 10
1429 1430 7381 10
1412 1413 3726 10
1395 1396 7382 10
1378 1379 7385 10
1361 1362 3709 10
1357 1358 7962 10
1374 1375 7435 10
1391 1392 3719 10
1408 1409 7392 10
1425 1426 7439 10
1442 1443 3736 10
1459 1460 7394 10
1476 1477 7443 10
1493 1494 3753 10
1510 1511 7397 10
1527 1528 7447 10
1515 1516 7400 10
1498 1499 7449 10
1481 1482 3749 10
1464 1465 7401 10
1447 1448 7452 10
1430 1431 3732 10
1413 1414 7402 10
1396 1397 7453 10
1379 1380 3715 10
1362 1363 7404 10
6259 4012 6466 10
176 177 7507 10
269 270 7506 10
83 84 7509 10
25 26 3865 10
327 328 7500 10
118 119 3834 10
234 235 7497 10
211 212 3803 10
141 142 7963 10
304 305 3772 10
48 49 7491 10
60 61 7528 10
292 293 3776 10
153 154 7964 10
199 200 3807 10
246 247 7535 10
1356 1357 7477 10
1373 1374 3713 10
106 107 3838 10
1390 1391 7407 10
1407 1408 7408 10
1424 1425 3730 10
1441 1442 7409 10
1458 1459 7482 10
1475 1476 3747 10
339 340 3685 10
1492 1493 7516 10
1509 1510 7410 10
13 14 3869 10
1526 1527 3938 10
1516 1517 7484 10
95 96 7471 10
1499 1500 3755 10
1482 1483 7411 10
1465 1466 7487 10
257 258 7539 10
1448 1449 3738 10
1431 1432 7412 10
1414 1415 7413 10
1397 1398 3721 10
1380 1381 7414 10
1363 1364 7415 10
188 189 7470 10
1346 1347 3704 10
164 165 7549 10
281 282 7468 10
71 72 7564 10
37 38 3861 10
315 316 7965 10
130 131 3830 10
223 224 3799 10
129 130 7460 10
316 317 3768 10
36 37 7457 10
72 73 7565 10
280 281 3780 10
165 166 7572 10
187 188 3811 10
258 259 7540 10
94 95 3842 10
14 15 7445 10
338 339 7444 10
4013 6256 6460 10
107 108 7437 10
245 246 7536 10
1355 1356 3707 10
1372 1373 7434 10
1389 1390 7513 10
1406 1407 3724 10
200 201 7433 10
1423 1424 7438 10
1440 1441 7441 10
1457 1458 3741 10
1474 1475 7442 10
1491 1492 7515 10
152 153 7590 10
1508 1509 3758 10
1525 1526 7448 10
1517 1518 3761 10
1500 1501 7450 10
1483 1484 7521 10
1466 1467 3744 10
1449 1450 7451 10
1432 1433 7524 10
1415 1416 3727 10
1398 1399 7454 10
293 294 7431 10
1381 1382 7526 10
1364 1365 3710 10
1347 1348 7455 10
59 60 7529 10
49 50 3857 10
303 304 7427 10
142 143 3826 10
210 211 7425 10
235 236 3795 10
117 118 7423 10
328 329 3764 10
24 25 7420 10
84 85 7510 10
268 269 3784 10
177 178 7600 10
175 176 3815 10
270 271 7603 10
82 83 3846 10
26 27 7421 10
326 327 7501 10
1354 1355 7966 10
1371 1372 7478 10
1388 1389 3718 10
1405 1406 7479 10
1422 1423 7480 10
1439 1440 3735 10
1456 1457 7481 10
1473 1474 7546 10
1490 1491 3752 10
119 120 7422 10
1507 1508 7483 10
1524 1525 7553 10
1518 1519 7485 10
1501 1502 7555 10
1484 1485 3750 10
1467 1468 7486 10
233 234 7605 10
1450 1451 7558 10
1433 1434 3733 10
1416 1417 7488 10
1399 1400 7561 10
1382 1383 3716 10
1365 1366 7489 10
1348 1349 7563 10
212 213 7424 10
140 141 7607 10
305 306 7426 10
47 48 7492 10
61 62 3853 10
291 292 7428 10
154 155 3822 10
198 199 7432 10
7405 7415 7416 10
247 248 3791 10
105 106 7436 10
12 13 7446 10
96 97 7472 10
256 257 3788 10
1353 1354 7574 10
1370 1371 3712 10
189 190 7612 10
1387 1388 7512 10
1404 1405 7576 10
1421 1422 3729 10
1438 1439 7514 10
1455 1456 7577 10
1472 1473 3746 10
163 164 3819 10
1489 1490 7517 10
1506 1507 7579 10
1523 1524 3763 10
1519 1520 7519 10
1502 1503 3756 10
1485 1486 7520 10
1468 1469 7522 10
1451 1452 3739 10
1434 1435 7523 10
1417 1418 7583 10
1400 1401 3722 10
1383 1384 7525 10
1366 1367 7588 10
282 283 7614 10
1349 1350 3705 10
70 71 3850 10
38 39 7458 10
314 315 7617 10
6610 6609 8092 10
131 132 7459 10
224 225 7461 10
128 129 7462 10
317 318 7463 10
35 36 7621 10
73 74 3849 10
3936 6078 8048 10
279 280 7467 10
6250 3557 6451 10
166 167 3818 10
186 187 7469 10
1352 1353 3706 10
1369 1370 7595 10
259 260 3787 10
1386 1387 7542 10
1403 1404 3723 10
1420 1421 7543 10
1437 1438 7544 10
1454 1455 3740 10
1471 1472 7545 10
93 94 7473 10
1488 1489 7597 10
1505 1506 3757 10
1522 1523 7550 10
7456 7563 7989 10
1520 1521 3762 10
1503 1504 7554 10
15 16 7474 10
1486 1487 7556 10
1469 1470 3745 10
1452 1453 7557 10
1435 1436 7559 10
1418 1419 3728 10
1401 1402 7560 10
337 338 4189 10
1384 1385 7562 10
1367 1368 3711 10
108 109 7476 10
244 245 3792 10
201 202 7628 10
151 152 3823 10
294 295 7630 10
58 59 3854 10
50 51 7490 10
302 303 7493 10
143 144 7494 10
209 210 7495 10
236 237 7496 10
116 117 7498 10
1368 1369 7587 10
1385 1386 3717 10
1402 1403 7585 10
1419 1420 7584 10
1436 1437 3734 10
329 330 7499 10
1453 1454 7578 10
1470 1471 7582 10
1487 1488 3751 10
1504 1505 7580 10
1521 1522 7581 10
23 24 7502 10
85 86 3845 10
267 268 7503 10
178 179 3814 10
174 175 7508 10
271 272 3783 10
81 82 7511 10
6432 5223 8234 10
27 28 7637 10
6400 5027 7892 10
325 326 3765 10
120 121 7518 10
232 233 3796 10
213 214 7641 10
139 140 3827 10
6372 5960 6373 10
306 307 7527 10
46 47 3858 10
62 63 7530 10
290 291 7643 10
155 156 7531 10
197 198 7534 10
248 249 7538 10
4998 6176 6208 10
104 105 7648 10
11 12 4190 10
97 98 3841 10
255 256 7541 10
5389 5391 8061 10
6910 3698 6911 10
190 191 3810 10
162 163 7547 10
283 284 3779 10
69 70 7566 10
39 40 7567 10
313 314 3769 10
132 133 7656 10
220 221 3800 10
225 226 7661 10
127 128 3831 10
318 319 7568 10
34 35 3862 10
74 75 7569 10
278 279 7570 10
5449 5451 8062 10
167 168 7571 10
185 186 7573 10
260 261 7575 10
92 93 7667 10
16 17 3868 10
336 337 7586 10
109 110 3837 10
243 244 7589 10
5078 4849 5079 10
202 203 3806 10
150 151 7973 10
295 296 3775 10
57 58 7593 10
51 52 7669 10
301 302 3773 10
144 145 7594 10
208 209 3804 10
237 238 7674 10
115 116 3835 10
330 331 7596 10
22 23 3866 10
86 87 7598 10
4858 5432 5433 10
179 180 7599 10
173 174 7601 10
272 273 7602 10
80 81 7678 10
28 29 3864 10
324 325 7604 10
121 122 3833 10
5888 5890 5986 10
231 232 7606 10
214 215 3802 10
138 139 7608 10
307 308 3771 10
45 46 7609 10
63 64 7681 10
289 290 3777 10
156 157 7685 10
196 197 3808 10
249 250 7687 10
103 104 3839 10
7225 7747 8066 10
10 11 7610 10
98 99 7611 10
254 255 7688 10
191 192 7613 10
161 162 7691 10
284 285 7615 10
68 69 7693 10
40 41 3860 10
312 313 7616 10
133 134 3829 10
7792 5015 8235 10
219 220 7618 10
226 227 3798 10
126 127 7619 10
4009 6275 6276 10
6400 6557 7908 10
6746 7057 7277 10
319 320 3767 10
7130 7129 7276 10
33 34 7620 10
75 76 7696 10
277 278 3781 10
6285 4006 6287 10
5489 5490 8073 10
168 169 7622 10
184 185 3812 10
7850 7669 7934 10
261 262 7623 10
91 92 3843 10
17 18 7624 10
335 336 3691 10
110 111 7625 10
242 243 7626 10
5046 5051 8048 10
7838 7628 7947 10
203 204 7627 10
149 150 7699 10
296 297 7629 10
56 57 7631 10
52 53 3856 10
300 301 7977 10
145 146 3825 10
207 208 7632 10
238 239 3794 10
3213 3214 8074 10
114 115 7633 10
331 332 3696 10
21 22 7634 10
87 88 7635 10
3993 6233 6320 10
5933 7333 7334 10
265 266 3785 10
180 181 7705 10
172 173 3816 10
273 274 7636 10
79 80 3847 10
4897 4907 7179 10
29 30 7638 10
3480 6241 6365 10
3976 6230 6368 10
323 324 7708 10
7478 7759 8188 10
122 123 7639 10
230 231 7709 10
215 216 7640 10
137 138 7712 10
308 309 7642 10
44 45 7713 10
64 65 3852 10
288 289 7644 10
157 158 3821 10
195 196 7647 10
7480 7914 8123 10
250 251 3790 10
102 103 7649 10
99 100 7651 10
253 254 3789 10
192 193 7652 10
160 161 3820 10
285 286 7653 10
67 68 3851 10
41 42 7654 10
311 312 7655 10
6197 3881 8111 10
134 135 7657 10
218 219 7658 10
7684 7689 7690 10
227 228 7660 10
5438 5441 8081 10
125 126 7722 10
320 321 7662 10
32 33 7663 10
76 77 3848 10
276 277 7664 10
169 170 3817 10
341 342 7323 10
183 184 7665 10
262 263 3786 10
90 91 7666 10
18 19 7668 10
334 335 7724 10
111 112 7726 10
241 242 3793 10
7663 7874 8104 10
204 205 7728 10
148 149 3824 10
297 298 7729 10
55 56 3855 10
53 54 7670 10
299 300 7730 10
146 147 7671 10
206 207 7672 10
239 240 7673 10
113 114 7727 10
332 333 7725 10
20 21 7675 10
88 89 3844 10
3899 5953 8082 10
5124 6822 6823 10
264 265 7676 10
181 182 3813 10
171 172 7981 10
274 275 3782 10
78 79 7677 10
30 31 7723 10
5160 6804 8091 10
322 323 3766 10
6783 6782 7234 10
123 124 7679 10
6743 6744 7231 10
229 230 3797 10
7021 7020 7250 10
216 217 7680 10
136 137 3828 10
309 310 7721 10
43 44 3859 10
65 66 7682 10
287 288 7719 10
158 159 7683 10
5954 4766 8090 10
7419 3712 8188 10
194 195 7717 10
251 252 7686 10
101 102 7716 10
3346 3347 8088 10
100 101 3840 10
3210 3211 8089 10
252 253 7715 10
193 194 3809 10
159 160 7689 10
286 287 3778 10
66 67 7692 10
5943 7322 7330 10
42 43 7714 10
310 311 3770 10
135 136 7711 10
217 218 3801 10
228 229 7710 10
124 125 3832 10
5926 5927 7796 10
321 322 7694 10
31 32 3863 10
77 78 7695 10
275 276 7706 10
170 171 7697 10
182 183 7704 10
263 264 7703 10
5052 5054 7930 10
89 90 7698 10
19 20 3867 10
5604 5400 8105 10
7466 7464 7568 10
333 334 4191 10
112 113 3836 10
240 241 7702 10
7286 7491 7850 10
205 206 3805 10
147 148 7701 10
5416 6108 7917 10
6588 7794 7795 10
298 299 3774 10
54 55 7700 10
7624 7288 7857 10
6638 6292 7234 10
3919 7291 7911 10
7671 7871 8181 10
7658 7268 8248 10
7295 7432 7838 10
5777 5774 6004 10
7190 6704 7789 10
7308 7638 7723 10
3346 8088 8122 10
5723 5722 7244 10
7458 7304 7912 10
1345 1346 8112 10
6928 6777 6930 10
6636 6634 6637 10
6617 6616 7231 10
3934 5103 7924 10
6605 6249 8053 10
6777 6636 7264 10
3207 3208 8117 10
6089 7625 7726 10
3343 3344 8118 10
4852 5578 5579 10
5818 5817 5819 10
5619 5359 8125 10
3345 3346 8122 10
5138 5140 8100 10
5361 5240 8132 10
6286 6391 7795 10
4820 5309 8145 10
5857 5859 5861 10
6156 4996 7880 10
3343 8118 8182 10
3204 3205 8146 10
5358 5587 8187 10
5013 5014 7867 10
7190 5166 8237 10
4791 5662 8219 10
5239 5671 8231 10
6742 3446 6792 10
3342 3343 8182 10
3201 3202 8251 10
6858 3694 6883 10
7036 6131 8031 10
4855 5575 5576 10
5828 5827 7267 10
5093 7275 7886 10
6772 6771 8006 10
7174 7412 7524 10
7140 7141 7250 10
6793 3692 6821 10
3970 6177 6182 10
5017 5018 7848 10
6936 3443 6951 10
3699 6924 6925 10
6699 3689 6741 10
4931 7990 7991 10
6884 3444 6909 10
4855 5573 5575 10
5140 6057 8100 10
7469 6081 7573 10
7131 7132 7276 10
7003 7004 7277 10
5578 5577 6039 10
4829 4995 6025 10
5027 6400 7908 10
5433 5432 7895 10
5165 5164 8131 10
5158 5157 7828 10
4858 5431 5432 10
5753 5755 5757 10
5791 5788 7947 10
1344 1345 8133 10
3806 7744 7947 10
7924 5103 8054 10
5171 5170 7047 10
4981 4982 7161 10
4973 5028 5029 10
5136 6982 7032 10
4087 6576 6577 10
5813 5810 7934 10
5926 5925 5927 10
7725 6017 7960 10
342 343 3676 10
7179 4907 7363 10
6792 6791 6793 10
5168 5167 8069 10
266 267 8120 10
6038 7764 7875 10
6018 6541 8015 10
7249 5794 7305 10
5086 7429 7430 10
7039 4160 7745 10
6909 6910 8214 10
5771 5769 5773 10
6821 6820 6822 10
6741 6740 6742 10
5787 5790 7248 10
6141 5934 7152 10
3540 6275 7824 10
7748 5574 8063 10
6186 5700 7834 10
5187 5186 7825 10
3575 6256 6462 10
6883 6882 6884 10
3560 7133 7836 10
5728 5726 5730 10
4 5 4159 10
4829 6025 6026 10
7783 5998 8015 10
5896 6129 7150 10
3581 6339 6519 10
6807 6808 7872 10
4966 4960 7945 10
3998 6330 6537 10
3622 6262 6625 10
4118 6998 6999 10
7353 5802 7354 10
4108 6295 6640 10
3888 7314 7932 10
5822 7126 7308 10
4131 6449 8084 10
5056 7176 7281 10
3512 6421 6875 10
3634 6414 6724 10
3518 6648 6795 10
3599 6357 6842 10
6909 6908 6910 10
6573 3515 7808 10
4081 6535 7810 10
3646 6566 7812 10
3617 6709 7827 10
4914 4925 7466 10
6789 5162 6790 10
6951 6950 6952 10
4129 6879 6880 10
5675 6667 8027 10
6051 4958 7956 10
6039 7266 8084 10
6823 6857 6858 10
222 223 8116 10
6801 6800 7891 10
6659 5159 7828 10
221 222 8115 10
7386 7406 8102 10
7406 3709 8102 10
6989 7326 7853 10
5893 5895 5897 10
6027 7809 8256 10
5062 6418 7901 10
6570 7012 7835 10
7495 7425 7944 10
5963 5444 5964 10
4170 7085 7086 10
6911 6935 6936 10
7168 4061 7784 10
4083 6427 6544 10
7123 8014 8236 10
3791 7538 8217 10
3921 7756 7763 10
6305 5148 7891 10
5223 6432 7937 10
6037 6038 7213 10
6300 5434 7895 10
5168 6705 7021 10
4907 4914 7363 10
7063 5975 8029 10
7531 7685 8113 10
6612 6047 8185 10
7233 5818 7304 10
5865 7301 7302 10
5162 5161 7819 10
7685 3821 8113 10
7630 3775 8066 10
4103 7070 7071 10
7025 7026 8183 10
6088 5799 7125 10
5132 6951 8071 10
6071 6009 6390 10
5981 7246 7810 10
5272 6197 8111 10
6493 6494 7828 10
6853 7239 7925 10
6223 6402 7898 10
5225 6413 8227 10
7497 3795 8285 10
1533 1534 4061 10
7619 6060 7722 10
7794 6098 7795 10
7103 5078 7986 10
5809 5812 7232 10
7747 5086 8066 10
6949 6790 7819 10
1351 1352 8127 10
7352 5781 7353 10
5761 7292 7293 10
5877 5875 7220 10
7008 6897 7791 10
8139 6735 8191 10
5056 7281 7456 10
5918 7332 7333 10
3795 7496 8285 10
5700 4094 7834 10
4157 7045 7141 10
4176 6955 7088 10
7329 5941 7330 10
5787 5785 5790 10
7843 5579 8221 10
5835 5833 7227 10
3902 7770 7782 10
7283 5734 7284 10
7535 3791 8217 10
3947 7350 7972 10
7 2 8144 10
7116 5189 7959 10
6080 5729 7074 10
8047 5975 8276 10
7756 5343 7763 10
5574 6549 8060 10
3869 7445 7929 10
4978 4979 6020 10
5766 7845 7846 10
5902 7251 7252 10
7363 7694 8009 10
5184 6522 6523 10
7270 7461 7661 10
3794 7673 7800 10
6811 7941 8064 10
6046 7395 7396 10
6018 8018 8245 10
6475 5994 8263 10
6034 5774 6069 10
6418 5062 7348 10
6025 8097 8124 10
6042 7376 7449 10
5993 5681 5994 10
4979 4980 8077 10
5809 5807 5812 10
3856 7762 7934 10
6027 8002 8216 10
5873 5875 5877 10
3803 7424 7877 10
5831 5833 5835 10
5780 5779 5781 10
5577 6037 6039 10
4932 7969 7970 10
5746 5744 7211 10
7032 6982 7983 10
3913 7787 7804 10
5742 5744 5746 10
6069 5772 6926 10
6285 6286 7778 10
5968 7731 7765 10
6670 7935 8019 10
5916 5917 5918 10
6975 5146 7926 10
5167 7789 8069 10
5940 5939 5941 10
7533 5766 7591 10
6572 6573 7848 10
5189 5185 7959 10
3442 6983 7765 10
5977 7771 8029 10
7645 7644 7646 10
6136 7360 8207 10
4234 7610 7995 10
5085 5087 7646 10
3938 7447 7784 10
6807 7872 8143 10
5824 5825 5826 10
7186 5002 8136 10
3437 6945 7862 10
5155 5154 7775 10
6158 6157 8099 10
6751 7659 8095 10
8189 6736 8190 10
7173 5986 7174 10
3883 7805 7829 10
5706 5704 5708 10
5756 6059 6720 10
5883 5885 5887 10
5886 5884 5888 10
5980 4764 8136 10
7770 5334 7782 10
5705 5707 5709 10
7785 6008 7999 10
6976 7032 7983 10
6093 4890 8110 10
5865 5861 7301 10
6246 6617 7237 10
6153 7321 8023 10
5700 6051 7956 10
7323 3676 7956 10
5192 6410 6597 10
6027 6393 7999 10
6952 3700 7731 10
3877 7823 7841 10
6936 6951 8126 10
5377 5974 6022 10
5745 5743 5747 10
3554 6999 7061 10
4911 6306 7309 10
5965 7943 8266 10
7307 5971 8186 10
5079 5080 8085 10
5876 5874 5878 10
6045 5912 6195 10
6041 7450 7555 10
4972 6554 7968 10
5860 6041 6191 10
7394 6045 7482 10
5315 7786 8051 10
4159 7171 7904 10
5819 5821 7874 10
5739 7690 7979 10
6124 6123 8059 10
6017 4832 7960 10
6047 8184 8185 10
6766 6919 8052 10
5575 7002 7764 10
6388 5995 7851 10
5776 7244 7245 10
6251 6751 8095 10
6878 5964 6879 10
5966 7418 7419 10
4764 5222 8136 10
6416 7348 8022 10
5932 5934 5935 10
5761 5757 7292 10
6121 5195 7024 10
5896 5894 5898 10
5706 5708 7201 10
6688 5209 7144 10
3823 7591 7592 10
3781 7570 7852 10
5998 6836 8013 10
7878 5371 7921 10
5797 5799 5800 10
6138 4910 8079 10
5727 5729 5731 10
6390 6009 7030 10
7284 6067 8134 10
4832 5967 7960 10
5770 5772 5774 10
5008 6143 7750 10
5756 5754 5758 10
5910 5912 5913 10
5887 5885 7194 10
5860 5858 5862 10
7787 5382 7804 10
3889 7738 8036 10
7718 5573 8060 10
5717 5715 5720 10
7088 5203 7950 10
5886 5888 7192 10
7271 7660 7710 10
5467 5466 7321 10
3894 7854 7881 10
1223 1531 8218 10
7460 6059 7462 10
6942 6943 7890 10
5709 5707 7187 10
7659 4904 8095 10
6398 6399 7892 10
5064 5065 7879 10
7248 5790 7249 10
5679 6009 6071 10
4952 7355 7924 10
5819 7874 8109 10
7213 6038 7875 10
7755 5969 8208 10
6897 5212 7791 10
5222 7186 8136 10
3925 7865 7905 10
5730 5734 7283 10
5164 7733 8131 10
6004 6034 6083 10
4061 7169 7784 10
7845 5739 7846 10
5122 6792 6793 10
6174 8044 8194 10
5189 7117 7825 10
6336 6827 8175 10
6299 6300 7895 10
5212 6896 8035 10
5877 7220 7221 10
7232 5812 7233 10
4971 6279 6280 10
3804 7495 7944 10
5968 5133 8071 10
6069 7539 7540 10
6250 6251 7842 10
7123 5977 8014 10
5717 7270 7271 10
7888 5606 7948 10
5746 7211 7212 10
3923 7749 8061 10
5776 5723 7244 10
7811 4043 7910 10
6191 7554 7580 10
7481 6195 7577 10
6398 7892 7899 10
7805 5642 7829 10
7185 4933 8295 10
5126 6858 6883 10
5825 5792 7193 10
4234 7 8144 10
6404 6403 8068 10
4965 4978 6029 10
6989 5094 7325 10
5902 5897 7251 10
6990 7506 7603 10
5815 5814 7163 10
6223 5691 8025 10
7201 5708 7202 10
5887 7194 7195 10
7928 6232 8152 10
5969 7755 8014 10
5041 5060 6091 10
5709 7187 7188 10
6973 6005 8289 10
6143 5470 8141 10
6037 5576 6038 10
7014 4154 7015 10
3525 7135 7136 10
6673 6674 7258 10
6992 4167 6993 10
7665 6080 7704 10
6965 4147 6966 10
3612 6954 6955 10
6942 4142 6943 10
5086 7430 8066 10
6933 3659 6934 10
7109 4146 7110 10
7065 3508 7066 10
5745 5747 7155 10
3606 6895 6896 10
3635 7044 7045 10
6870 4184 6871 10
7038 3665 7039 10
7026 4125 7027 10
3507 6831 6832 10
6720 7459 7656 10
3658 6811 6812 10
6981 6982 6983 10
7076 4137 7077 10
3630 7069 7070 10
4109 6788 6789 10
3594 6783 6784 10
6774 4169 6775 10
4105 6771 6772 10
5092 5094 6989 10
6088 7437 7476 10
6744 4099 6745 10
6731 8254 8255 10
6892 3648 6893 10
3440 6798 7949 10
6651 6652 7734 10
6860 4090 6861 10
3505 6329 6330 10
4046 6347 6348 10
6922 6923 6924 10
6308 3609 6309 10
4038 6338 6339 10
3582 6678 6679 10
6673 4148 6674 10
6384 3986 6385 10
4145 6670 6671 10
3982 6265 6266 10
6409 4055 6410 10
6326 3673 6327 10
3604 6443 6444 10
6245 3603 6246 10
6456 3510 6457 10
3981 6261 6262 10
4068 6290 6291 10
3656 6353 6354 10
3639 6294 6295 10
6493 4075 6494 10
3610 6311 6312 10
4128 6592 6593 10
6505 4078 6506 10
4080 6322 6323 10
4124 6708 6709 10
6334 4082 6335 10
6704 3637 6705 10
4001 6356 6357 10
4121 6565 6566 10
6568 3562 6569 10
6315 4035 6316 10
6572 4086 6573 10
3628 6534 6535 10
4005 6388 6389 10
6521 4116 6522 10
3657 6666 6667 10
4095 6413 6414 10
6416 4014 6417 10
4098 6420 6421 10
6431 3649 6432 10
4110 6647 6648 10
3651 6448 6449 10
6484 3614 6485 10
4104 6472 6473 10
6627 3585 6628 10
7360 6136 8079 10
3563 6303 6304 10
6299 3522 6300 10
7004 3600 7005 10
7645 3778 7719 10
4029 6362 6363 10
6375 4028 6376 10
7324 5722 8285 10
5965 8266 8267 10
5927 5966 7759 10
6258 4012 6259 10
7363 4914 7466 10
7465 4940 7993 10
4013 6255 6256 10
6249 3557 6250 10
5674 6354 8063 10
7155 5747 7156 10
3907 7758 8081 10
6913 4101 6914 10
7171 5834 7904 10
7118 5878 7119 10
4030 6201 6204 10
6886 3559 6887 10
3526 6878 6879 10
5435 4865 7885 10
4009 6274 6275 10
6043 5192 6597 10
6284 4006 6285 10
6651 6650 6652 10
6847 3524 6848 10
6104 3471 6105 10
3470 6107 6108 10
7906 5338 7985 10
3958 6124 6125 10
7077 5187 7825 10
6954 8143 8247 10
3964 6155 6156 10
3493 6553 6554 10
3966 6167 6168 10
6543 6544 6545 10
4163 7019 7925 10
6406 3475 6407 10
6398 4032 6399 10
6510 6509 6511 10
5876 5878 7118 10
4002 6438 6439 10
3855 7631 7903 10
3660 6779 6780 10
3992 6371 6372 10
3974 6213 6214 10
6732 6731 6733 10
7287 5251 8219 10
6271 3499 6272 10
3489 6229 6230 10
3990 6240 6241 10
6221 3985 6222 10
6225 3490 6226 10
3441 6695 6696 10
3498 6232 6233 10
6216 6215 6217 10
6181 6182 6183 10
6172 3452 6173 10
7057 4152 7277 10
5826 5825 7877 10
3436 6975 6976 10
6163 3965 6164 10
7129 3647 7276 10
6104 6105 7915 10
6008 6717 8005 10
4024 6630 6631 10
6136 3461 6137 10
7823 5646 7841 10
6880 5965 8267 10
6101 3464 6102 10
6117 3957 6118 10
7541 6926 7688 10
5815 7163 7335 10
3465 6096 6097 10
7931 6229 8156 10
6173 6178 7884 10
7479 6129 7576 10
6519 7923 8200 10
5935 6141 6142 10
5146 5137 7926 10
6129 5898 6130 10
7923 6678 8199 10
3459 6156 7880 10
6802 7093 8280 10
5101 7416 7417 10
7996 6851 8268 10
6141 7372 7377 10
5800 6088 6089 10
7020 3636 7250 10
5731 6080 6081 10
5913 6045 6046 10
6225 7931 8157 10
6041 5862 6042 10
1529 1223 8218 10
4894 6637 7257 10
6059 5758 6060 10
5431 5430 7773 10
6058 6473 8002 10
7390 7391 8127 10
4905 6755 6756 10
6072 7293 8181 10
6391 4007 7795 10
7807 5412 8068 10
6616 3602 7231 10
6873 7615 7653 10
4141 6638 7234 10
7074 7599 7705 10
6376 6377 7870 10
5159 5158 7828 10
5014 7018 7172 10
5834 5832 7904 10
7872 5204 8143 10
4 4159 7175 10
7109 7110 7351 10
3927 7769 8105 10
5673 5675 8027 10
7436 7125 7648 10
4021 6554 7919 10
5995 8232 8233 10
3676 5699 5700 10
6553 5028 7968 10
7946 6438 8162 10
4893 6186 6187 10
6271 8094 8153 10
5123 5125 8033 10
6848 5431 7773 10
6389 6071 6390 10
6368 7946 8163 10
1531 1532 7779 10
4061 1534 7164 10
7976 6827 8296 10
6133 6128 8172 10
7392 7150 7408 10
7096 5974 8028 10
7225 7629 7729 10
7076 7077 7825 10
5100 7205 7388 10
7373 7152 7443 10
8011 6240 8154 10
2 9 8144 10
6174 6673 7258 10
6427 6044 6544 10
6358 5002 7186 10
6992 7976 8297 10
6630 6086 7259 10
6432 4062 7937 10
5935 5934 6141 10
6221 8011 8155 10
7049 7239 7901 10
6038 5575 7764 10
5971 5835 7209 10
5896 5898 6129 10
7946 6368 8242 10
5128 6909 8214 10
3892 7776 8125 10
8022 6255 8286 10
5434 6654 6655 10
5043 5961 8093 10
6315 6316 7866 10
3501 6204 7922 10
6966 6082 7799 10
6759 8028 8047 10
6110 6275 7814 10
5800 5799 6088 10
6107 7916 7917 10
5868 6073 7552 10
6416 8022 8287 10
5430 5435 7773 10
6674 3671 7954 10
6377 4912 7870 10
6048 6323 8018 10
5722 5718 8285 10
7196 5995 8233 10
5731 5729 6080 10
6501 5001 7866 10
5989 4869 7831 10
7751 6000 8005 10
3539 6631 7951 10
3535 6323 7935 10
3587 6266 7936 10
3669 6473 7938 10
4076 6667 7941 10
4077 6354 7940 10
3517 6363 7939 10
1532 1533 7168 10
8011 6221 8025 10
7225 6020 7747 10
4025 6780 7955 10
6294 5165 8131 10
5774 5772 6069 10
6775 3537 7974 10
3822 7532 7533 10
5119 5117 7734 10
7416 3710 7417 10
3768 7464 7465 10
5967 7596 7960 10
7429 3776 7430 10
3708 7387 7388 10
3731 7369 7370 10
5976 5226 7336 10
6034 7575 7623 10
5207 6313 7144 10
6020 4979 7747 10
6652 5119 7734 10
6827 7976 8175 10
7933 5461 8049 10
5756 5758 6059 10
7219 4906 8051 10
7923 6519 8147 10
6985 6976 7983 10
5009 7149 8056 10
3911 7788 8187 10
6526 6440 8173 10
6943 5078 7890 10
7854 5627 7881 10
6012 7039 7745 10
7676 6083 7703 10
6943 3519 7986 10
5913 5912 6045 10
6848 4053 7961 10
5860 5862 6041 10
5087 5089 6873 10
6887 4060 7967 10
6914 3576 7969 10
4183 7136 7992 10
7118 7525 7562 10
6657 6546 8150 10
7883 6022 8261 10
6174 6676 8044 10
7005 4084 7978 10
5226 5989 7336 10
5018 5019 7848 10
6043 6597 8042 10
5163 6640 7733 10
343 344 5699 10
5434 5433 7895 10
1340 1341 3677 10
7077 3623 7984 10
7786 6887 8051 10
7255 6025 8124 10
6079 7109 7351 10
7391 5058 7989 10
8003 6290 8252 10
5206 6808 7909 10
6236 6235 7918 10
6993 3577 7990 10
4865 5963 7885 10
5717 5720 7270 10
7899 6402 8160 10
7512 7197 7542 10
6384 8003 8253 10
5888 5986 7173 10
6774 6775 7780 10
7155 7598 7635 10
3549 7086 8046 10
6934 5976 7336 10
7897 6240 8011 10
6167 6166 7880 10
5976 6812 8064 10
5573 5572 8060 10
7953 5392 8074 10
7185 6255 8022 10
7000 3653 7875 10
6606 6445 8279 10
5 6 6619 10
5674 5673 8027 10
6398 7899 8161 10
7166 6043 8192 10
5828 7268 7269 10
3863 7663 8104 10
5109 6643 6644 10
6235 3472 7918 10
7865 5348 7905 10
6225 6227 7931 10
6066 6671 8019 10
6073 7302 8196 10
7088 7950 8215 10
7856 6232 7928 10
7294 5080 7876 10
5616 7219 8053 10
5067 6852 7996 10
6340 4927 8148 10
7666 7206 7698 10
6578 7996 8268 10
6325 6326 7910 10
7071 5962 8274 10
6965 6966 7799 10
7030 6009 7031 10
7110 6066 7351 10
7126 5971 7307 10
6071 6389 7851 10
6853 4919 7239 10
4869 5993 7831 10
4235 1529 8218 10
6229 7931 8243 10
7247 6961 7882 10
6221 6222 8025 10
6667 5675 7941 10
7146 7750 8151 10
7750 6206 8151 10
7980 5439 8089 10
6637 5354 7264 10
4890 6098 8110 10
6279 6278 7998 10
5572 5574 8060 10
6559 6558 8008 10
6805 6730 6819 10
3712 7478 8188 10
7138 6496 7922 10
6354 5674 7940 10
7764 7000 7875 10
5574 4857 8063 10
8016 7300 8116 10
4927 6340 8032 10
7187 7569 7696 10
7971 6429 8282 10
6811 6810 7941 10
6771 6770 7938 10
7222 7564 7565 10
7514 7192 7544 10
5994 8262 8263 10
6082 6772 8006 10
6670 6669 7935 10
5002 6358 7866 10
6486 6785 8040 10
7194 7380 7452 10
3729 7480 8123 10
7819 5160 8091 10
6114 3463 6126 10
7409 7228 7441 10
6431 7971 8283 10
7024 7023 8067 10
7369 5907 7920 10
6185 8140 8141 10
6030 7426 7527 10
7378 7230 7379 10
7149 5009 7256 10
6592 6591 7936 10
5927 7759 8103 10
7039 6012 7942 10
7552 6073 8196 10
5354 6930 7264 10
7907 6429 7971 10
3805 7672 8038 10
6666 6665 7940 10
6278 3491 7998 10
6647 6646 7939 10
7405 5099 8102 10
5291 6000 7942 10
6597 6596 8042 10
7997 5622 8117 10
3465 6095 6096 10
7566 7240 7693 10
6674 6134 7258 10
6126 6117 8220 10
3800 221 8115 10
6676 6675 8044 10
6654 6653 8043 10
6100 3464 6101 10
3761 7485 8196 10
6116 3957 6117 10
7146 5007 7750 10
5692 8011 8025 10
6132 3959 8207 10
8075 6443 8264 10
7046 5171 7047 10
6135 3461 6136 10
6183 6077 7278 10
6558 3476 8008 10
6103 3471 6104 10
6702 6578 8268 10
3470 6106 6107 10
6705 5168 8069 10
6120 3956 8072 10
3460 6152 6153 10
6464 8169 8170 10
3958 6123 6124 10
7201 7682 7692 10
3963 6157 6158 10
3825 7671 8181 10
6139 3960 6140 10
6162 3965 6163 10
6145 3467 7255 10
8039 6899 8279 10
3466 6149 7154 10
5962 8273 8274 10
6171 3452 6172 10
3964 6154 6155 10
6771 7938 8006 10
3966 6166 6167 10
4030 6200 6201 10
4857 5674 8063 10
6181 3970 6182 10
6912 6913 7990 10
3451 6192 7265 10
7589 7245 7626 10
6087 6173 7884 10
6179 6184 6185 10
7629 7225 8066 10
6194 3457 7278 10
7164 1535 7994 10
3450 6211 7146 10
6193 6205 6206 10
6209 6199 6210 10
6000 4874 8005 10
3973 6215 6216 10
3974 6212 6213 10
6245 8075 8265 10
3498 6231 6232 10
6224 3490 6225 10
6220 3985 6221 10
3990 6239 6240 10
3489 6228 6229 10
6270 3499 6271 10
6319 3993 6320 10
4000 6344 6345 10
6364 3480 6365 10
6367 3976 6368 10
4011 6401 6402 10
3474 6403 6404 10
3992 6370 6371 10
6433 3991 8041 10
3500 6394 6395 10
4022 6463 6464 10
4002 6437 6438 10
4064 6509 6510 10
6397 4032 6398 10
6405 3475 6406 10
6434 3479 6435 10
6543 4083 6544 10
4031 6496 7138 10
3492 6497 6498 10
6004 5774 6034 10
6477 4040 8058 10
7175 4159 7904 10
6763 6764 7984 10
6580 3478 6581 10
6582 4026 6583 10
4127 6650 6651 10
6662 4140 7792 10
3493 6552 6553 10
4057 6556 6557 10
3441 6694 6695 10
6579 4039 7757 10
6611 3486 6612 10
6615 4041 7346 10
4049 6613 6614 10
3485 6598 6599 10
4050 6609 6610 10
6621 6622 7969 10
6737 6738 7967 10
6603 4129 6880 10
4145 6669 6670 10
6672 4148 6673 10
4128 6591 6592 10
3582 6677 6678 10
6588 3544 7794 10
4124 6707 6708 10
6703 3637 6704 10
4121 6564 6565 10
6692 6693 7961 10
6841 6842 7978 10
3628 6533 6534 10
6859 4090 6860 10
6520 4116 6521 10
6721 3619 7166 10
3657 6665 6666 10
6891 3648 6892 10
6743 4099 6744 10
5969 5628 8013 10
4110 6646 6647 10
6483 3614 6484 10
6762 4103 7071 10
4104 6471 6472 10
6626 3585 6627 10
4105 6770 6771 10
6773 4169 6774 10
3594 6782 6783 10
4109 6787 6788 10
3651 6447 6448 10
6939 4173 7817 10
6796 3520 7294 10
6430 3649 6431 10
4098 6419 6420 10
6415 4014 6416 10
3658 6810 6811 10
4095 6412 6413 10
6972 4113 6973 10
4005 6387 6388 10
3507 6830 6831 10
6996 4117 7755 10
6379 4088 7190 10
6571 4086 6572 10
4871 5969 8014 10
7007 3607 7008 10
6567 3562 6568 10
4001 6355 6356 10
7025 4125 7026 10
6333 4082 6334 10
7037 3665 7038 10
6869 4184 6870 10
4080 6321 6322 10
6504 4078 6505 10
3635 7043 7044 10
3610 6310 6311 10
6492 4075 6493 10
7427 6029 7493 10
3606 6894 6895 10
3639 6293 6294 10
6904 4134 7844 10
4068 6289 6290 10
7064 3508 7065 10
3668 6269 7809 10
4179 7082 7158 10
6922 3438 6923 10
3981 6260 6261 10
6932 3659 6933 10
6455 3510 6456 10
7087 4176 7088 10
4065 6452 7096 10
3978 6247 7843 10
7091 3566 8004 10
6244 3603 6245 10
3604 6442 6443 10
6941 4142 6942 10
6948 4172 6949 10
3612 6953 6954 10
7098 3595 7099 10
3511 6253 7149 10
6962 3437 7862 10
3700 6969 7731 10
6408 4055 6409 10
6964 4147 6965 10
3982 6264 6265 10
3436 6974 6975 10
6981 3702 6982 10
6988 3442 7765 10
6970 3701 7361 10
6134 6965 7799 10
6991 4167 6992 10
6383 3986 6384 10
7122 3531 7123 10
3525 7134 7135 10
6307 3609 6308 10
4992 6833 8070 10
7013 4154 7014 10
7140 4157 7141 10
4046 6346 6347 10
3505 6328 6329 10
5435 7885 8045 10
4161 7034 7735 10
4038 6337 6338 10
6325 3673 6326 10
3534 6324 7802 10
3656 6352 6353 10
6314 4035 6315 10
6359 3644 7826 10
3563 6302 6303 10
6298 3522 6299 10
4029 6361 6362 10
6374 4028 6375 10
4003 6296 6297 10
7060 3554 7061 10
4978 6020 7224 10
6386 4004 7196 10
4010 6392 6393 10
7079 3583 7080 10
3502 7113 7114 10
7108 4146 7109 10
6257 4012 6258 10
4013 6254 6255 10
6248 3557 6249 10
3650 6428 6429 10
7092 4174 7093 10
7337 6889 8024 10
7075 4137 7076 10
4009 6273 6274 10
6283 4006 6284 10
3630 7068 7069 10
3615 6481 6482 10
7121 4135 7771 10
7059 4132 7213 10
4037 6331 7766 10
3996 6524 6525 10
6531 3627 6532 10
4045 6540 6541 10
3994 6547 7748 10
4122 7010 7337 10
6562 3989 6563 10
7131 4120 7132 10
6360 4054 7863 10
7003 3600 7004 10
7032 6976 7926 10
6380 3987 6381 10
6986 3629 7246 10
6589 3540 7824 10
4180 7115 7116 10
3667 6590 7785 10
4059 6422 6423 10
6604 3980 6605 10
4874 6008 8005 10
7094 4175 7103 10
6461 3575 6462 10
6927 4107 6928 10
3584 6918 6919 10
6633 3546 6634 10
3661 6474 6475 10
6912 4101 6913 10
7062 3530 7063 10
6903 3652 7266 10
6885 3559 6886 10
3526 6877 6878 10
4096 7048 7049 10
3504 6515 6516 10
6518 3581 6519 10
6274 6092 7814 10
5977 4871 8014 10
7035 4091 7036 10
7029 4089 7030 10
6536 3998 6537 10
7022 3617 7827 10
3533 6685 7783 10
3655 6548 6549 10
6850 4156 6851 10
4155 7016 7017 10
8121 6482 8271 10
6846 3524 6847 10
3561 7011 7012 10
7009 3646 7812 10
6692 3523 6693 10
3654 7001 7002 10
6834 3675 7834 10
4149 6826 6827 10
6987 4081 7810 10
6713 4008 6714 10
4093 6716 6717 10
4079 6960 6961 10
3596 6956 6957 10
6806 3611 6807 10
6737 3558 6738 10
4143 6803 6804 10
7618 7268 7658 10
6794 3518 6795 10
6378 5076 8055 10
3556 6750 6751 10
6758 3529 6759 10
6621 4020 6622 10
3660 6778 6779 10
4102 6623 7184 10
6776 3547 6777 10
6624 3622 6625 10
6920 4139 7214 10
6763 4136 6764 10
4024 6629 6630 10
6635 4106 6636 10
3509 6906 6907 10
6757 4066 7772 10
4133 6752 6753 10
6639 4108 6640 10
6748 4131 8084 10
4027 6641 6642 10
6898 3605 6899 10
6799 3564 6800 10
8010 5620 8146 10
4112 6663 6664 10
6874 3512 6875 10
7780 6086 8114 10
6723 3634 6724 10
4036 6816 6817 10
3666 6864 7751 10
6863 3541 7833 10
6828 3506 6829 10
6092 6631 7259 10
4126 6710 7345 10
6683 4042 7056 10
4044 6835 6836 10
6837 4047 6838 10
4048 6686 7718 10
4962 6218 7958 10
3515 6700 7808 10
6841 3599 6842 10
3608 6843 6844 10
8128 6957 8291 10
5355 5977 8029 10
6982 3702 7983 10
6596 4056 8042 10
7473 7274 7667 10
6012 5291 7942 10
6785 3613 8040 10
7461 7270 8016 10
6675 3672 8044 10
6653 3521 8043 10
5675 4866 8064 10
7211 7471 7472 10
6484 8121 8272 10
4868 5975 8047 10
6022 7883 7943 10
6617 5218 7237 10
5989 7831 8065 10
7407 7279 7513 10
6960 3549 8046 10
7173 7523 7559 10
4887 6110 7814 10
7398 1513 7399 10
1496 3754 7374 10
3748 1479 7372 10
7395 1462 7396 10
1445 3737 7378 10
3731 1428 7368 10
7393 1411 7403 10
1394 3720 7383 10
3714 1377 7366 10
7386 1360 7406 10
3708 1359 7386 10
1376 3714 7367 10
1393 7383 7384 10
3725 1410 7393 10
1427 3731 7440 10
1444 7378 7379 10
3742 1461 7395 10
1478 3748 7373 10
1495 7374 7375 10
3759 1512 7398 10
1514 3760 7399 10
3754 1497 7376 10
7372 1480 7377 10
1463 3743 7396 10
3737 1446 7380 10
7368 1429 7381 10
1412 3726 7403 10
3720 1395 7382 10
7366 1378 7385 10
1361 3709 7406 10
1358 3708 7962 10
1375 7367 7435 10
3719 1392 7384 10
1409 3725 7392 10
7439 1426 7440 10
3736 1443 7379 10
1460 3742 7394 10
1477 7373 7443 10
3753 1494 7375 10
1511 3759 7397 10
1528 4235 7447 10
3760 1515 7400 10
7376 1498 7449 10
1481 3749 7377 10
3743 1464 7401 10
7380 1447 7452 10
1430 3732 7381 10
3726 1413 7402 10
7382 1396 7453 10
1379 3715 7385 10
3709 1362 7404 10
5975 5355 8029 10
7477 1357 7962 10
3713 1374 7435 10
1391 3719 7407 10
1408 7392 7408 10
3730 1425 7439 10
1442 3736 7409 10
1459 7394 7482 10
3747 1476 7443 10
1493 3753 7516 10
1510 7397 7410 10
3938 1527 7447 10
7400 1516 7484 10
1499 3755 7449 10
3749 1482 7411 10
7401 1465 7487 10
1448 3738 7452 10
3732 1431 7412 10
7402 1414 7413 10
1397 3721 7453 10
3715 1380 7414 10
7404 1363 7415 10
130 3830 7460 10
316 3768 7965 10
37 3861 7457 10
7564 72 7565 10
3780 281 7468 10
7549 165 7572 10
3811 188 7470 10
7539 258 7540 10
3842 95 7471 10
3869 14 7445 10
339 3685 7444 10
3838 107 7437 10
246 7535 7536 10
3807 200 7433 10
3707 1356 7477 10
1373 3713 7434 10
7590 153 7964 10
1390 7407 7513 10
3724 1407 7408 10
1424 3730 7438 10
1441 7409 7441 10
3776 293 7431 10
3741 1458 7482 10
1475 3747 7442 10
60 7528 7529 10
7515 1492 7516 10
3758 1509 7410 10
49 3857 7491 10
1526 3938 7448 10
1517 3761 7484 10
304 3772 7427 10
3755 1500 7450 10
7411 1483 7521 10
1466 3744 7487 10
3738 1449 7451 10
7412 1432 7524 10
1415 3727 7413 10
142 3826 7963 10
3721 1398 7454 10
7414 1381 7526 10
211 3803 7425 10
1364 3710 7415 10
3704 1347 7455 10
235 3795 7497 10
118 3834 7423 10
328 3764 7500 10
25 3865 7420 10
7509 84 7510 10
3784 269 7506 10
7507 177 7600 10
3815 176 7507 10
7506 270 7603 10
7491 7286 7492 10
3846 83 7509 10
3865 26 7421 10
327 7500 7501 10
3834 119 7422 10
234 7497 7605 10
3803 212 7424 10
7607 141 7963 10
3772 305 7426 10
48 7491 7492 10
61 3853 7528 10
292 3776 7428 10
154 3822 7964 10
199 3807 7432 10
247 3791 7535 10
1355 3707 7966 10
1372 7434 7478 10
3718 1389 7513 10
106 3838 7436 10
1406 3724 7479 10
1423 7438 7480 10
3735 1440 7441 10
1457 3741 7481 10
6887 7967 8051 10
1474 7442 7546 10
3752 1491 7515 10
1508 3758 7483 10
1525 7448 7553 10
3761 1518 7485 10
7450 1501 7555 10
3685 340 7296 10
1484 3750 7521 10
3744 1467 7486 10
7451 1450 7558 10
1433 3733 7524 10
3727 1416 7488 10
13 3869 7446 10
7454 1399 7561 10
1382 3716 7526 10
3710 1365 7489 10
7471 96 7472 10
7455 1348 7563 10
3788 257 7539 10
7470 189 7612 10
3819 164 7549 10
7099 8128 8292 10
7468 282 7614 10
3850 71 7564 10
3861 38 7458 10
7617 315 7965 10
3830 131 7459 10
3799 224 7461 10
129 7460 7462 10
3768 317 7463 10
36 7457 7621 10
73 3849 7565 10
280 3780 7467 10
166 3818 7572 10
187 3811 7469 10
7574 1354 7966 10
3712 1371 7478 10
1388 3718 7512 10
1405 7479 7576 10
3729 1422 7480 10
1439 3735 7514 10
1456 7481 7577 10
3746 1473 7546 10
1490 3752 7517 10
1507 7483 7579 10
3763 1524 7553 10
7485 1519 7519 10
259 3787 7540 10
1502 3756 7555 10
3750 1485 7520 10
7486 1468 7522 10
1451 3739 7558 10
3733 1434 7523 10
7488 1417 7583 10
94 3842 7473 10
1400 3722 7561 10
3716 1383 7525 10
7489 1366 7588 10
1349 3705 7563 10
7445 15 7474 10
4189 338 7444 10
7437 108 7476 10
3792 245 7536 10
7433 201 7628 10
7288 7624 7668 10
3823 152 7590 10
7431 294 7630 10
3854 59 7529 10
3857 50 7490 10
303 7427 7493 10
3826 143 7494 10
210 7425 7495 10
3795 236 7496 10
117 7423 7498 10
3764 329 7499 10
3706 1353 7574 10
1370 3712 7595 10
1387 7512 7542 10
3723 1404 7576 10
1421 3729 7543 10
1438 7514 7544 10
24 7420 7502 10
3740 1455 7577 10
1472 3746 7545 10
1489 7517 7597 10
3757 1506 7579 10
1523 3763 7550 10
85 3845 7510 10
1520 3762 7519 10
3756 1503 7554 10
7520 1486 7556 10
1469 3745 7522 10
3739 1452 7557 10
7523 1435 7559 10
268 3784 7503 10
1418 3728 7583 10
3722 1401 7560 10
7525 1384 7562 10
1367 3711 7588 10
178 3814 7600 10
7383 7220 7384 10
175 3815 7508 10
271 3783 7603 10
82 3846 7511 10
7421 27 7637 10
3765 326 7501 10
7422 120 7518 10
3796 233 7605 10
7424 213 7641 10
3827 140 7607 10
7426 306 7527 10
3858 47 7492 10
3853 62 7530 10
291 7428 7643 10
7587 1369 7595 10
3717 1386 7542 10
1403 3723 7585 10
1420 7543 7584 10
3734 1437 7544 10
1454 3740 7578 10
3822 155 7531 10
1471 7545 7582 10
3751 1488 7597 10
1505 3757 7580 10
3711 1368 7587 10
1522 7550 7581 10
1385 3717 7562 10
7560 1402 7585 10
3728 1419 7584 10
1436 3734 7559 10
7557 1453 7578 10
3745 1470 7582 10
1487 3751 7556 10
7554 1504 7580 10
3762 1521 7581 10
198 7432 7534 10
3791 248 7538 10
105 7436 7648 10
4190 12 7446 10
97 3841 7472 10
256 3788 7541 10
190 3810 7612 10
163 3819 7547 10
283 3779 7614 10
70 3850 7566 10
7458 39 7567 10
3769 314 7617 10
7459 132 7656 10
7461 225 7661 10
5974 4868 8047 10
3831 128 7462 10
7463 318 7568 10
3862 35 7621 10
3849 74 7569 10
5225 8227 8228 10
279 7467 7570 10
3818 167 7571 10
186 7469 7573 10
3787 260 7575 10
1346 3704 8112 10
93 7473 7667 10
16 3868 7474 10
337 4189 7586 10
109 3837 7476 10
244 3792 7589 10
202 3806 7628 10
151 3823 7973 10
295 3775 7630 10
58 3854 7593 10
7490 51 7669 10
3773 302 7493 10
7494 144 7594 10
3804 209 7495 10
6729 6730 7949 10
7496 237 7674 10
3835 116 7498 10
7499 330 7596 10
3866 23 7502 10
3845 86 7598 10
3814 179 7599 10
174 7508 7601 10
3783 272 7602 10
81 7511 7678 10
28 3864 7637 10
325 3765 7604 10
121 3833 7518 10
232 3796 7606 10
214 3802 7641 10
139 3827 7608 10
7268 5828 8248 10
307 3771 7527 10
46 3858 7609 10
7530 63 7681 10
3777 290 7643 10
7531 156 7685 10
3808 197 7534 10
7538 249 7687 10
3839 104 7648 10
11 4190 7610 10
3841 98 7611 10
255 7541 7688 10
3810 191 7613 10
162 7547 7691 10
3779 284 7615 10
69 7566 7693 10
40 3860 7567 10
313 3769 7616 10
133 3829 7656 10
220 3800 7618 10
3678 1344 8133 10
226 3798 7661 10
127 3831 7619 10
6640 6295 7733 10
319 3767 7568 10
7684 5739 7845 10
34 3862 7620 10
7569 75 7696 10
3781 278 7570 10
7571 168 7622 10
3812 185 7573 10
7575 261 7623 10
3843 92 7667 10
3868 17 7624 10
6519 6339 8147 10
3691 336 7586 10
3837 110 7625 10
243 7589 7626 10
8143 6954 8238 10
3806 203 7627 10
7699 150 7973 10
3775 296 7629 10
57 7593 7631 10
52 3856 7669 10
301 3773 7977 10
145 3825 7594 10
208 3804 7632 10
238 3794 7674 10
115 3835 7633 10
331 3696 7596 10
22 3866 7634 10
7598 87 7635 10
5080 6655 7876 10
7599 180 7705 10
3816 173 7601 10
7602 273 7636 10
3847 80 7678 10
3864 29 7638 10
3 7175 8050 10
324 7604 7708 10
7634 7227 7675 10
3833 122 7639 10
231 7606 7709 10
4866 5976 8064 10
3802 215 7640 10
138 7608 7712 10
3771 308 7642 10
45 7609 7713 10
64 3852 7681 10
289 3777 7644 10
157 3821 7685 10
196 3808 7647 10
250 3790 7687 10
103 3839 7649 10
223 3799 8116 10
7611 99 7651 10
3789 254 7688 10
6368 6230 8242 10
1345 8112 8133 10
7613 192 7652 10
3820 161 7691 10
7615 285 7653 10
3851 68 7693 10
3860 41 7654 10
312 7616 7655 10
1343 3678 7226 10
3829 134 7657 10
7214 6056 8225 10
219 7618 7658 10
267 7503 8120 10
3798 227 7660 10
4999 6077 7818 10
126 7619 7722 10
3767 320 7662 10
5628 5998 8013 10
33 7620 7663 10
76 3848 7696 10
277 3781 7664 10
169 3817 7622 10
184 3812 7665 10
262 3786 7623 10
91 3843 7666 10
7624 18 7668 10
335 3691 7724 10
7625 111 7726 10
3793 242 7626 10
7609 7232 7713 10
7627 204 7728 10
3824 149 7699 10
7629 297 7729 10
3855 56 7631 10
3856 53 7670 10
7730 300 7977 10
3825 146 7671 10
207 7632 7672 10
3794 239 7673 10
114 7633 7727 10
3696 332 7725 10
21 7634 7675 10
88 3844 7635 10
7882 6961 8046 10
265 3785 7676 10
181 3813 7705 10
172 3816 7981 10
274 3782 7636 10
5998 4877 8015 10
79 3847 7677 10
7638 30 7723 10
1352 3706 8127 10
3766 323 7708 10
6733 6734 8138 10
7639 123 7679 10
6008 5660 7999 10
3797 230 7709 10
8021 5360 8251 10
7640 216 7680 10
3828 137 7712 10
7642 309 7721 10
3785 266 8120 10
3859 44 7713 10
3852 65 7682 10
288 7644 7719 10
3821 158 7683 10
195 7647 7717 10
7023 4185 8067 10
3790 251 7686 10
6086 5376 7259 10
102 7649 7716 10
100 3840 7651 10
6807 8143 8239 10
253 3789 7715 10
193 3809 7652 10
160 3820 7689 10
286 3778 7653 10
7432 7295 7534 10
67 3851 7692 10
7654 42 7714 10
3770 311 7655 10
7657 135 7711 10
3801 218 7658 10
7660 228 7710 10
3832 125 7722 10
6622 8294 8295 10
5166 7190 7789 10
7662 321 7694 10
3863 32 7663 10
3848 77 7695 10
276 7664 7706 10
7267 5826 8076 10
3817 170 7697 10
183 7665 7704 10
3786 263 7703 10
90 7666 7698 10
19 3867 7668 10
4191 334 7724 10
112 3836 7726 10
241 3793 7702 10
7296 341 7323 10
205 3805 7728 10
148 3824 7701 10
3676 5700 7956 10
6839 6838 7297 10
3840 101 7716 10
7686 252 7715 10
3809 194 7717 10
7683 159 7689 10
3778 287 7719 10
7682 66 7692 10
43 3859 7714 10
310 3770 7721 10
136 3828 7711 10
217 3801 7680 10
229 3797 7710 10
124 3832 7679 10
322 3766 7694 10
298 3774 7729 10
31 3863 7723 10
78 7677 7695 10
3782 275 7706 10
7697 171 7981 10
3813 182 7704 10
264 7676 7703 10
3844 89 7698 10
3867 20 7675 10
333 4191 7725 10
3836 113 7727 10
7673 240 7702 10
3805 206 7672 10
55 3855 7700 10
7671 147 7701 10
3774 299 7730 10
7670 54 7700 10
4159 6619 7171 10
6031 7642 7721 10
5376 6092 7259 10
1342 7226 7475 10
6340 6334 8032 10
7305 7470 7612 10
6140 8000 8171 10
5224 7894 7907 10
7647 7248 7717 10
6957 7739 8284 10
7739 6664 8284 10
6605 7219 8290 10
8000 7255 8171 10
6058 5150 8006 10
6025 7255 8000 10
7219 6738 8290 10
7311 7393 7403 10
7018 3514 7172 10
6410 5192 8149 10
7086 7882 8046 10
6182 6177 7818 10
6082 4888 7799 10
6092 4887 7814 10
1531 7779 8218 10
6323 6048 7935 10
6121 8067 8260 10
5993 6780 7831 10
7313 7454 7561 10
7304 7458 7567 10
6404 8057 8159 10
7256 6420 8226 10
6018 5375 8018 10
4877 6018 8015 10
6910 6911 8214 10
6445 8039 8279 10
7149 7256 8226 10
6775 6079 7780 10
4894 7257 7778 10
6179 6185 7884 10
6143 7265 8080 10
6027 4882 8002 10
6005 8288 8289 10
7877 5825 7944 10
5660 6027 7999 10
8030 7036 8031 10
6895 6900 8035 10
7320 7507 7600 10
7272 7402 7413 10
7430 7630 8066 10
7633 7354 7727 10
7015 7053 7867 10
7442 7334 7546 10
7163 5813 7903 10
6056 8224 8225 10
4884 6086 7780 10
5150 6082 8006 10
7322 7520 7556 10
6733 8138 8259 10
7171 6619 7995 10
7326 7852 7853 10
7649 7328 7716 10
7941 5675 8064 10
7420 7209 7502 10
7136 7135 7885 10
4968 6115 8220 10
6066 5442 7351 10
6933 6934 7336 10
5411 6237 8057 10
7045 7044 7047 10
6079 4884 7780 10
7915 5415 7916 10
7338 7686 7715 10
7390 5058 7391 10
6832 6831 6833 10
7892 5997 7899 10
6425 6214 6426 10
7616 3769 7993 10
7887 5926 8101 10
4925 7464 7466 10
7508 7290 7601 10
5156 6893 7130 10
7336 5989 8065 10
6048 4883 8019 10
7360 6119 8207 10
6847 6848 7773 10
7344 7657 7711 10
6566 6565 7775 10
7483 7339 7579 10
7871 7592 8195 10
6648 6647 7879 10
6637 6634 7257 10
3671 6964 7954 10
6780 6779 7831 10
5965 4867 7943 10
5375 6048 8018 10
6357 6356 7186 10
6631 6630 7259 10
344 4094 5699 10
6505 6506 7217 10
6312 6311 7909 10
6262 6261 6263 10
6348 6347 7183 10
6330 6329 7342 10
6326 6327 6958 10
6554 6553 7968 10
6304 6303 7218 10
6256 6255 7185 10
6275 6274 7814 10
7616 6032 7655 10
6168 6167 6208 10
6877 4183 7992 10
6241 6240 7897 10
6225 6226 6227 10
6233 6232 7856 10
6498 6497 7919 10
6976 6975 7926 10
5963 7136 7885 10
6101 6102 7161 10
3537 7108 7974 10
4956 7739 8128 10
4062 6891 7937 10
6473 6058 7938 10
7298 7538 7687 10
5828 7267 8248 10
7935 6048 8019 10
6163 6164 8098 10
6964 6965 7954 10
4936 6766 8052 10
3519 7094 7986 10
8115 222 8116 10
3865 7421 8186 10
4888 6134 7799 10
6891 6892 7937 10
4882 6058 8002 10
6840 6732 6856 10
7347 7557 7578 10
1340 3677 6200 10
7108 7109 7974 10
5128 6884 6909 10
5442 6079 7351 10
5184 6523 7959 10
6497 4021 7919 10
7528 7335 7529 10
6313 5207 7909 10
6736 6735 8190 10
4891 6144 8031 10
7608 7310 7712 10
7374 7341 7375 10
7950 6486 8040 10
5213 6900 8039 10
7343 7401 7487 10
7511 7358 7678 10
6866 3439 8138 10
7262 7468 7614 10
3695 6902 8139 10
6930 6777 7264 10
6636 6637 7264 10
7606 7359 7709 10
6273 3539 7951 10
7752 7038 7942 10
6474 4025 7955 10
7219 6605 8053 10
4883 6066 8019 10
6271 6272 8094 10
7397 7312 7410 10
6093 6861 6862 10
7239 4919 7901 10
5825 7193 7944 10
7094 7103 7986 10
6131 4891 8031 10
7773 5435 8045 10
3528 7883 8261 10
6878 6877 7992 10
3969 6179 7884 10
6889 7337 7836 10
6134 5682 7258 10
3711 7587 7957 10
7387 7386 8102 10
3709 7405 8102 10
5788 7838 7947 10
7346 6529 8087 10
7362 7639 7679 10
6902 6734 8139 10
6919 7081 8052 10
6734 6866 8138 10
4942 7360 8079 10
7532 7531 8113 10
7420 3865 8186 10
3821 7684 8113 10
6947 4073 8130 10
6000 7751 7752 10
6274 6273 7951 10
7538 7298 8217 10
6475 6474 7955 10
7251 7488 7583 10
7497 7327 7605 10
7587 7419 7957 10
5810 7850 7934 10
342 3676 7323 10
7890 5079 8085 10
5682 6174 7258 10
6032 7616 7993 10
7419 7418 7957 10
6961 6960 8046 10
7327 7497 8285 10
7193 5791 8038 10
7537 7535 8217 10
7796 5927 8103 10
7496 7324 8285 10
6144 7735 8030 10
6201 3677 6202 10
8001 6140 8172 10
7419 7587 7595 10
6061 7345 8183 10
6095 3953 8107 10
6149 3962 8097 10
6955 6954 8247 10
7916 5415 7917 10
6628 6766 8201 10
7813 6802 8281 10
7283 7697 7981 10
7779 7168 7784 10
4942 6119 7360 10
6409 6410 8149 10
7417 7588 7957 10
5995 4872 7851 10
7292 7607 7963 10
7244 5722 7800 10
7269 7300 8016 10
5080 7294 8085 10
3953 6100 8108 10
6385 6586 8193 10
7329 7515 7516 10
4920 7185 8022 10
6320 6233 8093 10
7617 7465 7993 10
7061 6755 8250 10
7332 7486 7522 10
7938 6058 8006 10
3472 6282 8166 10
7842 5616 8053 10
7301 7398 7399 10
6043 8042 8192 10
6184 3451 8140 10
3456 6209 8137 10
6363 5063 7939 10
3467 6139 8171 10
3960 6133 8172 10
6205 3450 8151 10
7352 7422 7518 10
3491 6396 8164 10
6239 3481 8154 10
6228 3977 8156 10
6231 3975 8152 10
7898 6402 7899 10
3497 6319 8158 10
6344 3474 8159 10
4140 6657 8150 10
6437 3488 8162 10
6401 3483 8160 10
6576 6378 8055 10
6394 4031 8168 10
6463 3492 8169 10
6735 6736 8191 10
3701 6968 8142 10
6951 5132 8126 10
3565 7813 8281 10
4026 6526 8173 10
7779 4235 8218 10
3476 6600 8177 10
4041 6530 8176 10
6911 6936 8126 10
6552 4049 8179 10
6556 3485 8180 10
6731 6732 8254 10
6598 4058 8184 10
7370 7369 7920 10
7757 6055 8092 10
3962 6145 8124 10
6694 6662 8235 10
8111 3881 8231 10
5671 8111 8231 10
7324 7496 7674 10
6128 8001 8172 10
6431 6432 8234 10
7813 6947 8130 10
3481 6220 8155 10
3977 6224 8157 10
3975 6270 8153 10
6282 4000 8167 10
4933 7970 8295 10
3488 6367 8163 10
6623 3631 8273 10
6396 4022 8165 10
4136 6624 8275 10
4066 6758 8276 10
6641 3567 8277 10
3605 6606 8279 10
6663 3596 8284 10
6816 3503 8288 10
4156 6702 8268 10
3483 6397 8161 10
3693 6819 8255 10
4020 6461 8294 10
6422 3527 8266 10
3558 6604 8290 10
6956 4111 8291 10
4008 6589 8293 10
6826 3578 8296 10
6736 7896 7900 10
7082 3473 8224 10
6953 4177 8238 10
4153 7007 8212 10
3532 6996 8208 10
6600 4050 8178 10
3619 6869 8213 10
3626 6520 8211 10
6533 3997 8209 10
6471 3668 8216 10
6564 3645 8205 10
6447 3978 8221 10
6707 3616 8203 10
4173 7091 8222 10
3520 6941 8223 10
6419 3511 8226 10
6412 3633 8227 10
6481 4069 8271 10
4113 6971 8229 10
6387 3662 8232 10
4117 7122 8236 10
3638 6379 8237 10
3516 6571 8240 10
4058 6611 8185 10
7969 6622 7970 10
6321 3534 8245 10
3613 7087 8215 10
6677 4115 8199 10
3544 6859 8198 10
4004 6288 8262 10
6293 4003 8249 10
4134 7060 8250 10
4174 6946 8280 10
6289 3592 8252 10
6428 4063 8282 10
6269 4010 8256 10
4185 7022 8260 10
6260 3621 8257 10
6254 3574 8286 10
6452 3528 8261 10
3521 6797 8197 10
6911 8126 8214 10
6442 4018 8264 10
4056 6721 8192 10
3672 6672 8194 10
6264 3586 8269 10
7990 6913 7991 10
7086 7085 7927 10
4073 6799 8202 10
6952 7731 8071 10
6923 8189 8190 10
7845 7532 8113 10
4115 6518 8200 10
7684 7845 8113 10
6840 3693 8254 10
6704 6705 8069 10
3473 6920 8225 10
3439 6856 8259 10
6666 7940 8027 10
4177 6806 8239 10
3616 6380 8204 10
7370 7439 7440 10
7388 7477 7962 10
7533 7590 7964 10
3645 6562 8206 10
6942 7890 8085 10
6808 5206 7872 10
7417 7489 7588 10
7465 7617 7965 10
7430 7431 7630 10
3997 6531 8210 10
4069 6483 8272 10
3503 6972 8289 10
6946 3565 8281 10
4063 6430 8283 10
3527 6603 8267 10
4111 7098 8292 10
3574 6415 8287 10
3567 6939 8278 10
3578 6991 8297 10
3631 6762 8274 10
6288 3661 8263 10
6619 4234 7995 10
3586 6268 8270 10
8094 7928 8153 10
3633 6257 8228 10
4018 6244 8265 10
6971 3502 8230 10
6968 6962 8244 10
3662 6386 8233 10
3621 6408 8258 10
3592 6383 8253 10
7900 3695 8191 10
5654 7309 7835 10
3438 7896 8189 10
6072 7871 8195 10
8098 5467 8099 10
7670 7700 7762 10
7621 7457 8109 10
7549 7572 8135 10
7209 7420 8186 10
3819 7549 8135 10
3862 7621 8109 10
6230 6229 8243 10
7435 7367 8103 10
3714 7366 8101 10
7366 7385 8101 10
3713 7435 8103 10
3677 1341 7475 10
6109 5416 8119 10
6280 7998 8164 10
6583 8173 8174 10
5764 6072 8195 10
7224 7730 7977 10
7912 5819 8109 10
8000 6140 8001 10
7856 5043 8093 10
7627 7728 7744 10
3731 7368 7369 10
3708 7386 7387 10
7367 3714 7796 10
7385 3715 7887 10
3709 7404 7405 10
7434 3713 7759 10
7438 3730 7914 10
7415 3710 7416 10
3704 7455 7456 10
7680 3801 8248 10
7701 3824 7871 10
7563 3705 7989 10
7689 3820 7690 10
7550 3763 7551 10
3821 7683 7684 10
7596 3696 7960 10
7669 3856 7934 10
7620 3862 7874 10
7610 4190 7995 10
7641 3802 8076 10
7628 3806 7947 10
7474 3868 7857 10
7547 3819 7548 10
3822 7531 7532 10
7503 3784 7504 10
3857 7490 7850 10
7572 3818 8134 10
3768 7463 7464 10
7428 3776 7429 10
3807 7433 7838 10
7536 7535 7537 10
7457 3861 7912 10
7421 7307 8186 10
6295 6294 8131 10
7265 6143 8141 10
6766 4936 8201 10
6998 6756 6999 10
6339 6338 8148 10
7827 6121 8260 10
7796 3714 8101 10
7385 7887 8101 10
7367 7796 8103 10
7759 3713 8103 10
7548 3819 8135 10
7572 8134 8135 10
7874 3862 8109 10
7263 5090 7853 10
7325 7602 7636 10
7457 7912 8109 10
3676 343 5699 10
6000 7752 7942 10
6655 8043 8197 10
8085 7294 8223 10
7307 7421 7637 10
6942 8085 8223 10
8004 6644 8222 10
6643 8277 8278 10
5791 7744 8038 10
6742 6792 8241 10
4159 5 6619 10
7882 7086 7927 10
6202 3677 7475 10
6266 6035 7936 10
1533 4061 7168 10
7015 7867 8246 10
8173 6440 8174 10
6586 4950 8193 10
6237 8166 8167 10
7586 8017 8083 10
7876 6655 8197 10
8140 7265 8141 10
8169 6498 8170 10
7852 7263 7853 10
5834 7171 7929 10
7592 7591 8195 10
3769 7617 7993 10
6802 8280 8281 10
6109 8059 8072 10
1532 7168 7779 10
7970 6622 8295 10
7759 5966 8188 10
7299 6267 8270 10
6280 8164 8165 10
7971 6431 8234 10
6 4234 6619 10
7950 8040 8215 10
4189 7444 8017 10
5813 7762 7903 10
6755 7844 8250 10
3691 7586 8083 10
8028 5974 8047 10
8294 6462 8295 10
7789 6704 8069 10
6098 7794 8110 10
6801 8130 8202 10
7940 5674 8027 10
7857 5834 7929 10
7923 8199 8200 10
7588 3711 7957 10
8126 5129 8214 10
5640 7247 7882 10
6406 7807 8068 10
6104 7915 7916 10
7731 5968 8071 10
7928 8152 8153 10
6560 8177 8178 10
7389 7574 7966 10
8110 7794 8198 10
6860 8110 8198 10
6237 7918 8166 10
5087 6873 7645 10
6889 4909 8024 10
8057 6345 8159 10
6888 6886 7786 10
6204 6203 7922 10
5137 7032 7926 10
6144 8030 8031 10
4913 6801 7891 10
8143 5204 8247 10
7976 8296 8297 10
7918 3472 8166 10
7013 7014 7172 10
7931 8156 8157 10
6163 8098 8099 10
7014 7015 8246 10
6096 6095 8107 10
7154 6149 8097 10
6139 6140 8171 10
5692 7897 8011 10
6900 5213 8035 10
7817 6643 8278 10
7348 4920 8022 10
6100 6101 8108 10
6145 7255 8124 10
6560 8008 8177 10
7874 5821 8104 10
5971 7209 8186 10
5640 7882 7927 10
6819 6730 8255 10
7998 3491 8164 10
5720 7269 8016 10
3534 7802 8245 10
7871 6072 8181 10
4003 6297 8249 10
7060 7061 8250 10
8022 8286 8287 10
7196 4004 8262 10
4010 6393 8256 10
7122 7123 8236 10
3451 7265 8140 10
3511 7149 8226 10
6954 6953 8238 10
6209 6210 8137 10
8008 3476 8177 10
6941 6942 8223 10
6991 6992 8297 10
7091 8004 8222 10
6185 6184 8140 10
3978 7843 8221 10
7087 7088 8215 10
7158 7082 8224 10
7098 7099 8292 10
3668 7809 8216 10
3450 7146 8151 10
7255 3467 8171 10
6140 3960 8172 10
6206 6205 8151 10
6869 6870 8213 10
6240 6239 8154 10
6229 6228 8156 10
6232 6231 8152 10
6319 6320 8158 10
3474 6404 8159 10
6345 6344 8159 10
6438 6437 8162 10
6402 6401 8160 10
7792 4140 8150 10
4031 7138 8168 10
3492 6498 8169 10
6395 6394 8168 10
6464 6463 8169 10
7007 7008 8212 10
6583 4026 8173 10
6996 7755 8208 10
6220 6221 8155 10
6224 6225 8157 10
6270 6271 8153 10
4000 6345 8167 10
7346 4041 8176 10
4049 6614 8179 10
3485 6599 8180 10
6367 6368 8163 10
4022 6464 8165 10
6553 6552 8179 10
6557 6556 8180 10
6397 6398 8161 10
6923 3438 8189 10
7361 3701 8142 10
6599 6598 8184 10
3661 6475 8263 10
4050 6610 8178 10
7022 7827 8260 10
6611 6612 8185 10
6972 6973 8289 10
6827 6826 8296 10
6714 4008 8293 10
6939 7817 8278 10
6957 6956 8291 10
6662 7792 8235 10
6738 3558 8290 10
7946 8162 8163 10
6622 4020 8294 10
6762 7071 8274 10
6695 6694 8235 10
6233 7856 8093 10
6806 6807 8239 10
6721 7166 8192 10
6859 6860 8198 10
6920 7214 8225 10
7794 3544 8198 10
6678 6677 8199 10
6672 6673 8194 10
8242 6230 8243 10
6708 6707 8203 10
6565 6564 8205 10
6534 6533 8209 10
7586 4189 8017 10
6520 6521 8211 10
7166 3619 8213 10
6472 6471 8216 10
6899 3605 8279 10
6642 6641 8277 10
6664 6663 8284 10
7772 4066 8276 10
6448 6447 8221 10
6817 6816 8288 10
6764 4136 8275 10
6624 6625 8275 10
7817 4173 8222 10
7184 6623 8273 10
6758 6759 8276 10
3596 6957 8284 10
7294 3520 8223 10
6420 6419 8226 10
6413 6412 8227 10
6851 4156 8268 10
6973 4113 8229 10
6603 6880 8267 10
6388 6387 8232 10
7755 4117 8236 10
6379 7190 8237 10
6571 6572 8240 10
6461 6462 8294 10
6423 6422 8266 10
6604 6605 8290 10
6589 7824 8293 10
6483 6484 8272 10
6799 6800 8202 10
6322 6321 8245 10
7053 5012 7867 10
6294 6293 8249 10
7844 4134 8250 10
6430 6431 8283 10
6290 6289 8252 10
6415 6416 8287 10
5699 4094 5700 10
7809 6269 8256 10
6518 6519 8200 10
6261 6260 8257 10
6482 6481 8271 10
7096 6452 8261 10
6443 6442 8264 10
7093 4174 8280 10
6429 6428 8282 10
6265 6264 8269 10
6380 6381 8204 10
6255 6254 8286 10
8134 6067 8135 10
6562 6563 8206 10
6531 6532 8210 10
6244 6245 8265 10
7733 6295 8131 10
6408 6409 8258 10
8043 3521 8197 10
6257 6258 8228 10
3502 7114 8230 10
6383 6384 8253 10
6386 7196 8233 10
8044 3672 8194 10
8042 4056 8192 10
8147 6339 8148 10
6962 7862 8244 10
8040 3613 8215 10
6876 8142 8244 10
7914 6065 8123 10
8067 4185 8260 10
8011 8154 8155 10
5722 7324 7800 10
5120 6741 8241 10
8107 3953 8108 10
5224 7907 7971 10
3695 8139 8191 10
7931 4976 8243 10
8138 3439 8259 10
5012 7053 7282 10
5826 7877 8076 10
4977 7946 8242 10
6856 6732 8259 10
6732 6840 8254 10
8003 8252 8253 10
8130 4073 8202 10
5997 7898 7899 10
8097 3962 8124 10
8166 6282 8167 10
3732 7371 7381 10
8154 3481 8155 10
8156 3977 8157 10
8152 3975 8153 10
8164 6396 8165 10
8162 3488 8163 10
4929 7923 8147 10
8160 3483 8161 10
8177 6600 8178 10
8184 4058 8185 10
8269 3586 8270 10
8264 4018 8265 10
8257 3621 8258 10
8252 3592 8253 10
8232 3662 8233 10
8286 3574 8287 10
8229 6971 8230 10
8227 3633 8228 10
8282 4063 8283 10
8280 6946 8281 10
8271 4069 8272 10
7976 4930 8175 10
8209 3997 8210 10
8254 3693 8255 10
8205 3645 8206 10
8203 3616 8204 10
8266 3527 8267 10
8199 4115 8200 10
8273 3631 8274 10
8277 3567 8278 10
8288 3503 8289 10
8224 3473 8225 10
8238 4177 8239 10
6267 8269 8270 10
8291 4111 8292 10
8296 3578 8297 10
8262 6288 8263 10
8142 6968 8244 10
7896 6736 8189 10
6736 7900 8191 10
7862 6876 8244 10
5718 7327 8285 10
7270 5720 8016 10
7899 8160 8161 10
7298 5773 8217 10
6188 7811 7910 10
5224 7971 8234 10
8017 5030 8083 10
7971 8282 8283 10
6741 6742 8241 10
6026 8000 8001 10
7592 7699 7973 10
8112 7281 8133 10
8075 8264 8265 10
7300 8115 8116 10
5050 7928 8094 10
7505 3785 8120 10
6801 7813 8130 10
8121 8271 8272 10
8128 8291 8292 10
8143 8238 8239 10
7694 3766 8009 10
9 10 7610 10
6212 3456 8137 10
6147 3460 6153 10
3462 6132 8207 10
6154 3466 7154 10
3478 6477 8058 10
3479 6433 8041 10
3486 6582 6583 10
6370 3497 8158 10
6342 3500 6395 10
6761 3509 6907 10
6361 3516 8240 10
6835 3532 8208 10
3547 6635 6636 10
6450 3556 6751 10
6845 3561 7012 10
3566 7092 7093 10
6765 3584 6919 10
7099 3595 7101 10
7008 3607 7127 10
6807 3611 6809 10
6524 3626 8211 10
3629 6987 7810 10
6296 3638 8237 10
3644 6492 6493 10
6247 3650 6429 10
6716 3666 7751 10
6684 3674 7811 10
3959 6135 6136 10
6152 3963 6158 10
6211 3973 6216 10
3991 6364 6365 10
6281 4011 6402 10
4039 6580 6581 10
4040 6434 6435 10
6499 4057 6557 10
6454 4064 6510 10
6668 4079 6961 10
4088 6703 6704 10
6590 4093 6717 10
6872 4096 7049 10
6467 4102 7184 10
4107 6776 6777 10
6620 4127 6651 10
6750 4133 6753 10
6658 4143 6804 10
6825 4149 6827 10
6843 4153 8212 10
7069 4168 7246 10
6949 4172 7097 10
4175 6794 6795 10
7113 4179 7158 10
6979 4180 7116 10
5003 6458 6907 10
5007 6216 6217 10
6365 6241 7897 10
6842 6357 7186 10
6421 6420 7256 10
6501 6664 7739 10
8403 12695 11575 10
8445 11942 11839 10
8968 11498 11495 10
8385 11555 11222 10
8982 12674 11871 10
8392 12634 11619 10
11873 11874 8984 10
8514 12946 11610 10
8889 11507 11504 10
11409 11411 8517 10
8426 11662 11518 10
11402 12645 8395 10
11447 12207 8988 10
11362 11526 8974 10
8526 11892 11891 10
8537 11918 11545 10
11193 11378 8366 10
11377 11679 8898 10
8953 12695 11725 10
11548 12580 8516 10
11930 11931 9030 10
8368 11691 11398 10
8904 11918 11546 10
11547 11698 8906 10
8909 11700 11404 10
11410 12580 8910 10
11562 12670 9017 10
11549 11706 8470 10
8994 12128 11765 10
8997 11925 11924 10
8408 11496 11145 10
11244 11344 8477 10
8393 12633 11983 10
8515 12075 11921 10
8842 11467 11110 10
11114 11285 8921 10
12009 12597 9023 10
11254 12647 8529 10
9030 12108 11848 10
11243 11244 8849 10
8916 12725 11160 10
8851 11425 11221 10
11390 11391 9891 10
11214 12610 8856 10
11190 12628 8899 10
11186 11403 8907 10
11194 11387 8858 10
8489 11394 11194 10
11049 12673 11546 10
10268 12663 10271 10
3336 11522 3337 10
8621 12174 12163 10
12310 12415 12031 10
12214 12224 8695 10
11606 12093 10080 10
8606 12205 12194 10
12191 12203 8615 10
10056 11733 11732 10
11017 11018 9858 10
8956 12696 11696 10
11406 11407 10906 10
11831 12627 11850 10
11836 11837 11832 10
12107 12399 8654 10
8689 12172 12154 10
3198 10269 3199 10
8635 12086 10891 10
8797 10873 10556 10
10269 12899 3199 10
12919 12930 11266 10
8738 10318 10271 10
9774 11505 11504 10
11592 11593 11591 10
8658 12221 12189 10
9902 10940 9904 10
12145 12152 8678 10
10120 10131 8740 10
11063 11065 11064 10
8589 12134 12113 10
8620 12201 12174 10
8791 9910 9100 10
8774 10121 3335 10
12031 12413 10730 10
11542 11942 9797 10
9793 11855 11854 10
10119 10121 8774 10
9782 12047 9795 10
9979 12596 11374 10
3093 10766 3094 10
10094 10096 9715 10
8690 12206 12172 10
12088 12337 11064 10
3335 10121 3336 10
12160 12200 8652 10
9087 10637 10585 10
9865 11320 9866 10
3398 10598 3399 10
12152 12182 8677 10
10315 10317 8812 10
9910 10858 9917 10
3371 9953 3372 10
3402 10625 3403 10
11852 12187 8645 10
8588 12173 12134 10
9917 10858 8793 10
9800 10897 9426 10
3070 10729 3071 10
11235 11341 8878 10
10556 10873 9823 10
8812 10319 10315 10
10893 10894 8632 10
10121 11522 3336 10
8774 10122 10119 10
8728 12089 12071 10
10126 10128 9642 10
9642 10128 9563 10
10312 12684 10454 10
12110 12157 8670 10
9868 12158 8547 10
10572 10676 9063 10
10271 12663 8738 10
10747 12092 12090 10
11645 11646 9811 10
3191 10313 3192 10
8716 12455 12025 10
8581 12141 12082 10
12094 12148 8720 10
10060 13065 11570 10
10313 12924 3192 10
8729 12150 12089 10
11383 13073 10045 10
12250 12339 8569 10
12183 12961 11020 10
8704 12136 12073 10
11961 12990 9813 10
10040 12108 11931 10
9563 10128 9561 10
11596 11597 10007 10
10071 11706 11550 10
3327 11916 3328 10
12505 12508 12291 10
10892 10893 8633 10
11595 11596 10007 10
12032 12043 10399 10
8541 12043 12032 10
12187 12188 8644 10
10854 12363 8627 10
12035 12054 8596 10
10350 12694 10563 10
10131 10133 8740 10
12084 12102 10568 10
11966 12013 10389 10
8542 12013 11966 10
8642 12329 12125 10
8766 10108 3326 10
9870 11005 10332 10
8641 12124 11735 10
11480 11686 10457 10
8544 11686 11480 10
11443 12619 10285 10
10891 10892 8634 10
10583 10689 9094 10
8609 12196 12014 10
10816 10850 9976 10
2884 12253 2885 10
10961 11021 9815 10
8546 11021 10961 10
3188 10352 3189 10
10106 10108 8766 10
12090 12092 8598 10
8599 12092 12056 10
8358 11341 11235 10
12059 12141 8580 10
12063 12102 8713 10
10930 10936 10444 10
12054 12090 8597 10
8549 10936 10930 10
12012 12173 8587 10
8602 12209 11057 10
8712 12102 12084 10
8701 12190 11987 10
12068 12136 8705 10
10911 10915 10336 10
11646 11962 9813 10
8799 10556 9823 10
8559 10915 10911 10
10314 10319 8747 10
11053 12201 8619 10
8696 12285 12215 10
10352 12935 3189 10
8676 12182 11936 10
10877 10885 9805 10
8732 10885 10877 10
11582 12206 8691 10
8651 12200 11788 10
12215 12360 8697 10
8711 12084 12049 10
10853 10865 10363 10
8666 12494 12055 10
10585 10712 9087 10
10348 12062 8543 10
8543 12066 10348 10
8758 10865 10853 10
12328 12524 8629 10
10821 10835 10309 10
11039 12680 11038 10
8808 10835 10821 10
12133 12221 8659 10
10107 10510 8788 10
8616 12203 10904 10
10908 12205 8605 10
10309 10563 8765 10
8608 12407 12195 10
12195 12444 8607 10
8649 10931 10896 10
8765 10821 10309 10
8614 12379 12192 10
12192 12459 8613 10
11786 13052 11785 10
9923 9939 8790 10
10315 10319 10314 10
8694 12224 10922 10
10318 12665 10271 10
9957 12367 10945 10
10050 13137 11626 10
10510 10511 8788 10
9774 11504 11239 10
10856 10857 10543 10
9922 11257 11205 10
11269 12669 10282 10
10362 10847 10363 10
10305 11576 10993 10
10847 10853 10363 10
12163 12164 8622 10
9906 11065 10953 10
12017 12068 8706 10
11063 11066 11065 10
9961 12964 12249 10
11980 12059 8579 10
10362 10835 8808 10
11006 12597 11724 10
9721 10368 9885 10
11854 12838 9793 10
8696 12215 12214 10
8808 10847 10362 10
10972 11576 10305 10
10280 12921 10986 10
12154 12155 8688 10
3326 10108 3327 10
12194 12195 8607 10
8614 12192 12191 10
10358 12077 8545 10
8545 12091 10358 10
11324 13157 11118 10
9979 11374 9825 10
8766 10109 10106 10
8749 10093 3320 10
12113 12114 8590 10
11004 12184 8612 10
8679 12146 12145 10
9829 10872 9805 10
1543 13006 9096 10
10872 10877 9805 10
8584 12175 10992 10
10454 12684 8779 10
10091 10093 8749 10
9825 11374 11373 10
11154 12096 9811 10
10951 12216 8698 10
8708 12220 12018 10
10943 12167 8673 10
10654 10685 9064 10
12413 12414 10730 10
9939 12991 8790 10
10635 12399 10638 10
11540 11541 9796 10
10083 11867 11866 10
10972 13155 11576 10
9205 10426 9992 10
3321 12010 3322 10
11852 12366 9957 10
12770 13042 11419 10
9823 11231 8799 10
9064 10686 10654 10
10676 10701 9063 10
12050 12220 8709 10
12111 12475 8672 10
10412 10939 10414 10
8595 12036 12035 10
12057 12209 8601 10
10337 10895 10336 10
8715 12197 12064 10
10895 10911 10336 10
8803 10133 10132 10
9904 10940 9908 10
9298 9941 9716 10
8671 12514 12111 10
8655 12564 12106 10
10366 12179 11964 10
9829 10865 8758 10
9100 9910 9104 10
10849 10850 9652 10
8758 10872 9829 10
8610 12014 11003 10
9642 10129 10126 10
9820 12185 12158 10
10108 11916 3327 10
9961 12278 12267 10
10991 12012 8586 10
10429 12115 8548 10
8548 12135 10429 10
9053 12587 10879 10
12083 12244 8582 10
9210 9985 9983 10
8583 12315 12083 10
10987 10990 10280 10
10443 10924 10444 10
10826 10827 9729 10
10924 10930 10444 10
12184 12192 8613 10
9294 9926 9711 10
12195 12196 8608 10
12095 12516 8722 10
11445 11474 9884 10
12083 12175 8583 10
10967 12777 10275 10
12074 12190 8702 10
8700 11987 10950 10
10511 11778 10890 10
8697 12216 12215 10
9934 10849 9652 10
8722 12166 12095 10
8721 12576 12095 10
9808 11890 11889 10
12232 12776 10767 10
11863 12626 8981 10
9716 10295 9300 10
9699 10020 9536 10
11592 13117 11593 10
11845 12627 9998 10
10897 12798 11454 10
8672 12167 12111 10
8675 11936 10942 10
12074 12473 8703 10
9964 12067 9921 10
9608 10850 9604 10
10327 10947 9815 10
10563 12694 8765 10
9432 10923 9812 10
10887 12959 12016 10
10947 10961 9815 10
12082 12083 8582 10
8650 11788 10931 10
11342 11389 8357 10
8671 12111 12110 10
9201 10404 9996 10
9290 9880 9709 10
10081 11606 10080 10
8702 12513 12074 10
12164 12262 8622 10
11233 11234 10822 10
11546 11918 11049 10
8721 12095 12094 10
11439 12917 11438 10
10337 10885 8732 10
10921 11582 8692 10
9808 10923 9432 10
9258 9843 9676 10
9870 10332 9238 10
12073 12074 8703 10
8732 10895 10337 10
9885 10368 9209 10
10086 12756 9712 10
9834 12781 11360 10
11955 12866 11506 10
10372 12165 8550 10
8550 12177 10372 10
3372 9953 9076 10
11127 11128 10897 10
10113 10938 10109 10
8603 11057 10907 10
3094 10766 9085 10
10460 11058 10457 10
12056 12057 8600 10
10903 11053 8618 10
10043 13071 11396 10
11058 11480 10457 10
9811 11646 9813 10
9286 9875 9708 10
8714 12064 12063 10
10280 10888 9237 10
8799 11231 9831 10
10002 10919 9204 10
8804 10147 3312 10
9090 10598 3398 10
8790 9969 9923 10
12155 12356 8688 10
10006 12730 10432 10
12570 12871 12041 10
12049 12050 8710 10
9096 12472 1543 10
9108 9837 9621 10
10990 12863 10280 10
3403 10625 9088 10
10896 10945 8648 10
8578 11981 11980 10
10145 10147 8804 10
8707 12018 12017 10
11125 13119 11123 10
10726 10904 10802 10
12064 12392 8715 10
8526 12007 11893 10
10388 11857 10389 10
3071 10729 9092 10
9098 10729 3070 10
10779 10908 10776 10
3320 10093 3321 10
11857 11966 10389 10
11003 11004 8611 10
9282 9872 9706 10
8585 10992 10991 10
12057 12313 8600 10
8601 12420 12057 10
10907 10908 8604 10
10095 10096 10094 10
8617 10904 10903 10
8714 12543 12064 10
11786 11787 10005 10
10950 10951 8699 10
9255 9843 9258 10
9820 12158 9868 10
8790 12991 9935 10
10942 10943 8674 10
12132 12133 8660 10
8693 10922 10921 10
11065 12784 12000 10
10443 10915 8559 10
3338 10133 3339 10
9095 9953 3371 10
9696 10023 9532 10
8559 10924 10443 10
9445 9862 9448 10
8679 12484 12146 10
10378 12218 8565 10
8565 12227 10378 10
9703 10016 9540 10
10986 10987 10280 10
10949 11035 11034 10
10398 12022 10399 10
9278 9866 9700 10
9689 10026 9528 10
12022 12032 10399 10
9204 12730 10002 10
12637 13067 11427 10
10081 11607 11606 10
10606 12136 12068 10
8709 12539 12050 10
12114 12446 8590 10
9567 11069 9565 10
3093 12837 10766 10
10635 13079 12399 10
12050 12557 8710 10
9072 10804 10798 10
10724 10904 10726 10
10622 10922 10642 10
9957 10866 10639 10
10644 10663 9075 10
10848 12036 10769 10
11455 11456 9806 10
12101 12787 11912 10
10776 10908 10775 10
8749 10094 10091 10
9919 10940 9902 10
9098 12512 10729 10
12179 12723 10097 10
10132 10134 8803 10
10980 10981 8324 10
9270 9852 9686 10
10598 12844 3399 10
8547 12306 9868 10
11300 11301 9883 10
8782 10190 3307 10
10347 12051 10348 10
9962 12067 9964 10
11374 12596 11513 10
9448 9862 9624 10
9688 10029 9524 10
12051 12062 10348 10
3402 12850 10625 10
10097 12723 10098 10
9911 11390 9891 10
10188 10190 8782 10
9274 9855 9697 10
9712 12756 9548 10
10327 10936 8549 10
10093 12010 3321 10
9974 10863 9960 10
8549 10947 10327 10
9422 13063 9799 10
9831 12098 8799 10
10424 12599 8733 10
3313 12021 3314 10
12018 12371 8708 10
8733 12603 10424 10
9681 10032 9520 10
8707 12372 12018 10
10359 12070 10358 10
10263 11617 11616 10
10656 10943 10595 10
12070 12077 10358 10
9798 13063 9422 10
9941 9942 9716 10
9906 12038 11064 10
12217 12655 9695 10
10413 12999 11075 10
3333 10123 3334 10
8578 12388 11981 10
8761 10973 10116 10
9426 10897 9806 10
10072 13074 11706 10
10963 12970 12023 10
10620 10922 10622 10
9673 10035 9516 10
11194 11394 10832 10
9554 10439 10438 10
9716 10296 10295 10
3318 10095 3319 10
10411 11288 9886 10
9901 9922 9912 10
9296 9941 9298 10
10430 12103 10429 10
9992 12594 9205 10
12188 12568 8644 10
12103 12115 10429 10
9883 9884 9246 10
10110 10113 10109 10
3324 10110 3325 10
11152 11153 9809 10
10664 10951 10663 10
10072 11706 10071 10
10291 12608 8811 10
8811 12616 10291 10
11434 13102 9881 10
10729 12512 10730 10
11000 11015 11009 10
11161 12725 10294 10
10737 12141 12059 10
11461 13042 9888 10
9890 12830 9834 10
9114 9887 9116 10
10432 12040 10006 10
9053 10879 9928 10
10083 12139 11608 10
10460 11021 8546 10
9670 10038 9512 10
10832 11387 11194 10
9104 9910 9895 10
9292 9926 9294 10
9976 12952 10816 10
8546 11058 10460 10
9536 10020 9538 10
11346 12983 10063 10
9796 12785 11540 10
9714 10439 9552 10
10914 11244 11243 10
8639 12508 12505 10
10373 12151 10372 10
12151 12165 10372 10
9926 9927 9711 10
9794 12853 9793 10
10639 12748 9957 10
10762 10992 10763 10
9796 11542 9797 10
10914 11344 11244 10
9928 12586 9053 10
8791 10858 9910 10
9923 9969 9101 10
9266 9849 9683 10
10472 12622 8763 10
8763 12629 10472 10
10805 11004 10798 10
9863 12601 11363 10
9664 10041 9508 10
9640 10124 9569 10
9795 12832 9794 10
10028 13099 11159 10
10152 10365 8735 10
9983 10009 9210 10
9288 9880 9290 10
10116 12944 8761 10
10377 12193 10378 10
10365 10366 8735 10
12193 12218 10378 10
11694 11928 9856 10
9104 9895 9893 10
11004 12273 8611 10
11372 12820 11373 10
8612 12383 11004 10
3337 11522 8740 10
10992 12422 8584 10
10595 10943 10593 10
9237 10888 10421 10
8585 12447 10992 10
9663 10044 9504 10
9882 9883 9246 10
12031 12415 12413 10
10388 11686 8544 10
9782 9795 9402 10
9284 9875 9286 10
8544 11857 10388 10
11318 12918 9867 10
9085 10766 10765 10
11072 12999 10413 10
10084 11867 10083 10
9866 11320 9867 10
10423 12582 10424 10
10896 12437 8649 10
9300 10295 9302 10
12582 12599 10424 10
12170 12500 8726 10
10951 12487 8699 10
9604 10850 10816 10
10597 10598 9090 10
8595 12386 12036 10
9883 12808 11300 10
10096 12849 9715 10
12122 12767 3232 10
9554 10438 9556 10
8673 12331 10943 10
9880 9881 9709 10
9809 12865 11152 10
10001 11738 10008 10
9088 10625 10624 10
9412 12894 9789 10
9931 12655 12217 10
10289 12643 8759 10
10663 10951 10662 10
8759 12652 10289 10
12097 12743 3235 10
10943 12435 8674 10
3308 12027 3309 10
11947 12789 11791 10
8698 12588 10951 10
3430 10703 3431 10
3312 10147 3313 10
9424 9800 9426 10
9280 9872 9282 10
10689 10691 9094 10
9092 10729 10728 10
10890 11778 10127 10
9651 10055 9490 10
10031 12112 11883 10
9106 9837 9108 10
9799 9800 9424 10
9857 11017 9858 10
12061 12703 3242 10
12025 12197 8716 10
8814 9914 9913 10
9699 10021 10020 10
9532 10023 9534 10
9626 10083 10082 10
10018 10085 9712 10
8693 12481 10922 10
9528 10026 9530 10
12042 12691 3245 10
9276 9866 9278 10
10060 11570 10059 10
8358 11235 11234 10
10398 12013 8542 10
12366 12367 9957 10
9896 9917 9899 10
12019 12666 3248 10
8542 12022 10398 10
10084 12048 11704 10
10908 12257 8604 10
8605 12258 10908 10
11964 12179 10097 10
9268 9852 9270 10
12308 12791 8731 10
9233 12941 9804 10
10904 12238 8616 10
8617 12311 10904 10
10760 10992 10762 10
11935 12644 3251 10
9837 9838 9621 10
10922 12584 8694 10
9626 10084 10083 10
9790 12894 9412 10
11031 12605 3257 10
12287 12739 8665 10
8804 10148 10145 10
8660 12523 12132 10
12038 12143 8540 10
9144 10279 9146 10
11577 12625 3254 10
8801 12098 9831 10
10288 12636 10289 10
9071 10793 10781 10
10798 11004 10797 10
12636 12643 10289 10
12365 12982 12367 10
9875 9876 9708 10
9809 11154 9811 10
12309 12646 9097 10
12310 12646 8800 10
9238 10331 9219 10
12535 12662 12564 10
10547 12668 8744 10
8744 12677 10547 10
11075 12999 11074 10
9116 9887 9247 10
9524 10029 9526 10
10077 12937 11305 10
9130 10284 9132 10
11233 13020 11232 10
11085 11264 11143 10
11205 11257 11204 10
11080 11372 11316 10
9540 10016 9542 10
11026 12960 10330 10
10903 12312 8617 10
8604 12256 10907 10
8618 12417 10903 10
10907 12344 8603 10
10149 10667 8752 10
9552 10439 9554 10
8821 13069 10998 10
10546 12659 10547 10
9077 10655 10595 10
9272 9855 9274 10
9957 10945 10866 10
12659 12668 10547 10
9062 10611 10573 10
11262 11419 11361 10
9652 10875 9934 10
9070 10762 10741 10
9813 11962 11961 10
10127 11727 10128 10
10127 11778 11727 10
10132 10133 10131 10
9156 9859 9239 10
12432 12714 12329 10
9520 10032 9522 10
10413 11288 10411 10
11600 12829 12081 10
9811 12096 11645 10
10347 12043 8541 10
10210 12767 12122 10
9703 10017 10016 10
9643 10061 9482 10
11355 12688 10019 10
11374 11513 11482 10
9806 11456 9807 10
8541 12051 10347 10
9654 10052 9494 10
11015 11020 11014 10
9238 10332 10331 10
12526 12714 8643 10
8692 12322 10921 10
12133 12522 8660 10
11237 11240 9938 10
10921 12324 8693 10
8878 11389 11342 10
9872 9873 9706 10
9516 10035 9518 10
10064 12812 10063 10
9645 10058 9486 10
10147 12021 3313 10
9696 10024 10023 10
10550 12683 10551 10
3339 10133 8803 10
8740 10133 3338 10
8659 12572 12133 10
10404 12178 9996 10
10280 12863 10888 10
12683 12692 10551 10
9250 10284 9130 10
10931 12401 8650 10
8649 12402 10931 10
10551 12692 8736 10
8603 12343 11057 10
11053 12416 8618 10
8736 12699 10551 10
8619 12442 11053 10
11596 13001 11597 10
9549 10938 9547 10
9903 9922 9901 10
11057 12439 8602 10
3199 12899 8773 10
9500 10048 10047 10
11017 12016 11016 10
10275 11098 10967 10
8642 12125 12124 10
10124 11069 9567 10
8398 11972 11533 10
11667 12811 8302 10
10045 13073 11387 10
11291 12705 10441 10
8645 12465 11852 10
10970 12934 10971 10
11907 12003 10031 10
10057 11733 10056 10
9146 10279 9237 10
9652 10850 9608 10
8778 12994 10224 10
10224 12984 8778 10
10148 10667 10149 10
11582 12321 8692 10
9512 10038 9514 10
10950 12299 8700 10
10489 12743 12097 10
9976 10850 10849 10
11706 13074 11705 10
8674 12527 10942 10
11698 13070 11697 10
8740 11522 10120 10
8699 12338 10950 10
9658 10048 9498 10
10559 12702 10560 10
10510 11778 10511 10
9866 9867 9700 10
8691 12518 11582 10
12702 12709 10560 10
9952 9953 9095 10
11595 12211 11593 10
12493 12765 12455 10
8586 12341 10991 10
10981 13069 8324 10
8532 11828 11634 10
8650 12403 11788 10
11003 12234 8610 10
3334 10123 8774 10
8611 12239 11003 10
10991 12438 8585 10
9812 12207 11448 10
11385 11978 11841 10
9006 11796 11674 10
10942 12566 8675 10
9013 11928 11694 10
11839 11942 11542 10
11387 13073 11386 10
11628 11781 11627 10
9644 10064 9478 10
9085 10765 10761 10
10359 12066 8543 10
11701 11860 10485 10
9650 10111 9551 10
10215 12794 12768 10
9639 10067 9474 10
11280 11911 11734 10
3307 10190 3308 10
11724 12597 12009 10
9210 12895 9985 10
10046 11383 10045 10
9831 12630 8801 10
11159 13099 11158 10
8543 12070 10359 10
11224 13102 11223 10
11936 12461 8676 10
11735 12477 8641 10
11788 12550 8651 10
3329 10511 3330 10
8626 12362 10854 10
10742 11981 10788 10
8788 10511 3329 10
11432 11874 11707 10
11962 11963 11961 10
11652 11959 11811 10
10594 10597 9090 10
9689 10027 10026 10
8700 12298 11987 10
11198 11689 11687 10
9238 10408 9870 10
10611 12018 10612 10
9807 11890 9808 10
11369 11823 11530 10
11378 12628 9851 10
9508 10041 9510 10
11073 12008 11078 10
9055 10814 10790 10
11670 11671 11669 10
10050 11626 10049 10
11521 11666 11520 10
8587 12254 12012 10
8802 10095 3318 10
12012 12270 8586 10
3328 11916 8788 10
11987 12510 8701 10
9422 9799 9424 10
8743 13093 10103 10
8610 12235 12014 10
10103 13044 8743 10
12014 12305 8609 10
8675 12567 11936 10
9088 10624 10621 10
11759 11989 11870 10
9851 12628 11191 10
9855 9856 9697 10
8640 12515 11735 10
10560 12709 8746 10
11320 11769 11623 10
8816 12778 10965 10
8853 12903 11227 10
11454 11455 9806 10
3325 10110 8766 10
11297 12903 8341 10
10005 11787 10004 10
9934 10875 9933 10
9883 13036 9884 10
12562 12624 8717 10
9382 12753 9775 10
8902 12920 11297 10
9092 10728 10725 10
9434 13055 9810 10
12768 12794 8750 10
10232 12773 12750 10
10010 12753 9382 10
11443 12920 8340 10
11448 12207 11447 10
11113 11613 11312 10
11330 12046 11329 10
9398 12763 9924 10
11504 11507 11239 10
11518 11662 11167 10
8901 12619 11443 10
8348 11474 11445 10
11363 11526 11362 10
10175 10188 8782 10
11550 11706 11549 10
11404 11700 11211 10
9636 10070 9470 10
9504 10044 9506 10
8752 10846 10149 10
8331 12921 10982 10
11399 11691 9853 10
9852 9853 9686 10
8636 12591 12087 10
8746 12721 10560 10
8415 11701 11699 10
8950 12052 11566 10
11614 11616 8417 10
10555 11228 10286 10
10004 11738 10001 10
9264 9849 9266 10
10581 10712 10585 10
9490 10055 9492 10
8804 10667 10148 10
8433 11714 11712 10
11870 13074 10072 10
11910 12101 8434 10
9043 11750 11747 10
3333 10125 10123 10
8410 11791 11789 10
8506 12688 11355 10
3319 10095 8749 10
11976 13092 9848 10
11976 12020 11975 10
9634 10073 9466 10
9112 9882 9246 10
11305 11306 10077 10
11980 12387 8578 10
8579 12424 11980 10
8782 10704 10175 10
9873 12118 11283 10
3324 10112 10110 10
8627 12041 10854 10
9500 10047 9502 10
10430 12091 8545 10
10265 12755 12740 10
9055 10863 9974 10
9721 9885 9723 10
9688 10030 10029 10
8545 12103 10430 10
9859 9860 9239 10
8580 12374 12059 10
10508 12703 12061 10
10175 10704 10173 10
10945 12565 8648 10
12059 12404 8579 10
9781 12763 9398 10
9404 9795 9794 10
11931 11932 10039 10
12017 12460 8707 10
10637 10638 10585 10
10119 10124 9640 10
9569 10124 9567 10
8431 11240 11236 10
11164 11168 8850 10
11208 11212 8413 10
12750 12773 8781 10
10704 10820 10173 10
8810 12795 10324 10
8626 10854 10829 10
9861 10939 10412 10
9390 12732 9938 10
11061 12958 8834 10
8415 11859 11701 10
10173 10820 10174 10
11576 12695 10993 10
10583 10690 10689 10
9629 10076 9462 10
8706 12497 12017 10
11054 12942 8833 10
10209 12735 12727 10
8566 12974 12143 10
11616 11766 8417 10
9772 12941 9233 10
8770 10845 10834 10
8705 12528 12068 10
10125 10129 10123 10
12585 12966 8725 10
10740 11981 10742 10
10834 10845 10236 10
10504 12691 12042 10
10823 11233 10822 10
9797 9798 9420 10
10126 10129 10125 10
12381 13058 12414 10
11397 12672 10042 10
10958 10959 9845 10
9219 10331 9221 10
8431 11437 11240 10
8409 11639 11498 10
11168 11429 8850 10
8433 11881 11714 10
11613 11615 11612 10
12068 12560 8706 10
12049 12431 8711 10
10651 10685 10654 10
11109 12705 11291 10
9681 10033 10032 10
8428 12866 11955 10
12056 12242 8599 10
11579 12613 11578 10
11575 12695 11576 10
8954 12614 11899 10
8600 12314 12056 10
8597 12376 12054 10
10572 10677 10676 10
8434 12101 11912 10
11212 11366 8413 10
8537 12696 11918 10
11905 11908 9024 10
8598 12271 12090 10
8516 12580 11864 10
11925 12634 8392 10
12128 12946 8514 10
11495 11498 11496 10
9043 11995 11750 10
12054 12406 8596 10
8969 11790 11639 10
11378 11679 11377 10
11898 12695 8953 10
9037 11965 11657 10
9774 12732 9390 10
11398 11691 11399 10
12090 12303 8597 10
9498 10048 9500 10
11547 12645 11698 10
8599 12240 12092 10
12405 12985 8591 10
11411 12580 11410 10
9017 12670 11879 10
12092 12241 8598 10
11452 12647 11579 10
12108 12672 8491 10
11756 11762 9027 10
9406 9794 9793 10
11555 12725 11222 10
11994 12674 8982 10
11874 12199 8984 10
8786 10869 10861 10
9960 10863 9963 10
12084 12426 8712 10
11409 12610 11411 10
11403 12645 11402 10
8711 12427 12084 10
10892 12288 8634 10
11193 12628 11378 10
8567 12253 2884 10
10174 10820 8770 10
9630 10079 9458 10
12075 12128 8994 10
8997 12633 11925 10
11145 11496 11146 10
8410 11946 11791 10
11985 12633 8393 10
10673 10701 10676 10
10861 10869 10213 10
11006 11724 10487 10
11110 11467 11111 10
12140 12958 10939 10
9897 10822 9911 10
8770 10834 10174 10
11571 12689 10059 10
11217 11220 8460 10
9845 10918 9846 10
8710 12558 12049 10
10373 12135 8548 10
11255 12647 11254 10
10823 13020 11233 10
12346 13058 8623 10
8633 12389 10892 10
3431 10703 9068 10
10247 12731 12716 10
8712 12428 12102 10
10277 12779 9251 10
8442 11202 11195 10
12347 13058 12381 10
11160 12725 11161 10
11726 12614 8954 10
11425 12688 11221 10
10324 12888 8810 10
9812 13055 9434 10
9838 13104 9839 10
9024 11908 11585 10
11215 12610 11214 10
11191 12628 11190 10
11172 11175 8896 10
11186 12664 11403 10
10702 10703 3430 10
8548 12151 10373 10
12740 12755 8768 10
10084 12840 11867 10
9027 11762 11760 10
9673 10036 10035 10
10244 12666 12019 10
9064 10691 10686 10
12306 12879 9868 10
10332 10949 10331 10
12534 12900 12494 10
9072 10806 10804 10
10781 10799 9071 10
10845 10852 10236 10
8654 12451 12107 10
12456 13043 8687 10
9075 10665 10644 10
10553 12887 10554 10
8753 10886 10883 10
10190 12027 3308 10
9843 9844 9676 10
9670 10039 10038 10
10331 10949 10330 10
8845 12161 11488 10
10236 10852 10235 10
12102 12555 8713 10
9154 9859 9156 10
9972 11955 11506 10
10769 12751 10848 10
10269 12663 10268 10
8634 12289 10891 10
10883 10886 10136 10
9653 10938 10113 10
9482 10061 9484 10
10128 11727 9561 10
12063 12544 8714 10
8885 12930 11267 10
8896 11175 11169 10
8460 11220 11176 10
8391 12890 11315 10
8713 12554 12063 10
11199 11202 8442 10
9714 10440 10439 10
10276 10277 9251 10
11878 11880 8376 10
9000 11943 11941 10
10891 12355 8635 10
9626 10082 9454 10
10609 12018 10611 10
9950 9952 9095 10
9844 10958 9845 10
10043 11396 10042 10
12107 12488 8655 10
8356 12949 11477 10
9044 12907 11708 10
8662 12480 12130 10
10285 10917 10284 10
8515 12737 12075 10
10554 12759 10555 10
8704 12335 12136 10
9012 12932 11690 10
11996 12907 9044 10
9420 9798 9422 10
11914 12144 8959 10
8581 12269 12141 10
12073 12333 8704 10
8776 10916 10912 10
10196 12644 11935 10
11780 11943 9000 10
11640 12927 9033 10
12141 12375 8580 10
8339 12954 11441 10
10960 12657 11148 10
9400 12210 9782 10
12035 12385 8595 10
10025 12940 11650 10
8582 12245 12082 10
8703 12334 12073 10
8486 11979 11937 10
12082 12246 8581 10
8502 12940 11501 10
8596 12421 12035 10
11505 13139 11504 10
10912 10916 10156 10
9937 12775 9935 10
9110 9882 9112 10
12136 12529 8705 10
12921 12981 10971 10
11315 12890 8927 10
11977 11979 8486 10
10432 12730 9204 10
3322 12010 8784 10
9849 9850 9683 10
9664 10042 10041 10
8525 11252 11251 10
12148 12354 8720 10
11659 12738 8933 10
9844 12969 10958 10
8774 10123 10122 10
9196 10009 9198 10
9796 9797 9418 10
8720 12471 12094 10
12727 12735 8787 10
8728 12496 12089 10
10829 12361 8626 10
11896 12892 8404 10
11768 12948 9028 10
11115 12918 8877 10
10123 10129 10122 10
8734 10937 10932 10
9961 12249 9962 10
10612 12050 10573 10
9862 12601 9863 10
10790 10863 9055 10
10205 12625 11577 10
12593 12627 11831 10
10600 12708 9056 10
10284 10917 10283 10
10053 13120 13119 10
11837 12223 11832 10
10932 10937 10529 10
11276 11586 10034 10
11491 12976 8400 10
12157 12396 8670 10
9876 13108 12034 10
10527 12605 11031 10
11738 13004 12223 10
11665 12953 8504 10
10893 12504 8633 10
12167 12332 8673 10
10869 10876 10213 10
8729 12530 12150 10
10441 13083 11310 10
12173 12255 8587 10
8588 12265 12173 10
8806 10956 10946 10
10833 12968 11988 10
10377 12177 8550 10
9813 9818 9444 10
8672 12474 12167 10
12094 12575 8721 10
8751 12815 10512 10
10213 10876 10212 10
9402 9795 9404 10
12089 12537 8729 10
12175 12316 8583 10
10946 10956 10539 10
9486 10058 9488 10
8550 12193 10377 10
12682 12685 10257 10
11114 12745 11285 10
8670 12509 12110 10
11570 11571 10059 10
8584 12423 12175 10
9253 10282 10281 10
3386 10691 3387 10
9825 12820 9824 10
12134 12264 8588 10
8748 11051 11013 10
10757 12173 12012 10
8589 12275 12134 10
9474 10067 9476 10
8609 12304 12196 10
10235 10852 8786 10
8632 12583 10893 10
12196 12408 8608 10
10279 10280 9237 10
12716 12731 8756 10
12182 12369 8677 10
8722 12429 12166 10
11013 11051 10168 10
12184 12382 8612 10
9924 12210 9400 10
8786 10861 10235 10
8676 12462 12182 10
8613 12418 12184 10
9778 12858 9929 10
11572 13045 8452 10
8697 12495 12216 10
12110 12579 8671 10
9984 13103 9982 10
10953 11257 9922 10
9890 12949 11476 10
3192 12924 8747 10
11146 12640 11147 10
9494 10052 9496 10
10286 10878 10555 10
9408 9793 9792 10
10773 12057 10751 10
8620 12345 12201 10
11390 12208 11391 10
8677 12370 12152 10
10365 12179 10366 10
9478 10064 9480 10
8701 12511 12190 10
10306 10826 9729 10
12201 12441 8619 10
12071 12364 8728 10
8777 11779 11611 10
10083 11608 10081 10
9858 11070 9859 10
9253 10283 10282 10
11192 11399 9853 10
10122 10124 10119 10
12660 12667 10243 10
11611 11779 10142 10
12209 12419 8601 10
9663 10045 10044 10
9982 11561 9981 10
10282 11421 11269 10
8602 12440 12209 10
12225 12524 12328 10
9404 9794 9406 10
8616 12236 12203 10
12203 12237 8615 10
9061 10771 10751 10
10543 10857 9734 10
12205 12263 8605 10
12206 12519 8691 10
9101 9969 9099 10
8606 12349 12205 10
12152 12463 8678 10
9074 10658 10610 10
9246 9887 9114 10
9895 9917 9896 10
8526 11893 11892 10
8788 11916 10107 10
12216 12589 8698 10
8621 12259 12174 10
12200 12548 8652 10
8708 12373 12220 10
8651 12577 12200 10
12174 12272 8620 10
8715 12390 12197 10
10828 12280 10790 10
8689 12470 12172 10
12197 12391 8716 10
12124 12330 8642 10
11107 12099 11108 10
12190 12578 8702 10
10516 12171 9773 10
11439 11440 9778 10
8658 12468 12221 10
9033 12927 11794 10
8767 12015 12004 10
8652 12549 12160 10
10111 10938 9549 10
8641 12476 12124 10
9913 12105 8814 10
11657 11965 9927 10
10094 10523 10091 10
9715 10523 10094 10
10886 10898 10136 10
12004 12015 10531 10
11538 11820 9754 10
10106 10111 9650 10
9551 10111 9549 10
8690 12573 12206 10
9230 9980 9979 10
11118 13157 12047 10
12590 12606 8667 10
9470 10070 9472 10
10894 12517 8632 10
8766 10110 10109 10
12220 12540 8709 10
10136 10898 10137 10
12113 12350 8589 10
11075 11288 10413 10
8590 12445 12113 10
9418 9797 9420 10
9466 10073 9468 10
12224 12501 8695 10
12172 12574 8690 10
11626 12846 10049 10
10423 12227 8565 10
12639 12649 10495 10
12221 12571 8659 10
9565 11069 9642 10
12189 12467 8658 10
9442 9813 9444 10
8574 12457 12281 10
8565 12582 10423 10
8780 12053 12044 10
12189 12221 10578 10
11589 11590 9784 10
9824 11079 9869 10
9651 10056 10055 10
12106 12107 8655 10
12044 12053 10140 10
11692 12932 9012 10
9888 12770 9889 10
9645 10059 10058 10
11888 13045 9808 10
9432 9812 9434 10
12014 12196 10795 10
8694 12541 12224 10
9862 9863 9624 10
9887 10909 9888 10
9792 13037 9790 10
8615 12378 12191 10
9884 10909 9887 10
12191 12377 8614 10
8688 12825 12154 10
12162 12977 8662 10
9250 10285 10284 10
12194 12348 8606 10
12163 12260 8621 10
8622 12261 12163 10
11416 12781 9834 10
8760 12069 12065 10
8607 12384 12194 10
9083 10778 10776 10
10726 10801 9084 10
12154 12469 8689 10
9935 12991 9937 10
9953 12715 9954 10
10274 12930 12919 10
10622 10641 9080 10
12875 13070 11698 10
9808 11889 11888 10
10742 10787 9060 10
12065 12069 9801 10
12623 12632 10195 10
9859 11070 9860 10
8678 12843 12145 10
12214 12284 8696 10
10040 11931 10039 10
9797 12914 9798 10
8739 12685 12682 10
10512 12898 8751 10
8357 11392 11390 10
10212 10876 8753 10
10678 10679 9073 10
9462 10076 9464 10
10573 12050 10571 10
10013 10018 9712 10
8685 12835 12454 10
12145 12559 8679 10
9791 9796 9416 10
8771 12100 12085 10
8753 10883 10212 10
8801 12630 9836 10
8695 12380 12214 10
9406 9793 9408 10
10916 10926 10156 10
8829 12711 9836 10
11111 12704 11112 10
12085 12100 10228 10
8785 12842 10253 10
9837 11089 9838 10
10156 10926 10155 10
8738 12896 10318 10
11047 12746 10949 10
9996 12615 9201 10
8656 12536 12186 10
9458 10079 9460 10
8741 12142 12123 10
12454 12561 8686 10
8795 9968 9919 10
9444 9862 9445 10
10554 10555 9249 10
12604 12618 10203 10
8745 12667 12660 10
9986 11683 9984 10
9430 9808 9432 10
9847 12020 11976 10
12123 12142 10162 10
10109 10111 10106 10
9230 9979 9978 10
9142 10276 9251 10
10060 13066 13065 10
10291 12603 8733 10
8648 12485 10896 10
9887 9888 9247 10
9921 12078 9964 10
9932 9970 9934 10
9643 10062 10061 10
11068 12942 12612 10
8733 12608 10291 10
8404 12892 11897 10
8742 12180 12168 10
10751 12057 10749 10
9722 9784 9724 10
3189 12935 8779 10
9847 11976 9848 10
12231 12243 12230 10
9629 10077 10076 10
8592 12776 12301 10
8577 12749 12276 10
12267 12277 12266 10
9094 10715 10583 10
12340 12621 12296 10
12342 12776 12300 10
12318 12425 12317 10
9084 10800 10726 10
10776 10777 9083 10
12036 12233 10769 10
9454 10082 9456 10
11649 12940 8502 10
8959 12144 11736 10
12168 12180 10166 10
12413 12415 8625 10
9080 10640 10622 10
10595 10699 9077 10
8775 12649 12639 10
10639 10645 9079 10
10663 10711 9075 10
9070 10783 10762 10
10798 10808 9072 10
11987 12190 10660 10
8877 12918 11317 10
12453 13057 10626 10
12412 12443 12413 10
12307 12719 12336 10
12286 12938 12503 10
12366 12368 8646 10
9052 12857 12308 10
12353 12712 8719 10
9654 10053 10052 10
9060 10786 10742 10
11817 11950 10065 10
9062 10666 10611 10
10034 11586 10033 10
8635 12839 12086 10
9789 9791 9414 10
8726 12169 11988 10
12294 12700 8669 10
8723 12774 12320 10
10573 10716 9062 10
8654 12399 12398 10
12295 12700 12490 10
9058 10782 10752 10
12290 12505 12291 10
10751 10784 9061 10
9416 9796 9418 10
12326 12430 12325 10
8680 12996 12433 10
9063 10732 10572 10
3315 10366 3316 10
12352 12712 12531 10
11615 12521 11616 10
10572 12064 10677 10
9253 10281 9134 10
8878 11342 11235 10
10317 10318 8812 10
8735 10366 3315 10
9068 10698 10692 10
9953 9954 9076 10
11182 13020 10823 10
12409 12553 12410 10
10668 10678 9073 10
3193 10319 3194 10
9877 13097 11557 10
12552 12553 8682 10
12187 12464 8645 10
10610 10709 9074 10
8730 12719 12486 10
9811 9813 9442 10
10646 10655 9077 10
10570 12064 10572 10
8764 12632 12623 10
11662 13064 11663 10
9634 10074 10073 10
10741 10791 9070 10
8664 12938 12502 10
11407 11408 9878 10
9251 12779 10278 10
12525 12736 12482 10
12502 13110 12542 10
10761 10785 9085 10
9704 9939 9109 10
8558 12822 12587 10
9392 12917 9778 10
9090 10708 10594 10
3077 10806 3078 10
8663 13110 12520 10
3082 10799 3083 10
9410 9792 9790 10
8783 12618 12604 10
9087 10707 10637 10
12620 12951 3210 10
8726 12499 12169 10
10840 10846 10191 10
10621 10706 9088 10
3409 10665 3410 10
11237 12732 11238 10
10725 10731 9092 10
9901 9905 9898 10
12086 12592 8636 10
12533 12733 12563 10
10313 12684 10312 10
10472 12616 8811 10
12546 12551 12545 10
9210 10009 9196 10
9198 10009 9230 10
11271 13120 10053 10
8644 12498 12187 10
10581 10713 10712 10
9248 11010 10859 10
9028 12948 11926 10
10906 11288 11287 10
8811 12622 10472 10
10601 12708 10600 10
9436 9810 9809 10
10501 11050 11049 10
10651 10714 10685 10
3314 12021 8735 10
9251 10279 9144 10
10673 10710 10701 10
9839 9883 9882 10
11215 12925 12610 10
11936 12182 10590 10
10137 10898 8776 10
10787 10814 9060 10
10730 12512 12031 10
10766 10767 10765 10
9644 10065 10064 10
3121 9099 3122 10
3124 9935 3125 10
11787 11807 10004 10
9095 9973 9950 10
8776 10912 10137 10
3387 10691 9064 10
9094 10691 3386 10
10597 10599 10598 10
10656 12167 10943 10
8569 12828 12251 10
8933 12738 11658 10
9412 9789 9414 10
3207 12631 10484 10
10063 11347 11346 10
11791 12789 9761 10
9408 9792 9410 10
10301 12951 12620 10
10679 10702 9073 10
12251 12436 8568 10
10625 10626 10624 10
10553 10554 10552 10
9881 13102 11224 10
11403 12664 10880 10
10056 13075 12028 10
9630 10080 10079 10
9636 10071 10070 10
9109 9939 9107 10
12611 12936 3213 10
9639 10068 10067 10
10066 13109 9644 10
12586 12945 8553 10
9902 9903 9901 10
10283 12954 11472 10
9897 9911 9894 10
10729 10730 10728 10
10993 12695 11898 10
10282 12669 10274 10
12553 12841 12410 10
8784 12010 10092 10
9879 12670 11435 10
9110 9111 9109 10
9108 9110 9109 10
9836 12711 8801 10
9108 9109 9107 10
12552 12841 12553 10
9809 9811 9438 10
10288 12629 8763 10
10028 11159 10027 10
9106 9108 9107 10
9778 9929 9394 10
9850 11378 9851 10
11171 12006 11550 10
8763 12636 10288 10
9838 9839 9621 10
9958 9964 8985 10
8769 12859 10303 10
8504 12953 11810 10
9434 9810 9436 10
11224 11225 9925 10
9789 13009 9791 10
9110 9112 9111 10
10682 10703 10702 10
8749 10095 10094 10
9438 9811 9442 10
11227 12903 11228 10
9106 9107 9103 10
11403 12877 12645 10
12600 12911 3216 10
11279 12210 11280 10
11255 13118 10889 10
10790 12280 10863 10
9132 10284 9253 10
9857 12016 11017 10
9807 9808 9430 10
9723 9826 9722 10
11927 12948 9865 10
10006 12040 10007 10
9836 12807 8829 10
11051 11352 10168 10
10766 12837 10768 10
10484 12979 3207 10
10904 12203 10802 10
10747 12090 10748 10
10129 11069 10122 10
10168 11352 10169 10
10960 11148 10479 10
10600 12844 10598 10
11510 11657 9927 10
10019 12688 11425 10
9938 12917 9392 10
10625 12850 10627 10
9547 10938 9653 10
9810 12865 9809 10
10285 12619 10917 10
10145 10148 10144 10
10144 10148 9725 10
10779 12205 10908 10
9826 11589 9784 10
9850 11679 11378 10
10511 10890 3330 10
9248 10553 10552 10
8829 12807 9842 10
9140 10276 9142 10
9254 9843 9255 10
10352 12694 10350 10
11788 12200 10633 10
10837 12634 11925 10
10906 11407 9878 10
12174 12201 10721 10
8668 12606 12489 10
10275 12777 10277 10
10253 12923 8785 10
10077 12901 10076 10
9616 10274 10273 10
10254 12936 12611 10
10660 12074 10610 10
11912 12787 9025 10
10569 12084 10568 10
10061 10914 10060 10
10804 10805 10798 10
9105 9106 9103 10
9102 9103 9101 10
9793 12852 11855 10
10155 10926 8734 10
10555 10878 9249 10
10546 12652 8759 10
9134 10281 9136 10
9959 9964 9958 10
9400 9782 9402 10
9242 9819 9254 10
9971 11505 9774 10
8734 10932 10155 10
8747 10319 3193 10
3194 10319 8812 10
9864 10842 9624 10
8759 12659 10546 10
11664 11955 9972 10
9624 10842 9450 10
9932 9934 9933 10
9906 10953 9903 10
10644 10664 10663 10
9428 9807 9430 10
10790 10814 10787 10
9112 9113 9111 10
9793 12838 9792 10
9839 12808 9883 10
9084 10806 3077 10
3078 10806 9072 10
3083 10799 9083 10
9071 10799 3082 10
9901 9912 9905 10
9103 9923 9101 10
3410 10665 9075 10
9080 10665 3409 10
10516 12886 12697 10
9100 9101 9099 10
9799 11129 9800 10
9833 11089 9837 10
9414 9791 9416 10
10610 12074 10608 10
9230 9978 9202 10
9056 12708 10627 10
9644 13109 10065 10
9962 9964 9959 10
11750 11751 10177 10
11472 13040 11422 10
9790 11198 11197 10
11411 12610 10436 10
9845 9846 9676 10
10552 10554 9249 10
9723 9877 9826 10
8834 12958 11056 10
9772 12885 11000 10
3204 12638 10482 10
10682 10702 10679 10
9128 10878 9250 10
10487 11724 10955 10
10273 10275 10272 10
11779 11920 10142 10
12506 12581 12507 10
9878 11408 9877 10
11791 11792 11790 10
9248 10859 10553 10
12212 12847 3223 10
10142 11920 10143 10
11866 12139 10083 10
9396 9781 9398 10
9838 13105 13104 10
10635 10638 10637 10
3309 12027 8752 10
9396 9929 9781 10
10149 10846 10840 10
9898 9905 9897 10
8685 12453 12452 10
12381 12414 8624 10
9944 9945 9054 10
10857 13094 11250 10
8400 12976 11635 10
11045 12680 11044 10
9658 10049 10048 10
10641 10665 9080 10
9083 10799 10778 10
10801 10806 9084 10
9806 9807 9428 10
10275 10277 10276 10
9230 10009 9980 10
9819 10980 10979 10
11297 12920 11298 10
9922 11205 11134 10
8802 10096 10095 10
9410 9790 9412 10
9111 9936 9704 10
9910 9917 9895 10
11036 11538 9754 10
10768 12782 10767 10
10769 12782 10768 10
9944 10818 9945 10
10281 10282 10274 10
8789 12872 10262 10
9436 9809 9438 10
9983 9984 9982 10
10529 10937 8806 10
10859 11010 9889 10
10741 12083 10739 10
9202 9978 9206 10
9893 10868 9104 10
12176 12810 3226 10
10550 12677 8744 10
10664 12216 10951 10
10148 10149 9725 10
8806 10946 10529 10
9936 9937 9704 10
9099 9969 3122 10
10069 12771 9639 10
9388 9971 9774 10
9392 9778 9394 10
12829 12913 12081 10
9794 12831 11776 10
10063 12812 11348 10
10323 12911 12600 10
9791 12785 9796 10
9813 12990 9818 10
9111 9704 9109 10
9784 9785 9724 10
9853 11691 9854 10
8744 12683 10550 10
9905 10823 9897 10
10005 13052 11786 10
9108 9621 9110 10
10330 12960 10329 10
9107 9923 9103 10
10674 12095 10678 10
10191 10846 10189 10
11356 12690 11521 10
9819 9830 9254 10
8790 9935 3124 10
8791 9099 3121 10
9107 9939 9923 10
9954 9955 9076 10
9205 12594 10416 10
9112 9114 9113 10
9049 10818 9944 10
10412 10817 9861 10
11807 12724 10004 10
9963 12278 9961 10
9877 11557 9826 10
8833 12942 11055 10
9079 12748 10639 10
10763 12083 10741 10
10617 12206 11582 10
10766 10768 10767 10
9105 9655 9106 10
9102 9105 9103 10
10599 10600 10598 10
9933 10875 10844 10
10625 10627 10626 10
12153 12783 3229 10
9961 9962 9959 10
9233 9804 9242 10
9398 9924 9400 10
9100 9102 9101 10
10768 12837 9058 10
9970 10849 9934 10
9386 9972 9971 10
9998 12627 10830 10
9113 9936 9111 10
10686 10691 10689 10
12143 12995 8540 10
9388 9774 9390 10
9624 12728 9864 10
10769 12233 12231 10
3323 10112 3324 10
9250 10286 10285 10
9056 12844 10600 10
12633 12891 11925 10
8784 10112 3323 10
10273 11099 10275 10
10134 11059 8803 10
9860 9861 9239 10
9394 9929 9396 10
9975 9977 9976 10
10606 12068 10607 10
9616 10273 10272 10
8793 10858 3119 10
3358 9965 8797 10
3355 9966 9930 10
3360 10556 8799 10
3368 9944 9054 10
12287 12806 12739 10
9426 9806 9428 10
10968 12778 8816 10
3332 10125 3333 10
10627 12850 9056 10
9386 9971 9388 10
8757 10125 3332 10
11076 11288 11075 10
10992 12175 10763 10
9208 10425 10011 10
10065 12812 10064 10
10922 12224 10642 10
3352 9970 9932 10
10705 12024 8805 10
12172 12206 10617 10
11390 13038 12208 10
3112 8814 3113 10
3356 8796 3357 10
3366 9049 3367 10
3358 8797 3359 10
3352 9932 3353 10
3114 8798 3115 10
3120 8791 3121 10
3364 8829 3365 10
3118 8793 3119 10
3360 8799 3361 10
3362 8801 3363 10
3123 8790 3124 10
3110 8985 3111 10
3116 8795 3117 10
3355 9930 3356 10
3368 9054 3369 10
3353 8794 3354 10
3108 9050 3109 10
10539 10956 8748 10
11487 13137 10050 10
8802 10097 10096 10
9975 9976 8792 10
9831 11231 9788 10
9390 9938 9392 10
10705 12039 12024 10
10559 12699 8736 10
8748 11013 10539 10
10112 10113 10110 10
9055 9974 3107 10
3201 12650 10222 10
9775 9972 9384 10
11207 13029 11099 10
10977 12023 9830 10
9676 9846 9260 10
9948 12291 9947 10
11261 12754 11262 10
8736 12702 10559 10
9384 9972 9386 10
9760 10873 9814 10
9114 9115 9113 10
9112 9246 9114 10
8757 10126 10125 10
10599 10601 10600 10
10627 10628 10626 10
9113 10819 9936 10
10652 12111 10655 10
11475 12949 8356 10
9863 12728 9624 10
3350 8792 3351 10
10737 12059 10738 10
3106 9055 3107 10
9250 10878 10286 10
8780 12039 10705 10
11557 11558 9826 10
9639 12771 10068 10
9239 10817 9158 10
10097 10098 10096 10
9382 9775 9384 10
9114 9116 9115 10
8757 10127 10126 10
9050 9959 9958 10
3350 9975 8792 10
8780 12044 12039 10
9842 12814 8829 10
9930 9931 8796 10
9932 9933 8794 10
3370 9973 9095 10
3370 9095 3371 10
3109 9958 3110 10
3115 9968 3116 10
3117 9967 3118 10
3122 9969 3123 10
3111 9943 3112 10
9116 9117 9115 10
10127 10128 10126 10
10283 11422 10282 10
10021 11666 11521 10
9116 9118 9117 10
9117 9674 9115 10
9975 10815 9977 10
9116 9247 9118 10
9118 9119 9117 10
9118 9120 9119 10
9120 9121 9119 10
9120 9122 9121 10
9120 9248 9122 10
9122 9123 9121 10
9123 9672 9121 10
9122 9124 9123 10
9124 9125 9123 10
9124 9126 9125 10
9126 9127 9125 10
9124 9249 9126 10
9126 9128 9127 10
9128 9129 9127 10
9546 10013 9712 10
9579 10171 9577 10
9568 10088 9731 10
9687 10132 10131 10
9529 10364 9527 10
9544 10013 9546 10
9687 10131 10130 10
9566 10088 9568 10
9682 10171 9579 10
10117 10130 10120 10
9527 10364 10151 10
10099 10100 9635 10
10130 10131 10120 10
9451 10139 9718 10
9585 10099 9635 10
9129 9669 9127 10
9128 9130 9129 10
9667 10144 9523 10
9662 10365 10364 10
9577 10171 9687 10
9557 10509 9555 10
9675 10189 10188 10
9649 10510 10509 10
9507 10176 9505 10
9487 10157 9485 10
10089 10090 9657 10
9453 10139 9451 10
10161 10164 10163 10
9662 10364 9529 10
9541 10089 9657 10
9527 10151 9525 10
9588 10012 9750 10
9628 10150 9595 10
9513 10187 9511 10
9667 10145 10144 10
10139 10140 9718 10
9573 10130 10117 10
10102 10542 10223 10
9680 10176 9507 10
9523 10144 9521 10
9497 10499 9690 10
9485 10157 9701 10
10137 10534 9698 10
9741 10153 9578 10
9675 10188 10187 10
9649 10509 9557 10
10138 10139 9453 10
9403 10492 9401 10
10167 10168 9707 10
9481 10154 9747 10
9471 10167 9707 10
9455 10138 9453 10
9525 10151 9667 10
9558 10434 9560 10
9467 10170 10141 10
9425 10163 9598 10
9511 10187 10172 10
10114 10115 9632 10
9744 10012 9586 10
10091 10523 9657 10
10099 10542 10102 10
9594 10501 9596 10
9419 10520 9638 10
10135 10136 9698 10
10215 10493 10467 10
9675 10187 9513 10
9415 10178 9641 10
9517 10191 9515 10
9768 10177 9372 10
10158 10163 9427 10
9515 10191 9675 10
9469 10170 9467 10
9491 10135 9698 10
9667 10146 10145 10
10104 10105 9650 10
10099 10102 10100 10
9499 10499 9497 10
9591 10114 9632 10
9413 10496 9411 10
10090 10091 9657 10
9560 10434 9719 10
9429 10158 9427 10
9427 10163 9425 10
10163 10164 9598 10
9578 10153 9580 10
9596 10501 9755 10
10090 10093 10091 10
10178 10179 9641 10
9380 10010 9382 10
9690 10499 10213 10
10161 10163 10158 10
10189 10190 10188 10
9728 10088 9566 10
9417 10178 9415 10
9128 9250 9130 10
9130 9131 9129 10
10100 10101 9635 10
9439 10462 10225 10
10101 10532 9635 10
9401 10492 10192 10
10214 10493 10215 10
9553 10104 9650 10
9675 10191 10189 10
9713 10455 9463 10
9562 10535 9564 10
10118 10121 10119 10
9600 10492 9403 10
9372 10177 9374 10
10117 10120 10118 10
9690 10211 9495 10
9613 10198 10197 10
9483 10154 9481 10
10495 10500 10494 10
10141 10142 9713 10
9687 10130 9575 10
9495 10211 9493 10
9463 10455 9461 10
9345 10214 9343 10
10242 10500 10495 10
10178 10181 10179 10
9431 10521 9441 10
9389 10453 9387 10
9613 10199 10198 10
9710 10013 9544 10
10201 10202 9600 10
10265 10461 10208 10
9556 9557 9555 10
9405 10201 9600 10
9465 10141 9713 10
10174 10176 9680 10
10245 10247 10246 10
9667 10151 10146 10
9641 10496 9413 10
10240 10453 9389 10
9546 9712 9548 10
9586 10012 9588 10
9580 10153 9736 10
10172 10187 10175 10
9578 9579 9577 10
9574 9575 9573 10
9577 9687 9575 10
9613 10197 9341 10
9555 10104 9553 10
9595 10150 9593 10
9582 10522 9584 10
9605 10503 10256 10
10115 10223 9632 10
9756 10216 9348 10
9421 10520 9419 10
9435 10249 9433 10
10179 10180 9641 10
10264 10461 10265 10
9343 10214 9613 10
10462 10463 10225 10
10176 10540 9505 10
9746 10238 9332 10
9701 10157 10156 10
10168 10169 9707 10
9314 10239 9730 10
9749 10305 9336 10
9701 10156 10155 10
9558 9560 9559 10
10089 10092 10090 10
9566 9568 9567 10
9385 10255 9383 10
9592 9593 9591 10
9543 10089 9541 10
9336 10305 9338 10
10136 10137 9698 10
9575 10130 9573 10
9479 10528 9477 10
9690 10212 10211 10
9690 10213 10212 10
9730 10217 9316 10
9758 10138 9455 10
9572 9573 9571 10
9584 9586 9585 10
10104 10107 10105 10
9357 10264 9355 10
9546 9548 9547 10
10206 10207 9610 10
9313 10480 9311 10
9485 9701 9483 10
9332 10238 9334 10
10202 10204 9600 10
10183 10184 9702 10
9638 10520 10182 10
9355 10264 9611 10
9542 9543 9541 10
9565 9642 9563 10
10467 10493 9612 10
9361 10206 9610 10
10192 10193 9601 10
9367 10245 9609 10
9591 9632 9589 10
9586 9587 9585 10
9739 10237 9324 10
9312 10239 9314 10
9555 10509 10104 10
10151 10364 10152 10
9556 9717 9558 10
9337 10183 9702 10
9521 9725 9519 10
10255 10417 9383 10
10218 10219 9622 10
9571 9640 9569 10
9440 10249 9435 10
9576 9577 9575 10
9496 9658 9498 10
10143 10455 9713 10
9573 10117 9571 10
9717 10434 9558 10
10172 10173 9680 10
9473 10167 9471 10
10302 10480 9313 10
10192 10195 10193 10
9299 10218 9622 10
9289 10464 9287 10
9493 10135 9491 10
10114 10116 10115 10
9348 10216 9350 10
9544 9546 9545 10
9341 10197 9339 10
9371 10513 9671 10
10218 10498 10221 10
9411 10496 9599 10
9593 10114 9591 10
9522 9523 9521 10
9358 10409 9765 10
9580 9582 9581 10
9504 9506 9505 10
9498 9500 9499 10
9554 9555 9553 10
9501 10234 9499 10
9524 9525 9523 10
9496 9498 9497 10
9490 9492 9491 10
9285 10316 9283 10
9317 10298 9618 10
9316 10217 9318 10
9486 9487 9485 10
9399 10192 9601 10
9564 9565 9563 10
9718 10477 9449 10
9512 9513 9511 10
9357 10461 10264 10
10105 10106 9650 10
9324 10237 9326 10
9130 9132 9131 10
9461 10455 9757 10
9374 10177 9771 10
9315 10302 9313 10
9506 9508 9507 10
9369 10245 9367 10
9456 9630 9458 10
9494 9495 9493 10
9735 10317 10316 10
9450 9452 9451 10
9534 9536 9535 10
10245 10246 9609 10
10199 10200 10198 10
10320 10324 10321 10
9516 9518 9517 10
9291 10270 9289 10
9707 10170 9469 10
9553 9650 9551 10
9580 9736 9582 10
9564 10535 9728 10
9550 9552 9551 10
9588 9750 9590 10
9601 10494 9397 10
9319 10298 9317 10
9514 9673 9516 10
9456 9457 9455 10
10266 10470 10449 10
9321 10250 9319 10
9525 9667 9523 10
9530 9696 9532 10
9460 9462 9461 10
9470 9471 9469 10
9454 9455 9453 10
9773 10010 9380 10
9466 9467 9465 10
10232 10259 10258 10
10449 10470 10220 10
10453 10503 9605 10
9304 10292 9306 10
9306 10292 9727 10
10165 10525 10515 10
10270 10464 9289 10
9441 10158 9429 10
10250 10298 9319 10
9472 9639 9474 10
9614 10473 9327 10
9537 9715 9535 10
10173 10174 9680 10
9387 10453 9605 10
9472 9473 9471 10
9430 9431 9429 10
9457 9758 9455 10
9391 10240 9389 10
9287 10464 9735 10
9488 9651 9490 10
9754 10501 9594 10
10221 10498 10481 10
9396 9397 9395 10
9618 10302 9315 10
9356 10409 9358 10
9478 9480 9479 10
10253 10299 10298 10
9532 9534 9533 10
10164 10166 10165 10
9528 9529 9527 10
9613 10214 10199 10
10218 10221 10219 10
9566 9567 9565 10
9594 9595 9593 10
10164 10165 9598 10
9283 10316 9742 10
9518 9520 9519 10
10117 10118 9640 10
9550 9551 9549 10
9687 10171 10132 10
10299 10300 9618 10
9404 9406 9405 10
9338 10305 9753 10
10206 10325 10209 10
9419 9638 9417 10
9619 10466 10465 10
10206 10209 10207 10
9408 9410 9409 10
9462 9463 9461 10
9597 9628 9595 10
9434 9435 9433 10
9450 9451 9449 10
10193 10196 10194 10
9623 10270 9291 10
9602 10240 9391 10
9400 9401 9399 10
9502 9663 9504 10
9526 9527 9525 10
10183 10185 10184 10
9735 10316 9285 10
10266 10267 9623 10
9328 10304 9330 10
9562 9564 9563 10
9308 10306 9310 10
9538 9540 9539 10
9619 10483 10466 10
9310 10306 9729 10
9480 9482 9481 10
9399 9601 9397 10
9671 10245 9369 10
9562 9563 9561 10
9135 10287 9665 10
9293 10266 9623 10
9492 9493 9491 10
10298 10299 9618 10
9350 10216 9761 10
9395 10500 9393 10
9611 10230 10229 10
9745 10304 9328 10
9588 9590 9589 10
9520 9521 9519 10
9476 9478 9477 10
9500 9501 9499 10
10232 10258 10229 10
10207 10210 10208 10
9431 9441 9429 10
9390 9392 9391 10
9327 10473 9325 10
9638 10178 9417 10
10258 10259 9612 10
9471 9707 9469 10
9342 9752 9344 10
10473 10512 10491 10
9318 10217 9733 10
9334 9749 9336 10
9506 9664 9508 10
9374 9771 9376 10
9570 9571 9569 10
9309 10465 9307 10
10473 10491 9325 10
9458 9460 9459 10
9544 9545 9543 10
10300 10302 9618 10
9380 9382 9381 10
10260 10261 9620 10
9334 10238 9749 10
9442 9443 9439 10
9407 10201 9405 10
9426 9427 9425 10
10115 10224 10223 10
9509 9680 9507 10
10287 10288 9665 10
9342 10487 9752 10
9422 9423 9421 10
9540 9542 9541 10
9137 10287 9135 10
9514 9516 9515 10
9368 9370 9369 10
9414 9416 9415 10
10397 10399 10346 10
9705 10320 9331 10
9371 9671 9369 10
10142 10143 9713 10
9372 9374 9373 10
10184 10186 9702 10
9474 9476 9475 10
9720 10292 9304 10
9326 10237 9745 10
9467 10141 9465 10
9586 9588 9587 10
9480 9643 9482 10
9418 9419 9417 10
10219 10222 10220 10
10503 10504 10256 10
9379 10474 9377 10
9330 10304 9746 10
10105 10108 10106 10
9370 9768 9372 10
10207 10208 9610 10
9305 10260 9620 10
9466 9468 9467 10
10197 10198 10185 10
9370 9371 9369 10
9468 9469 9467 10
9424 9426 9425 10
9259 10326 9257 10
9311 10480 9619 10
9331 10320 9329 10
9359 10461 9357 10
10253 10298 10250 10
9393 10500 9602 10
9484 9485 9483 10
10325 10488 10209 10
9349 10258 9612 10
9383 10417 9381 10
9548 9550 9549 10
9132 9133 9131 10
9223 10407 10395 10
9398 9399 9397 10
9438 9439 9437 10
10226 10228 10227 10
9189 10407 9187 10
9342 9343 9341 10
9380 9381 9379 10
9442 9444 9443 10
9502 9504 9503 10
9625 10367 9277 10
10346 10448 10397 10
9257 10326 9633 10
9338 9339 9337 10
9374 9376 9375 10
10243 10453 10240 10
10333 10405 10338 10
9138 10272 9140 10
9476 9644 9478 10
9133 10307 9131 10
9619 10465 9309 10
9326 9745 9328 10
10397 10448 10395 10
9396 9398 9397 10
9155 10380 9152 10
9310 9312 9311 10
10310 10314 10311 10
9231 10328 9772 10
9362 9363 9361 10
9397 10494 9395 10
10312 10367 9625 10
9143 10290 9783 10
9286 9708 9288 10
9318 9320 9319 10
9587 10099 9585 10
9350 9352 9351 10
9401 10192 9399 10
9302 9304 9303 10
9521 10144 9725 10
9300 9301 9299 10
9329 10320 9614 10
9420 9422 9421 10
9762 9763 9446 10
9367 9609 9365 10
9384 9386 9385 10
9302 9720 9304 10
10290 10291 9783 10
9354 9355 9353 10
9354 9764 9356 10
9358 9359 9357 10
9293 9623 9291 10
9307 10260 9305 10
10396 10407 9189 10
9259 10459 10326 10
9343 9613 9341 10
9330 9746 9332 10
9366 9766 9368 10
9330 9331 9329 10
9596 9755 9603 10
9460 9629 9462 10
10338 10405 9726 10
10260 10262 10261 10
10333 10338 10334 10
9340 10487 9342 10
9322 9323 9321 10
9611 10231 10230 10
10342 10406 10340 10
9729 10239 9312 10
10395 10448 9223 10
10322 10473 9614 10
9387 9605 9385 10
9187 10407 9223 10
9445 9446 9443 10
9528 9530 9529 10
9540 9541 9539 10
9705 10324 10320 10
9488 9490 9489 10
9510 9511 9509 10
9290 9292 9291 10
9314 9316 9315 10
10214 10215 10199 10
9701 10154 9483 10
9616 10272 9138 10
9326 9328 9327 10
9350 9351 9349 10
9420 9421 9419 10
9541 9657 9539 10
10201 10203 10202 10
9151 10422 9149 10
9605 10255 9385 10
10288 10289 9665 10
9378 9380 9379 10
9627 10350 10349 10
10400 10451 10442 10
9438 9442 9439 10
9162 10410 9164 10
9402 9403 9401 10
9276 9278 9277 10
9252 10380 9155 10
9274 9697 9276 10
9530 9531 9529 10
9164 10410 9209 10
9227 10328 9231 10
10386 10392 9212 10
9286 9288 9287 10
10424 10452 9659 10
10343 10354 10353 10
10390 10392 10387 10
10364 10365 10152 10
10343 10360 10354 10
10393 10396 10392 10
9748 10361 9265 10
9310 9729 9312 10
10348 10406 10342 10
10369 10375 9252 10
9294 9711 9296 10
9312 9314 9313 10
9464 9465 9463 10
9568 9570 9569 10
9665 10307 9133 10
9282 9283 9281 10
9638 10182 10181 10
10172 10175 10173 10
10387 10392 10386 10
10393 10407 10396 10
9191 10396 9189 10
9222 10451 10400 10
9265 10361 9263 10
9294 9295 9293 10
9434 9436 9435 10
10340 10406 10343 10
9149 10422 9659 10
9314 9730 9316 10
9476 9477 9475 10
9633 10326 9829 10
10381 10391 9195 10
10446 10450 9203 10
9727 10306 9308 10
10351 10352 10350 10
10390 10393 10392 10
10356 10360 10359 10
9270 9686 9272 10
9304 9306 9305 10
9381 10417 9606 10
9152 10380 9151 10
9212 10391 10386 10
9648 10408 9213 10
10375 10376 9252 10
9284 9286 9285 10
9308 9309 9307 10
10289 10307 9665 10
9742 10316 10315 10
9134 9135 9133 10
9280 9282 9281 10
9287 9735 9285 10
9354 9356 9355 10
10310 10311 9625 10
10339 10353 9177 10
9212 10396 9191 10
9318 9733 9320 10
9611 10264 10231 10
9270 9272 9271 10
9336 9338 9337 10
10354 10360 10356 10
9267 10308 9748 10
9633 9829 9805 10
9334 9336 9335 10
9138 9139 9137 10
9161 10415 9245 10
9175 10353 9225 10
9216 10427 9240 10
9627 10349 9271 10
9284 9285 9283 10
10266 10449 10267 10
10447 10448 10345 10
10383 10391 10381 10
9148 9150 9149 10
9237 10421 9148 10
9150 9153 9152 10
9227 9228 9222 10
9255 9258 9257 10
9277 10367 9275 10
9416 9417 9415 10
10395 10407 10393 10
9179 10339 9177 10
10353 10354 9225 10
9257 9633 9256 10
9633 9726 9256 10
9295 10266 9293 10
9349 9612 9347 10
9360 9361 9359 10
9534 9699 9536 10
9322 9324 9323 10
9352 10502 9354 10
10386 10391 10383 10
9282 9284 9283 10
9363 10206 9361 10
9378 9379 9377 10
9530 9532 9531 10
9132 9134 9133 10
9161 9245 9159 10
9184 10404 9186 10
9200 10404 9184 10
9218 10427 9216 10
9262 9264 9263 10
9370 9372 9371 10
9508 9510 9509 10
10219 10220 9622 10
9627 10351 10350 10
9364 9365 9363 10
9366 9368 9367 10
9135 9665 9133 10
9136 9137 9135 10
9786 10287 9137 10
9138 9140 9139 10
9146 9237 9148 10
9245 10369 9159 10
9726 10405 9256 10
9279 9625 9277 10
9301 10218 9299 10
9323 9615 9321 10
9324 9326 9325 10
9342 9344 9343 10
10267 10268 9623 10
10343 10353 10339 10
10370 10375 10369 10
9167 10402 9244 10
9177 10353 9175 10
9677 10328 9227 10
9231 9233 9232 10
9234 10333 9232 10
9234 10405 10333 10
10334 10335 9235 10
9255 9256 9243 10
9263 10361 9631 10
9270 9271 9269 10
9280 9281 9279 10
9312 9313 9311 10
9346 9348 9347 10
9388 9389 9387 10
9445 9448 9447 10
10320 10321 9614 10
9637 10327 9815 10
9721 9723 9722 10
10308 10309 9748 10
10256 10257 10255 10
9145 10290 9143 10
9214 9215 9207 10
9245 10415 10371 10
9263 9631 9261 10
9278 9700 9280 10
9290 9709 9292 10
10268 10270 9623 10
10362 10363 9631 10
9637 9815 9743 10
9140 9142 9141 10
9162 9164 9163 10
9197 10381 9195 10
10392 10396 9212 10
9213 10408 9214 10
9611 10229 9353 10
9392 9394 9393 10
9552 9553 9551 10
9245 10370 10369 10
9273 9627 9271 10
9502 9503 9501 10
10343 10406 10360 10
9163 10415 9161 10
9206 9617 9213 10
9339 10183 9337 10
9142 9144 9143 10
9144 9145 9143 10
9150 9152 9151 10
9150 10421 9153 10
9154 9155 9152 10
9157 10369 9252 10
9166 9168 9167 10
9168 10368 9171 10
9172 9173 9170 10
9171 10368 9721 10
9178 9179 9177 10
9180 9181 9179 10
9182 9183 9181 10
9186 9187 9185 10
9186 10404 9201 10
9195 10391 9193 10
9193 10391 9212 10
9196 9197 9195 10
9198 9199 9197 10
9202 9203 9199 10
9213 9214 9207 10
9240 9241 9215 10
9217 9219 9218 10
9221 9222 9220 10
9223 10448 10447 10
9724 10425 9226 10
9233 9234 9232 10
9232 10333 9235 10
9242 9243 9234 10
9254 9255 9243 10
10402 10403 9244 10
9269 10308 9267 10
9272 9273 9271 10
9296 9297 9295 10
9316 9318 9317 10
9382 9384 9383 10
9412 9414 9413 10
9445 9447 9446 10
10422 10423 9659 10
10423 10424 9659 10
10354 10356 10355 10
10371 10373 10372 10
10371 10374 10373 10
10415 10433 10374 10
10390 10394 10393 10
10403 10430 10429 10
9157 9252 9155 10
9169 10402 9167 10
9193 9212 9191 10
9220 9236 9218 10
9260 9262 9261 10
9264 9265 9263 10
9320 9321 9319 10
9764 10409 9356 10
9361 9610 9359 10
10334 10337 10336 10
9149 9659 9147 10
9164 9209 9166 10
9166 10368 9168 10
9209 10368 9166 10
9198 9202 9199 10
9206 9213 9207 10
9216 9240 9215 10
10354 10355 9225 10
9278 9279 9277 10
9283 9742 9281 10
9747 10528 9479 10
9743 9780 9779 10
10311 10313 10312 10
10374 10433 10428 10
10382 10383 10381 10
9142 9251 9144 10
9146 9148 9147 10
9154 9156 9155 10
9156 9158 9157 10
9175 9225 9173 10
9176 9178 9177 10
9178 9180 9179 10
9227 9231 9228 10
9268 9270 9269 10
9366 9367 9365 10
10361 10362 9631 10
10341 10344 10342 10
10357 10431 10419 10
10384 10385 10383 10
9132 9253 9134 10
9224 10339 9179 10
9180 9182 9181 10
9184 9186 9185 10
9190 9205 9192 10
9198 9230 9202 10
9214 10408 9217 10
9222 10400 9220 10
10333 10334 9235 10
9258 9676 9260 10
9264 9266 9265 10
9266 9268 9267 10
9392 9393 9391 10
9482 9483 9481 10
9742 10314 10310 10
10334 10338 10337 10
10356 10357 10355 10
10356 10359 10358 10
10419 10431 10402 10
9160 9229 9162 10
9167 9244 9165 10
9172 9174 9173 10
9174 9208 9176 10
9182 9200 9184 10
9187 9223 9185 10
9186 9188 9187 10
9346 9347 9345 10
9362 9364 9363 10
9148 9149 9147 10
9148 10421 9150 10
9153 9154 9152 10
9153 9668 9154 10
9158 9159 9157 10
9158 9160 9159 10
9160 9161 9159 10
9162 9163 9161 10
9164 9165 9163 10
9164 9166 9165 10
9166 9167 9165 10
9168 9169 9167 10
9170 10418 9169 10
9173 10418 9170 10
9171 9721 9226 10
9174 9175 9173 10
9176 9177 9175 10
9178 9204 9180 10
9181 9224 9179 10
9182 9184 9183 10
9184 9185 9183 10
9188 9189 9187 10
9188 9190 9189 10
9190 9191 9189 10
9190 9192 9191 10
9192 9193 9191 10
9205 10416 9192 10
9196 9198 9197 10
9199 9211 9197 10
9211 10381 9197 10
9202 9206 9203 10
9206 9207 9203 10
9214 9216 9215 10
9217 9218 9216 10
9217 10408 9238 10
9219 9220 9218 10
9224 10340 10339 10
9224 10341 10340 10
10355 10418 9225 10
9721 9722 9226 10
9637 9743 9241 10
9743 9779 9241 10
9242 9254 9243 10
9256 10405 9243 10
9255 9257 9256 10
9258 9259 9257 10
9258 9260 9259 10
9260 9261 9259 10
9266 9267 9265 10
9268 9269 9267 10
9274 9275 9273 10
9324 9325 9323 10
10251 10253 10250 10
10334 10336 10335 10
10340 10343 10339 10
10341 10342 10340 10
10341 10345 10344 10
10347 10348 10342 10
10345 10346 10344 10
10345 10448 10346 10
10420 10447 10345 10
10356 10358 10357 10
10382 10384 10383 10
10385 10386 10383 10
10388 10389 10387 10
10394 10395 10393 10
10394 10397 10395 10
10394 10398 10397 10
10398 10399 10397 10
10475 10476 10474 10
10418 10419 9169 10
9186 9201 9188 10
9194 9196 9195 10
9232 9235 9228 10
9262 9263 9261 10
9279 10310 9625 10
9290 9291 9289 10
10375 10377 10376 10
10377 10378 10376 10
9159 10369 9157 10
9207 10446 9203 10
9211 10382 10381 10
9214 9217 9216 10
9219 9221 9220 10
10344 10347 10342 10
10378 10379 10376 10
10385 10387 10386 10
10389 10390 10387 10
10442 10443 10401 10
10403 10429 10428 10
9168 9170 9169 10
9194 9210 9196 10
9229 10411 10410 10
9275 10469 9273 10
9493 10211 10135 10
10385 10388 10387 10
9139 9786 9137 10
9617 9648 9213 10
9240 9637 9241 10
10403 10428 9244 10
9245 10371 10370 10
9298 9300 9299 10
9448 9450 9449 10
10341 10420 10345 10
9165 10433 9163 10
9168 9171 9170 10
9226 10425 9172 10
9225 10418 9173 10
9240 9740 9637 10
9779 10450 10446 10
9171 9172 9170 10
9174 9176 9175 10
9217 9238 9219 10
9221 9227 9222 10
9615 10250 9321 10
9627 10469 10351 10
9633 9805 9726 10
9136 9138 9137 10
9140 9141 9139 10
9150 9151 9149 10
9153 9691 9668 10
9156 9157 9155 10
9156 9239 9158 10
9163 10433 10415 10
9169 10419 10402 10
9183 10447 10420 10
9192 9194 9193 10
9194 9195 9193 10
9194 10416 9210 10
9231 9232 9228 10
9240 10427 9740 10
9276 9277 9275 10
9286 9287 9285 10
10357 10419 10355 10
10371 10372 10370 10
9208 10432 9176 10
9220 10400 9236 10
9267 9748 9265 10
9278 9280 9279 10
9350 9761 9352 10
9400 9402 9401 10
10402 10431 10403 10
9160 9162 9161 10
9171 9226 9172 10
9221 9677 9227 10
9292 9293 9291 10
9740 10327 9637 10
10252 10254 10251 10
9192 10416 9194 10
9408 9409 9407 10
9144 9146 9145 10
9294 9296 9295 10
9322 9739 9324 10
9328 9330 9329 10
9223 10447 9185 10
9188 10426 9190 10
9233 9242 9234 10
9274 9276 9275 10
9302 9303 9301 10
9316 9317 9315 10
9330 9332 9331 10
9594 9596 9595 10
10427 10445 9740 10
10442 10451 10335 10
9229 10410 9162 10
9224 10420 10341 10
9304 9305 9303 10
9742 10315 10314 10
9146 9147 9145 10
9153 10421 9691 10
9183 10420 9181 10
9190 10426 9205 10
9722 9724 9226 10
9229 10412 10411 10
9231 9772 9233 10
10400 10401 9236 10
9266 9683 9268 10
10443 10444 10401 10
10444 10445 10401 10
9201 10426 9188 10
9299 9622 9297 10
9348 9350 9349 10
9356 9358 9357 10
10401 10445 9236 10
9236 10445 10427 10
9779 10446 9241 10
9346 9756 9348 10
9358 9360 9359 10
10355 10419 10418 10
10371 10415 10374 10
10403 10431 10430 10
9185 10447 9183 10
9215 10446 9207 10
9456 9458 9457 10
9176 10432 9178 10
9241 10446 9215 10
9243 10405 9234 10
10428 10433 9244 10
9262 9684 9264 10
9780 10458 9779 10
10400 10442 10401 10
10379 10422 9151 10
9428 9430 9429 10
9142 9143 9141 10
9298 9299 9297 10
9424 9425 9423 10
9432 9434 9433 10
9178 10432 9204 10
9181 10420 9224 10
10376 10380 9252 10
9269 10349 10308 10
9306 9307 9305 10
9203 10450 9199 10
9503 9685 9501 10
10311 10312 9625 10
9430 9432 9431 10
9550 9714 9552 10
9134 9136 9135 10
9172 10425 9174 10
9236 10427 9218 10
9272 9274 9273 10
9742 10310 9281 10
9602 10242 10241 10
10321 10323 10322 10
9368 9369 9367 10
9779 10458 10450 10
9244 10433 9165 10
9352 9353 9351 10
9374 9375 9373 10
10226 10227 9440 10
10300 10303 10302 10
9143 9783 9141 10
9174 10425 9208 10
9317 9618 9315 10
10321 10322 9614 10
9338 9340 9339 10
10494 10500 9395 10
9136 9616 9138 10
9355 9611 9353 10
9437 9440 9435 10
9376 9378 9377 10
9531 9662 9529 10
10267 10269 10268 10
9298 9716 9300 10
9333 9705 9331 10
9340 9341 9339 10
9364 9366 9365 10
9300 9302 9301 10
9508 9509 9507 10
9536 9537 9535 10
9538 9703 9540 10
9261 10459 9259 10
9329 9614 9327 10
10230 10232 10229 10
9292 9294 9293 10
9296 9298 9297 10
9334 9335 9333 10
10456 10457 10384 10
9307 10465 10260 10
9412 9413 9411 10
9526 9528 9527 10
9151 10380 10379 10
9282 9706 9284 10
9659 10452 9147 10
9271 10349 9269 10
9306 9727 9308 10
9390 9391 9389 10
9404 9405 9403 10
9416 9418 9417 10
9199 10450 9211 10
9449 10477 9447 10
9615 10252 10251 10
10312 10454 10367 10
10351 10469 10454 10
9339 10197 10183 10
9372 9373 9371 10
9478 9479 9477 10
9273 10469 9627 10
10271 10464 10270 10
9606 10475 10474 10
9318 9319 9317 10
9428 9429 9427 10
9288 9289 9287 10
9288 9290 9289 10
9328 9329 9327 10
10456 10458 9780 10
9441 10521 10160 10
10183 10197 10185 10
9228 10451 9222 10
10382 10456 10384 10
9356 9357 9355 10
9452 9453 9451 10
10268 10271 10270 10
10382 10458 10456 10
9281 10310 9279 10
9310 9311 9309 10
9311 9619 9309 10
9464 9466 9465 10
9518 9681 9520 10
9671 10513 10248 10
10146 10147 10145 10
9314 9315 9313 10
9358 9765 9360 10
9344 9346 9345 10
9381 9606 9379 10
9398 9400 9399 10
10335 10451 9235 10
9348 9349 9347 10
9211 10458 10382 10
9306 9308 9307 10
9308 9310 9309 10
9560 9561 9559 10
9378 9773 9380 10
9362 9767 9364 10
9411 9599 9409 10
10259 10467 9612 10
9414 9415 9413 10
9425 9598 9423 10
9326 9327 9325 10
9524 9526 9525 10
10202 10205 10204 10
9141 10471 9139 10
10379 10380 10376 10
9426 9428 9427 10
9454 9456 9455 10
9602 10241 10240 10
9338 9753 9340 10
9406 9407 9405 10
9504 9505 9503 10
10450 10458 9211 10
9606 10474 9379 10
9671 10247 10245 10
9145 10452 10290 10
9382 9383 9381 10
9486 9488 9487 10
10316 10317 10315 10
9320 9322 9321 10
9451 9718 9449 10
9235 10451 9228 10
9332 9333 9331 10
9448 9449 9447 10
10456 10460 10457 10
9436 9438 9437 10
9582 9583 9581 10
9736 10522 9582 10
9332 9334 9333 10
10160 10162 10159 10
9465 9713 9463 10
9410 9412 9411 10
9337 9702 9335 10
9320 10490 9322 10
10229 10258 9351 10
9366 10263 9766 10
10471 10472 9786 10
9596 9597 9595 10
9592 9594 9593 10
9139 10471 9786 10
9783 10471 9141 10
9780 10460 10456 10
10299 10301 10300 10
9538 9539 9537 10
9388 9390 9389 10
9496 9497 9495 10
9360 9362 9361 10
9305 9620 9303 10
9344 9345 9343 10
9386 9388 9387 10
9147 10452 9145 10
9470 9472 9471 10
9509 10172 9680 10
9393 9602 9391 10
9386 9387 9385 10
10231 10233 10230 10
9701 10155 10154 10
9631 10459 9261 10
9375 9666 9373 10
10367 10469 9275 10
9761 10502 9352 10
9432 9433 9431 10
9568 9731 9570 10
9615 10251 10250 10
10363 10459 9631 10
9353 10229 9351 10
10241 10243 10240 10
9685 10236 10235 10
10261 10482 10481 10
9295 10470 10266 10
9671 10248 10247 10
9352 9354 9353 10
10454 10469 10367 10
9340 9342 9341 10
9376 9377 9375 10
9572 9574 9573 10
9418 9420 9419 10
10242 10244 10241 10
9482 9484 9483 10
9336 9337 9335 10
9514 9515 9513 10
10483 10484 10466 10
9580 9581 9579 10
9574 9576 9575 10
9410 9411 9409 10
10159 10161 10158 10
9422 9424 9423 10
9436 9437 9435 10
10169 10170 9707 10
9325 10491 9323 10
9448 9624 9450 10
10303 10480 10302 10
9384 9385 9383 10
9402 9404 9403 10
9415 9641 9413 10
10264 10265 10231 10
9406 9408 9407 10
9335 10505 9333 10
10465 10466 10262 10
9394 9396 9395 10
9351 10258 9349 10
9733 10490 9320 10
9556 9558 9557 10
9447 9762 9446 10
9405 9600 9403 10
9441 10160 10159 10
9584 9744 9586 10
9512 9514 9513 10
9373 10513 9371 10
10474 10486 9377 10
9609 10488 10325 10
9460 9461 9459 10
9552 9554 9553 10
9581 9682 9579 10
9516 9517 9515 10
9511 10172 9509 10
10227 10249 9440 10
9394 9395 9393 10
9322 10490 9739 10
10260 10465 10262 10
10151 10152 10146 10
10491 10512 10252 10
10225 10463 10226 10
10246 10489 10488 10
9564 9728 9566 10
9526 9689 9528 10
9461 9757 9459 10
9444 9445 9443 10
10220 10470 9622 10
9515 9675 9513 10
9409 10514 9407 10
9297 10470 9295 10
9433 10521 9431 10
9490 9491 9489 10
9363 10325 10206 10
9592 9754 9594 10
10259 10468 10467 10
9472 9474 9473 10
9492 9494 9493 10
9345 10493 10214 10
9571 10117 9640 10
9510 9512 9511 10
10193 10194 9601 10
9474 9475 9473 10
9596 9603 9597 10
10180 10497 10496 10
9500 9502 9501 10
10476 10486 10474 10
10246 10488 9609 10
9599 10514 9409 10
9767 10263 9364 10
9609 10325 9365 10
9532 9533 9531 10
10509 10510 10107 10
9458 9459 9457 10
10194 10494 9601 10
10100 10103 10101 10
9762 9801 9763 10
9462 9464 9463 10
10208 10461 9610 10
10261 10481 9620 10
9752 10479 9344 10
9564 9566 9565 10
9753 10487 9340 10
9364 10263 9366 10
9578 9580 9579 10
9488 9489 9487 10
9520 9522 9521 10
9590 9591 9589 10
9494 9496 9495 10
9365 10325 9363 10
9602 10500 10242 10
9622 10470 9297 10
9536 9538 9537 10
9560 9719 9562 10
9584 9585 9583 10
10195 10492 10204 10
10186 10505 9702 10
9477 9751 9475 10
9498 9499 9497 10
9301 10498 10218 10
9702 10505 9335 10
9362 10485 9767 10
10480 10483 9619 10
9370 10478 9768 10
9492 9654 9494 10
9542 9710 9544 10
9522 9524 9523 10
9610 10461 9359 10
9333 10505 9705 10
9480 9481 9479 10
9377 10486 9375 10
10225 10226 9440 10
9605 10256 10255 10
9497 9690 9495 10
10515 10525 10520 10
9765 10485 9360 10
10180 10496 9641 10
9542 9544 9543 10
9354 10502 9764 10
9452 9454 9453 10
9375 10486 9666 10
9582 9584 9583 10
9638 10181 10178 10
9484 9486 9485 10
10194 10495 10494 10
9583 10532 9581 10
9303 10498 9301 10
9464 9634 9466 10
9491 9698 9489 10
10187 10188 10175 10
9766 10478 9368 10
9468 9470 9469 10
9506 9507 9505 10
9570 9572 9571 10
10257 10417 10255 10
10496 10497 9599 10
9468 9636 9470 10
9452 9626 9454 10
9534 9535 9533 10
9522 9688 9524 10
9510 9670 9512 10
9560 9562 9561 10
10303 10483 10480 10
9481 9747 9479 10
9441 10159 10158 10
10192 10492 10195 10
9518 9519 9517 10
10160 10521 10517 10
9589 10542 9587 10
9344 10479 9346 10
9346 10479 9756 10
9620 10498 9303 10
10481 10498 9620 10
9443 10462 9439 10
9484 9645 9486 10
9360 10485 9362 10
9439 10225 9437 10
9590 9592 9591 10
9685 10234 9501 10
9548 9549 9547 10
10104 10509 10107 10
9447 10477 9762 10
9368 10478 9370 10
9376 10516 9378 10
10322 10512 10473 10
9323 10491 9615 10
9437 10225 9440 10
9558 9559 9557 10
10186 10506 10505 10
9685 10235 10234 10
9576 9578 9577 10
9615 10491 10252 10
10204 10492 9600 10
9554 9556 9555 10
10507 10508 10475 10
9585 9635 9583 10
9407 10514 10201 10
9771 10516 9376 10
9588 9589 9587 10
9747 10529 10528 10
10257 10507 10417 10
10513 10519 10248 10
9666 10513 9373 10
10243 10503 10453 10
9572 9734 9574 10
9559 9649 9557 10
9612 10493 9347 10
9378 10516 9773 10
9546 9547 9545 10
10201 10514 10203 10
9568 9569 9567 10
9705 10506 10324 10
10223 10542 9632 10
9547 9653 9545 10
9347 10493 9345 10
10234 10499 9499 10
10118 10119 9640 10
10505 10506 9705 10
10517 10521 10249 10
9590 10544 9592 10
10101 10533 10532 10
9576 9741 9578 10
10165 10515 9598 10
9763 10463 10462 10
9763 10462 9446 10
9487 10534 10157 10
10249 10521 9433 10
9473 10538 10167 10
10497 10527 10526 10
9587 10542 10099 10
10476 10518 10486 10
10227 10517 10249 10
9477 10528 9751 10
9599 10526 10514 10
9545 10524 9543 10
10497 10526 9599 10
9606 10507 10475 10
9653 10524 9545 10
9584 10522 9744 10
10546 10547 9669 10
9581 10532 9682 10
9666 10519 10513 10
9446 10462 9443 10
9475 10538 9473 10
10515 10520 9421 10
10417 10507 9606 10
9423 10515 9421 10
10486 10518 9666 10
10514 10526 10203 10
10518 10519 9666 10
9719 10535 9562 10
9635 10532 9583 10
10114 10150 10116 10
9598 10515 9423 10
9757 10531 10530 10
9593 10150 10114 10
9698 10534 9489 10
9657 10523 9539 10
10520 10525 10182 10
9576 10541 9741 10
9750 10544 9590 10
9685 10540 10236 10
9751 10539 10538 10
9505 10540 9503 10
9457 10530 9758 10
9574 10541 9576 10
9489 10534 9487 10
9632 10542 9589 10
9537 10523 9715 10
9751 10538 9475 10
9129 10545 9669 10
9539 10523 9537 10
9503 10540 9685 10
9734 10541 9574 10
9131 10545 9129 10
9592 10544 9754 10
9757 10530 9459 10
9459 10530 9457 10
10532 10533 9682 10
9543 10524 10089 10
9572 10543 9734 10
10545 10546 9669 10
9731 10543 9570 10
10089 10524 10092 10
9570 10543 9572 10
9127 10548 9125 10
10307 10545 9131 10
9597 10816 9628 10
9669 10548 9127 10
10547 10548 9669 10
10550 10551 9672 10
9123 10549 9672 10
9125 10549 9123 10
10549 10550 9672 10
10548 10549 9125 10
9121 10557 9119 10
9248 10552 9122 10
9122 10552 9124 10
9124 10552 9249 10
9672 10557 9121 10
10551 10557 9672 10
10559 10560 9674 10
9117 10558 9674 10
9119 10558 9117 10
10642 12224 12214 10
10558 10559 9674 10
10557 10558 9119 10
10308 10563 10309 10
10350 10563 10349 10
10565 10566 10564 10
9093 10567 10565 10
9082 10670 10669 10
9057 10576 10575 10
9078 10648 10647 10
10575 10577 10574 10
10603 10605 10602 10
10629 10632 10630 10
9066 10615 10614 10
10586 10589 10587 10
10693 10694 9089 10
10657 10659 10658 10
10587 10588 9065 10
10630 10631 9067 10
10614 10616 10613 10
9086 10604 10603 10
9059 10719 10718 10
10718 10720 10717 10
10744 10746 10743 10
10770 10772 10771 10
9081 10735 10734 10
9069 10755 10754 10
10734 10736 10733 10
10754 10756 10753 10
9091 10745 10744 10
10792 10794 10793 10
3105 10814 3106 10
10349 10563 10308 10
3421 10564 3422 10
3383 10574 3384 10
3416 10602 3417 10
3388 10685 3389 10
3407 10640 3408 10
3424 10701 3425 10
3391 10646 3392 10
3406 10613 3407 10
3429 10702 3430 10
3395 9065 3396 10
3387 9064 3388 10
3281 8767 3282 10
3287 8748 3288 10
3289 8806 3290 10
3297 8753 3298 10
3303 8770 3304 10
3305 10704 3306 10
3314 8735 3315 10
3337 8740 3338 10
3339 8803 3340 10
3274 8760 3275 10
3291 8734 3292 10
3309 8752 3310 10
3322 8784 3323 10
3328 8788 3329 10
3341 8743 3342 10
3347 8761 3348 10
3349 9975 3350 10
3375 10645 3376 10
3372 9076 3373 10
3385 9094 3386 10
3394 10586 3395 10
3311 8804 3312 10
3331 8757 3332 10
3427 10668 3428 10
3413 9074 3414 10
3374 9079 3375 10
3408 9080 3409 10
3415 9086 3416 10
3271 8771 3272 10
3277 8780 3278 10
3284 8777 3285 10
3300 8786 3301 10
3306 8782 3307 10
3317 8802 3318 10
3325 8766 3326 10
3334 8774 3335 10
3344 8778 3345 10
3376 10629 3377 10
3377 9067 3378 10
3379 9087 3380 10
3382 9057 3383 10
3390 9078 3391 10
3397 9090 3398 10
3400 9056 3401 10
3403 9088 3404 10
3405 9066 3406 10
3410 9075 3411 10
3412 10657 3413 10
3418 9062 3419 10
3420 9093 3421 10
3423 9063 3424 10
3428 9073 3429 10
3431 9068 3432 10
3433 9089 3434 10
3294 8776 3295 10
3279 8805 3280 10
3319 8749 3320 10
3392 9077 3393 10
3426 9082 3427 10
3310 10667 3311 10
3378 10707 3379 10
3414 10709 3415 10
3384 10715 3385 10
3393 10699 3394 10
3381 10713 3382 10
3425 10710 3426 10
3417 10666 3418 10
3404 10706 3405 10
3396 10708 3397 10
3432 10692 3433 10
3411 10711 3412 10
3389 10714 3390 10
3434 10700 3435 10
3268 8741 3269 10
3419 10716 3420 10
3278 10705 3279 10
3380 10712 3381 10
3074 10717 3075 10
3069 9098 3070 10
3071 9092 3072 10
3073 9059 3074 10
3072 10731 3073 10
3089 10743 3090 10
3102 10733 3103 10
3098 10783 3099 10
3097 10753 3098 10
3262 8772 3263 10
3265 8742 3266 10
3129 8736 3130 10
3101 9081 3102 10
3091 9058 3092 10
3085 10770 3086 10
3086 9061 3087 10
3088 9091 3089 10
3094 9085 3095 10
3096 9069 3097 10
3099 9070 3100 10
3126 8746 3127 10
3104 9060 3105 10
3087 10784 3088 10
3095 10785 3096 10
3103 10786 3104 10
3422 10732 3423 10
3100 10791 3101 10
3083 9083 3084 10
3084 10777 3085 10
3090 10782 3091 10
3075 10800 3076 10
3261 10807 3262 10
3132 8744 3133 10
3135 8759 3136 10
3081 9071 3082 10
3252 8764 3253 10
3186 8765 3187 10
3260 8807 3261 10
3218 10811 3219 10
3220 10810 3221 10
3233 8787 3234 10
3138 8763 3139 10
3148 8550 3149 10
3157 8543 3158 10
3194 8812 3195 10
3196 8738 3197 10
3199 8773 3200 10
3205 8789 3206 10
3211 8785 3212 10
3224 8750 3225 10
3192 8747 3193 10
3181 8758 3182 10
3172 8549 3173 10
3243 8739 3244 10
3160 8541 3161 10
3258 8762 3259 10
3140 8811 3141 10
3142 8733 3143 10
3145 8565 3146 10
3151 8548 3152 10
3154 8545 3155 10
3163 8542 3164 10
3166 8544 3167 10
3169 8546 3170 10
3175 8559 3176 10
3178 8732 3179 10
3189 8779 3190 10
3202 8754 3203 10
3208 8769 3209 10
3214 8751 3215 10
3217 8810 3218 10
3219 8737 3220 10
3221 8809 3222 10
3227 8781 3228 10
3236 8756 3237 10
3238 8813 3239 10
3240 8755 3241 10
3246 8745 3247 10
3249 8775 3250 10
3076 9084 3077 10
3078 9072 3079 10
3080 10792 3081 10
3184 8808 3185 10
3079 10808 3080 10
3230 8768 3231 10
3255 8783 3256 10
3237 10809 3238 10
3239 10812 3240 10
3259 10813 3260 10
11408 13012 9877 10
9093 10565 10564 10
9082 10669 10668 10
9057 10575 10574 10
10586 10587 9065 10
9078 10647 10646 10
10657 10658 9074 10
9066 10614 10613 10
10629 10630 9067 10
9086 10603 10602 10
10692 10693 9089 10
9059 10718 10717 10
10770 10771 9061 10
9091 10744 10743 10
9081 10734 10733 10
9069 10754 10753 10
10792 10793 9071 10
12183 12885 9772 10
9093 10564 3421 10
9057 10574 3383 10
9082 10668 3427 10
10701 10710 3425 10
9064 10685 3388 10
3408 10640 9080 10
3379 10707 9087 10
10602 10666 3417 10
3311 10667 8804 10
9068 10692 3432 10
9086 10602 3416 10
10613 10640 3407 10
3395 10586 9065 10
9078 10646 3391 10
3376 10645 10629 10
9066 10613 3406 10
9077 10699 3393 10
3385 10715 9094 10
9079 10645 3375 10
3413 10657 9074 10
3392 10646 9077 10
3377 10629 9067 10
3279 10705 8805 10
9074 10709 3414 10
10574 10715 3384 10
9088 10706 3404 10
3390 10714 9078 10
8752 10667 3310 10
9062 10716 3419 10
3412 10711 10657 10
3306 10704 8782 10
3397 10708 9090 10
9063 10701 3424 10
3415 10709 9086 10
9073 10702 3429 10
3423 10732 9063 10
3394 10699 10586 10
3418 10666 9062 10
10712 10713 3381 10
9065 10708 3396 10
3382 10713 9057 10
9067 10707 3378 10
3428 10668 9073 10
10685 10714 3389 10
3426 10710 9082 10
3405 10706 9066 10
9075 10711 3411 10
8780 10705 3278 10
9087 10712 3380 10
3433 10692 9089 10
9089 10700 3434 10
3420 10716 9093 10
10564 10732 3422 10
9092 10731 3072 10
9059 10717 3074 10
3073 10731 9059 10
9091 10743 3089 10
10753 10783 3098 10
3086 10770 9061 10
9081 10733 3102 10
9085 10785 3095 10
9069 10753 3097 10
10733 10786 3103 10
10743 10782 3090 10
3099 10783 9070 10
9070 10791 3100 10
3088 10784 9091 10
9061 10784 3087 10
3096 10785 9069 10
3104 10786 9060 10
3091 10782 9058 10
3101 10791 9081 10
10717 10800 3075 10
3085 10777 10770 10
9083 10777 3084 10
3076 10800 9084 10
3262 10807 8772 10
8807 10807 3261 10
3081 10792 9071 10
8762 10813 3259 10
3238 10809 8813 10
3221 10810 8809 10
3219 10811 8737 10
3240 10812 8755 10
3080 10808 10792 10
9072 10808 3079 10
8810 10811 3218 10
8737 10810 3220 10
8756 10809 3237 10
8813 10812 3239 10
3260 10813 8807 10
10566 10732 10564 10
10605 10666 10602 10
9078 10714 10648 10
10577 10715 10574 10
10657 10711 10659 10
9082 10710 10670 10
10629 10645 10632 10
10588 10708 9065 10
9066 10706 10615 10
10694 10700 9089 10
10586 10699 10589 10
10616 10640 10613 10
9057 10713 10576 10
10631 10707 9067 10
9086 10709 10604 10
9093 10716 10567 10
9059 10731 10719 10
10720 10800 10717 10
10746 10782 10743 10
10736 10786 10733 10
10756 10783 10753 10
10770 10777 10772 10
9069 10785 10755 10
9081 10791 10735 10
9091 10784 10745 10
10792 10808 10794 10
8791 9100 9099 10
10025 11650 10024 10
10062 10914 10061 10
10002 10003 10001 10
9766 12704 10478 10
10058 10983 10057 10
9158 10817 9160 10
9229 10817 10412 10
8735 12021 10152 10
3349 10815 9975 10
8761 10815 3348 10
9722 9826 9784 10
9049 12814 9842 10
3348 10815 3349 10
10560 10819 9674 10
9060 10814 3105 10
10909 13046 11461 10
10149 10840 9725 10
9115 10819 9113 10
11255 12861 12647 10
3305 10820 10704 10
8770 10820 3304 10
9160 10817 9229 10
8525 11573 11252 10
3186 10821 8765 10
8808 10821 3185 10
11903 12678 9048 10
9603 9604 9597 10
9604 10816 9597 10
8754 12883 10221 10
12225 12556 12524 10
9260 9846 9262 10
9674 10819 9115 10
11864 12626 11863 10
10174 10834 10176 10
10540 10834 10236 10
3304 10820 3305 10
10361 10835 10362 10
10309 10835 9748 10
3185 10821 3186 10
10000 10002 10001 10
10011 10425 9724 10
9679 10844 9661 10
9725 10840 9519 10
9517 10840 10191 10
12394 12395 10628 10
3275 10841 3276 10
3356 9930 8796 10
3353 9932 8794 10
9767 11617 10263 10
9856 11927 9865 10
10329 12961 12183 10
10303 12943 8769 10
11252 11573 8951 10
3303 10845 8770 10
9621 9882 9110 10
3184 10847 8808 10
8647 12538 12367 10
9884 9887 9246 10
9262 9846 9684 10
8798 9968 3115 10
8985 9943 3111 10
8795 9967 3117 10
9050 9958 3109 10
10176 10834 10540 10
10678 12095 10680 10
11489 13063 11490 10
9206 9978 9617 10
8786 10852 3301 10
3112 9943 8814 10
3110 9958 8985 10
3123 9969 8790 10
3116 9968 8795 10
3118 9967 8793 10
10684 10703 10682 10
9748 10835 10361 10
10022 11666 10021 10
9732 10844 9679 10
8758 10853 3182 10
10555 12759 11227 10
10633 12200 12160 10
10482 13008 3204 10
10499 10861 10213 10
10235 10861 10234 10
10274 12919 10273 10
11228 11297 10286 10
10805 12184 11004 10
9629 10078 10077 10
3272 10864 3273 10
9519 10840 9517 10
10326 10865 9829 10
10363 10865 10459 10
3106 10814 9055 10
10414 11072 10413 10
8760 10841 3275 10
10015 11994 10014 10
10019 11425 10017 10
9997 9998 9995 10
12067 12250 8569 10
9888 9889 9247 10
3351 9970 3352 10
8760 12065 12060 10
3302 10845 3303 10
10169 11352 8777 10
3300 10869 8786 10
10286 11298 10285 10
10200 12847 12212 10
10294 12757 11161 10
3354 9966 3355 10
3367 9944 3368 10
3107 9974 3108 10
3357 9965 3358 10
3359 10556 3360 10
11396 11397 10042 10
11737 12144 9873 10
11586 11908 10033 10
10078 12937 10077 10
3119 10858 3120 10
3183 10847 3184 10
3181 10872 8758 10
8777 11611 10169 10
9607 9820 9646 10
11142 12860 11141 10
12280 12819 12279 10
12055 12806 8666 10
10501 11049 9755 10
8753 10876 3298 10
10655 12111 10656 10
8814 12792 9914 10
3369 9973 3370 10
11246 13055 11247 10
9647 9652 9608 10
3302 10852 10845 10
9803 9831 9788 10
9777 9823 9770 10
9760 9814 9738 10
9693 9732 9679 10
11428 12674 10015 10
10721 12201 11053 10
8732 10877 3179 10
10844 12029 9933 10
9876 11879 9879 10
8760 12060 10841 10
3269 10881 3270 10
9603 9607 9604 10
10135 10883 10136 10
10212 10883 10211 10
3183 10853 10847 10
9956 11852 9957 10
9048 12678 11729 10
9861 10817 9239 10
3198 12663 10269 10
3301 10852 3302 10
9630 10081 10080 10
12194 12205 10779 10
10338 10885 10337 10
9805 10885 9726 10
9904 9906 9903 10
8718 12624 12532 10
9978 9979 9825 10
9770 10873 9760 10
11995 12698 11750 10
10485 11860 11618 10
11471 12954 8339 10
3182 10853 3183 10
9976 10849 8792 10
11124 11487 10050 10
9945 10818 9948 10
3297 10886 8753 10
10859 12760 10553 10
3330 10890 3331 10
10757 12012 10758 10
10802 12203 12191 10
9919 12116 8795 10
9844 12970 12969 10
9761 11792 11791 10
3178 10895 8732 10
10000 10001 9999 10
9822 9836 9817 10
9996 9997 9995 10
10006 10007 10005 10
10439 10899 10438 10
10082 10083 10081 10
8776 10898 3295 10
8357 11390 11342 10
10008 12223 11837 10
12729 13108 9876 10
3266 10902 3267 10
10234 10861 10499 10
10059 10983 10058 10
9945 9946 9054 10
12040 12211 10007 10
8757 10890 10127 10
9952 12715 9953 10
10157 10912 10156 10
10137 10912 10534 10
8559 10911 3176 10
9804 9819 9242 10
11057 12209 10773 10
8771 10864 3272 10
10459 10865 10326 10
10278 10279 9251 10
9902 9904 9903 10
9126 10878 9128 10
10622 10640 10616 10
10583 10715 10577 10
10632 10645 10639 10
10726 10800 10720 10
10772 10777 10776 10
10611 10612 10573 10
10659 10711 10663 10
10589 10699 10595 10
10442 10915 10443 10
10336 10915 10335 10
10913 11048 10562 10
9876 11880 11879 10
10794 10808 10798 10
10468 12810 12176 10
10762 10783 10756 10
10742 10786 10736 10
10611 10666 10605 10
8773 12899 10449 10
10591 11936 10590 10
11411 12922 12580 10
10567 10716 10573 10
10752 10782 10746 10
3294 10916 8776 10
10745 10784 10751 10
10572 10732 10566 10
10590 12182 12152 10
10692 10698 10693 10
10669 10678 10668 10
10647 10655 10646 10
10604 10709 10610 10
9182 10919 9200 10
9204 10919 9180 10
11297 11298 10286 10
9105 9656 9655 10
10735 10791 10741 10
12285 12360 12215 10
3299 10869 3300 10
9100 9104 9102 10
10844 10875 9661 10
8771 12085 12072 10
9946 9973 9054 10
9856 11695 11694 10
3263 10925 3264 10
9450 10842 9452 10
10755 10785 10761 10
3175 10924 8559 10
9819 13082 9830 10
10637 10707 10631 10
10594 10708 10588 10
11732 13075 10056 10
10615 10706 10621 10
8734 10926 3292 10
10719 10731 10725 10
10634 11788 10633 10
9950 9973 9946 10
11178 12728 11363 10
9900 9919 9902 10
11698 12645 10860 10
11714 11715 9929 10
10576 10713 10581 10
9896 9899 9898 10
9929 11715 9781 10
9136 10281 9616 10
3180 10872 3181 10
9050 9960 9959 10
9889 12754 10859 10
9981 11561 11560 10
10155 10932 10154 10
9747 10932 10529 10
10670 10710 10673 10
10648 10714 10651 10
3299 10876 10869 10
8549 10930 3173 10
9832 11142 9833 10
9915 12851 12318 10
11813 12933 11814 10
10617 11582 10618 10
9839 9882 9621 10
9740 10936 10327 10
10444 10936 10445 10
11360 13032 9834 10
3298 10876 3299 10
10721 11053 10722 10
10272 10276 9140 10
9960 9961 9959 10
3180 10877 10872 10
9616 10281 10274 10
10661 11987 10660 10
9985 9986 9984 10
3291 10937 8734 10
8806 10937 3290 10
10578 12133 10579 10
9607 9608 9604 10
10143 11920 8767 10
10529 10946 10528 10
9751 10946 10539 10
3179 10877 3180 10
11932 11933 10039 10
3172 10947 8549 10
8792 9970 3351 10
9628 10952 10150 10
8767 12004 10143 10
11084 12887 11085 10
9819 10981 10980 10
10793 10795 10781 10
9823 10873 9770 10
10233 12783 12153 10
10964 12023 10977 10
10644 10665 10641 10
9884 11474 10909 10
8741 10881 3269 10
9988 11685 9986 10
10116 10973 10115 10
10778 10799 10781 10
10804 10806 10801 10
3289 10956 8806 10
8748 10956 3288 10
10211 10883 10135 10
8546 10961 3170 10
9785 10011 9724 10
9914 9915 9909 10
8771 12072 10864 10
9120 11010 9248 10
9247 11010 9118 10
10167 11013 10168 10
10539 11013 10538 10
9815 11021 9743 10
9780 11021 10460 10
10102 11022 10100 10
11864 12580 10435 10
10080 12093 11479 10
8627 12466 12041 10
10796 12014 10795 10
3256 11031 3257 10
11541 11542 9796 10
9647 10875 9652 10
10092 12149 8784 10
10762 10763 10741 10
9900 9901 9898 10
9886 12764 10411 10
9726 10885 10338 10
9655 9837 9106 10
10848 12751 10752 10
10063 12983 10062 10
10275 10276 10272 10
9908 9913 9909 10
10884 13123 11958 10
3287 11051 8748 10
10698 12968 10833 10
9896 9897 9894 10
3169 11058 8546 10
10426 12615 9992 10
3341 11059 8743 10
8803 11059 3340 10
9538 10020 9703 10
9992 9993 9991 10
11099 12780 11098 10
3296 10886 3297 10
10774 11057 10773 10
10628 12453 10626 10
10366 11964 3316 10
8741 12123 12104 10
12407 12444 12195 10
8777 11352 3285 10
10655 10656 10595 10
9054 9973 3369 10
10120 11522 10118 10
10925 12180 3264 10
8544 11480 3167 10
9049 9944 3367 10
8796 9965 3357 10
8797 10556 3359 10
8794 9966 3354 10
3108 9974 9050 10
3331 10890 8757 10
3253 11577 3254 10
10141 11611 10142 10
10169 11611 10170 10
12379 12459 12192 10
9607 9646 9608 10
9899 9900 9898 10
10098 12849 10096 10
3120 10858 8791 10
9617 9824 9648 10
3296 10898 10886 10
10824 13135 12046 10
12805 13128 11285 10
3177 10895 3178 10
10457 11686 10384 10
10385 11686 10388 10
10882 12086 8636 10
9456 10082 9630 10
9561 11727 9559 10
9930 12202 9931 10
9050 9974 9960 10
10902 12142 3267 10
9881 11224 9925 10
12150 12719 10695 10
9856 11928 11927 10
11988 12170 8726 10
8552 11622 11590 10
3295 10898 3296 10
9492 10055 9654 10
3284 11779 8777 10
11654 13103 9984 10
8985 12078 9943 10
9646 9647 9608 10
9460 10079 9629 10
10531 12015 8805 10
9646 9660 9647 10
3166 11857 8544 10
9660 9678 9661 10
9678 9692 9679 10
9692 9694 9693 10
9694 9737 9695 10
9737 9759 9738 10
9759 9769 9760 10
9769 9776 9770 10
9776 9787 9777 10
9787 9802 9788 10
9802 9816 9803 10
10107 11916 10105 10
3177 10911 10895 10
9660 9661 9647 10
9209 12764 9885 10
9678 9679 9661 10
9692 9693 9679 10
9816 9817 9803 10
9802 9803 9788 10
9787 9788 9777 10
9776 9777 9770 10
9769 9770 9760 10
9759 9760 9738 10
9737 9738 9695 10
9694 9695 9693 10
9208 12040 10432 10
10017 13068 13067 10
9913 9914 9909 10
9914 9916 9915 10
9102 10868 9105 10
3250 11935 3251 10
10003 10004 10001 10
8802 11964 10097 10
11844 11845 9998 10
8742 10902 3266 10
11129 13131 11127 10
8805 12024 10531 10
9711 9941 9296 10
8767 11920 3282 10
10881 12100 3270 10
9900 9902 9901 10
11130 12161 8845 10
9765 12045 11211 10
12041 12871 12225 10
10134 13007 10533 10
9896 9898 9897 10
11591 11593 9785 10
9784 11591 9785 10
3317 11964 8802 10
8542 11966 3164 10
9757 12004 10531 10
10143 12004 10455 10
9709 9926 9292 10
3176 10911 3177 10
10909 11461 9888 10
10092 12010 10090 10
12326 12327 9787 10
9468 10073 9636 10
9683 9852 9268 10
9464 10076 9634 10
10262 12967 8789 10
10394 12013 10398 10
10389 12013 10390 10
9766 12957 11113 10
8315 12961 11024 10
10864 12069 3273 10
9968 10940 9919 10
10839 12633 11985 10
10534 10912 10157 10
9787 12327 9802 10
9789 13010 13009 10
9476 10067 9644 10
9895 9896 9894 10
3281 12015 8767 10
8805 12015 3280 10
3247 12019 3248 10
10152 12021 10146 10
8792 10849 9970 10
11369 12079 9764 10
10841 12053 3276 10
9917 12720 9899 10
9484 10061 9645 10
9708 9880 9288 10
9472 10070 9639 10
10531 12024 10530 10
3163 12022 8542 10
9221 10331 9677 10
9841 9842 9828 10
9249 10878 9126 10
9775 11664 9972 10
9732 12029 10844 10
12031 12646 12310 10
9706 9875 9284 10
9868 9892 9660 10
9885 9886 9878 10
9668 9859 9154 10
10335 10915 10442 10
9253 10284 10283 10
9530 10026 9696 10
8541 12032 3161 10
10102 12994 11022 10
3293 10916 3294 10
9700 9872 9280 10
11342 11390 9911 10
11517 12905 11516 10
3244 12042 3245 10
10399 12043 10346 10
10344 12043 10347 10
9697 9866 9276 10
12134 12173 10757 10
10048 10051 10047 10
10031 11883 10030 10
10139 12044 10140 10
8742 12168 12147 10
9935 12775 3125 10
9972 11506 9971 10
10923 12207 9812 10
9104 10868 9102 10
9480 10064 9643 10
9755 10913 9603 10
9518 10035 9681 10
9526 10029 9689 10
10918 13086 12020 10
8741 12104 10881 10
9522 10032 9688 10
9933 12029 8794 10
12253 12989 2885 10
9105 10868 9656 10
3293 10926 10916 10
9180 10919 9182 10
9514 10038 9673 10
10043 13072 13071 10
3160 12051 8541 10
12166 12774 10680 10
9642 11069 10129 10
3277 12053 8780 10
9534 10023 9699 10
9502 10047 9663 10
10140 12053 10841 10
9755 11048 10913 10
10140 12060 9718 10
10132 13007 10134 10
3174 10924 3175 10
8772 10925 3263 10
3241 12061 3242 10
9510 10041 9670 10
9506 10044 9664 10
12594 12895 10416 10
9452 10842 9626 10
3292 10926 3293 10
10054 13011 9654 10
8543 12062 3158 10
11089 11141 11088 10
11038 11070 11030 10
10098 12723 9533 10
9762 12065 9801 10
10348 12066 10406 10
10360 12066 10359 10
11994 12138 10014 10
9999 11894 9998 10
9686 9855 9272 10
9661 10875 9647 10
10837 13138 12634 10
9893 9895 9894 10
3174 10930 10924 10
10671 12712 12148 10
10441 11310 10440 10
9628 12952 10952 10
11134 12956 9922 10
10109 10938 10111 10
3274 12069 8760 10
10177 11751 9771 10
3157 12070 8543 10
9801 12069 10864 10
3362 12098 8801 10
9937 12721 8746 10
9801 12072 9763 10
9488 10058 9651 10
3173 10930 3174 10
8814 12105 3113 10
9889 11010 9247 10
9058 12751 10768 10
10154 10932 9747 10
10222 13113 3201 10
9894 9911 9891 10
8545 12077 3155 10
10296 11516 11162 10
11650 11651 10024 10
11942 11943 9797 10
11089 12793 9838 10
10226 12085 10228 10
10502 12109 9764 10
12612 12942 11005 10
10841 12060 10140 10
9884 13036 11445 10
10358 12091 10357 10
10431 12091 10430 10
9607 10913 9820 10
10897 11454 9806 10
10825 12854 11740 10
8452 13045 11887 10
3234 12097 3235 10
10228 12100 10881 10
10015 12674 11994 10
9927 11965 9940 10
12233 12274 8594 10
10228 12104 10227 10
3271 12100 8771 10
10683 12170 10684 10
11368 12079 11369 10
9821 9822 9817 10
3154 12103 8545 10
9886 11288 10906 10
11670 12771 11174 10
10445 10936 9740 10
9643 10063 10062 10
9955 12137 9076 10
3191 12684 10313 10
3290 10937 3291 10
12876 13098 12617 10
9097 12646 12641 10
9980 10009 9983 10
9533 12849 10098 10
11280 12763 11911 10
9982 11603 11561 10
8548 12115 3152 10
8772 12219 12181 10
3231 12122 3232 10
10160 12123 10162 10
9818 12601 9862 10
9996 12178 9997 10
10162 12142 10902 10
10374 12135 10373 10
10429 12135 10428 10
10807 12219 8772 10
11167 12080 11166 10
9988 11720 11685 10
11189 11820 11538 10
11211 12045 11210 10
3374 12137 9079 10
9076 12137 3373 10
10162 12147 10159 10
10807 12226 12219 10
3268 12142 8741 10
9800 11127 10897 10
10578 12221 12133 10
3228 12153 3229 10
12671 13078 10889 10
10166 12180 10925 10
10076 12901 10075 10
9684 9849 9264 10
3151 12151 8548 10
9556 10438 9717 10
10528 10946 9751 10
11243 13066 10060 10
10044 10832 10043 10
3171 10947 3172 10
9496 10052 9658 10
9302 10295 9720 10
8746 12775 9937 10
10164 12168 10166 10
8550 12165 3149 10
9997 9999 9998 10
9542 10016 9710 10
10150 10952 10116 10
11662 12753 11167 10
9870 10408 9648 10
8747 12924 10314 10
8807 12226 10807 10
10375 12177 10377 10
10372 12177 10370 10
3225 12176 3226 10
9990 11746 11745 10
10166 12181 10165 10
9754 11820 10501 10
11373 12820 9825 10
9984 11683 11655 10
9617 9978 9825 10
8628 12871 12570 10
11592 12811 11667 10
3171 10961 10947 10
10122 11069 10124 10
3265 12180 8742 10
10003 10006 10005 10
9816 9821 9817 10
8807 12569 12226 10
10864 12072 9801 10
9834 13032 9832 10
9993 9994 9991 10
10421 10888 9691 10
9654 13011 10053 10
3148 12193 8550 10
10412 10413 10411 10
9938 12732 11237 10
9877 13012 12654 10
3288 10956 3289 10
8742 12147 10902 10
10767 12776 10927 10
3222 12212 3223 10
3170 10961 3171 10
10115 10973 10224 10
11062 11063 8539 10
8799 12098 3361 10
10294 11555 10293 10
8565 12218 3146 10
3114 12105 8798 10
10887 12016 9857 10
10422 12227 10423 10
10378 12227 10379 10
10813 12569 8807 10
9908 9909 9907 10
10332 13003 11047 10
9636 10072 10071 10
10813 12598 12569 10
10003 10005 10004 10
10317 12665 10318 10
3145 12582 8565 10
9773 12080 10010 10
3067 12026 3068 10
9118 11010 9120 10
10538 11013 10167 10
11881 12787 11714 10
9743 11021 9780 10
9977 12952 9976 10
8733 12599 3143 10
10100 11022 10103 10
10497 12602 10527 10
3215 12600 3216 10
10290 12603 10291 10
10424 12603 10452 10
9756 11499 10216 10
10332 11047 10949 10
10527 12604 10526 10
12291 12508 9947 10
8762 12598 10813 10
11022 12994 8778 10
8783 11031 3256 10
3257 12605 3258 10
10018 11754 10085 10
10055 10905 10054 10
11489 12161 9799 10
10627 12708 10628 10
8798 10940 9968 10
3212 12611 3213 10
9617 9825 9824 10
8762 12602 12598 10
8811 12608 3141 10
3142 12608 8733 10
10686 10687 10654 10
11153 11154 9809 10
10007 13052 10005 10
10416 12895 9210 10
9738 12217 9695 10
10291 12616 9783 10
10471 12616 10472 10
10203 12618 10202 10
10216 11792 9761 10
3286 11051 3287 10
11148 12640 10479 10
9630 10082 10081 10
9656 9832 9655 10
12202 12655 9931 10
3209 12620 3210 10
10205 12623 10204 10
9804 10981 9819 10
12007 12607 11893 10
10881 12104 10228 10
11579 12647 10870 10
10803 12192 10804 10
3168 11058 3169 10
3340 11059 3341 10
8763 12622 3139 10
3140 12622 8811 10
10287 12629 10288 10
10472 12629 9786 10
10781 12195 10780 10
3188 12694 10352 10
12130 12131 8662 10
12602 12605 10527 10
3206 12631 3207 10
10195 12632 10193 10
9997 10000 9999 10
3286 11352 11051 10
9916 12078 9921 10
9945 9948 9947 10
9993 9996 9995 10
11227 11228 10555 10
3168 11480 11058 10
3138 12636 8763 10
10196 12639 10194 10
3364 12711 8829 10
3203 12638 3204 10
10036 11330 11121 10
9788 11231 9777 10
10771 10773 10751 10
3285 11352 3286 10
9830 12023 9843 10
11326 13027 11142 10
8759 12643 3136 10
9816 10894 10893 10
10495 12649 10242 10
9936 12721 9937 10
10952 12952 9977 10
10289 12652 10307 10
10545 12652 10546 10
9629 10079 10078 10
8752 12027 10846 10
10846 12027 10189 10
3200 12650 3201 10
10053 13119 11125 10
3167 11480 3168 10
11301 11302 9883 10
10409 12079 11212 10
10221 12987 8754 10
11216 12925 11215 10
10118 11522 10121 10
10244 12660 10241 10
1537 12037 1538 10
9842 12807 9828 10
3197 12663 3198 10
8779 12935 10454 10
12606 12809 10653 10
3135 12659 8759 10
10684 12968 10703 10
10271 12665 10464 10
9735 12665 10317 10
12116 12720 9967 10
10243 12667 10503 10
9900 12116 9919 10
8636 12087 10882 10
9634 12897 10074 10
8744 12668 3133 10
8764 11577 3253 10
9836 12630 9817 10
10547 12677 10548 10
10549 12677 10550 10
10170 11611 10141 10
9890 13041 11415 10
10643 12215 10644 10
9949 12508 12507 10
12697 12886 11874 10
10478 12081 9768 10
9732 12202 12029 10
10504 12682 10256 10
10031 11909 11907 10
9645 10060 10059 10
10257 12685 10507 10
3366 12814 9049 10
8795 12116 9967 10
10828 13050 12281 10
3190 12684 3191 10
3132 12683 8744 10
9200 12178 10404 10
10384 11686 10385 10
10007 12211 11595 10
3187 12694 3188 10
10902 12147 10162 10
10046 11384 11383 10
8736 12692 3130 10
8772 12181 10925 10
11401 12673 8905 10
10551 12699 10557 10
10485 11618 9767 10
8817 10977 10976 10
10558 12699 10559 10
11040 12746 8831 10
10294 12725 11555 10
11015 12183 11020 10
12111 12514 12475 10
9559 11727 9649 10
10508 12701 10475 10
10067 12734 10066 10
11700 12159 11211 10
11727 11778 9649 10
11590 12811 11591 10
9907 12038 9906 10
11593 12211 9785 10
10318 12896 8812 10
9842 12939 9049 10
10074 12653 10073 10
9649 11778 10510 10
9714 12769 10441 10
3129 12702 8736 10
3283 11779 3284 10
9771 12886 10516 10
3254 12625 3255 10
9764 12079 10409 10
9835 10868 9893 10
8746 12709 3127 10
9646 9868 9660 10
10247 12716 10246 10
11311 12946 10901 10
10263 12521 9766 10
10019 12690 11355 10
9533 12723 9531 10
3165 11857 3166 10
10658 10660 10610 10
10002 12730 10003 10
9802 12855 10894 10
9980 9981 9979 10
9983 9985 9984 10
10209 12727 10207 10
9893 9894 9891 10
3283 11920 11779 10
11618 11923 11617 10
10409 12045 9765 10
10085 13096 10086 10
10489 12735 10488 10
11872 12698 8422 10
10265 12740 10231 10
10105 11916 10108 10
11078 12008 9869 10
12950 12984 10224 10
10437 11864 10435 10
3282 11920 3283 10
9818 9862 9444 10
10825 11740 10826 10
3165 11966 11857 10
10232 12750 10259 10
8775 11935 3250 10
10210 12755 10208 10
11425 13068 10017 10
11000 11009 8823 10
10411 12764 10410 10
9987 9988 9986 10
10215 12768 10199 10
3316 11964 3317 10
3164 11966 3165 10
10233 12773 10230 10
9820 12818 12185 10
9960 9963 9961 10
11431 12697 11432 10
10075 12897 9634 10
10925 12181 10166 10
10468 12794 10467 10
10324 12795 10321 10
9777 11231 9823 10
3230 12783 8768 10
10103 13093 10101 10
10524 13081 10092 10
9912 12718 9905 10
10455 12004 9757 10
10767 12782 12232 10
10222 13049 10220 10
10512 12815 10252 10
3202 13113 8754 10
9548 12756 9550 10
3126 12775 8746 10
11039 11042 8832 10
8320 11042 11039 10
10985 12921 8331 10
10200 12834 10198 10
10171 13007 10132 10
10533 13007 9682 10
9909 9918 9907 10
10253 12842 10299 10
3227 12810 8781 10
10649 12157 12110 10
10224 12994 10223 10
8743 13044 3342 10
9535 12849 9533 10
10090 12010 10093 10
10482 12987 10481 10
9937 12991 9704 10
10303 12859 10483 10
8830 11098 11097 10
3205 13008 8789 10
9058 12837 3092 10
12034 13108 11876 10
11456 12678 9807 10
10262 12872 10261 10
3400 12844 9056 10
10484 12967 10466 10
3224 12847 8750 10
9056 12850 3401 10
10221 12883 10219 10
9729 12805 10239 10
8778 12984 3345 10
10323 12898 10322 10
10449 12899 10267 10
10301 12943 10300 10
3344 12980 8778 10
10454 12935 10351 10
10254 12923 10251 10
10314 12924 10311 10
3208 12979 8769 10
9799 12161 11129 10
10390 12013 10394 10
3211 12951 8785 10
3347 12950 8761 10
3196 12896 8738 10
8812 12896 3195 10
11065 12000 10953 10
3217 12911 8810 10
3214 12936 8751 10
10829 12458 12361 10
10649 12700 12157 10
3280 12015 3281 10
10970 12779 10969 10
9964 12078 8985 10
10011 12040 9208 10
3251 12644 3252 10
12980 13044 10103 10
9993 12615 9996 10
9768 12913 10177 10
11159 13111 10027 10
12624 12796 10675 10
8745 12019 3247 10
9860 12680 9861 10
9634 10076 10075 10
10795 12195 10781 10
9846 10918 9847 10
12251 12252 9921 10
11335 12864 11334 10
10146 12021 10147 10
9827 9828 9822 10
11775 12853 11776 10
3162 12022 3163 10
9993 9995 9994 10
9803 12630 9831 10
9832 9833 9655 10
9741 11893 10874 10
8801 12711 3363 10
10855 12817 11337 10
10530 12024 9758 10
8330 10995 10990 10
10804 12192 10805 10
9717 10435 10434 10
10189 12027 10190 10
10815 12944 9977 10
10280 12981 12921 10
10560 12721 10819 10
9868 12879 9892 10
3162 12032 12022 10
11674 11796 10838 10
12083 12315 12244 10
10582 12131 10583 10
12024 12039 9758 10
8320 11038 11037 10
9846 9847 9684 10
10952 12944 10116 10
9945 9947 9946 10
3161 12032 3162 10
11298 11443 10285 10
11529 12889 11528 10
11422 12870 11421 10
9758 12039 10138 10
11879 12670 9879 10
9765 12159 10485 10
10052 11125 10050 10
10601 12552 12546 10
10694 12766 10700 10
9752 10960 10479 10
9931 12786 8796 10
11211 12159 9765 10
10929 12410 10599 10
12095 12576 12516 10
9733 10831 10490 10
12466 12570 12041 10
12039 12044 10138 10
9691 9857 9668 10
10487 10955 9752 10
12921 12934 10982 10
8569 12251 12067 10
10037 11330 10036 10
11175 12006 11170 10
1878 8956 1879 10
8739 12042 3244 10
10056 10905 10055 10
10001 10008 9999 10
10346 12043 10344 10
11228 12903 11297 10
9677 10329 10328 10
11298 12920 11443 10
8817 10975 10964 10
10138 12044 10139 10
9761 12789 10502 10
9998 10830 9995 10
10153 10862 9736 10
9677 10330 10329 10
11287 11289 10906 10
11306 11307 10077 10
10434 10436 9719 10
10041 10843 10040 10
3248 12666 3249 10
9956 9957 9955 10
11191 12204 9851 10
8829 12814 3365 10
9736 10870 10522 10
10217 10839 9733 10
9651 10057 10056 10
11704 12840 10084 10
10855 11337 10856 10
11031 12604 10527 10
9867 12918 9871 10
12664 13107 10880 10
3159 12051 3160 10
9753 11006 10487 10
10490 10860 9739 10
3276 12053 3277 10
8324 10984 10980 10
9636 10073 10072 10
11613 12521 11615 10
9820 9868 9646 10
12163 12174 10723 10
11080 11316 8311 10
10583 12131 10690 10
2753 10965 2754 10
8861 11141 11140 10
11085 11143 8344 10
9200 12962 12178 10
9888 13042 12770 10
2751 10968 2752 10
3159 12062 12051 10
10522 10889 9744 10
8317 11287 11286 10
8846 11205 11204 10
9741 10874 10153 10
9643 10064 10063 10
2749 10974 2750 10
9719 10536 10535 10
2747 10982 2748 10
10479 12640 9756 10
2745 10985 2746 10
12413 12443 12414 10
9730 10837 10217 10
9718 12060 10477 10
2743 10989 2744 10
9989 12594 9992 10
9710 10014 10013 10
8755 12061 3241 10
2739 11001 2740 10
2741 10995 2742 10
3158 12062 3159 10
12609 12939 9841 10
8349 11388 11302 10
10973 12950 10224 10
2737 11007 2738 10
2735 11011 2736 10
11262 11361 8346 10
8913 11421 11420 10
10700 12766 12037 10
10328 12183 9772 10
10305 10993 9753 10
10045 10832 10044 10
1542 11060 2580 10
11374 11482 8310 10
9739 10880 10237 10
11168 12171 11430 10
2873 11062 2874 10
10888 12862 10887 10
11617 12706 11616 10
12060 12065 10477 10
2733 11016 2734 10
2731 11023 2732 10
10449 13049 8773 10
10703 12968 9068 10
8316 11519 11408 10
10036 11121 11120 10
9744 10920 10012 10
2729 11028 2730 10
2607 11027 2608 10
9822 12807 9836 10
9802 10894 9816 10
9639 10070 10069 10
10965 12778 10966 10
2726 11037 2727 10
8823 11008 10999 10
10671 12148 12094 10
2724 11042 2725 10
10027 13111 11156 10
9995 12933 9994 10
2612 11041 2613 10
12018 12220 10612 10
10644 12215 10664 10
10535 10537 9728 10
11577 12623 10205 10
10239 10836 9730 10
10541 10871 9741 10
10477 12065 9762 10
9644 10067 10066 10
12074 12513 12473 10
2721 11052 2722 10
11476 13041 9890 10
9943 12792 8814 10
10406 12066 10360 10
9695 12655 9693 10
10012 10944 9750 10
9720 10293 10292 10
3245 12691 3246 10
2719 11056 2720 10
8793 12720 9917 10
9603 10913 9607 10
10237 10910 9745 10
2617 11055 2618 10
9749 10972 10305 10
10949 11034 10330 10
3068 12856 1530 10
10049 12846 11939 10
2580 8327 2581 10
2755 11012 2756 10
2582 8815 2583 10
9750 10996 10544 10
2587 10976 2588 10
2748 8818 2749 10
10544 11036 9754 10
2716 11071 2717 10
2590 8819 2591 10
12308 12857 12033 10
2585 10975 2586 10
2750 8332 2751 10
2593 10994 2594 10
2742 8330 2743 10
2584 8326 2585 10
2596 8323 2597 10
2600 8322 2601 10
2592 8324 2593 10
2589 10978 2590 10
2746 8331 2747 10
2599 11009 2600 10
2736 8824 2737 10
2604 8315 2605 10
2740 8822 2741 10
2595 10997 2596 10
2605 11024 2606 10
2730 8321 2731 10
2622 11077 2623 10
2588 8325 2589 10
2583 10962 2584 10
2752 8816 2753 10
2714 11074 2715 10
2611 8831 2612 10
2738 8329 2739 10
2597 11008 2598 10
2723 8832 2724 10
2603 11019 2604 10
2732 8826 2733 10
2586 8817 2587 10
2610 11040 2611 10
2725 8320 2726 10
2722 11043 2723 10
2613 11046 2614 10
2601 11014 2602 10
2734 8328 2735 10
2606 8827 2607 10
2581 10957 2582 10
2754 8333 2755 10
2591 10984 2592 10
2744 8820 2745 10
2609 8314 2610 10
2614 8313 2615 10
2598 8823 2599 10
2594 8821 2595 10
2720 8319 2721 10
2615 11054 2616 10
2708 8945 2709 10
2710 8317 2711 10
2626 8926 2627 10
2629 8310 2630 10
2624 8311 2625 10
2728 8828 2729 10
2602 8825 2603 10
2756 8830 2579 10
2712 11081 2713 10
2859 11093 2860 10
2825 11086 2826 10
2791 11082 2792 10
2579 11097 2758 10
2790 8343 2791 10
2824 8839 2825 10
2858 8360 2859 10
2616 8833 2617 10
2608 11033 2609 10
2727 11032 2728 10
2860 8837 2861 10
2623 11100 2624 10
2826 8352 2827 10
2792 8847 2793 10
2758 8334 2759 10
2705 8316 2706 10
2789 11101 2790 10
2823 11090 2824 10
2857 11105 2858 10
2713 8836 2714 10
10017 13067 12637 10
12249 12250 9962 10
2631 8989 2632 10
2861 11132 2862 10
2827 11139 2828 10
2793 11096 2794 10
2759 11144 2760 10
2788 8852 2789 10
2822 8351 2823 10
2856 8855 2857 10
2621 8835 2622 10
2697 8552 2698 10
12082 12141 10737 10
2166 8880 2167 10
2503 11957 2504 10
2317 11954 2318 10
1980 8512 1981 10
2015 11959 2016 10
2352 8419 2353 10
2468 8390 2469 10
2131 11951 2132 10
2201 11963 2202 10
2538 8877 2539 10
2620 11073 2621 10
2715 8318 2716 10
2282 8875 2283 10
1945 11967 1946 10
2050 8874 2051 10
2387 11946 2388 10
2433 11970 2434 10
2096 8483 2097 10
1899 11974 1900 10
2236 8448 2237 10
2573 11975 2574 10
2247 11941 2248 10
1910 8872 1911 10
2085 11937 2086 10
2862 8361 2863 10
2422 8871 2423 10
2828 8861 2829 10
2794 8344 2795 10
2760 8862 2761 10
2398 8868 2399 10
2718 8834 2719 10
2787 11104 2788 10
2821 11180 2822 10
2061 11930 2062 10
2855 11181 2856 10
1934 8866 1935 10
2271 11982 2272 10
2549 11929 2550 10
8309 11560 11559 10
2212 8454 2213 10
2703 9002 2704 10
2120 8477 2121 10
2637 8551 2638 10
2457 11983 2458 10
2363 11922 2364 10
2026 8865 2027 10
1969 11921 1970 10
2691 8555 2692 10
2306 8890 2307 10
2514 8891 2515 10
2177 11919 2178 10
2155 11990 2156 10
2492 8384 2493 10
2328 8425 2329 10
1991 11991 1992 10
2640 8308 2641 10
2004 8506 2005 10
2619 8312 2620 10
2341 11995 2342 10
2479 11999 2480 10
2142 8896 2143 10
2190 8897 2191 10
2863 11203 2864 10
2829 11140 2830 10
2527 11913 2528 10
2795 11143 2796 10
2761 11206 2762 10
2717 11061 2718 10
2618 11067 2619 10
2786 8342 2787 10
2293 11912 2294 10
2820 8838 2821 10
2854 8359 2855 10
1956 8518 1957 10
2643 8554 2644 10
2039 12001 2040 10
2376 8413 2377 10
2652 8306 2653 10
2444 8396 2445 10
2107 11904 2108 10
1888 8535 1889 10
2225 11903 2226 10
2562 8899 2563 10
2649 8556 2650 10
2258 8900 2259 10
2655 8560 2656 10
1921 11902 1922 10
10826 11742 10827 10
2074 8858 2075 10
2411 11896 2412 10
2409 12009 2410 10
2072 8489 2073 10
1923 12007 1924 10
2260 8442 2261 10
11265 12930 8885 10
2560 8367 2561 10
2670 8298 2671 10
2658 8305 2659 10
2711 11286 2712 10
2223 12005 2224 10
2864 8846 2865 10
1886 8905 1887 10
2830 8353 2831 10
2109 11885 2110 10
2796 8873 2797 10
2762 8336 2763 10
2785 11226 2786 10
2819 11229 2820 10
2853 11232 2854 10
2446 8907 2447 10
2374 8908 2375 10
2037 12002 2038 10
1958 8856 1959 10
2295 11881 2296 10
2625 11316 2626 10
2700 8303 2701 10
2525 11875 2526 10
2688 8301 2689 10
2188 8460 2189 10
2694 8302 2695 10
2667 8564 2668 10
2634 8309 2635 10
2144 8471 2145 10
2481 11996 2482 10
2339 11872 2340 10
2002 8851 2003 10
1993 11993 1994 10
2330 8850 2331 10
2673 8563 2674 10
9728 10838 10088 10
2490 8916 2491 10
2153 11989 2154 10
2661 8562 2662 10
2179 11865 2180 10
2865 11204 2866 10
2831 11258 2832 10
2797 11263 2798 10
2763 11265 2764 10
2516 8378 2517 10
2784 8853 2785 10
2646 8307 2647 10
2818 8350 2819 10
2852 8854 2853 10
2304 8431 2305 10
1967 11862 1968 10
2028 8500 2029 10
2682 8300 2683 10
2365 11986 2366 10
2455 11984 2456 10
2118 8849 2119 10
2214 8848 2215 10
2679 8561 2680 10
2551 11856 2552 10
2269 11853 2270 10
1932 8524 1933 10
2063 11848 2064 10
2685 8557 2686 10
10970 10971 10278 10
10238 10954 9749 10
2400 8407 2401 10
2420 8402 2421 10
2083 11977 2084 10
1912 8529 1913 10
2249 11839 2250 10
2866 8362 2867 10
2832 8884 2833 10
2798 8345 2799 10
2764 8885 2765 10
2783 11295 2784 10
2571 11833 2572 10
2817 11299 2818 10
2627 11371 2628 10
2851 11303 2852 10
2234 8844 2235 10
9745 10928 10304 10
2676 8299 2677 10
1897 11826 1898 10
2709 11365 2710 10
2664 8304 2665 10
2098 8917 2099 10
2435 11973 2436 10
2385 11969 2386 10
2048 8495 2049 10
1947 11968 1948 10
2284 8436 2285 10
2536 8373 2537 10
2199 11960 2200 10
3361 12098 3362 10
2133 11815 2134 10
2470 8921 2471 10
2350 8842 2351 10
2013 11810 2014 10
1982 8925 1983 10
2867 11256 2868 10
2833 11325 2834 10
11289 11365 8945 10
2799 11259 2800 10
2319 11808 2320 10
2765 11267 2766 10
2782 8341 2783 10
8317 11365 11289 10
2816 8864 2817 10
2850 8358 2851 10
2501 11803 2502 10
2707 11405 2708 10
2164 8466 2165 10
2168 8465 2169 10
2505 11956 2506 10
2315 11953 2316 10
1978 8840 1979 10
2017 11952 2018 10
2354 8841 2355 10
2466 8927 2467 10
2129 11949 2130 10
2203 11799 2204 10
2540 8372 2541 10
2280 8437 2281 10
2628 11446 2629 10
2868 8893 2869 10
1943 11794 1944 10
2834 8354 2835 10
2800 8894 2801 10
2052 8494 2053 10
2766 8337 2767 10
2781 11296 2782 10
2815 11340 2816 10
2849 11341 2850 10
2389 11789 2390 10
2431 11945 2432 10
2094 8843 2095 10
10292 10297 9727 10
1901 11783 1902 10
2238 8845 2239 10
2575 11944 2576 10
2245 11780 2246 10
1908 8530 1909 10
2087 11940 2088 10
2424 8401 2425 10
2396 8408 2397 10
2059 11934 2060 10
1936 8523 1937 10
2273 11774 2274 10
2547 11926 2548 10
2869 11358 2870 10
2210 8930 2211 10
2835 11359 2836 10
2801 11327 2802 10
2767 11331 2768 10
2780 8902 2781 10
2814 8349 2815 10
2848 8878 2849 10
2122 8931 2123 10
2706 11470 2707 10
2459 11924 2460 10
2361 11766 2362 10
2024 8501 2025 10
1971 11765 1972 10
2308 8430 2309 10
2512 8379 2513 10
2175 11763 2176 10
2157 11756 2158 10
2494 8934 2495 10
10959 11060 9001 10
2630 11482 2631 10
2326 8936 2327 10
9746 10948 10238 10
1989 11917 1990 10
2006 8937 2007 10
2343 11747 2344 10
2870 8363 2871 10
2836 8883 2837 10
10304 10941 9746 10
2477 11739 2478 10
2802 8346 2803 10
2768 8913 2769 10
2779 11339 2780 10
2813 11388 2814 10
2847 11389 2848 10
2140 8472 2141 10
3273 12069 3274 10
2192 8459 2193 10
2529 11914 2530 10
2291 11910 2292 10
1954 8939 1955 10
2041 11905 2042 10
2378 8940 2379 10
2442 8942 2443 10
2105 11731 2106 10
1890 8857 1891 10
2227 11729 2228 10
2564 8366 2565 10
2256 8443 2257 10
1919 11899 1920 10
10742 10788 10787 10
2076 8488 2077 10
2871 11413 2872 10
2837 11417 2838 10
8552 11589 11588 10
2803 11361 2804 10
2769 11420 2770 10
2704 11519 2705 10
2413 11897 2414 10
2778 8340 2779 10
2812 8888 2813 10
2846 8357 2847 10
2407 11895 2408 10
2070 8859 2071 10
1925 11891 1926 10
2262 8944 2263 10
2632 11512 2633 10
3156 12070 3157 10
2558 8860 2559 10
2221 11887 2222 10
1884 8536 1885 10
2111 11884 2112 10
2448 8395 2449 10
3113 12105 3114 10
2372 8414 2373 10
2035 11882 2036 10
1960 8517 1961 10
2297 11712 2298 10
2523 11878 2524 10
10088 10851 9731 10
2702 11524 2703 10
2186 8863 2187 10
2872 8892 2873 10
2838 8355 2839 10
2804 8919 2805 10
2770 8338 2771 10
2777 11442 2778 10
2811 11444 2812 10
2146 8947 2147 10
2845 11392 2846 10
2483 11708 2484 10
2337 11873 2338 10
2000 8507 2001 10
1995 11871 1996 10
2332 8424 2333 10
2488 8385 2489 10
2151 11869 2152 10
9985 9987 9986 10
2181 11868 2182 10
2518 8948 2519 10
2302 8949 2303 10
1965 11863 1966 10
2030 8950 2031 10
9727 10825 10306 10
2633 11551 2634 10
2367 11859 2368 10
2453 11858 2454 10
2839 11414 2840 10
2805 11418 2806 10
2771 11462 2772 10
2776 8901 2777 10
2810 8348 2811 10
2116 8478 2117 10
2844 8903 2845 10
1879 11696 1880 10
2216 8453 2217 10
2553 11692 2554 10
2267 11688 2268 10
1930 8867 1931 10
2065 11849 2066 10
10576 10578 10575 10
2402 8869 2403 10
2635 11559 2636 10
9731 10855 10543 10
2418 8870 2419 10
2701 11556 2702 10
2081 11841 2082 10
1914 8955 1915 10
2251 11840 2252 10
2569 11834 2570 10
2699 11580 2700 10
2232 8449 2233 10
1895 11829 1896 10
2100 8482 2101 10
2840 8911 2841 10
2806 8347 2807 10
2772 8912 2773 10
2437 11676 2438 10
2775 11441 2776 10
2809 11473 2810 10
2843 11477 2844 10
2383 11822 2384 10
2046 8957 2047 10
1949 11672 1950 10
11391 12949 9890 10
2636 11584 2637 10
2286 8876 2287 10
2534 8960 2535 10
2638 11602 2639 10
2197 11818 2198 10
2135 11668 2136 10
2698 11588 2699 10
8794 12029 9966 10
2472 8389 2473 10
2348 8420 2349 10
2011 11665 2012 10
8783 12604 11031 10
1984 8511 1985 10
2321 11809 2322 10
2499 11658 2500 10
2162 8879 2163 10
2841 11475 2842 10
2807 11460 2808 10
2773 11471 2774 10
2774 8339 2775 10
2808 8920 2809 10
2696 11622 2697 10
2842 8356 2843 10
2170 8881 2171 10
2507 11656 2508 10
2313 11801 2314 10
1976 8513 1977 10
2019 11649 2020 10
2639 11630 2640 10
2356 8418 2357 10
11111 12915 12704 10
2464 8391 2465 10
2127 11647 2128 10
9763 12072 10463 10
2205 11644 2206 10
12089 12150 10695 10
2542 8962 2543 10
2278 8882 2279 10
1941 11640 1942 10
2054 8964 2055 10
2391 11638 2392 10
8830 11012 10967 10
2429 11635 2430 10
2092 8484 2093 10
1903 11632 1904 10
2240 8447 2241 10
2695 11660 2696 10
2577 11782 2578 10
2243 11627 2244 10
9663 10046 10045 10
1906 8966 1907 10
2089 11625 2090 10
10073 12653 10072 10
2426 8886 2427 10
2394 8968 2395 10
2057 11624 2058 10
1938 8887 1939 10
2641 11653 2642 10
2275 11777 2276 10
2545 11768 2546 10
2208 8455 2209 10
2124 8476 2125 10
2693 11667 2694 10
3156 12077 12070 10
2461 11619 2462 10
2359 11614 2360 10
2022 8970 2023 10
2644 11682 2645 10
9020 11883 11882 10
1973 11610 1974 10
8450 11729 11456 10
2310 8889 2311 10
11935 12639 10196 10
2692 11681 2693 10
2510 8972 2511 10
11385 11841 8487 10
2173 11605 2174 10
2159 11760 2160 10
2496 8383 2497 10
2324 8426 2325 10
2642 11677 2643 10
1987 11753 1988 10
2008 8505 2009 10
11022 12980 10103 10
2690 11702 2691 10
2345 11752 2346 10
2475 11743 2476 10
11348 11647 8932 10
2138 8895 2139 10
2194 8974 2195 10
9821 9827 9822 10
2645 11716 2646 10
2531 11736 2532 10
2289 11734 2290 10
8929 11628 11627 10
1952 8519 1953 10
2043 11585 2044 10
2380 8412 2381 10
2440 8397 2441 10
2103 11583 2104 10
1892 8534 1893 10
2229 11581 2230 10
8976 11839 11542 10
2566 8898 2567 10
10330 11034 11026 10
2254 8977 2255 10
2647 11719 2648 10
1917 11726 1918 10
2078 8978 2079 10
2687 11728 2688 10
8797 12916 10873 10
2415 11725 2416 10
2405 11721 2406 10
2689 11718 2690 10
2648 11730 2649 10
2068 8490 2069 10
1927 11573 1928 10
11280 11734 8435 10
2264 8441 2265 10
2556 8368 2557 10
2219 11572 2220 10
1882 8904 1883 10
2113 11717 2114 10
9734 12713 10541 10
2450 8906 2451 10
2370 8909 2371 10
2033 11568 2034 10
2686 11764 2687 10
1962 8910 1963 10
2299 11564 2300 10
2521 11562 2522 10
2184 8461 2185 10
10042 12672 10843 10
11038 12680 9860 10
2148 8470 2149 10
2485 11711 2486 10
2335 11707 2336 10
11724 12009 8405 10
3155 12077 3156 10
1998 8983 1999 10
1997 11552 1998 10
2334 8914 2335 10
2650 11744 2651 10
2651 11767 2652 10
2486 8915 2487 10
11432 11707 8914 10
2149 11705 2150 10
10970 10974 8818 10
12072 12085 10463 10
2183 11703 2184 10
2520 8377 2521 10
2300 8432 2301 10
8761 12950 10973 10
1963 11548 1964 10
2032 8499 2033 10
2653 11770 2654 10
2369 11699 2370 10
2681 11784 2682 10
12164 12346 12262 10
2451 11697 2452 10
2114 8986 2115 10
1881 11545 1882 10
2680 11800 2681 10
8992 11992 11991 10
2218 8988 2219 10
2654 11793 2655 10
2555 11690 2556 10
11198 11687 8441 10
2265 11687 2266 10
11608 11919 8463 10
1928 8525 1929 10
2067 11543 2068 10
2404 8406 2405 10
2416 8403 2417 10
2678 11806 2679 10
2079 11680 2080 10
8778 12980 11022 10
2656 11797 2657 10
1916 8528 1917 10
2657 11802 2658 10
10884 11958 10836 10
2253 11539 2254 10
2567 11678 2568 10
2677 11821 2678 10
2230 8990 2231 10
11369 11530 8412 10
2675 11824 2676 10
1893 11534 1894 10
2102 8918 2103 10
2439 11531 2440 10
2660 11825 2661 10
2381 11530 2382 10
10765 12114 10764 10
2044 8496 2045 10
1951 11675 1952 10
8895 11671 11670 10
2672 11832 2673 10
2288 8435 2289 10
2532 8374 2533 10
2663 11850 2664 10
8505 11521 11520 10
2662 11831 2663 10
2195 11525 2196 10
2674 11830 2675 10
2665 11846 2666 10
2659 11812 2660 10
2137 11671 2138 10
2474 8991 2475 10
2668 11847 2669 10
11579 12867 12613 10
10053 11125 10052 10
2346 8922 2347 10
2009 11520 2010 10
9040 11963 11962 10
1986 8924 1987 10
2323 11661 2324 10
2669 11842 2670 10
2666 11843 2667 10
2497 11659 2498 10
2160 8467 2161 10
8503 11959 11652 10
2671 11836 2672 10
2172 8464 2173 10
2509 11511 2510 10
8455 11500 11154 10
2311 11503 2312 10
1974 8993 1975 10
10638 12399 12107 10
2021 11501 2022 10
2358 8995 2359 10
2462 8928 2463 10
9899 12720 12116 10
2125 11648 2126 10
12119 12640 11146 10
2207 11500 2208 10
2544 8371 2545 10
2276 8438 2277 10
1939 11643 1940 10
2056 8493 2057 10
2393 11497 2394 10
2427 11491 2428 10
2090 8998 2091 10
1905 11631 1906 10
2242 8929 2243 10
11320 11623 8962 10
2578 9001 1542 10
2241 11629 2242 10
1904 8531 1905 10
2091 11486 2092 10
2428 8400 2429 10
2392 8409 2393 10
10463 12085 10226 10
2055 11485 2056 10
1940 8522 1941 10
2277 11483 2278 10
12410 12841 10599 10
8881 11479 11478 10
2543 11623 2544 10
2206 9003 2207 10
8879 11468 11307 10
11369 12109 11823 10
2126 8932 2127 10
10987 10989 8330 10
2463 11620 2464 10
2357 11612 2358 10
2020 8502 2021 10
1975 11609 1976 10
2312 8429 2313 10
12154 12172 10619 10
2508 8380 2509 10
2171 11478 2172 10
2161 11468 2162 10
2498 8933 2499 10
2322 8935 2323 10
1985 11601 1986 10
2010 9005 2011 10
2347 11599 2348 10
8482 11459 11458 10
2473 11465 2474 10
3242 12703 3243 10
2136 8473 2137 10
10059 12689 10983 10
2196 8458 2197 10
2683 12758 2684 10
2533 11587 2534 10
2287 11464 2288 10
10719 10721 10718 10
1950 8938 1951 10
10357 12091 10431 10
2045 11463 2046 10
2382 8941 2383 10
2684 12762 2685 10
2438 9007 2439 10
11890 11903 8451 10
8453 11448 11447 10
2101 11458 2102 10
1894 9010 1895 10
9026 11989 11759 10
8947 11550 11549 10
2231 11453 2232 10
11239 11507 8430 10
8494 11330 11329 10
8934 11516 11515 10
8936 11518 11167 10
8414 11404 11211 10
2568 8365 2569 10
11113 11312 8841 10
8459 11363 11362 10
8480 11886 11885 10
8857 11538 11537 10
2252 8444 2253 10
1915 11578 1916 10
2080 8487 2081 10
2417 11575 2418 10
11148 11253 8407 10
8375 11915 11914 10
2403 11450 2404 10
2066 8943 2067 10
1929 11574 1930 10
2266 9011 2267 10
2554 9012 2555 10
2217 11447 2218 10
1880 8537 1881 10
2115 11569 2116 10
9977 12944 10952 10
2452 8394 2453 10
2368 8415 2369 10
2031 11565 2032 10
1964 8516 1965 10
2301 11563 2302 10
2519 11436 2520 10
2182 8946 2183 10
2150 9015 2151 10
2487 11554 2488 10
2333 11553 2334 10
12019 12660 10244 10
1996 8508 1997 10
1999 11426 2000 10
2336 8423 2337 10
2484 8386 2485 10
2147 11549 2148 10
2185 11412 2186 10
11026 11033 11027 10
2522 9017 2523 10
2298 9018 2299 10
1961 11410 1962 10
2034 9020 2035 10
2371 11404 2372 10
8787 12097 3234 10
2449 11547 2450 10
2112 8479 2113 10
1883 11546 1884 10
2220 8452 2221 10
9857 9858 9668 10
2557 11398 2558 10
2263 11544 2264 10
10018 11755 11754 10
1926 8951 1927 10
2069 11395 2070 10
2406 8952 2407 10
2414 8953 2415 10
2077 11382 2078 10
1918 8954 1919 10
2255 11380 2256 10
2565 11377 2566 10
2228 8450 2229 10
1891 11537 1892 10
2104 8481 2105 10
3270 12100 3271 10
2441 11375 2442 10
11659 13059 12738 10
2379 11370 2380 10
11506 12679 11505 10
2042 9024 2043 10
1953 11527 1954 10
10622 10642 10641 10
2290 8958 2291 10
2530 8959 2531 10
2193 11362 2194 10
2139 11523 2140 10
2476 8388 2477 10
2344 8421 2345 10
2007 11357 2008 10
1988 8510 1989 10
2325 11518 2326 10
10596 12146 10597 10
2495 11515 2496 10
2158 9027 2159 10
2174 8961 2175 10
2511 11508 2512 10
2309 11507 2310 10
1972 8514 1973 10
2023 11349 2024 10
2360 8417 2361 10
11685 11719 8307 10
2460 8392 2461 10
3153 12103 3154 10
2123 11345 2124 10
10615 10617 10614 10
2209 11338 2210 10
10227 12104 10517 10
2546 9028 2547 10
2274 8963 2275 10
11019 12961 8315 10
1937 11336 1938 10
2058 8965 2059 10
11267 12930 11268 10
2395 11495 2396 10
2425 11494 2426 10
2088 8485 2089 10
1907 11333 1908 10
2244 8446 2245 10
2576 8335 2577 10
2239 11488 2240 10
1902 8967 1903 10
2093 11332 2094 10
2430 9031 2431 10
2390 8969 2391 10
2053 11329 2054 10
1942 9033 1943 10
2279 11323 2280 10
2541 11321 2542 10
8561 11806 11787 10
2204 8456 2205 10
10778 10779 10776 10
2128 8475 2129 10
2465 11315 2466 10
2355 11312 2356 10
11789 11791 11790 10
2018 8971 2019 10
1977 11309 1978 10
10726 10802 10801 10
2314 9035 2315 10
12502 12938 12129 10
2506 9037 2507 10
2169 11308 2170 10
9677 10331 10330 10
2163 11469 2164 10
9658 10050 10049 10
2500 8382 2501 10
2320 8427 2321 10
1983 11292 1984 10
2012 8504 2013 10
2349 11466 2350 10
2471 11284 2472 10
2134 9039 2135 10
2198 8973 2199 10
3153 12115 12103 10
2535 11281 2536 10
2285 11277 2286 10
12131 12162 8662 10
1948 8520 1949 10
2047 11274 2048 10
10630 10633 10631 10
2384 8411 2385 10
11773 11797 8560 10
2436 8398 2437 10
11212 12045 10409 10
2099 11273 2100 10
1896 8533 1897 10
11747 11750 11748 10
2233 11457 2234 10
2570 8975 2571 10
2250 8976 2251 10
12104 12123 10517 10
11634 11828 10944 10
1913 11452 1914 10
2082 9042 2083 10
11911 12101 11910 10
2419 11451 2420 10
2401 11253 2402 10
2064 8491 2065 10
1931 11249 1932 10
11268 12669 11269 10
2268 8440 2269 10
8432 11564 11440 10
2552 8369 2553 10
2215 11449 2216 10
2117 11242 2118 10
2454 8979 2455 10
9886 10906 9878 10
2366 8980 2367 10
2029 11241 2030 10
12042 12682 10504 10
1966 8981 1967 10
2303 11437 2304 10
2517 11433 2518 10
2180 8462 2181 10
3152 12115 3153 10
12073 12136 10606 10
2152 8469 2153 10
11712 11714 11713 10
11064 11065 9906 10
2489 11222 2490 10
2331 11429 2332 10
1994 8982 1995 10
10587 10590 10588 10
11018 11023 8321 10
2001 11424 2002 10
2338 8984 2339 10
2482 9044 2483 10
2145 11423 2146 10
2187 11217 2188 10
2524 8376 2525 10
11435 12710 9879 10
2296 8433 2297 10
1959 11409 1960 10
2036 8498 2037 10
10818 12939 12609 10
2373 11213 2374 10
2447 11402 2448 10
9645 10061 10060 10
2110 9047 2111 10
1885 11401 1886 10
2222 8987 2223 10
10038 10824 10037 10
2559 11400 2560 10
2261 11195 2262 10
1924 8526 1925 10
8768 12122 3231 10
2071 11393 2072 10
2408 8405 2409 10
2412 8404 2413 10
2075 11386 2076 10
1920 8527 1921 10
9848 10867 9849 10
2257 11379 2258 10
2563 11193 2564 10
10517 12123 10160 10
11561 11584 11559 10
2226 9048 2227 10
1889 11376 1890 10
2106 9046 2107 10
10624 12155 10623 10
2443 11183 2444 10
2377 11366 2378 10
8784 12149 10112 10
2040 8497 2041 10
9954 9956 9955 10
1955 11364 1956 10
10670 10673 10672 10
2292 8434 2293 10
10856 12058 10857 10
2528 8375 2529 10
9660 9892 9678 10
9956 12187 11852 10
2191 11179 2192 10
2141 11172 2142 10
2478 9045 2479 10
9966 12202 9930 10
2342 9043 2343 10
8551 11584 11561 10
2005 11354 2006 10
1990 8992 1991 10
2327 11353 2328 10
2493 11163 2494 10
11533 11972 10928 10
2156 8468 2157 10
2176 8463 2177 10
12127 12942 11054 10
2513 11351 2514 10
10812 12717 8755 10
2307 11350 2308 10
1970 8994 1971 10
8764 12623 11577 10
2025 11155 2026 10
2362 8996 2363 10
2458 8997 2459 10
2121 11343 2122 10
9848 13092 13091 10
2211 11151 2212 10
9656 10868 9835 10
10578 10579 10575 10
11615 11616 11614 10
2548 8370 2549 10
2272 8439 2273 10
10428 12135 10374 10
1935 11150 1936 10
9723 9885 9878 10
8768 12783 12740 10
2060 8492 2061 10
11045 11052 8319 10
2397 11145 2398 10
2423 11135 2424 10
2086 8999 2087 10
10812 12722 12717 10
1909 11131 1910 10
2246 9000 2247 10
8755 12717 12701 10
2574 9041 2575 10
12026 12512 9098 10
2237 11130 2238 10
1900 8532 1901 10
2095 11122 2096 10
10755 10757 10754 10
2432 8399 2433 10
2388 8410 2389 10
3373 12137 3374 10
2051 11328 2052 10
11750 12698 11751 10
1944 8521 1945 10
10648 10651 10650 10
2281 11322 2282 10
2539 11317 2540 10
11072 12958 11061 10
2202 9040 2203 10
10959 12076 9845 10
2130 9038 2131 10
10112 12149 10113 10
2467 11314 2468 10
9912 12790 12718 10
2353 11313 2354 10
2016 8503 2017 10
1979 11109 1980 10
2316 8428 2317 10
2504 8381 2505 10
2167 11106 2168 10
9778 12917 11439 10
2165 11304 2166 10
12061 12701 10508 10
3267 12142 3268 10
2502 9004 2503 10
9832 11326 11142 10
8556 11745 11744 10
2318 9036 2319 10
1981 11290 1982 10
2014 9034 2015 10
2351 11110 2352 10
2469 11114 2470 10
11699 11701 11700 10
2132 8474 2133 10
2200 8457 2201 10
2537 11115 2538 10
12155 12456 12356 10
10159 12147 10161 10
2283 11116 2284 10
1946 9006 1947 10
2049 11119 2050 10
10533 12973 10134 10
2386 9032 2387 10
8305 11813 11812 10
2434 9008 2435 10
11099 12919 11207 10
8813 12722 10812 10
2097 11270 2098 10
9858 9859 9668 10
1898 9009 1899 10
2235 11126 2236 10
2572 8364 2573 10
2248 8445 2249 10
1911 11254 1912 10
2084 8486 2085 10
10728 12164 10727 10
2421 11138 2422 10
2399 11149 2400 10
2062 9030 2063 10
10899 12128 12075 10
1933 11248 1934 10
10279 12981 10280 10
2270 9029 2271 10
2550 9013 2551 10
10983 12929 11886 10
2213 11245 2214 10
8813 12726 12722 10
2119 11244 2120 10
3150 12151 3151 10
2456 8393 2457 10
9867 11319 11318 10
2364 8416 2365 10
2027 11158 2028 10
1968 8515 1969 10
2305 11236 2306 10
10721 10722 10718 10
2515 11223 2516 10
8308 11654 11653 10
2178 9014 2179 10
2154 9026 2155 10
2491 11160 2492 10
2329 11164 2330 10
8781 12810 12750 10
8781 12153 3228 10
1992 8509 1993 10
9989 9992 9991 10
2003 11221 2004 10
2340 8422 2341 10
2480 8387 2481 10
2143 11169 2144 10
2189 11176 2190 10
9664 10043 10042 10
8554 11683 11682 10
10592 12152 12145 10
2526 9016 2527 10
10678 10680 10679 10
2294 9025 2295 10
1957 11214 1958 10
11032 11037 11030 10
2038 9019 2039 10
2375 11208 2376 10
12147 12168 10161 10
2445 11186 2446 10
2108 8480 2109 10
1887 11187 1888 10
8306 11771 11770 10
2224 8451 2225 10
2561 11190 2562 10
2259 11199 2260 10
1922 9022 1923 10
2073 11194 2074 10
2410 9023 2411 10
3150 12165 12151 10
9949 9950 9946 10
10809 12726 8813 10
10092 13081 12149 10
10032 11909 10031 10
9980 9982 9981 10
11185 12880 11184 10
10617 10618 10614 10
9892 9928 9678 10
10752 12751 9058 10
10809 12731 12726 10
9656 9834 9832 10
11535 13056 11036 10
8540 12088 12038 10
10648 10649 10647 10
12105 12910 8798 10
3149 12165 3150 10
10771 10774 10773 10
9869 12612 9870 10
10630 10634 10633 10
9651 10058 10057 10
11488 12161 11489 10
12880 13107 11184 10
10161 12168 10164 10
8750 12847 12768 10
9899 12116 9900 10
10587 10591 10590 10
11616 12706 11766 10
8756 12731 10809 10
12745 12805 11285 10
11394 13072 10043 10
12741 12801 11509 10
10042 10843 10041 10
11441 12954 12619 10
10035 10087 10034 10
10670 10671 10669 10
10757 10758 10754 10
12078 12792 9943 10
10370 12177 10375 10
8750 12176 3225 10
10735 10737 10734 10
9662 12179 10365 10
9830 9843 9254 10
10955 11723 11722 10
11988 12968 10684 10
9833 9837 9655 10
9068 12968 10698 10
9840 9841 9828 10
10693 10695 10694 10
11477 12949 12208 10
12686 13155 10972 10
3264 12180 3265 10
10165 12181 10525 10
11899 12614 11900 10
1530 12856 3069 10
11906 11908 11905 10
12029 12202 9966 10
8311 11100 11079 10
11757 11762 11756 10
11663 12675 11664 10
12064 12543 12392 10
11236 11240 11237 10
9824 9869 9648 10
12301 12776 12232 10
8754 13113 12883 10
11165 11168 11164 10
12097 12735 10489 10
3235 12743 3236 10
11209 11212 11208 10
10658 10661 10660 10
10681 10682 10679 10
10604 10606 10603 10
9821 10893 10892 10
9814 12217 9738 10
11081 11286 11076 10
9942 11517 9716 10
10576 10581 10580 10
8810 12911 12795 10
11095 11105 8855 10
3147 12193 3148 10
8861 11139 11088 10
8344 11096 11084 10
11103 11104 8342 10
11092 11180 8838 10
9881 12710 11434 10
8789 13008 12872 10
12365 12367 12366 10
10283 11472 11422 10
8846 11203 11134 10
12181 12219 10525 10
9980 9983 9982 10
10822 11235 9911 10
11941 11943 11942 10
9678 9928 9692 10
3435 12912 1 10
8751 12936 12815 10
1 12912 1537 10
8769 12979 12859 10
12057 12420 12313 10
11234 11303 8358 10
8785 12951 12842 10
10737 10738 10734 10
8551 11603 11602 10
8775 12639 11935 10
12033 12791 12308 10
11937 11979 11938 10
9904 9908 9907 10
3147 12218 12193 10
12122 12755 10210 10
9824 11080 11079 10
10977 13082 10988 10
9990 11745 9988 10
10004 12724 11738 10
10719 10725 10723 10
11301 11340 8349 10
10606 10607 10603 10
8809 12212 3222 10
9658 10052 10050 10
10062 12983 11344 10
8346 11327 11261 10
8913 11331 11269 10
11978 11979 11977 10
11971 12836 10941 10
9918 12038 9907 10
10525 12219 10182 10
3146 12218 3147 10
10565 10568 10566 10
11781 11943 11780 10
10793 10796 10795 10
12207 13045 11572 10
9989 9990 9988 10
10615 10621 10619 10
10565 10569 10568 10
10747 10748 10744 10
11188 12772 11820 10
11049 11918 11048 10
10745 10747 10744 10
11168 11430 11429 10
12650 13049 10222 10
11997 12907 11996 10
10744 10748 10746 10
12597 12892 11896 10
11879 11880 11878 10
10635 10637 10631 10
9844 9845 9676 10
10567 10569 10565 10
12219 12226 10182 10
11708 12907 11709 10
9654 10055 10054 10
11760 11762 11761 10
12153 12773 10233 10
11585 11908 11586 10
10592 10594 10588 10
11776 12853 9794 10
12613 12614 11726 10
11212 11367 11366 10
11416 11417 8883 10
12038 12088 11064 10
11621 12890 8391 10
12113 12134 10759 10
11580 11588 11558 10
12146 12484 12433 10
10057 11886 11733 10
11218 11220 11217 10
10182 12226 10181 10
11758 11759 10074 10
10379 12227 10422 10
9663 10047 10046 10
11196 12894 11197 10
10755 10761 10759 10
11195 11202 11196 10
11641 12927 11640 10
8927 12890 11958 10
9891 11391 9890 10
12638 12987 10482 10
11066 11413 8363 10
8310 11446 11373 10
11173 11175 11172 10
8981 12626 11862 10
12176 12794 10468 10
10603 10607 10605 10
12226 12569 10181 10
3232 12767 3233 10
11666 12953 11665 10
9853 12204 11192 10
11769 12948 11768 10
9835 9890 9834 10
11690 12932 11691 10
10734 10738 10736 10
11501 12940 11502 10
11758 12897 11757 10
10282 11422 11421 10
11492 12976 11491 10
11407 11470 8316 10
10181 12569 10179 10
10652 10655 10647 10
12631 12967 10484 10
10940 12910 9908 10
12212 12834 10200 10
3144 12582 3145 10
9670 10040 10039 10
11283 11737 9873 10
11981 12749 10788 10
10674 10678 10669 10
9873 12144 9874 10
10735 10741 10739 10
12217 12786 9931 10
12569 12598 10179 10
10693 10698 10697 10
12620 12943 10301 10
10604 10610 10608 10
11169 11175 11170 10
10056 12028 10905 10
11176 11220 11177 10
3144 12599 12582 10
12178 12962 10000 10
10794 10796 10793 10
12611 12923 10254 10
12600 12898 10323 10
10754 10758 10756 10
10014 11992 10018 10
11200 11202 11199 10
9987 9989 9988 10
9992 12615 9993 10
10179 12598 10180 10
10659 10661 10658 10
9997 12178 10000 10
10767 10927 10765 10
10789 10790 10787 10
10589 10591 10587 10
3143 12599 3144 10
11806 11821 11807 10
10062 11344 10914 10
12011 12918 11115 10
10927 12114 10765 10
10632 10634 10630 10
11070 12742 11029 10
10570 10572 10566 10
12598 12602 10180 10
10614 10618 10616 10
10745 10751 10749 10
10750 10752 10746 10
9994 12988 9991 10
10567 10573 10571 10
10772 10774 10771 10
10718 10722 10720 10
11893 12607 10874 10
11842 11847 11838 10
8751 12600 3215 10
10180 12602 10497 10
10689 12129 10688 10
10575 10579 10577 10
10597 10929 10599 10
10599 12841 10601 10
11807 11821 8299 10
10609 10611 10605 10
12539 12557 12050 10
10452 12603 10290 10
10740 10742 10736 10
9688 10031 10030 10
8745 12660 12019 10
8309 11551 11514 10
9799 13063 11489 10
10526 12604 10203 10
10891 12086 9840 10
3258 12605 8762 10
10794 10798 10797 10
10760 10762 10756 10
12137 12748 9079 10
11900 12804 11901 10
11510 11511 8380 10
8932 11648 11347 10
11529 11675 8938 10
10659 10663 10662 10
11335 11631 8531 10
8487 11680 11384 10
8929 11629 11490 10
11397 11543 8943 10
10589 10595 10593 10
11311 11609 8993 10
10626 10934 10624 10
11428 11552 8508 10
8924 11601 11294 10
10632 10639 10636 10
9020 11568 11567 10
10612 12220 12050 10
11283 11587 8374 10
8435 11464 11279 10
11571 11717 8479 10
11276 11463 8496 10
10620 10622 10616 10
9732 12655 12202 10
10582 10583 10577 10
10772 10776 10775 10
10724 10726 10720 10
11455 11581 8450 10
11251 11574 8525 10
8377 11436 11435 10
10045 11387 10832 10
8914 11553 11431 10
9904 9907 9906 10
11219 11412 8461 10
11820 12772 11050 10
10856 13124 12058 10
12601 12990 11819 10
3141 12608 3142 10
12405 12446 12114 10
9716 11517 10296 10
8441 11544 11197 10
10239 12805 10884 10
11185 11375 8397 10
3255 12625 8783 10
8412 11370 11368 10
11174 11523 8895 10
8785 12611 3212 10
8505 11357 11356 10
9807 12678 11890 10
11157 11349 8970 10
11153 11338 8455 10
11811 12953 12681 10
9816 10893 9821 10
11533 11676 8398 10
8533 11829 11536 10
10039 11933 10824 10
8762 12605 12602 10
11541 11840 8976 10
9201 12615 10426 10
11124 11332 8484 10
10730 10935 10728 10
8962 11321 11319 10
8915 11711 11710 10
11794 12927 11795 10
11741 11743 8991 10
8922 11752 11749 10
8438 11777 11776 10
8881 11308 11108 10
11642 11643 8887 10
11306 11469 8879 10
8637 12928 12491 10
10568 12102 12063 10
8949 11438 11437 10
10643 10644 10641 10
8980 11860 11859 10
9783 12616 10471 10
3252 12644 8764 10
8482 11273 11272 10
8405 11895 11723 10
11128 11457 8449 10
10202 12618 10205 10
9874 12729 9875 10
8946 11868 11867 10
8453 11449 11247 10
10778 10781 10780 10
9810 13055 11246 10
10803 10804 10801 10
9916 9921 9920 10
8992 11917 11755 10
9764 12109 11369 10
8463 11763 11607 10
8947 11423 11171 10
11493 11494 8401 10
11210 11213 8414 10
9867 11320 11319 10
9848 13091 11835 10
8769 12620 3209 10
11192 11400 8860 10
10773 12209 12057 10
12171 12697 11431 10
3249 12666 8775 10
11634 11783 8532 10
8399 11945 11637 10
11201 11379 8443 10
9664 10044 10043 10
8857 11376 11189 10
10871 11893 9741 10
12329 12714 12125 10
11622 11660 11590 10
10824 12046 10037 10
11932 11934 8965 10
11216 11364 8939 10
10204 12623 10195 10
12023 12970 9844 10
11220 12728 11177 10
8459 11179 11178 10
3139 12622 3140 10
11646 11799 9040 10
8485 11940 11939 10
10628 12707 12394 10
11166 11353 8936 10
9928 10879 9692 10
8934 11163 11162 10
11651 11952 8503 10
11225 11351 8379 10
8430 11350 11238 10
9885 12764 9886 10
8494 11328 11121 10
10081 11608 11607 10
11118 11322 8437 10
11674 11968 9006 10
12056 12092 10747 10
8841 11313 11112 10
8568 12989 12252 10
9673 10037 10036 10
9915 9918 9909 10
3246 12691 8745 10
8398 11973 11972 10
9925 12801 12741 10
9922 12956 9912 10
10580 12189 10578 10
10015 12637 11428 10
10914 11243 10060 10
8684 12826 12395 10
8630 12827 12327 10
12292 12293 8638 10
11694 11856 9013 10
12455 12765 12025 10
9847 9848 9684 10
9662 12723 12179 10
11137 11138 8402 10
9786 12629 10287 10
8407 11149 11147 10
9032 11947 11946 10
11693 12932 11692 10
11948 11969 8411 10
8949 11563 11439 10
10867 13150 11679 10
8980 11986 11861 10
10978 10988 10979 10
8789 12631 3206 10
9681 10034 10033 10
3243 12703 8739 10
11558 11589 9826 10
11604 11630 11602 10
8629 12430 12328 10
10748 12090 12054 10
12279 12351 8572 10
9851 12204 9852 10
10193 12632 10196 10
8552 11590 11589 10
10036 11120 10087 10
8570 12824 12250 10
11817 11951 9038 10
8381 11957 11805 10
8532 11974 11828 10
8593 12302 12232 10
9006 11967 11796 10
8439 11982 11855 10
8451 12005 11889 10
9013 11929 11928 10
11998 11999 9045 10
8375 11913 11877 10
11758 11990 9026 10
11907 12001 9019 10
8480 11904 11733 10
9022 11902 11901 10
10832 11394 10043 10
11636 12976 12642 10
11722 12972 10955 10
9927 12741 11510 10
10039 10824 10038 10
8308 11630 11604 10
11655 11677 11653 10
11439 11563 8432 10
10843 12108 10040 10
12414 12443 8624 10
8568 12252 12251 10
10293 12823 11710 10
3137 12636 3138 10
9951 9952 9950 10
11979 12687 11938 10
10673 10676 10675 10
8554 11677 11655 10
10597 12146 10929 10
10011 12211 12040 10
10683 12966 12170 10
8739 12682 12042 10
12143 12318 8566 10
11684 11716 11682 10
10194 12639 10495 10
3137 12643 12636 10
8754 12638 3203 10
11915 12144 11914 10
9032 11969 11948 10
11918 12696 11048 10
10651 10654 10653 10
3236 12743 8756 10
11861 11986 8416 10
10070 12006 10069 10
3136 12643 3137 10
8307 11716 11684 10
9897 10823 10822 10
9832 13032 11326 10
3233 12767 8787 10
10441 12769 11291 10
12003 12112 10031 10
10979 13082 9819 10
11663 11664 9775 10
11307 12901 10077 10
9892 12945 9928 10
11597 13052 10007 10
10242 12649 10244 10
9670 10041 10040 10
12864 13078 11334 10
11746 11767 11744 10
12049 12084 10569 10
9827 10892 10891 10
10307 12652 10545 10
11897 12892 11898 10
10010 12080 11167 10
8773 12650 3200 10
11246 12865 9810 10
11741 11742 10826 10
9872 12118 9873 10
9835 9893 9891 10
12564 12662 12106 10
8306 11767 11746 10
11861 11923 11618 10
10686 10689 10688 10
9688 10032 10031 10
11772 11793 11770 10
10079 12099 10078 10
3134 12659 3135 10
10068 12734 10067 10
11028 12742 8321 10
10810 12869 8809 10
10241 12660 10243 10
11650 12940 11649 10
11738 12223 10008 10
10810 12874 12869 10
8738 12663 3197 10
8560 11793 11772 10
9848 9849 9684 10
8325 10988 10978 10
11814 11825 11812 10
8809 12869 12834 10
9694 10829 9737 10
11050 12673 11049 10
3134 12668 12659 10
9817 12630 9803 10
10087 11275 10034 10
10464 12665 9735 10
9673 10038 10037 10
11762 12901 11761 10
10503 12667 10504 10
10581 10585 10584 10
9850 9851 9683 10
3133 12668 3134 10
9967 12720 8793 10
10867 11679 9850 10
8737 12874 10810 10
9681 10035 10034 10
9723 9878 9877 10
10953 13030 11257 10
9808 13045 10923 10
8737 12882 12874 10
11736 12144 11737 10
11859 11860 11701 10
12018 12372 12371 10
8562 11825 11814 10
11302 13036 9883 10
11720 11730 11719 10
9689 10028 10027 10
10918 12020 9847 10
12233 12243 12231 10
10725 10728 10727 10
9940 12752 9941 10
11926 12948 11927 10
11728 11764 11596 10
10811 12882 8737 10
10548 12677 10549 10
11946 11947 11791 10
8556 11730 11720 10
12031 12512 8923 10
10621 10624 10623 10
10811 12888 12882 10
11317 12918 11318 10
10275 11099 11098 10
9986 11684 11683 10
10596 10597 10594 10
9827 9840 9828 10
11827 12816 10996 10
8755 12701 12061 10
3363 12711 3364 10
10829 10854 9737 10
10948 12976 11492 10
12367 12538 10945 10
11798 11802 11797 10
8810 12888 10811 10
10256 12682 10257 10
10683 10684 10682 10
3131 12683 3132 10
10761 10765 10764 10
11616 12521 10263 10
10507 12685 10508 10
8779 12684 3190 10
10412 10414 10413 10
10977 10988 10976 10
9692 10879 9694 10
10695 12719 10696 10
8305 11802 11798 10
3131 12692 12683 10
11786 11800 8561 10
11658 12738 12156 10
9790 13037 11198 10
9704 12991 9939 10
9693 12655 9732 10
8320 11039 11038 10
8905 12772 11187 10
10501 11820 11050 10
11437 11438 11240 10
3130 12692 3131 10
11440 12858 9778 10
9853 9854 9686 10
11621 13138 12909 10
10438 10900 10437 10
12071 12089 10697 10
10723 12174 10721 10
10016 12637 10015 10
10014 12138 11992 10
8765 12694 3187 10
10080 12099 10079 10
10672 12712 10671 10
9856 9865 9697 10
9951 12125 9952 10
10934 12155 10624 10
11810 12953 11811 10
11981 12388 12276 10
10557 12699 10558 10
9696 10025 10024 10
8661 12878 12323 10
10954 12813 11136 10
11533 12881 11532 10
12693 12927 11641 10
12124 12125 9951 10
9737 10854 9759 10
10553 12760 11085 10
11235 11342 9911 10
10029 12651 10028 10
10475 12701 10476 10
12526 12568 12188 10
11310 11311 10440 10
9849 10867 9850 10
9854 11695 9855 10
9869 9870 9648 10
9851 9852 9683 10
3128 12702 3129 10
11845 11846 8304 10
10998 12941 10999 10
9855 11695 9856 10
10047 12821 10046 10
3128 12709 12702 10
10065 13109 11817 10
10072 12653 11870 10
12701 12717 10476 10
10823 12955 11182 10
11691 12932 9854 10
9689 10029 10028 10
9800 11129 11127 10
11714 12858 11713 10
10085 10086 9712 10
3127 12709 3128 10
11735 12507 8640 10
10863 12280 9963 10
10650 12700 10649 10
9865 12948 11769 10
11430 12171 11431 10
10768 12751 10769 10
12199 12698 11872 10
11998 12854 10825 10
11674 12926 11673 10
8956 11696 1879 10
11506 13084 12679 10
10246 12716 10489 10
12433 12996 12146 10
11275 11276 10034 10
8816 10965 2753 10
8332 10968 2751 10
2754 10965 8333 10
10476 12717 10518 10
2752 10968 8816 10
2750 10974 8332 10
10036 10087 10035 10
8818 10974 2749 10
2748 10982 8818 10
2746 10985 8331 10
8331 10982 2747 10
9848 11835 10867 10
8327 10957 2581 10
8333 11012 2755 10
9049 12939 10818 10
8820 10985 2745 10
8330 10989 2743 10
2744 10989 8820 10
2742 10995 8330 10
12717 12722 10518 10
2740 11001 8822 10
8822 10995 2741 10
8329 11001 2739 10
8326 10975 2585 10
8815 10962 2583 10
2582 10957 8815 10
2584 10962 8326 10
10078 12099 11107 10
2588 10976 8325 10
2586 10975 8817 10
8817 10976 2587 10
2590 10978 8819 10
8824 11007 2737 10
11358 12784 8363 10
2736 11011 8824 10
2738 11007 8329 10
8325 10978 2589 10
11642 12817 10855 10
8324 10994 2593 10
8819 10984 2591 10
8328 11011 2735 10
9925 12741 9926 10
9981 11560 11514 10
2580 11060 8327 10
10037 12046 11330 10
2592 10984 8324 10
9916 9920 9915 10
10518 12722 10519 10
2594 10994 8821 10
2596 10997 8323 10
8821 10997 2595 10
8323 11008 2597 10
2732 11023 8826 10
2734 11016 8328 10
8321 11023 2731 10
8826 11016 2733 10
2600 11009 8322 10
11209 12045 11212 10
8823 11009 2599 10
2598 11008 8823 10
2730 11028 8321 10
9871 12118 9872 10
8322 11014 2601 10
2756 11012 8830 10
9531 12723 9662 10
12722 12726 10519 10
9098 12856 12026 10
2604 11019 8315 10
8827 11027 2607 10
8828 11028 2729 10
2602 11014 8825 10
8686 12733 12454 10
8315 11024 2605 10
8825 11019 2603 10
8830 11097 2579 10
2606 11024 8827 10
11027 11033 2608 10
11165 12080 11168 10
8320 11037 2726 10
9854 9855 9686 10
2727 11037 11032 10
10673 10675 10672 10
2725 11042 8320 10
11795 12927 12198 10
8832 11042 2724 10
8831 11041 2612 10
11041 11046 2613 10
12747 12907 11997 10
10681 10683 10682 10
10519 12726 10248 10
2611 11040 8831 10
8314 11040 2610 10
2728 11032 8828 10
9785 12211 10011 10
2609 11033 8314 10
10619 12172 10617 10
10207 12727 10210 10
2722 11052 11043 10
8390 12745 11114 10
2723 11043 8832 10
10680 12774 10681 10
8319 11052 2721 10
8892 11062 2873 10
11695 12932 11693 10
10819 12721 9936 10
2614 11046 8313 10
8313 11054 2615 10
11173 12771 11175 10
2720 11056 8319 10
12726 12731 10248 10
8833 11055 2617 10
8834 11056 2719 10
9991 13076 9990 10
2616 11054 8833 10
10026 12595 10025 10
9867 9871 9700 10
11055 11067 2618 10
11218 12048 11220 10
2718 11061 8834 10
2717 11071 11061 10
8318 11071 2716 10
11137 12686 10972 10
2619 11067 8312 10
8836 11074 2714 10
8835 11077 2622 10
8312 11073 2620 10
2715 11074 8318 10
10248 12731 10247 10
2621 11073 8835 10
11714 12787 11715 10
11077 11100 2623 10
2713 11081 8836 10
2624 11100 8311 10
8343 11082 2791 10
8839 11086 2825 10
8360 11093 2859 10
2860 11093 8837 10
2826 11086 8352 10
2792 11082 8847 10
2758 11097 8334 10
2790 11101 8343 10
2824 11090 8839 10
2858 11105 8360 10
11120 13090 10087 10
2712 11286 11081 10
8837 11132 2861 10
8352 11139 2827 10
8847 11096 2793 10
8334 11144 2759 10
8852 11101 2789 10
8351 11090 2823 10
8855 11105 2857 10
9699 10022 10021 10
2862 11132 8361 10
2828 11139 8861 10
2794 11096 8344 10
2760 11144 8862 10
2788 11104 8852 10
2822 11180 8351 10
2856 11181 8855 10
8317 11286 2711 10
11890 12678 11903 10
8311 11316 2625 10
8361 11203 2863 10
8861 11140 2829 10
8344 11143 2795 10
8862 11206 2761 10
8342 11104 2787 10
8838 11180 2821 10
8359 11181 2855 10
2626 11316 8926 10
11024 12961 11025 10
2710 11365 8317 10
10651 10653 10650 10
11906 11909 11908 10
2864 11203 8846 10
2830 11140 8353 10
2796 11143 8873 10
2762 11206 8336 10
2786 11226 8342 10
2820 11229 8838 10
2854 11232 8359 10
10939 12958 10414 10
8926 11371 2627 10
8945 11365 2709 10
8846 11204 2865 10
8353 11258 2831 10
8873 11263 2797 10
8336 11265 2763 10
8853 11226 2785 10
8350 11229 2819 10
8854 11232 2853 10
2708 11405 8945 10
10700 12912 3435 10
12362 12363 10854 10
2629 11446 8310 10
11371 11446 2628 10
2866 11204 8362 10
2832 11258 8884 10
2798 11263 8345 10
2764 11265 8885 10
2784 11295 8853 10
2818 11299 8350 10
2852 11303 8854 10
9873 9874 9706 10
2707 11470 11405 10
12000 13030 10953 10
8316 11470 2706 10
10071 12006 10070 10
8310 11482 2630 10
8362 11256 2867 10
8884 11325 2833 10
8345 11259 2799 10
8885 11267 2765 10
8341 11295 2783 10
8864 11299 2817 10
8358 11303 2851 10
10935 12164 10728 10
2631 11482 8989 10
10607 12068 12017 10
2705 11519 8316 10
11652 12681 10024 10
2868 11256 8893 10
2834 11325 8354 10
2800 11259 8894 10
10488 12735 10209 10
2766 11267 8337 10
2782 11296 8341 10
2816 11340 8864 10
2850 11341 8358 10
9002 11519 2704 10
8989 11512 2632 10
8893 11358 2869 10
8354 11359 2835 10
8894 11327 2801 10
8337 11331 2767 10
8902 11296 2781 10
8349 11340 2815 10
8878 11341 2849 10
2703 11524 9002 10
11056 12958 12140 10
11635 12976 11636 10
10231 12740 10233 10
2870 11358 8363 10
2836 11359 8883 10
2802 11327 8346 10
2768 11331 8913 10
2780 11339 8902 10
2814 11388 8349 10
2848 11389 8878 10
9954 12715 11851 10
9001 11060 1542 10
11555 12823 10293 10
11512 11551 2633 10
11594 13121 11595 10
2634 11551 8309 10
8317 11289 11287 10
11632 12800 8531 10
8309 11559 2635 10
8303 11556 2701 10
11531 12797 8397 10
2637 11584 8551 10
8551 11602 2638 10
8552 11588 2698 10
8363 11413 2871 10
8883 11417 2837 10
8346 11361 2803 10
2700 11580 8303 10
8913 11420 2769 10
8340 11339 2779 10
8888 11388 2813 10
8357 11389 2847 10
2702 11556 11524 10
9920 12851 9915 10
2697 11622 8552 10
12624 12765 8717 10
11672 12803 8938 10
2640 11630 8308 10
9876 9879 9708 10
2872 11413 8892 10
8376 12034 11875 10
2838 11417 8355 10
2804 11361 8919 10
9696 10026 10025 10
2770 11420 8338 10
2778 11442 8340 10
2812 11444 8888 10
2846 11392 8357 10
11559 11584 2636 10
2699 11588 11580 10
11602 11630 2639 10
8302 11660 2695 10
8308 11653 2641 10
8355 11414 2839 10
8919 11418 2805 10
8338 11462 2771 10
8901 11442 2777 10
8348 11444 2811 10
8903 11392 2845 10
8554 11682 2644 10
8555 11681 2692 10
2696 11660 11622 10
2694 11667 8302 10
2643 11677 8554 10
11000 12885 11015 10
2691 11702 8555 10
10788 12963 12658 10
2840 11414 8911 10
2806 11418 8347 10
11453 12798 8449 10
2772 11462 8912 10
2776 11441 8901 10
2810 11473 8348 10
2844 11477 8903 10
2646 11716 8307 10
10917 12954 10283 10
9865 9866 9697 10
12756 12769 9714 10
2649 11730 8556 10
12276 12749 11981 10
12164 13058 12346 10
2688 11728 8301 10
8307 11719 2647 10
8301 11718 2689 10
11653 11677 2642 10
2693 11681 11667 10
8911 11475 2841 10
8347 11460 2807 10
8912 11471 2773 10
8339 11441 2775 10
8920 11473 2809 10
11682 11716 2645 10
8356 11477 2843 10
9656 9835 9834 10
9845 12076 10918 10
11709 12907 12635 10
8557 11764 2686 10
11729 12678 11456 10
8556 11744 2650 10
2652 11767 8306 10
3069 12856 9098 10
11251 12713 11250 10
2774 11471 8339 10
2808 11460 8920 10
2842 11475 8356 10
8306 11770 2653 10
2690 11718 11702 10
10873 12916 9814 10
2655 11793 8560 10
2682 11784 8300 10
11170 12006 11171 10
11719 11730 2648 10
2687 11764 11728 10
8561 11800 2680 10
8560 11797 2656 10
2658 11802 8305 10
9963 12280 12279 10
2679 11806 8561 10
10654 12055 10653 10
2685 12762 8557 10
10919 12962 9200 10
10633 12160 10635 10
8300 12758 2683 10
9965 12916 8797 10
11197 12894 9790 10
11527 12802 8939 10
2661 11825 8562 10
8299 11821 2677 10
8305 11812 2659 10
2676 11824 8299 10
2673 11832 8563 10
8562 11831 2662 10
8563 11830 2674 10
10259 12750 10468 10
11508 12801 8379 10
8564 11847 2668 10
2670 11842 8298 10
11744 11767 2651 10
2667 11843 8564 10
2664 11850 8304 10
8298 11836 2671 10
8304 11846 2665 10
11754 12799 10085 10
2681 11800 11784 10
12067 12251 9921 10
11770 11793 2654 10
10642 12214 10643 10
3365 12814 3366 10
9703 10019 10017 10
2678 11821 11806 10
10208 12755 10265 10
11797 11802 2657 10
9874 9875 9706 10
2675 11830 11824 10
11812 11825 2660 10
2876 12088 2877 10
11831 11850 2663 10
3125 12775 3126 10
12758 12762 2684 10
2666 11846 11843 10
9871 9872 9700 10
12506 12508 8639 10
2672 11836 11832 10
2669 11847 11842 10
10048 12687 10051 10
9710 10016 10015 10
10014 10018 10013 10
9710 10015 10014 10
10410 12764 9209 10
10414 12958 11072 10
1998 11552 8983 10
8914 11707 2335 10
2486 11711 8915 10
8470 11705 2149 10
2184 11703 8461 10
8377 11562 2521 10
2300 11564 8432 10
8910 11548 1963 10
8499 11568 2033 10
10113 13081 9653 10
2370 11699 8909 10
8906 11697 2451 10
9699 10023 10022 10
2114 11717 8986 10
1882 11545 8904 10
8988 11572 2219 10
2556 11690 8368 10
8441 11687 2265 10
1928 11573 8525 10
2068 11543 8490 10
8406 11721 2405 10
2416 11725 8403 10
8978 11680 2079 10
8528 11726 1917 10
2254 11539 8977 10
8898 11678 2567 10
2230 11581 8990 10
8534 11534 1893 10
8918 11583 2103 10
2440 11531 8397 10
8412 11530 2381 10
2044 11585 8496 10
1952 11675 8519 10
8435 11734 2289 10
2532 11736 8374 10
12155 13043 12456 10
8974 11525 2195 10
2138 11671 8895 10
8991 11743 2475 10
2346 11752 8922 10
8505 11520 2009 10
8924 11753 1987 10
2324 11661 8426 10
8383 11659 2497 10
2160 11760 8467 10
8464 11605 2173 10
9879 9880 9708 10
2510 11511 8972 10
8889 11503 2311 10
1974 11610 8993 10
1874 12158 1875 10
2022 11501 8970 10
8995 11614 2359 10
2462 11619 8928 10
8476 11648 2125 10
2208 11500 8455 10
8371 11768 2545 10
2276 11777 8438 10
8887 11643 1939 10
8493 11624 2057 10
2394 11497 8968 10
8886 11491 2427 10
2090 11625 8998 10
1906 11631 8966 10
8929 11627 2243 10
2578 11782 9001 10
8447 11629 2241 10
1904 11632 8531 10
2092 11486 8484 10
8400 11635 2429 10
2392 11638 8409 10
8964 11485 2055 10
8522 11640 1941 10
10929 12997 12410 10
2278 11483 8882 10
8962 11623 2543 10
2206 11644 9003 10
8932 11647 2127 10
2464 11620 8391 10
8418 11612 2357 10
2020 11649 8502 10
1976 11609 8513 10
8429 11801 2313 10
2508 11656 8380 10
8881 11478 2171 10
2162 11468 8879 10
8869 12657 11450 10
8933 11658 2499 10
2322 11809 8935 10
8511 11601 1985 10
9005 11665 2011 10
2348 11599 8420 10
8389 11465 2473 10
2136 11668 8473 10
8458 11818 2197 10
2534 11587 8960 10
8876 11464 2287 10
1950 11672 8938 10
2046 11463 8957 10
8941 11822 2383 10
2438 11676 9007 10
8482 11458 2101 10
9010 11829 1895 10
2232 11453 8449 10
8365 11834 2569 10
10660 12190 12074 10
2252 11840 8444 10
8955 11578 1915 10
8487 11841 2081 10
2418 11575 8870 10
8869 11450 2403 10
2066 11849 8943 10
1930 11574 8867 10
9011 11688 2267 10
2554 11692 9012 10
8453 11447 2217 10
1880 11696 8537 10
2116 11569 8478 10
8394 11858 2453 10
2368 11859 8415 10
8950 11565 2031 10
8516 11863 1965 10
10199 12768 10200 10
2302 11563 8949 10
8948 11436 2519 10
9928 12945 12586 10
2182 11868 8946 10
9015 11869 2151 10
2488 11554 8385 10
8424 11553 2333 10
1996 11871 8508 10
2000 11426 8507 10
8423 11873 2337 10
2484 11708 8386 10
8947 11549 2147 10
2186 11412 8863 10
9017 11878 2523 10
2298 11712 9018 10
8517 11410 1961 10
9020 11882 2035 10
2372 11404 8414 10
8395 11547 2449 10
2112 11884 8479 10
1884 11546 8536 10
11496 12119 11146 10
8452 11887 2221 10
2558 11398 8860 10
8944 11544 2263 10
10738 12059 11980 10
1926 11891 8951 10
11392 13038 11390 10
2070 11395 8859 10
8952 11895 2407 10
2414 11897 8953 10
8488 11382 2077 10
8954 11899 1919 10
2256 11380 8443 10
8366 11377 2565 10
10818 12609 9948 10
2228 11729 8450 10
8464 12093 11605 10
8857 11537 1891 10
8481 11731 2105 10
2442 11375 8942 10
8940 11370 2379 10
2042 11905 9024 10
1954 11527 8939 10
8958 11910 2291 10
2530 11914 8959 10
10964 10977 8817 10
8459 11362 2193 10
2140 11523 8472 10
8388 11739 2477 10
11644 12096 9003 10
2344 11747 8421 10
8937 11357 2007 10
8510 11917 1989 10
2326 11518 8936 10
8934 11515 2495 10
2158 11756 9027 10
8961 11763 2175 10
2512 11508 8379 10
8430 11507 2309 10
10999 12941 11000 10
1972 11765 8514 10
2024 11349 8501 10
8417 11766 2361 10
2460 11924 8392 10
8931 11345 2123 10
2210 11338 8930 10
10996 12816 11536 10
9028 11926 2547 10
9703 10020 10019 10
2274 11774 8963 10
8523 11336 1937 10
8965 11934 2059 10
2396 11495 8408 10
8567 12851 12253 10
8401 11494 2425 10
2088 11940 8485 10
1908 11333 8530 10
8446 11780 2245 10
2576 11944 8335 10
8845 11488 2239 10
10854 12041 9759 10
1902 11783 8967 10
2094 11332 8843 10
9031 11945 2431 10
2390 11789 8969 10
8494 11329 2053 10
10440 11311 10901 10
9033 11794 1943 10
2280 11323 8437 10
8372 11321 2541 10
2204 11799 8456 10
8475 11949 2129 10
2466 11315 8927 10
11055 12942 11068 10
8841 11312 2355 10
11874 12886 12199 10
2018 11952 8971 10
1978 11309 8840 10
9035 11953 2315 10
2506 11956 9037 10
8465 11308 2169 10
11212 12079 11367 10
8787 12735 12097 10
2164 11469 8466 10
8382 11803 2501 10
2320 11808 8427 10
8925 11292 1983 10
8504 11810 2013 10
10590 12152 10592 10
2350 11466 8842 10
8921 11284 2471 10
10230 12773 10232 10
2134 11815 9039 10
8818 12934 10970 10
8951 11892 11252 10
8973 11960 2199 10
2242 11629 8929 10
8531 11631 1905 10
8998 11486 2091 10
2428 11491 8400 10
8409 11497 2393 10
2056 11485 8493 10
1940 11643 8522 10
8438 11483 2277 10
2544 11623 8371 10
9003 11500 2207 10
2126 11648 8932 10
8928 11620 2463 10
2358 11612 8995 10
8502 11501 2021 10
8993 11609 1975 10
2312 11503 8429 10
8380 11511 2509 10
2172 11478 8464 10
8467 11468 2161 10
2498 11659 8933 10
2536 11281 8373 10
8935 11661 2323 10
1986 11601 8924 10
2010 11520 9005 10
8922 11599 2347 10
2474 11465 8991 10
8473 11671 2137 10
2196 11525 8458 10
8374 11587 2533 10
8436 11277 2285 10
2288 11464 8435 10
8938 11675 1951 10
8496 11463 2045 10
12494 12900 12055 10
2382 11530 8941 10
9007 11531 2439 10
2102 11458 8918 10
1894 11534 9010 10
8990 11453 2231 10
1948 11968 8520 10
2568 11678 8365 10
8444 11539 2253 10
2048 11274 8495 10
1916 11578 8528 10
2080 11680 8487 10
8403 11575 2417 10
2404 11450 8406 10
8943 11543 2067 10
8525 11574 1929 10
2266 11687 9011 10
8411 11969 2385 10
9012 11690 2555 10
2218 11447 8988 10
8537 11545 1881 10
8986 11569 2115 10
2452 11697 8394 10
2436 11973 8398 10
8415 11699 2369 10
2032 11565 8499 10
1964 11548 8516 10
8432 11563 2301 10
8917 11273 2099 10
2520 11436 8377 10
8946 11703 2183 10
8533 11826 1897 10
2150 11705 9015 10
8915 11554 2487 10
2334 11553 8914 10
8508 11552 1997 10
2234 11457 8844 10
8983 11426 1999 10
2336 11707 8423 10
8386 11711 2485 10
2148 11549 8470 10
12064 12197 10677 10
8975 11833 2571 10
8461 11412 2185 10
2522 11562 9017 10
9018 11564 2299 10
2250 11839 8976 10
1962 11410 8910 10
2034 11568 9020 10
8909 11404 2371 10
8529 11452 1913 10
2450 11547 8906 10
8479 11717 2113 10
9042 11977 2083 10
8904 11546 1883 10
2220 11572 8452 10
8368 11398 2557 10
2420 11451 8402 10
2264 11544 8441 10
8951 11573 1927 10
8490 11395 2069 10
2406 11721 8952 10
8407 11253 2401 10
8953 11725 2415 10
2078 11382 8978 10
1918 11726 8954 10
10053 13011 11271 10
2064 11848 8491 10
8977 11380 2255 10
1932 11249 8524 10
2566 11377 8898 10
8450 11581 2229 10
1892 11537 8534 10
2104 11583 8481 10
8440 11853 2269 10
8397 11375 2441 10
2380 11370 8412 10
2552 11856 8369 10
9024 11585 2043 10
8519 11527 1953 10
2290 11734 8958 10
8848 11449 2215 10
8959 11736 2531 10
2194 11362 8974 10
8895 11523 2139 10
2476 11743 8388 10
2118 11242 8849 10
8421 11752 2345 10
2008 11357 8505 10
1988 11753 8510 10
8979 11984 2455 10
8426 11518 2325 10
2496 11515 8383 10
2366 11986 8980 10
9027 11760 2159 10
2174 11605 8961 10
11560 11561 11559 10
8500 11241 2029 10
11200 13010 11202 10
8972 11508 2511 10
8981 11862 1967 10
2310 11507 8889 10
8514 11610 1973 10
8970 11349 2023 10
2304 11437 8431 10
2360 11614 8417 10
8392 11619 2461 10
8378 11433 2517 10
2124 11345 8476 10
2180 11865 8462 10
8455 11338 2209 10
2546 11768 9028 10
8963 11777 2275 10
1938 11336 8887 10
8469 11989 2153 10
2058 11624 8965 10
8968 11495 2395 10
10831 13070 12875 10
2490 11222 8916 10
2426 11494 8886 10
8485 11625 2089 10
8966 11333 1907 10
8850 11429 2331 10
2244 11627 8446 10
8335 11782 2577 10
1994 11993 8982 10
2240 11488 8447 10
10541 12713 10933 10
2002 11424 8851 10
8967 11632 1903 10
8484 11332 2093 10
8984 11872 2339 10
2430 11635 9031 10
10999 11000 8823 10
8969 11638 2391 10
2482 11996 9044 10
2054 11329 8964 10
1942 11640 9033 10
8882 11323 2279 10
8471 11423 2145 10
2542 11321 8962 10
8456 11644 2205 10
2188 11217 8460 10
2128 11647 8475 10
8391 11315 2465 10
8376 11875 2525 10
2356 11312 8418 10
8971 11649 2019 10
2296 11881 8433 10
8513 11309 1977 10
2314 11801 9035 10
8856 11409 1959 10
9037 11656 2507 10
8498 12002 2037 10
2170 11308 8881 10
9989 9991 9990 10
2374 11213 8908 10
8879 11469 2163 10
2500 11658 8382 10
8907 11402 2447 10
8427 11809 2321 10
1984 11292 8511 10
2012 11665 8504 10
2110 11885 9047 10
1886 11401 8905 10
8420 11466 2349 10
12036 12274 12233 10
2472 11284 8389 10
8987 12005 2223 10
9039 11668 2135 10
2198 11818 8973 10
2560 11400 8367 10
8960 11281 2535 10
8442 11195 2261 10
2286 11277 8876 10
8520 11672 1949 10
8957 11274 2047 10
1924 12007 8526 10
2072 11393 8489 10
2384 11822 8411 10
8398 11676 2437 10
8405 12009 2409 10
2100 11273 8482 10
1896 11829 8533 10
2412 11896 8404 10
8449 11457 2233 10
2570 11834 8975 10
8858 11386 2075 10
8976 11840 2251 10
8527 11902 1921 10
1914 11452 8955 10
2082 11841 9042 10
2258 11379 8900 10
8870 11451 2419 10
2402 11253 8869 10
8899 11193 2563 10
8491 11849 2065 10
9915 12318 9918 10
8867 11249 1931 10
2226 11903 9048 10
2268 11688 8440 10
8535 11376 1889 10
8369 11692 2553 10
9046 11904 2107 10
2216 11449 8453 10
2444 11183 8396 10
8478 11242 2117 10
2454 11858 8979 10
12114 12985 12405 10
8413 11366 2377 10
8980 11859 2367 10
2040 12001 8497 10
2030 11241 8950 10
1966 11863 8981 10
1956 11364 8518 10
8949 11437 2303 10
8434 11912 2293 10
2518 11433 8948 10
8462 11868 2181 10
8922 12829 11599 10
2528 11913 8375 10
8438 12831 11483 10
2152 11869 8469 10
8897 11179 2191 10
8385 11222 2489 10
3229 12783 3230 10
2332 11429 8424 10
2142 11172 8896 10
8982 11871 1995 10
8498 12112 12002 10
12129 13110 12502 10
8507 11424 2001 10
9045 11999 2479 10
2338 11873 8984 10
8915 12823 11554 10
9044 11708 2483 10
2342 11995 9043 10
2146 11423 8947 10
8506 11354 2005 10
8863 11217 2187 10
8992 11991 1991 10
2524 11878 8376 10
2328 11353 8425 10
8433 11712 2297 10
1960 11409 8517 10
8384 11163 2493 10
2036 11882 8498 10
8414 11213 2373 10
2156 11990 8468 10
10969 12778 10968 10
2448 11402 8395 10
9047 11884 2111 10
8463 11919 2177 10
8536 11401 1885 10
2222 11887 8987 10
2514 11351 8891 10
8860 11400 2559 10
8890 11350 2307 10
2262 11195 8944 10
8526 11891 1925 10
1970 11921 8994 10
8859 11393 2071 10
2026 11155 8865 10
2408 11895 8405 10
8946 12840 11703 10
8404 11897 2413 10
8996 11922 2363 10
2076 11386 8488 10
1920 11899 8527 10
2458 11983 8997 10
8443 11379 2257 10
8477 11343 2121 10
2564 11193 8366 10
9048 11729 2227 10
2212 11151 8454 10
1890 11376 8857 10
2106 11731 9046 10
8370 11929 2549 10
10939 12680 11045 10
11502 12940 10025 10
8942 11183 2443 10
2272 11982 8439 10
2378 11366 8940 10
11026 11034 11033 10
8497 11905 2041 10
8866 11150 1935 10
8939 11364 1955 10
8492 11930 2061 10
2292 11910 8434 10
8375 11914 2529 10
2398 11145 8868 10
2192 11179 8459 10
10780 12194 10779 10
8871 11135 2423 10
8472 11172 2141 10
10967 11098 8830 10
2086 11937 8999 10
2478 11739 9045 10
1910 11131 8872 10
9043 11747 2343 10
9000 11941 2247 10
2006 11354 8937 10
1990 11917 8992 10
2574 11975 9041 10
8936 11353 2327 10
8448 11130 2237 10
2494 11163 8934 10
8468 11756 2157 10
1900 11974 8532 10
2096 11122 8483 10
11877 11913 9016 10
2176 11763 8463 10
8399 11970 2433 10
8379 11351 2513 10
8387 11999 11998 10
2308 11350 8430 10
2388 11946 8410 10
10581 10584 10580 10
8994 11765 1971 10
8501 11155 2025 10
8874 11328 2051 10
8521 11967 1945 10
2362 11766 8996 10
8997 11924 2459 10
2282 11322 8875 10
2122 11343 8931 10
8877 11317 2539 10
8930 11151 2211 10
2202 11963 9040 10
2548 11926 8370 10
11590 11591 9784 10
8439 11774 2273 10
9038 11951 2131 10
1936 11150 8523 10
2060 11934 8492 10
2468 11314 8390 10
11855 11982 9029 10
8408 11145 2397 10
8419 11313 2353 10
2424 11135 8401 10
2016 11959 8503 10
8999 11940 2087 10
1980 11109 8512 10
8530 11131 1909 10
2246 11780 9000 10
8428 11954 2317 10
9041 11944 2575 10
9913 12910 12105 10
11828 11974 9009 10
2504 11957 8381 10
2238 11130 8845 10
11972 11973 9008 10
8532 11783 1901 10
8880 11106 2167 10
8843 11122 2095 10
10789 10828 10790 10
2432 11945 8399 10
8330 10990 10987 10
2166 11304 8880 10
8410 11789 2389 10
10802 12191 10803 10
8474 11951 11817 10
9004 11957 2503 10
8485 12846 11625 10
2052 11328 8494 10
10467 12794 10215 10
1944 11794 8521 10
2318 11954 9036 10
8437 11322 2281 10
8512 11290 1981 10
2540 11317 8372 10
11805 11957 9004 10
9034 11959 2015 10
9040 11799 2203 10
2352 11110 8419 10
2130 11949 9038 10
8390 11114 2469 10
8927 11314 2467 10
10321 12795 10323 10
2354 11313 8841 10
2132 11951 8474 10
9947 9949 9946 10
8503 11952 2017 10
11943 12914 9797 10
8840 11109 1979 10
8457 11963 2201 10
2316 11953 8428 10
11796 11967 8521 10
2538 11115 8877 10
8381 11956 2505 10
2168 11106 8465 10
8875 11116 2283 10
1946 11967 9006 10
8466 11304 2165 10
2050 11119 8874 10
2502 11803 9004 10
9032 11946 2387 10
9036 11808 2319 10
11939 11940 8999 10
1982 11290 8925 10
2434 11970 9008 10
2014 11810 9034 10
8492 11934 11932 10
11928 11929 8370 10
8483 11270 2097 10
8842 11110 2351 10
9009 11974 1899 10
2470 11114 8921 10
2236 11126 8448 10
12188 12714 12526 10
8474 11815 2133 10
8364 11975 2573 10
2200 11960 8457 10
2248 11941 8445 10
8373 11115 2537 10
8468 11990 11758 10
2284 11116 8436 10
8872 11254 1911 10
9001 12076 10959 10
8486 11937 2085 10
9006 11968 1947 10
8495 11119 2049 10
2422 11138 8871 10
2386 11969 9032 10
11278 12210 11279 10
8868 11149 2399 10
9008 11973 2435 10
2098 11270 8917 10
2062 11930 9030 10
1898 11826 9009 10
1934 11248 8866 10
8497 12001 11907 10
8844 11126 2235 10
9029 11982 2271 10
11733 11904 9046 10
2572 11833 8364 10
2550 11929 9013 10
8445 11839 2249 10
10051 11979 11978 10
1912 11254 8529 10
8454 11245 2213 10
11901 11902 8527 10
2084 11977 8486 10
11476 12949 11475 10
8402 11138 2421 10
2120 11244 8477 10
2400 11149 8407 10
8393 11983 2457 10
11889 12005 8987 10
9030 11848 2063 10
8524 11248 1933 10
2364 11922 8416 10
2270 11853 9029 10
8865 11158 2027 10
9013 11856 2551 10
8515 11921 1969 10
2214 11245 8848 10
2306 11236 8890 10
11493 12813 10954 10
8849 11244 2119 10
8891 11223 2515 10
2456 11984 8393 10
2178 11919 9014 10
8416 11986 2365 10
11843 11846 11845 10
2028 11158 8500 10
9026 11990 2155 10
1968 11862 8515 10
8431 11236 2305 10
2492 11160 8384 10
2516 11223 8378 10
8425 11164 2329 10
11867 11868 8462 10
9014 11865 2179 10
1992 11991 8509 10
8369 11856 11694 10
2004 11221 8506 10
2154 11989 9026 10
11851 12188 12187 10
8422 11995 2341 10
8916 11160 2491 10
2330 11164 8850 10
2480 11999 8387 10
10725 10727 10723 10
8509 11993 1993 10
8896 11169 2143 10
8851 11221 2003 10
2340 11872 8422 10
2190 11176 8897 10
8387 11996 2481 10
8520 11968 11674 10
9016 11913 2527 10
2144 11169 8471 10
3226 12810 3227 10
2294 11912 9025 10
8460 11176 2189 10
8518 11214 1957 10
2526 11875 9016 10
9019 12001 2039 10
8439 12852 11774 10
11784 11800 11786 10
9025 11881 2295 10
12037 12912 10700 10
2376 11208 8413 10
1958 11214 8856 10
10927 12985 12114 10
2038 12002 9019 10
8396 11186 2445 10
10003 12730 10006 10
8908 11208 2375 10
8971 11952 11651 10
2108 11904 8480 10
2446 11186 8907 10
1888 11187 8535 10
8480 11885 2109 10
8456 11799 11646 10
8451 11903 2225 10
8905 11187 1887 10
9014 12139 11865 10
2224 12005 8451 10
2562 11190 8899 10
8367 11190 2561 10
11637 11945 9031 10
8900 11199 2259 10
8967 11783 11634 10
8509 12138 11993 10
10252 12815 10254 10
2260 11199 8442 10
1922 11902 9022 10
9022 12007 1923 10
2074 11194 8858 10
8489 11194 2073 10
2875 12337 2876 10
9023 11896 2411 10
2410 12009 9023 10
9550 12756 9714 10
11607 11763 8961 10
11776 11777 8963 10
11755 11917 8510 10
10750 12054 12035 10
11749 11752 8421 10
8388 11743 11741 10
11723 11895 8952 10
10621 10623 10619 10
10177 12648 11750 10
9949 9951 9950 10
9940 12848 11805 10
9858 12742 11070 10
10198 12834 10185 10
10967 11012 8333 10
11710 11711 8386 10
8444 11840 11541 10
11536 11829 9010 10
9007 11676 11533 10
9833 11141 11089 10
3092 12837 3093 10
9814 12916 12786 10
9881 9925 9709 10
10299 12842 10301 10
8564 12845 11847 10
9925 9926 9709 10
11037 11038 11030 10
11514 11551 11512 10
8892 11413 11066 10
8522 11643 11642 10
3399 12844 3400 10
8661 12978 12878 10
11735 12124 9951 10
8427 12675 11809 10
8828 11032 11030 10
12307 12791 12719 10
8990 11581 11455 10
10592 10596 10594 10
11405 11470 11407 10
10063 11348 11347 10
8986 11717 11571 10
11113 12704 9766 10
11079 11080 8311 10
11567 11568 8499 10
11373 11446 11371 10
9715 12849 9535 10
12834 12869 10185 10
8298 11842 11838 10
8983 11552 11428 10
3223 12847 3224 10
12739 12938 12286 10
3401 12850 3402 10
9916 12792 12078 10
8303 11580 11558 10
10023 12681 10022 10
11286 11287 11076 10
8355 11417 11416 10
8490 11543 11397 10
11080 12820 11372 10
8836 11081 11076 10
11384 11680 8978 10
11269 11331 8337 10
11261 11327 8894 10
8864 11340 11301 10
11084 11085 8344 10
11088 11141 8861 10
11134 11205 8846 10
8854 11303 11234 10
11079 11100 11077 10
8519 11675 11529 10
8826 11023 11018 10
11134 11203 8361 10
8351 11180 11092 10
8852 11104 11103 10
11084 11096 8847 10
11088 11139 8352 10
8360 11105 11095 10
8349 11302 11301 10
11035 11040 8314 10
8972 11511 11510 10
8820 10989 10987 10
11261 11262 8346 10
11269 11421 8913 10
10483 12859 10484 10
11347 11648 8476 10
8319 12140 11045 10
8332 10974 10970 10
10761 10764 10759 10
8966 11631 11335 10
11588 11589 11558 10
10964 10975 8326 10
10999 11008 8323 10
11490 11629 8447 10
8768 12755 12122 10
10759 12134 10757 10
11385 12821 11978 10
10980 10984 8819 10
8513 11609 11311 10
11294 11601 8511 10
11043 11052 11045 10
8960 11587 11283 10
11279 11464 8876 10
11004 12383 12273 10
8957 11463 11276 10
10278 12981 10279 10
11107 12937 10078 10
10695 10696 10694 10
8867 11574 11251 10
10185 12869 10184 10
11748 12648 11749 10
11168 12080 9773 10
11435 11436 8948 10
10941 12836 11637 10
11431 11553 8424 10
8863 11412 11219 10
11026 11027 8827 10
10763 12175 12083 10
10670 10672 10671 10
12869 12874 10184 10
11197 11544 8944 10
1540 9096 1541 10
11373 11374 8310 10
10261 12872 10482 10
12452 12453 12395 10
8942 11375 11185 10
11368 11370 8940 10
12186 12662 8656 10
8472 11523 11174 10
11356 11357 8937 10
10184 12874 10186 10
10676 12025 10675 10
8501 11349 11157 10
8930 11338 11153 10
8316 11408 11407 10
9987 12594 9989 10
8843 11332 11124 10
12170 12966 12585 10
11319 11321 8372 10
12874 12882 10186 10
11660 12811 11590 10
12606 12900 8667 10
10648 10650 10649 10
8432 11440 11439 10
9821 10892 9827 10
8886 11494 11493 10
8327 11060 10959 10
11108 11308 8465 10
8466 11469 11306 10
10050 11125 11124 10
9921 12252 9920 10
10485 12159 11701 10
11272 11273 8917 10
10992 12447 12422 10
8844 11457 11128 10
10186 12882 10506 10
9022 12607 12007 10
11130 13132 12161 10
11247 11449 8848 10
10219 12883 10222 10
8536 12673 11401 10
12882 12888 10506 10
11171 11423 8471 10
8908 11213 11210 10
9864 12998 10842 10
8367 11400 11192 10
8900 11379 11201 10
10506 12888 10324 10
8450 11456 11455 10
11567 11883 9020 10
11384 11385 8487 10
8923 12512 12026 10
11189 11376 8535 10
11347 11348 8932 10
8976 11542 11541 10
11490 11628 8929 10
8518 11364 11216 10
11279 11280 8435 10
11723 11724 8405 10
11852 12368 12366 10
11514 11560 8309 10
11684 11685 8307 10
11178 11179 8897 10
10322 12898 10512 10
11755 11992 8992 10
11607 11608 8463 10
11431 11432 8914 10
11147 11148 8407 10
3195 12896 3196 10
10698 10833 10697 10
10267 12899 10269 10
11197 11198 8441 10
9040 11962 11646 10
8503 11652 11651 10
11368 11369 8412 10
8425 11353 11166 10
11112 11113 8841 10
8895 11670 11174 10
11162 11163 8384 10
11356 11521 8505 10
11121 11330 8494 10
11877 11915 8375 10
8455 11154 11153 10
8891 11351 11225 10
11238 11350 8890 10
11238 11239 8430 10
11162 11516 8934 10
8936 11167 11166 10
11319 11320 8962 10
11178 11363 8459 10
9026 11759 11758 10
11189 11538 8857 10
11108 11479 8881 10
11889 11890 8451 10
8879 11307 11306 10
11733 11886 8480 10
10901 12128 10899 10
9852 12204 9853 10
10576 10580 10578 10
8414 11211 11210 10
11171 11550 8947 10
9987 12895 12594 10
11272 11459 8482 10
9927 9940 9711 10
11247 11448 8453 10
11806 11807 11787 10
9957 12748 9955 10
2877 8540 2878 10
3216 12911 3217 10
2893 12248 2894 10
2910 8576 2911 10
2927 12245 2928 10
2944 12255 2945 10
2961 8593 2962 10
2978 12240 2979 10
2995 12257 2996 10
3012 8610 3013 10
3029 12236 3030 10
3046 12260 3047 10
3047 12261 3048 10
3030 8616 3031 10
3013 12234 3014 10
2996 12258 2997 10
2979 8599 2980 10
2962 12230 2963 10
2945 12265 2946 10
2928 8582 2929 10
2911 12228 2912 10
2894 12268 2895 10
2892 8570 2893 10
2909 12229 2910 10
2926 12246 2927 10
2943 8587 2944 10
2960 12302 2961 10
2977 12241 2978 10
2994 8604 2995 10
3011 12235 3012 10
3028 12237 3029 10
3045 8621 3046 10
3062 9097 3063 10
3048 8622 3049 10
3031 12238 3032 10
3014 12239 3015 10
2997 8605 2998 10
2980 12242 2981 10
2963 12243 2964 10
2946 8588 2947 10
2929 12244 2930 10
2912 12247 2913 10
2895 8571 2896 10
2891 12824 2892 10
2908 12297 2909 10
2925 8581 2926 10
2942 12254 2943 10
2959 12301 2960 10
2976 8598 2977 10
2993 12256 2994 10
3010 12305 3011 10
3027 8615 3028 10
3044 12259 3045 10
3061 12309 3062 10
3049 12262 3050 10
3032 12311 3033 10
3015 8611 3016 10
2998 12263 2999 10
2981 12314 2982 10
2964 8594 2965 10
2947 12264 2948 10
2930 12315 2931 10
2913 8577 2914 10
2896 12266 2897 10
11121 11328 8874 10
1710 12369 1711 10
1803 12368 1804 10
1617 12371 1618 10
1559 8727 1560 10
1861 12362 1862 10
1652 8696 1653 10
1768 12359 1769 10
1745 8665 1746 10
1675 12825 1676 10
1838 8634 1839 10
1582 12353 1583 10
1594 12390 1595 10
1826 8638 1827 10
1687 12826 1688 10
1733 8669 1734 10
1780 12397 1781 10
2890 12339 2891 10
2907 8575 2908 10
1640 8700 1641 10
2924 12269 2925 10
2941 12270 2942 10
2958 8592 2959 10
2975 12271 2976 10
2992 12344 2993 10
3009 8609 3010 10
1873 8547 1874 10
3026 12378 3027 10
3043 12272 3044 10
1547 8731 1548 10
3060 8800 3061 10
3050 12346 3051 10
1629 12333 1630 10
3033 8617 3034 10
3016 12273 3017 10
2999 12349 3000 10
1791 12401 1792 10
2982 8600 2983 10
2965 12274 2966 10
2948 12275 2949 10
2931 8583 2932 10
2914 12276 2915 10
2897 12277 2898 10
1722 12332 1723 10
2880 8566 2881 10
1698 12411 1699 10
1815 12330 1816 10
1605 12426 1606 10
1571 8723 1572 10
1849 12827 1850 10
1664 8692 1665 10
1757 8661 1758 10
1663 12322 1664 10
1850 8630 1851 10
1570 12319 1571 10
1606 12427 1607 10
1814 8642 1815 10
1699 12434 1700 10
1721 8673 1722 10
1792 12402 1793 10
1628 8704 1629 10
1548 12307 1549 10
1872 12306 1873 10
8875 11322 11118 10
1641 12299 1642 10
1779 12398 1780 10
2889 8569 2890 10
2906 12296 2907 10
2923 12375 2924 10
2940 8586 2941 10
1734 12295 1735 10
2957 12300 2958 10
2974 12303 2975 10
2991 8603 2992 10
3008 12304 3009 10
3025 12377 3026 10
1686 12452 1687 10
3042 8620 3043 10
3059 12310 3060 10
3051 8623 3052 10
3034 12312 3035 10
3017 12383 3018 10
3000 8606 3001 10
2983 12313 2984 10
2966 12386 2967 10
2949 8589 2950 10
2932 12316 2933 10
1827 12293 1828 10
2915 12388 2916 10
2898 8572 2899 10
2881 12317 2882 10
1593 12391 1594 10
1583 8719 1584 10
1837 12289 1838 10
1676 8688 1677 10
1744 12287 1745 10
1769 8657 1770 10
1651 12285 1652 10
1862 8626 1863 10
1558 12282 1559 10
1618 12372 1619 10
1802 8646 1803 10
1711 12462 1712 10
1709 8677 1710 10
1804 12465 1805 10
1616 8708 1617 10
1560 12283 1561 10
1860 12363 1861 10
2888 12828 2889 10
2905 12340 2906 10
2922 8580 2923 10
2939 12341 2940 10
2956 12342 2957 10
2973 8597 2974 10
2990 12343 2991 10
3007 12408 3008 10
3024 8614 3025 10
1653 12284 1654 10
3041 12345 3042 10
3058 12415 3059 10
3052 12347 3053 10
3035 12417 3036 10
3018 8612 3019 10
3001 12348 3002 10
1767 12467 1768 10
2984 12420 2985 10
2967 8595 2968 10
2950 12350 2951 10
2933 12423 2934 10
2916 8578 2917 10
2899 12351 2900 10
2882 12425 2883 10
1746 12286 1747 10
1674 12469 1675 10
1839 12288 1840 10
1581 12354 1582 10
1595 8715 1596 10
1825 12290 1826 10
1688 8684 1689 10
1732 12294 1733 10
12267 12278 12277 10
1781 8653 1782 10
1639 12298 1640 10
1546 12308 1547 10
1630 12334 1631 10
1790 8650 1791 10
2887 12436 2888 10
2904 8574 2905 10
1723 12474 1724 10
2921 12374 2922 10
2938 12438 2939 10
2955 8591 2956 10
2972 12376 2973 10
2989 12439 2990 10
3006 8608 3007 10
1697 8681 1698 10
3023 12379 3024 10
3040 12441 3041 10
3057 8625 3058 10
3053 12381 3054 10
3036 8618 3037 10
3019 12382 3020 10
3002 12384 3003 10
2985 8601 2986 10
2968 12385 2969 10
2951 12445 2952 10
2934 8584 2935 10
2917 12387 2918 10
2900 12450 2901 10
1816 12476 1817 10
2883 8567 2884 10
1604 8712 1605 10
1572 12320 1573 10
1848 12479 1849 10
11472 12954 11471 10
1665 12321 1666 10
1758 12323 1759 10
1662 12324 1663 10
1851 12325 1852 10
1569 12483 1570 10
1607 8711 1608 10
8798 12910 10940 10
1813 12329 1814 10
11112 11313 8419 10
1700 8680 1701 10
1720 12331 1721 10
2886 8568 2887 10
2903 12457 2904 10
1793 8649 1794 10
2920 12404 2921 10
2937 8585 2938 10
2954 12405 2955 10
2971 12406 2972 10
2988 8602 2989 10
3005 12407 3006 10
1627 12335 1628 10
3022 12459 3023 10
3039 8619 3040 10
3056 12412 3057 10
12318 12851 12425 10
3054 8624 3055 10
3037 12416 3038 10
1549 12336 1550 10
3020 12418 3021 10
3003 8607 3004 10
2986 12419 2987 10
2969 12421 2970 10
2952 8590 2953 10
2935 12422 2936 10
1871 9051 1872 10
2918 12424 2919 10
2901 8573 2902 10
1642 12338 1643 10
1778 8654 1779 10
1735 12490 1736 10
1685 8685 1686 10
1828 12492 1829 10
1592 8716 1593 10
1584 12352 1585 10
1836 12355 1837 10
1677 12356 1678 10
1743 12357 1744 10
1770 12358 1771 10
1650 12360 1651 10
2902 12449 2903 10
2919 8579 2920 10
2936 12447 2937 10
2953 12446 2954 10
2970 8596 2971 10
1863 12361 1864 10
2987 12440 2988 10
3004 12444 3005 10
3021 8613 3022 10
3038 12442 3039 10
3055 12443 3056 10
1557 12364 1558 10
1619 8707 1620 10
1801 12365 1802 10
1712 8676 1713 10
1708 12370 1709 10
1805 8645 1806 10
1615 12373 1616 10
11294 13096 10085 10
1561 12499 1562 10
11262 12754 9889 10
1859 8627 1860 10
1654 12380 1655 10
1766 8658 1767 10
1747 12503 1748 10
1673 8689 1674 10
11234 11235 10822 10
1840 12389 1841 10
1580 8720 1581 10
1596 12392 1597 10
1824 12505 1825 10
1689 12393 1690 10
1731 12396 1732 10
1782 12400 1783 10
9860 11070 11038 10
1638 12510 1639 10
1545 9052 1546 10
1631 8703 1632 10
1789 12403 1790 10
10251 12923 10253 10
11772 11773 8560 10
1724 8672 1725 10
1696 12409 1697 10
1817 8641 1818 10
1603 12428 1604 10
1573 12429 1574 10
1847 8631 1848 10
1666 12518 1667 10
1754 8662 1755 10
1759 12523 1760 10
1661 8693 1662 10
1852 12430 1853 10
1568 8724 1569 10
1608 12431 1609 10
1812 12432 1813 10
10311 12924 10313 10
1701 12433 1702 10
1719 12435 1720 10
1794 12437 1795 10
1626 12529 1627 10
1550 8730 1551 10
1870 12448 1871 10
1643 8699 1644 10
1777 12451 1778 10
9940 9941 9711 10
1736 8668 1737 10
1684 12835 1685 10
1829 8637 1830 10
1591 12455 1592 10
1585 12531 1586 10
1835 8635 1836 10
1678 12456 1679 10
1742 8666 1743 10
1771 12536 1772 10
1649 8697 1650 10
1864 12458 1865 10
1556 8728 1557 10
1620 12460 1621 10
9720 10295 10294 10
1713 12461 1714 10
1707 12463 1708 10
1806 12464 1807 10
1614 12540 1615 10
1562 8726 1563 10
1858 12466 1859 10
1655 8695 1656 10
10750 10848 10752 10
1765 12468 1766 10
1748 8664 1749 10
1672 12470 1673 10
1841 8633 1842 10
1579 12471 1580 10
1597 12543 1598 10
1823 8639 1824 10
1690 12547 1691 10
1730 8670 1731 10
1783 12549 1784 10
1637 8701 1638 10
12087 12928 12609 10
1544 12472 1545 10
1632 12473 1633 10
1788 12550 1789 10
1725 12475 1726 10
1695 12553 1696 10
1818 12477 1819 10
1602 12555 1603 10
1574 8722 1575 10
1846 12478 1847 10
1667 8691 1668 10
12654 13097 9877 10
1753 12480 1754 10
1760 8660 1761 10
1660 12481 1661 10
8871 11138 11137 10
11262 12770 11419 10
11608 12139 11919 10
1853 8629 1854 10
11992 12138 11991 10
1567 12482 1568 10
1609 12558 1610 10
1811 8643 1812 10
11147 11149 8868 10
10351 12935 10352 10
1702 12484 1703 10
1718 8674 1719 10
12712 12796 12531 10
1795 12485 1796 10
1625 8705 1626 10
1551 12486 1552 10
1869 8553 1870 10
1644 12487 1645 10
1776 12488 1777 10
9908 12910 9913 10
12700 12809 12490 10
1737 12489 1738 10
1683 12561 1684 10
1830 12491 1831 10
1590 12493 1591 10
1586 8718 1587 10
1834 12839 1835 10
1679 8687 1680 10
1741 12494 1742 10
1772 8656 1773 10
3213 12936 3214 10
1648 12495 1649 10
1865 8558 1866 10
1555 12496 1556 10
1621 12497 1622 10
8855 11182 11095 10
10795 12196 12195 10
1799 8647 1800 10
1714 12567 1715 10
1706 8678 1707 10
1807 12498 1808 10
1613 8709 1614 10
9759 12041 9769 10
1563 12500 1564 10
8342 11227 11103 10
8838 11230 11092 10
1857 12570 1858 10
12340 13050 12621 10
1656 12501 1657 10
1764 12571 1765 10
1749 12502 1750 10
1671 12574 1672 10
1842 12504 1843 10
1578 12575 1579 10
1598 8714 1599 10
1822 12506 1823 10
1691 8683 1692 10
1729 12509 1730 10
12342 12985 12776 10
1784 8652 1785 10
1636 12511 1637 10
1633 12513 1634 10
1787 8651 1788 10
1726 12514 1727 10
1694 8682 1695 10
1819 12515 1820 10
1601 8713 1602 10
1575 12516 1576 10
1845 12517 1846 10
11059 12973 8743 10
1668 12519 1669 10
1752 12520 1753 10
12546 12552 12551 10
1761 12522 1762 10
10300 12943 10303 10
1659 12584 1660 10
1854 12524 1855 10
1566 12525 1567 10
1610 8710 1611 10
1810 12526 1811 10
1703 8679 1704 10
1875 12185 1876 10
1717 12527 1718 10
1796 8648 1797 10
1624 12528 1625 10
1552 12530 1553 10
1868 12586 1869 10
1645 12588 1646 10
1775 8655 1776 10
12525 12966 12736 10
1738 12590 1739 10
1682 8686 1683 10
1831 12591 1832 10
1589 8717 1590 10
1587 12532 1588 10
1833 12592 1834 10
1680 12533 1681 10
1740 12534 1741 10
1773 12535 1774 10
1647 12589 1648 10
1866 12587 1867 10
1554 12537 1555 10
1622 8706 1623 10
8761 12944 10815 10
9986 11685 11684 10
1798 12538 1799 10
1715 8675 1716 10
1705 12843 1706 10
1808 8644 1809 10
1612 12539 1613 10
1564 12585 1565 10
10022 12953 11666 10
1856 8628 1857 10
11645 12096 11644 10
1657 12541 1658 10
11605 12093 11606 10
1763 8659 1764 10
11883 12112 11882 10
1750 12542 1751 10
1670 8690 1671 10
1843 12583 1844 10
1577 8721 1578 10
1599 12544 1600 10
1821 12581 1822 10
1692 12545 1693 10
10816 12952 9628 10
12281 13050 8574 10
1728 12579 1729 10
1785 12548 1786 10
1635 12578 1636 10
3346 12950 3347 10
1634 8702 1635 10
3210 12951 3211 10
1786 12577 1787 10
1727 8671 1728 10
1693 12551 1694 10
1820 8640 1821 10
1600 12554 1601 10
10805 12192 12184 10
1576 12576 1577 10
1844 8632 1845 10
1669 12573 1670 10
1751 8663 1752 10
1762 12572 1763 10
1658 8694 1659 10
10788 12658 10789 10
1855 12556 1856 10
1565 8725 1566 10
1611 12557 1612 10
1809 12568 1810 10
1704 12559 1705 10
1716 12566 1717 10
1797 12565 1798 10
9914 12792 9916 10
1623 12560 1624 10
1553 8729 1554 10
10466 12967 10262 10
12328 12430 12326 10
1867 9053 1868 10
1646 8698 1647 10
1774 12564 1775 10
12148 12712 12353 10
1739 8667 1740 10
1681 12563 1682 10
10278 12779 10970 10
11450 12657 12656 10
1832 8636 1833 10
1588 12562 1589 10
12486 12719 12150 10
11500 12096 11154 10
8781 12773 12153 10
12533 13043 12733 10
12520 13110 12130 10
12157 12700 12294 10
10639 10866 10636 10
12052 12651 11566 10
12170 12585 12500 10
3346 12984 12950 10
10585 12106 10584 10
12320 12774 12166 10
2879 12974 2880 10
11790 11792 11639 10
11498 11499 11496 10
11479 12093 11478 10
8796 12786 9965 10
11467 12915 11111 10
11639 12126 11498 10
3207 12979 3208 10
10951 12588 12487 10
3343 12980 3344 10
9714 10441 10440 10
10680 10681 10679 10
10481 12987 10221 10
3345 12984 3346 10
10000 12962 10002 10
10223 12994 10102 10
11148 12657 11253 10
9682 13007 10171 10
10719 10723 10721 10
11018 12742 9858 10
3343 13044 12980 10
3204 13008 3205 10
10220 13049 10449 10
9875 12729 9876 10
12052 13099 10028 10
9653 13081 10524 10
10101 13093 10533 10
11604 11654 8308 10
3342 13044 3343 10
3201 13113 3202 10
11720 11745 8556 10
11898 12893 10993 10
9717 10438 10437 10
10690 12129 10689 10
9955 12748 12137 10
11634 12868 11633 10
12036 12386 12274 10
12002 12112 12003 10
11655 11683 8554 10
8832 11044 11039 10
9879 12710 9880 10
11798 11813 8305 10
8561 11787 11786 10
11561 11603 8551 10
9793 12853 12852 10
11746 11771 8306 10
9717 10437 10435 10
10002 12962 10919 10
12331 12435 10943 10
11993 12138 11994 10
11865 12139 11866 10
10440 10901 10439 10
9691 10887 9857 10
9889 12770 11262 10
10295 12757 10294 10
10027 12993 10026 10
10020 12690 10019 10
9720 10294 10293 10
10615 10619 10617 10
10653 12809 10650 10
2878 12995 2879 10
8668 12809 12606 10
12786 12916 9965 10
10033 11909 10032 10
9843 12023 9844 10
9835 9891 9890 10
9998 11894 11844 10
8949 11439 11438 10
10675 12796 10672 10
10788 10789 10787 10
12587 12822 10879 10
1876 8538 1877 10
12041 12225 9769 10
11654 11655 11653 10
10030 12931 10029 10
1800 12982 1801 10
10900 12737 12626 10
10880 12877 11403 10
12111 12167 10656 10
9948 12292 12291 10
11901 12607 9022 10
11771 13076 11772 10
10633 10635 10631 10
11683 11684 11682 10
11603 11604 11602 10
10649 12110 10652 10
11003 12014 10796 10
8402 12686 11137 10
12610 12925 10436 10
11048 12696 10562 10
10049 12687 10048 10
8437 11324 11118 10
11745 11746 11744 10
8422 12698 11995 10
10590 10592 10588 10
1538 9021 1539 10
9691 10888 10887 10
12645 12877 10860 10
10758 12012 10991 10
8443 11381 11201 10
11669 12734 11670 10
9828 12807 9822 10
8860 11399 11192 10
8484 11487 11124 10
8980 11861 11860 10
12215 12216 10664 10
8970 11502 11157 10
8750 12794 12176 10
10684 12170 11988 10
8993 12946 11311 10
9918 12143 12038 10
8374 11737 11283 10
8496 11586 11276 10
8380 11657 11510 10
8461 11704 11219 10
11771 11772 11770 10
11435 12670 8377 10
8943 12672 11397 10
8508 12674 11428 10
8479 12689 11571 10
9776 12328 9787 10
11651 11652 10024 10
11813 11814 11812 10
8991 11742 11741 10
10537 12889 11529 10
10913 12818 9820 10
10901 12946 12128 10
11685 11720 11719 10
1756 12978 1757 10
11663 12753 11662 10
11521 12690 10021 10
1755 12977 1756 10
12248 12964 12268 10
12268 12964 8571 10
11851 12715 12188 10
10755 10759 10757 10
10889 13118 12671 10
9924 12763 11280 10
11432 12697 11874 10
12357 12806 12287 10
10825 10826 10306 10
9032 11948 11947 10
11773 11798 11797 10
12030 12646 8923 10
8945 11406 11289 10
11985 13098 12876 10
8653 13079 12400 10
8783 12625 12618 10
11167 12753 10010 10
10085 12799 11294 10
10899 12075 10900 10
11162 12757 10296 10
10030 11883 11567 10
9769 12225 9776 10
11925 12891 10837 10
12393 12975 12547 10
11474 13047 10909 10
12095 12166 10680 10
10727 12164 12163 10
10024 12681 10023 10
12547 12975 8683 10
12492 12928 8637 10
8965 11933 11932 10
11887 13045 11888 10
10950 11987 10661 10
9994 12933 11813 10
10933 11252 10871 10
10843 12672 12108 10
10134 12973 11059 10
11355 12690 11356 10
11715 12787 12101 10
11085 12760 11264 10
10087 13089 11275 10
12359 13147 8657 10
3066 8923 3067 10
12481 12584 10922 10
12656 12657 10960 10
11965 12848 9940 10
10671 12094 10674 10
12609 12928 9948 10
11811 12681 11652 10
2885 12989 2886 10
12214 12215 10643 10
10623 12155 12154 10
10739 12082 10737 10
11870 12653 11759 10
13001 13053 11597 10
9918 12318 12143 10
10780 12195 12194 10
8657 13147 12358 10
10562 12696 8956 10
9019 12003 11907 10
9038 11950 11817 10
12191 12192 10803 10
10649 10652 10647 10
12705 13083 10441 10
10697 12089 10695 10
8764 12644 12632 10
12145 12146 10596 10
12397 13079 8653 10
8809 12834 12212 10
1541 13006 1536 10
11978 12821 10051 10
10942 11936 10591 10
12909 13138 10837 10
12618 12625 10205 10
10436 12922 11411 10
8731 12791 12307 10
9840 10882 9841 10
10628 12708 12707 10
10764 12114 12113 10
12225 12871 12556 10
10046 11385 11384 10
12132 12523 12323 10
8656 12662 12535 10
11673 12926 12803 10
10908 12258 12257 10
10880 13107 12880 10
11337 13125 10856 10
10896 10931 10636 10
11280 12210 9924 10
10887 12986 12959 10
10904 12311 12238 10
10855 10856 10543 10
9841 12939 9842 10
10671 10674 10669 10
8718 12796 12624 10
10889 13078 12864 10
10735 10739 10737 10
8665 12739 12286 10
10693 10697 10695 10
10642 10643 10641 10
10439 10901 10899 10
9794 12832 12831 10
10608 12073 10606 10
11894 12845 11844 10
8775 12666 12649 10
10604 10608 10606 10
10931 11788 10634 10
11147 12640 11148 10
10830 12627 12593 10
11532 12881 12797 10
10778 10780 10779 10
11837 12788 10008 10
10029 12931 12651 10
10802 10803 10801 10
12395 12453 10628 10
11434 12710 11435 10
10051 12821 10047 10
8304 12627 11845 10
10839 12891 12633 10
12507 12508 12506 10
10998 13069 12222 10
9096 12857 12472 10
9947 12508 9949 10
8800 12646 12309 10
11669 13005 12734 10
10686 10688 10687 10
12048 12998 9864 10
8299 12724 11807 10
10017 12637 10016 10
11020 12961 11019 10
11613 12957 12521 10
13051 13052 11598 10
12035 12036 10848 10
8745 12691 12667 10
10568 10570 10566 10
10618 11582 10921 10
10745 10749 10747 10
10748 10750 10746 10
10842 12998 9626 10
12632 12644 10196 10
10567 10571 10569 10
12647 12861 10870 10
11838 12845 11894 10
10955 12972 9752 10
10727 12163 10723 10
11108 12099 11479 10
11015 12885 12183 10
10562 12818 10913 10
12185 12818 8538 10
10054 11459 11272 10
10889 12861 11255 10
11814 12593 8562 10
8739 12703 12685 10
11798 12988 11813 10
10239 10884 10836 10
10607 10609 10605 10
8416 11923 11861 10
9773 12171 11168 10
10827 13128 12805 10
12169 13048 10833 10
9941 12947 9942 10
10738 10740 10736 10
10907 11057 10774 10
10903 12417 12312 10
9834 12830 11416 10
10722 11053 10903 10
12256 12344 10907 10
10177 12913 12648 10
9021 12766 12033 10
10681 12736 10683 10
10601 12841 12552 10
10986 12921 10985 10
10879 12822 9694 10
10909 13047 13046 10
11628 12914 11781 10
10437 12626 11864 10
11250 12713 10857 10
10638 12107 12106 10
11113 12957 11613 10
11740 11741 10826 10
10828 12281 12280 10
9626 12998 10084 10
11278 12884 12210 10
10794 10797 10796 10
10623 12154 10619 10
10983 11886 10057 10
10758 10760 10756 10
10568 12063 10570 10
11550 12006 10071 10
8685 12454 12453 10
8643 12714 12432 10
10860 12875 11698 10
12740 12783 10233 10
10659 10662 10661 10
11000 12941 9772 10
10589 10593 10591 10
11252 11892 10871 10
12146 12996 10929 10
9694 12822 10829 10
10632 10636 10634 10
9870 12612 11005 10
10618 10620 10616 10
10772 10775 10774 10
10749 12056 10747 10
10722 10724 10720 10
12649 12666 10244 10
8751 12898 12600 10
12580 12922 10435 10
10579 10582 10577 10
11950 12812 10065 10
10748 12054 10750 10
12133 12572 12522 10
10329 12183 10328 10
8756 12743 12716 10
2757 13080 3064 10
12322 12324 10921 10
11804 12752 11805 10
10571 12049 10569 10
12521 12957 9766 10
11260 12754 11261 10
9926 12741 9927 10
12110 12111 10652 10
10541 10933 10871 10
9814 12786 12217 10
10681 12971 12736 10
12075 12737 10900 10
12617 13070 10831 10
11759 12653 10074 10
10084 12998 12048 10
8787 12767 12727 10
10592 12145 10596 10
10026 12993 12595 10
10866 10945 10896 10
8923 12646 12031 10
12707 12708 10601 10
9984 11655 11654 10
11036 13056 12906 10
10051 12687 11979 10
11198 13037 11689 10
11161 12757 11162 10
10074 12897 11758 10
10739 12083 12082 10
12094 12095 10674 10
9833 11142 11141 10
8666 12806 12357 10
10830 12933 9995 10
10931 12402 12401 10
11112 12704 11113 10
11985 12876 10839 10
10579 12133 12132 10
12750 12810 10468 10
10608 12074 12073 10
8785 12923 12611 10
10638 12106 10585 10
12673 12772 8905 10
11053 12442 12416 10
12343 12439 11057 10
11260 12761 12754 10
12667 12691 10504 10
12047 13157 9795 10
9988 11745 11720 10
10687 12055 10654 10
9096 13006 1541 10
11266 12930 11265 10
9827 10891 9840 10
11851 12187 9956 10
10764 12113 10759 10
11852 12465 12368 10
10677 12025 10676 10
11085 12887 10553 10
12063 12064 10570 10
10749 12057 12056 10
12790 13014 11094 10
10831 12876 12617 10
9903 10953 9922 10
10571 12050 12049 10
11835 13151 10867 10
11005 13003 10332 10
10899 10900 10438 10
11876 11877 9016 10
8387 11998 11997 10
11535 12120 11536 10
11854 11855 9029 10
12527 12566 10942 10
11827 11828 9009 10
8474 11817 11816 10
11804 11805 9004 10
9948 12928 12292 10
11795 11796 8521 10
11971 11972 9008 10
11927 11928 8370 10
10607 12017 10609 10
8468 11758 11757 10
8497 11907 11906 10
11732 11733 9046 10
11900 11901 8527 10
11888 11889 8987 10
8369 11694 11693 10
11582 12518 12321 10
8520 11674 11673 10
11843 11845 11844 10
11938 11939 8999 10
8492 11932 11931 10
8971 11651 11650 10
8456 11646 11645 10
11636 11637 9031 10
8967 11634 11633 10
9954 11851 9956 10
10950 12338 12299 10
11606 11607 8961 10
11593 13117 13116 10
11754 11755 8510 10
8302 12811 11660 10
11513 12596 11514 10
11722 11723 8952 10
8367 11192 11191 10
8908 11210 11209 10
11784 11786 11785 10
11170 11171 8471 10
8900 11201 11200 10
8444 11541 11540 10
11535 11536 9010 10
11246 11247 8848 10
9007 11533 11532 10
8844 11128 11127 10
11271 11272 8917 10
11188 11189 8535 10
8466 11306 11305 10
11107 11108 8465 10
11318 11319 8372 10
8843 11124 11123 10
8930 11153 11152 10
8518 11216 11215 10
8501 11157 11156 10
11355 11356 8937 10
8472 11174 11173 10
8990 11455 11454 10
11367 11368 8940 10
8942 11185 11184 10
8986 11571 11570 10
11196 11197 8944 10
11566 11567 8499 10
8863 11219 11218 10
8983 11428 11427 10
11430 11431 8424 10
11177 11178 8897 10
11434 11435 8948 10
8490 11397 11396 10
8867 11251 11250 10
11383 11384 8978 10
8519 11529 11528 10
8957 11276 11275 10
11278 11279 8876 10
8960 11283 11282 10
11293 11294 8511 10
8972 11510 11509 10
8513 11311 11310 10
11346 11347 8476 10
8966 11335 11334 10
11489 11490 8447 10
12222 12941 10998 10
8425 11166 11165 10
11161 11162 8384 10
11866 11867 8462 10
12507 12581 8640 10
8891 11225 11224 10
11237 11238 8890 10
12186 13147 10584 10
10827 13129 13128 10
10789 12621 10828 10
11120 11121 8874 10
12225 12328 9776 10
12327 12855 9802 10
8875 11118 11117 10
11111 11112 8419 10
10536 12925 11216 10
12017 12018 10609 10
8769 12943 12620 10
11775 11776 8963 10
12033 12766 10696 10
11980 11981 10740 10
8892 11066 11063 10
11748 11749 8421 10
8388 11741 11740 10
10297 12747 9727 10
8871 11137 11136 10
10905 11459 10054 10
11146 11147 8868 10
11513 11514 11512 10
11709 11710 8386 10
10966 10967 8333 10
8332 10970 10969 10
12768 12847 10200 10
8820 10987 10986 10
11939 12687 10049 10
11816 13109 13005 10
8826 11018 11017 10
8355 11416 11415 10
8828 11030 11029 10
11405 11407 11406 10
9025 12787 11881 10
11268 11269 8337 10
11260 11261 8894 10
11372 11373 11371 10
10738 11980 10740 10
8864 11301 11300 10
8717 12765 12493 10
8522 11642 11641 10
8854 11234 11233 10
8836 11076 11075 10
11594 11595 11593 10
12149 13081 10113 10
11133 11134 8361 10
8351 11092 11091 10
8852 11103 11102 10
11083 11084 8847 10
11087 11088 8352 10
8303 11558 11557 10
8360 11095 11094 10
11078 11079 11077 10
11043 11045 11044 10
11034 11035 8314 10
11919 12139 9014 10
10688 12739 10687 10
8298 11838 11837 10
11025 11026 8827 10
11991 12138 8509 10
10966 12777 10967 10
10870 12867 11579 10
8886 11493 11492 10
10998 10999 8323 10
12685 12703 10508 10
11742 13129 10827 10
10963 10964 8326 10
10979 10980 8819 10
12403 12550 11788 10
10677 12197 12025 10
8327 10959 10958 10
12793 13018 11091 10
11035 12746 11040 10
12341 12438 10991 10
11381 13062 12785 10
10797 11004 11003 10
10008 12788 9999 10
10991 10992 10760 10
12785 13061 11540 10
8321 12742 11018 10
11664 13142 11955 10
9963 12279 12278 10
12858 13130 11713 10
11003 12239 12234 10
10662 10951 10950 10
11882 12112 8498 10
10593 10943 10942 10
10775 10908 10907 10
11087 13019 12793 10
10903 10904 10724 10
3063 13080 2757 10
9756 12119 11499 10
10921 10922 10620 10
10293 12635 10292 10
10920 12864 11335 10
12252 12989 12253 10
9767 11618 11617 10
10934 13043 12155 10
11253 12657 8869 10
12669 12930 10274 10
11478 12093 8464 10
11735 12515 12477 10
9003 12096 11500 10
11936 12567 12461 10
11238 12732 11239 10
10021 12690 10020 10
9876 12034 11880 10
10696 12766 10694 10
12734 13005 10066 10
1538 12037 9021 10
11971 12213 11972 10
8789 12967 12631 10
10535 12889 10537 10
12298 12510 11987 10
8883 12781 11416 10
10857 13095 13094 10
8538 10562 10561 10
11415 12830 9890 10
12808 13024 11300 10
9755 11049 11048 10
11133 13015 12956 10
9985 12895 9987 10
11710 12635 10293 10
11251 11252 10933 10
11230 13025 12808 10
3064 12641 3065 10
8923 12026 3067 10
12838 13158 11689 10
10995 13034 10990 10
12254 12270 12012 10
11958 12890 10836 10
12087 12591 12491 10
11938 12687 11939 10
9962 12250 12067 10
12235 12305 12014 10
12873 13016 11102 10
1536 13006 1543 10
11036 12120 11535 10
11289 11406 10906 10
11220 12048 9864 10
11854 13159 12838 10
11492 12121 10948 10
11294 12799 8924 10
10797 11003 10796 10
11083 13017 12873 10
11911 12763 12101 10
10900 12626 10437 10
10833 12071 10697 10
10758 10991 10760 10
12808 13104 11230 10
9990 13076 11771 10
8754 12987 12638 10
12884 13148 11117 10
10296 11517 11516 10
9905 12955 10823 10
11177 12728 11178 10
8363 12784 11066 10
11828 12661 10944 10
11621 12909 12890 10
10972 12676 11137 10
10662 10950 10661 10
10969 12779 12778 10
10730 12414 10935 10
11278 13149 12884 10
10292 12635 10297 10
11536 12816 8533 10
11239 12732 9774 10
10910 12880 11185 10
10584 13147 10580 10
12058 13095 10857 10
10593 10942 10591 10
11363 12728 9863 10
10851 12693 9731 10
12613 12867 10862 10
8401 12813 11493 10
8397 12797 11185 10
8449 12798 11128 10
8531 12800 11335 10
8938 12803 11529 10
8939 12802 11216 10
8379 12801 11225 10
3065 12030 3066 10
12873 12887 11083 10
12087 12609 10882 10
8887 12817 11642 10
11156 12993 10027 10
10636 10931 10634 10
11637 12836 8399 10
8684 12395 12394 10
9981 12596 9979 10
12278 12279 8572 10
8630 12327 12326 10
10829 12822 12458 10
12291 12292 8638 10
8570 12250 12249 10
8593 12232 12231 10
10838 12198 10088 10
10896 12485 12437 10
10069 12006 11175 10
10882 12609 9841 10
11514 12596 9981 10
11689 13037 12838 10
12795 12911 10323 10
10618 10921 10620 10
12081 12913 9768 10
12785 13009 11381 10
11847 12845 11838 10
9871 12918 12011 10
8773 13049 12650 10
11388 13035 11302 10
11805 12752 9940 10
12716 12743 10489 10
10874 12607 11901 10
12538 12565 10945 10
11805 12848 8381 10
10775 10907 10774 10
11710 12823 8915 10
10722 10903 10724 10
9949 11735 9951 10
11749 12829 8922 10
11776 12831 8438 10
9045 12854 11998 10
11980 12424 12387 10
11519 13012 11408 10
12745 13123 10884 10
11036 12906 11538 10
11867 12840 8946 10
10088 12198 10851 10
9880 12710 9881 10
10905 12904 11459 10
10025 12595 11502 10
1877 10561 1878 10
10296 12757 10295 10
2874 8539 2875 10
11939 12846 8485 10
12648 12913 11749 10
12117 12986 10887 10
10941 12213 11971 10
12253 12851 9920 10
12865 13114 11152 10
10068 12771 11670 10
11098 12780 11097 10
11855 12852 8439 10
9727 12747 10825 10
10579 12132 10582 10
12761 13022 11264 10
12374 12404 12059 10
11246 13115 12865 10
10750 12035 10848 10
11636 12642 11637 10
12017 12497 12460 10
8411 12908 11948 10
11796 12198 10838 10
12759 12873 11102 10
11029 12742 11028 10
10838 12926 11674 10
10435 12922 10434 10
12815 12936 10254 10
12047 12884 11117 10
11862 12737 8515 10
11468 13141 11307 10
1539 11481 1540 10
10536 12889 10535 10
11260 13023 12761 10
12028 13054 10905 10
10690 12131 12130 10
8725 12966 12525 10
9971 11506 11505 10
11097 12780 8334 10
12727 12767 10210 10
11087 12793 11089 10
10928 12881 11533 10
10935 13058 12164 10
11950 13077 12812 10
12718 12790 11094 10
12156 12738 9942 10
10478 12915 12081 10
9929 12858 11714 10
11202 13010 9789 10
12528 12560 12068 10
11440 13130 12858 10
11187 12772 11188 10
11933 13136 10824 10
11827 12661 11828 10
11892 11893 10871 10
11972 12213 10928 10
11988 12169 10833 10
10933 12713 11251 10
11715 12101 9781 10
9731 12693 10855 10
9097 13080 3063 10
11091 13105 12793 10
12109 12744 11823 10
11083 12887 11084 10
11529 12803 10537 10
12008 13013 12612 10
12612 13013 11068 10
12842 12951 10301 10
11499 12126 10216 10
9752 12972 10960 10
11141 12860 11140 10
10434 12922 10436 10
11421 12870 11420 10
11667 11681 11592 10
8574 13050 12340 10
12000 12784 11358 10
11216 12802 10536 10
12626 12737 11862 10
10436 12925 9719 10
12878 12978 12162 10
9789 12894 11202 10
12049 12558 12431 10
12833 13144 11291 10
11673 12803 11672 10
11633 12800 11632 10
12084 12427 12426 10
12376 12406 12054 10
10856 13125 13124 10
10944 12868 11634 10
11532 12797 11531 10
9864 12728 11220 10
11348 12902 11647 10
12056 12314 12242 10
8591 12985 12342 10
12681 12953 10022 10
10976 10988 8325 10
12271 12303 12090 10
11293 13145 12833 10
11886 12929 11885 10
12231 12782 10769 10
11047 13003 13002 10
10892 12389 12288 10
12240 12241 12092 10
12011 12118 9871 10
11454 12798 11453 10
10789 12965 12621 10
11901 12804 10874 10
12414 13058 10935 10
10216 12126 11792 10
12769 12833 11291 10
8667 12900 12534 10
11528 12802 11527 10
11140 12860 8353 10
11509 12801 11508 10
12267 12964 9961 10
10153 12804 10862 10
11459 12904 11458 10
12859 12979 10484 10
8327 10958 10957 10
12428 12555 12102 10
11536 12120 10996 10
10988 13082 10979 10
8662 12977 1755 10
11538 12906 11537 10
11516 12905 11515 10
10962 10963 8326 10
8623 13058 12347 10
10978 10979 8819 10
12008 12612 9869 10
10554 12887 12873 10
10994 13069 8821 10
12937 13126 11305 10
11908 11909 10033 10
10997 10998 8323 10
11045 12140 10939 10
11420 12870 8338 10
10965 10966 8333 10
11564 13130 11440 10
8332 10969 10968 10
11567 12931 10030 10
10982 12934 8818 10
8322 11015 11014 10
11326 13032 13031 10
8820 10986 10985 10
12063 12554 12544 10
8825 11020 11019 10
8687 13043 12533 10
11001 11002 8822 10
11024 11025 8827 10
11007 12117 8329 10
12901 13141 11761 10
8328 12016 11011 10
10824 13136 13135 10
11033 11034 8314 10
8826 11017 11016 10
11633 12868 12800 10
8828 11029 11028 10
8892 11063 11062 10
9719 12925 10536 10
11043 11044 8832 10
11774 12852 11775 10
8313 12127 11054 10
12451 12488 12107 10
10949 12746 11035 10
11041 11047 11046 10
12491 12928 12087 10
11056 12140 8319 10
12026 12856 3068 10
8312 12008 11073 10
11055 11068 11067 10
11071 11072 11061 10
10862 12867 9736 10
8835 11078 11077 10
8836 11075 11074 10
11107 13127 12937 10
8360 11094 11093 10
11086 11087 8352 10
11082 11083 8847 10
8852 11102 11101 10
8351 11091 11090 10
11132 11133 8361 10
11181 11182 8855 10
8862 11207 11206 10
11226 11227 8342 10
11229 11230 8838 10
8873 11264 11263 10
8336 11266 11265 10
8854 11233 11232 10
11295 12903 8853 10
8362 11257 11256 10
8884 11326 11325 10
8864 11300 11299 10
8926 11372 11371 10
11259 11260 8894 10
11267 11268 8337 10
11296 11297 8341 10
11405 11406 8945 10
8893 12000 11358 10
8354 11360 11359 10
10866 10896 10636 10
11339 12920 8902 10
12037 12766 9021 10
11625 12846 11626 10
11442 11443 8340 10
11444 11445 8888 10
8989 11513 11512 10
11524 12654 9002 10
8355 11415 11414 10
8919 11419 11418 10
8303 11557 11556 10
11441 12619 8901 10
11473 11474 8348 10
11477 12208 8903 10
8911 11476 11475 10
8347 11461 11460 10
8912 11472 11471 10
11483 12831 11484 10
11599 12829 11600 10
11465 11742 8991 10
9007 11532 11531 10
11534 11535 9010 10
8990 11454 11453 10
8444 11540 11539 10
11450 12656 8406 10
8986 11570 11569 10
11565 11566 8499 10
8983 11427 11426 10
11554 12823 11555 10
11703 12840 11704 10
8490 11396 11395 10
11721 11722 8952 10
11382 11383 8978 10
11583 12028 8481 10
8519 11528 11527 10
11753 11754 8510 10
11605 11606 8961 10
10831 12875 10490 10
8972 11509 11508 10
11345 11346 8476 10
11624 11933 8965 10
8966 11334 11333 10
11488 11489 8447 10
8967 11633 11632 10
11635 11636 9031 10
8456 11645 11644 10
8971 11650 11649 10
8513 11310 11309 10
11801 12679 9035 10
11658 12156 8382 10
11292 11293 8511 10
8960 11282 11281 10
11277 11278 8876 10
8520 11673 11672 10
8957 11275 11274 10
11834 11835 8975 10
8867 11250 11249 10
8369 11693 11692 10
11858 12617 8979 10
11241 12052 8950 10
11433 11434 8948 10
9733 12876 10831 10
11869 11870 8469 10
11429 11430 8424 10
8863 11218 11217 10
11887 11888 8987 10
11195 11196 8944 10
11899 11900 8527 10
11731 11732 9046 10
8942 11184 11183 10
11366 11367 8940 10
8497 11906 11905 10
8472 11173 11172 10
11354 11355 8937 10
12289 12355 10891 10
8468 11757 11756 10
8501 11156 11155 10
11766 12706 8996 10
8930 11152 11151 10
11926 11927 8370 10
8530 12671 11131 10
9041 12020 11944 10
11784 11785 8300 10
8843 11123 11122 10
11794 11795 8521 10
11317 11318 8372 10
11949 11950 9038 10
8927 11958 11314 10
8840 12705 11109 10
11953 12866 8428 10
11106 11107 8465 10
8466 11305 11304 10
11803 11804 9004 10
11810 11811 9034 10
8474 11816 11815 10
11960 11961 8457 10
8373 12011 11115 10
11824 12724 8299 10
8562 12593 11831 10
11270 11271 8917 10
11826 11827 9009 10
8844 11127 11126 10
8298 11837 11836 10
11843 11844 8564 10
11850 12627 8304 10
11832 12223 8563 10
10996 12661 11827 10
11853 11854 9029 10
11245 11246 8848 10
11984 11985 8393 10
8387 11997 11996 10
11169 11170 8471 10
9854 12932 11695 10
11875 11876 9016 10
12002 12003 9019 10
8908 11209 11208 10
8367 11191 11190 10
10297 12907 12747 10
9023 12597 11896 10
8900 11200 11199 10
11187 11188 8535 10
8396 12664 11186 10
8518 11215 11214 10
11176 11177 8897 10
11221 12688 8506 10
8425 11165 11164 10
11160 11161 8384 10
8891 11224 11223 10
11236 11237 8890 10
8865 11159 11158 10
11922 11923 8416 10
9840 12086 10882 10
11248 12058 8866 10
8872 11255 11254 10
11941 11942 8445 10
8364 11976 11975 10
11970 11971 9008 10
11119 11120 8874 10
8875 11117 11116 10
11110 11111 8419 10
8512 11291 11290 10
11954 11955 9036 10
12199 12886 11751 10
11937 11938 8999 10
8871 11136 11135 10
11145 11146 8868 10
8492 11931 11930 10
8477 11344 11343 10
11983 12633 8997 10
11921 12075 8994 10
8899 12628 11193 10
8858 11387 11386 10
11393 11394 8489 10
8907 11403 11402 10
8856 12610 11409 10
8984 12199 11872 10
11424 11425 8851 10
11993 11994 8982 10
11222 12725 8916 10
11865 11866 8462 10
11894 12788 11838 10
11242 11243 8849 10
11848 12108 8491 10
11451 12686 8402 10
9042 11978 11977 10
8529 12647 11452 10
8921 11285 11284 10
11466 11467 8842 10
9736 12867 10870 10
11956 11965 9037 10
11323 11324 8437 10
11789 11790 8969 10
8446 11781 11780 10
11495 11496 8408 10
8523 11337 11336 10
11774 11775 8963 10
11924 11925 8392 10
11765 12128 8514 10
11747 11748 8421 10
8388 11740 11739 10
8958 11911 11910 10
8366 11378 11377 10
11380 11381 8443 10
11136 12676 10954 10
10839 12876 9733 10
11897 11898 8953 10
11891 11892 8951 10
11398 11399 8860 10
11884 12689 8479 10
8395 12645 11547 10
8517 11411 11410 10
11712 11713 9018 10
9017 11879 11878 10
12983 13133 11344 10
11708 11709 8386 10
8423 11874 11873 10
11871 12674 8508 10
11554 11555 8385 10
8516 11864 11863 10
11696 12696 8537 10
9011 11689 11688 10
11849 12672 8943 10
11575 11576 8870 10
8955 11579 11578 10
8941 11823 11822 10
8458 11819 11818 10
11668 11669 8473 10
11599 11600 8420 10
9005 11666 11665 10
12480 12520 12130 10
11656 11657 8380 10
11240 12917 9938 10
8418 11613 11612 10
11620 11621 8391 10
11483 11484 8882 10
8522 11641 11640 10
8964 12046 11485 10
11638 11639 8409 10
11486 11487 8484 10
11782 12076 9001 10
11625 11626 8998 10
8886 11492 11491 10
11497 11498 8968 10
8371 11769 11768 10
11619 12634 8928 10
8995 11615 11614 10
11501 11502 8970 10
11610 12946 8993 10
8889 11504 11503 10
11760 11761 8467 10
11661 11662 8426 10
12872 13008 10482 10
8974 11526 11525 10
11736 11737 8374 10
12642 12976 10948 10
11585 11586 8496 10
8898 11679 11678 10
8528 12613 11726 10
11725 12695 8403 10
11690 11691 8368 10
10954 12121 11493 10
8988 12207 11572 10
11545 11918 8904 10
8906 11698 11697 10
11699 11700 8909 10
8910 12580 11548 10
9824 12820 11080 10
8377 12670 11562 10
11703 11704 8461 10
8470 11706 11705 10
12990 13153 11819 10
10217 12891 10839 10
11844 12845 8564 10
11458 12904 8918 10
12335 12529 12136 10
10874 12804 10153 10
11647 12902 8475 10
12323 12878 12132 10
11537 12906 8534 10
11515 12905 8383 10
10537 12926 9728 10
12073 12334 12333 10
11346 13134 12983 10
9730 12909 10837 10
10884 12805 12745 10
11479 12099 10080 10
10851 12927 12693 10
12269 12375 12141 10
11822 12908 8411 10
12035 12421 12385 10
9749 12676 10972 10
12260 12261 3047 10
3030 12236 8616 10
8610 12234 3013 10
12257 12258 2996 10
2979 12240 8599 10
8593 12230 2962 10
12255 12265 2945 10
2928 12245 8582 10
8576 12228 2911 10
12248 12268 2894 10
8570 12248 2893 10
2910 12229 8576 10
2927 12246 12245 10
8587 12255 2944 10
2961 12302 8593 10
2978 12241 12240 10
8604 12257 2995 10
3012 12235 8610 10
3029 12237 12236 10
8621 12260 3046 10
3048 12261 8622 10
8616 12238 3031 10
12234 12239 3014 10
2997 12258 8605 10
8599 12242 2980 10
12230 12243 2963 10
2946 12265 8588 10
8582 12244 2929 10
12228 12247 2912 10
2895 12268 8571 10
2892 12824 8570 10
2909 12297 12229 10
8581 12246 2926 10
2943 12254 8587 10
12301 12302 2960 10
8598 12241 2977 10
2994 12256 8604 10
3011 12305 12235 10
8615 12237 3028 10
3045 12259 8621 10
3062 12309 9097 10
8622 12262 3049 10
12238 12311 3032 10
3015 12239 8611 10
8605 12263 2998 10
12242 12314 2981 10
2964 12243 8594 10
8588 12264 2947 10
12244 12315 2930 10
2913 12247 8577 10
8571 12266 2896 10
10837 12891 10217 10
12339 12824 2891 10
8575 12297 2908 10
2925 12269 8581 10
2942 12270 12254 10
8592 12301 2959 10
2976 12271 8598 10
2993 12344 12256 10
8609 12305 3010 10
3027 12378 8615 10
3044 12272 12259 10
8800 12309 3061 10
12262 12346 3050 10
3033 12311 8617 10
8611 12273 3016 10
12263 12349 2999 10
2982 12314 8600 10
8594 12274 2965 10
12264 12275 2948 10
2931 12315 8583 10
8577 12276 2914 10
12266 12277 2897 10
1664 12322 8692 10
1850 12827 8630 10
1571 12319 8723 10
12426 12427 1606 10
8642 12330 1815 10
12411 12434 1699 10
8673 12332 1722 10
12401 12402 1792 10
8704 12333 1629 10
8731 12307 1548 10
1873 12306 8547 10
8700 12299 1641 10
1780 12398 12397 10
8669 12295 1734 10
8569 12339 2890 10
2907 12296 8575 10
12452 12826 1687 10
2924 12375 12269 10
8586 12270 2941 10
2958 12300 8592 10
2975 12303 12271 10
8638 12293 1827 10
8603 12344 2992 10
3009 12304 8609 10
1594 12391 12390 10
12377 12378 3026 10
8620 12272 3043 10
1583 12353 8719 10
3060 12310 8800 10
3051 12346 8623 10
1838 12289 8634 10
8617 12312 3034 10
12273 12383 3017 10
3000 12349 8606 10
8600 12313 2983 10
12274 12386 2966 10
2949 12275 8589 10
1676 12825 8688 10
8583 12316 2932 10
12276 12388 2915 10
1745 12287 8665 10
2898 12277 8572 10
8566 12317 2881 10
1769 12359 8657 10
1652 12285 8696 10
1862 12362 8626 10
1559 12282 8727 10
12371 12372 1618 10
8646 12368 1803 10
12369 12462 1711 10
8677 12369 1710 10
12368 12465 1804 10
12353 12354 12148 10
8708 12371 1617 10
8727 12283 1560 10
1861 12363 12362 10
8696 12284 1653 10
1768 12467 12359 10
8665 12286 1746 10
12469 12825 1675 10
8634 12288 1839 10
1582 12354 12353 10
1595 12390 8715 10
1826 12290 8638 10
1688 12826 8684 10
1733 12294 8669 10
1781 12397 8653 10
2889 12828 8569 10
2906 12340 12296 10
8580 12375 2923 10
1640 12298 8700 10
2940 12341 8586 10
2957 12342 12300 10
8597 12303 2974 10
2991 12343 8603 10
11749 12913 12829 10
3008 12408 12304 10
8614 12377 3025 10
3042 12345 8620 10
3059 12415 12310 10
8623 12347 3052 10
12312 12417 3035 10
8547 12158 1874 10
3018 12383 8612 10
8606 12348 3001 10
12313 12420 2984 10
2967 12386 8595 10
8589 12350 2950 10
1547 12308 8731 10
12316 12423 2933 10
2916 12388 8578 10
8572 12351 2899 10
12333 12334 1630 10
12317 12425 2882 10
8650 12401 1791 10
12332 12474 1723 10
8681 12411 1698 10
11961 13154 12990 10
12330 12476 1816 10
8712 12426 1605 10
8723 12320 1572 10
12479 12827 1849 10
8692 12321 1665 10
8661 12323 1758 10
1663 12324 12322 10
8630 12325 1851 10
1570 12483 12319 10
1607 12427 8711 10
1814 12329 8642 10
1700 12434 8680 10
1721 12331 8673 10
12436 12828 2888 10
8574 12340 2905 10
2922 12374 8580 10
2939 12438 12341 10
8591 12342 2956 10
2973 12376 8597 10
2990 12439 12343 10
8608 12408 3007 10
3024 12379 8614 10
3041 12441 12345 10
8625 12415 3058 10
12347 12381 3053 10
1793 12402 8649 10
3036 12417 8618 10
8612 12382 3019 10
12348 12384 3002 10
2985 12420 8601 10
8595 12385 2968 10
12350 12445 2951 10
1628 12335 8704 10
2934 12423 8584 10
8578 12387 2917 10
12351 12450 2900 10
2883 12425 8567 10
12307 12336 1549 10
9051 12306 1872 10
12299 12338 1642 10
8654 12398 1779 10
12295 12490 1735 10
12150 12530 12486 10
8685 12452 1686 10
12293 12492 1828 10
8716 12391 1593 10
8719 12352 1584 10
1837 12355 12289 10
8688 12356 1677 10
1744 12357 12287 10
8657 12358 1770 10
1651 12360 12285 10
8626 12361 1863 10
8568 12436 2887 10
2904 12457 8574 10
2921 12404 12374 10
8585 12438 2938 10
2955 12405 8591 10
2972 12406 12376 10
1558 12364 12282 10
8602 12439 2989 10
3006 12407 8608 10
3023 12459 12379 10
8619 12441 3040 10
3057 12412 8625 10
1619 12372 8707 10
3054 12381 8624 10
8618 12416 3037 10
12382 12418 3020 10
3003 12384 8607 10
8601 12419 2986 10
12385 12421 2969 10
1802 12365 8646 10
2952 12445 8590 10
8584 12422 2935 10
12387 12424 2918 10
2901 12450 8573 10
1712 12462 8676 10
12245 12246 12082 10
1709 12370 8677 10
1805 12465 8645 10
1616 12373 8708 10
12283 12499 1561 10
8627 12363 1860 10
12284 12380 1654 10
8658 12467 1767 10
12286 12503 1747 10
8689 12469 1674 10
12288 12389 1840 10
8720 12354 1581 10
8715 12392 1596 10
1825 12505 12290 10
12449 12457 2903 10
8579 12404 2920 10
2937 12447 8585 10
2954 12446 12405 10
8596 12406 2971 10
2988 12440 8602 10
8684 12393 1689 10
3005 12444 12407 10
8613 12459 3022 10
3039 12442 8619 10
8573 12449 2902 10
3056 12443 12412 10
2919 12424 8579 10
12422 12447 2936 10
8590 12446 2953 10
2970 12421 8596 10
12419 12440 2987 10
8607 12444 3004 10
3021 12418 8613 10
12416 12442 3038 10
8624 12443 3055 10
1732 12396 12294 10
8653 12400 1782 10
1639 12510 12298 10
9052 12308 1546 10
1631 12334 8703 10
1790 12403 8650 10
1724 12474 8672 10
1697 12409 8681 10
1817 12476 8641 10
1604 12428 8712 10
12320 12429 1573 10
8631 12479 1848 10
12321 12518 1666 10
12323 12523 1759 10
10836 12909 9730 10
8693 12324 1662 10
12325 12430 1852 10
8724 12483 1569 10
8711 12431 1608 10
10087 13090 13089 10
1813 12432 12329 10
8680 12433 1701 10
1720 12435 12331 10
8649 12437 1794 10
2880 12974 8566 10
1627 12529 12335 10
1550 12336 8730 10
1871 12448 9051 10
1643 12338 8699 10
1778 12451 8654 10
1736 12490 8668 10
1685 12835 8685 10
1829 12492 8637 10
1592 12455 8716 10
12352 12531 1585 10
8635 12355 1836 10
12356 12456 1678 10
8666 12357 1743 10
11591 12811 11592 10
12358 12536 1771 10
8697 12360 1650 10
12361 12458 1864 10
8728 12364 1557 10
8707 12460 1620 10
8676 12461 1713 10
1708 12463 12370 10
8645 12464 1806 10
1615 12540 12373 10
1562 12499 8726 10
1859 12466 8627 10
1655 12380 8695 10
1766 12468 8658 10
1748 12503 8664 10
1673 12470 8689 10
12130 13110 10690 10
1841 12389 8633 10
1580 12471 8720 10
12392 12543 1597 10
8639 12505 1824 10
12393 12547 1690 10
8670 12396 1731 10
12400 12549 1783 10
8701 12510 1638 10
1545 12472 9052 10
8703 12473 1632 10
1789 12550 12403 10
8672 12475 1725 10
1696 12553 12409 10
8641 12477 1818 10
1603 12555 12428 10
1574 12429 8722 10
1847 12478 8631 10
1667 12518 8691 10
1754 12480 8662 10
8540 12995 2878 10
1760 12523 8660 10
1661 12481 8693 10
11502 12595 11157 10
1853 12430 8629 10
12546 12707 10601 10
1568 12482 8724 10
12431 12558 1609 10
8643 12432 1812 10
12433 12484 1702 10
8674 12435 1719 10
12437 12485 1795 10
8705 12529 1626 10
8730 12486 1551 10
11381 13009 11201 10
8553 12448 1870 10
8699 12487 1644 10
1777 12488 12451 10
13005 13100 11816 10
8668 12489 1737 10
12561 12835 1684 10
8637 12491 1830 10
1591 12493 12455 10
1586 12531 8718 10
1835 12839 8635 10
1679 12456 8687 10
1742 12494 8666 10
1772 12536 8656 10
1649 12495 8697 10
1865 12458 8558 10
1556 12496 8728 10
12460 12497 1621 10
9942 12738 11517 10
12461 12567 1714 10
8678 12463 1707 10
12464 12498 1807 10
8709 12540 1614 10
8726 12500 1563 10
1537 12912 12037 10
1858 12570 12466 10
12496 12537 12089 10
8695 12501 1656 10
1765 12571 12468 10
9728 12926 10838 10
8664 12502 1749 10
1672 12574 12470 10
8633 12504 1842 10
1579 12575 12471 10
1598 12543 8714 10
1823 12506 8639 10
1691 12547 8683 10
1730 12509 8670 10
1784 12549 8652 10
1637 12511 8701 10
1757 12978 8661 10
12473 12513 1633 10
8651 12550 1788 10
11230 13104 11092 10
2879 12995 12974 10
12475 12514 1726 10
8682 12553 1695 10
12477 12515 1819 10
8713 12555 1602 10
8722 12516 1575 10
1846 12517 12478 10
2877 12088 8540 10
8691 12519 1668 10
12076 13087 10918 10
1753 12520 12480 10
1801 12982 12365 10
8660 12522 1761 10
9861 12680 10939 10
1660 12584 12481 10
8629 12524 1854 10
10490 12875 10860 10
1567 12525 12482 10
1610 12558 8710 10
1811 12526 8643 10
1703 12484 8679 10
1718 12527 8674 10
1796 12485 8648 10
1625 12528 8705 10
12486 12530 1552 10
1869 12586 8553 10
12487 12588 1645 10
8655 12488 1776 10
12471 12575 12094 10
12489 12590 1738 10
8686 12561 1683 10
12491 12591 1831 10
8717 12493 1590 10
8718 12532 1587 10
12592 12839 1834 10
8687 12533 1680 10
1741 12534 12494 10
8656 12535 1773 10
1648 12589 12495 10
8558 12587 1866 10
1555 12537 12496 10
1622 12497 8706 10
12744 12908 11823 10
1799 12538 8647 10
1715 12567 8675 10
1706 12843 8678 10
1808 12498 8644 10
10860 12877 9739 10
1613 12539 8709 10
12500 12585 1564 10
2886 12989 8568 10
8628 12570 1857 10
11595 13000 11596 10
12501 12541 1657 10
10870 12861 10522 10
8659 12571 1764 10
12883 13113 10222 10
12502 12542 1750 10
8690 12574 1671 10
12504 12583 1843 10
8647 12982 1800 10
8721 12575 1578 10
8714 12544 1599 10
1822 12581 12506 10
8683 12545 1692 10
1729 12579 12509 10
11885 12929 9047 10
8652 12548 1785 10
10948 12121 10238 10
1636 12578 12511 10
1634 12513 8702 10
11669 13101 13005 10
1787 12577 8651 10
1727 12514 8671 10
1694 12551 8682 10
1820 12515 8640 10
12294 12396 12157 10
1601 12554 8713 10
12516 12576 1576 10
8632 12517 1845 10
12519 12573 1669 10
8663 12520 1752 10
12522 12572 1762 10
8694 12584 1659 10
11484 13157 13156 10
10028 12651 12052 10
12524 12556 1855 10
8725 12525 1566 10
8710 12557 1611 10
1810 12568 12526 10
12129 12938 10688 10
8679 12559 1704 10
1717 12566 12527 10
8648 12565 1797 10
1624 12560 12528 10
1553 12530 8729 10
9053 12586 1868 10
1646 12588 8698 10
1775 12564 8655 10
12158 12185 1875 10
1739 12590 8667 10
1682 12563 8686 10
8538 12818 10562 10
11701 12159 11700 10
8702 12578 1635 10
12548 12577 1786 10
8671 12579 1728 10
12545 12551 1693 10
8640 12581 1821 10
12544 12554 1600 10
1577 12576 8721 10
1844 12583 8632 10
1670 12573 8690 10
1751 12542 8663 10
1763 12572 8659 10
1658 12541 8694 10
1856 12556 8628 10
1832 12591 8636 10
1565 12585 8725 10
1612 12557 12539 10
8644 12568 1809 10
12559 12843 1705 10
8675 12566 1716 10
1798 12565 12538 10
8706 12560 1623 10
8729 12537 1554 10
1867 12587 9053 10
8698 12589 1647 10
12535 12564 1774 10
8667 12534 1740 10
1589 12562 8717 10
12533 12563 1681 10
8636 12592 1833 10
12532 12562 1588 10
9021 12033 11481 10
10893 12583 12504 10
10238 12121 10954 10
2876 12337 12088 10
11202 12894 11196 10
12167 12474 12332 10
11002 13033 12862 10
10086 12769 12756 10
12509 12579 12110 10
11819 13146 12601 10
12601 13146 11526 10
11467 13152 12081 10
12862 13033 12117 10
10920 12868 10012 10
10887 12862 12117 10
12081 13152 11600 10
12173 12265 12255 10
11880 12034 8376 10
11272 13011 10054 10
11948 12908 12744 10
11044 12680 11039 10
10944 12661 9750 10
10954 12676 9749 10
3064 13080 12641 10
11185 12797 10910 10
10983 13122 12929 10
10855 12693 11642 10
12175 12423 12316 10
12166 12429 12320 10
11266 13021 12919 10
12118 13088 11282 10
10880 12880 10237 10
9739 12877 10880 10
11772 13076 11773 10
11307 13141 12901 10
12011 13088 12118 10
11637 12642 10941 10
9756 12640 12119 10
11041 12746 11047 10
11005 12942 12127 10
10889 12864 9744 10
10867 13151 13150 10
12739 12806 10687 10
10522 12861 10889 10
12892 12893 11898 10
11757 12897 11762 10
12182 12462 12369 10
12134 12275 12264 10
12292 12928 12492 10
12495 12589 12216 10
11877 12729 11915 10
12304 12408 12196 10
12025 12765 10675 10
10918 13087 13086 10
9746 12642 10948 10
10012 12868 10944 10
12184 12418 12382 10
11595 13121 13000 10
12033 12857 11481 10
12188 12715 12714 10
12511 12578 12190 10
12803 12926 10537 10
12282 12364 12071 10
11998 12747 11997 10
9830 13082 10977 10
10928 12213 10304 10
11795 12198 11796 10
10273 12919 11099 10
11907 11909 11906 10
10941 12642 9746 10
12777 12778 10277 10
12200 12577 12548 10
12252 12253 9920 10
11694 11695 11693 10
12754 12761 10859 10
11287 11288 11076 10
12478 12855 8631 10
12749 12963 10788 10
9787 12328 12326 10
12370 12463 12152 10
10018 11992 11755 10
12198 12927 10851 10
10910 12881 9745 10
12222 13069 10981 10
11709 12635 11710 10
12206 12573 12519 10
11428 12637 11427 10
12345 12441 12201 10
12733 13057 12454 10
11510 12741 11509 10
11499 12119 11496 10
8533 12816 11826 10
11642 12693 11641 10
10827 12805 9729 10
10237 12880 10910 10
11219 12048 11218 10
11493 12121 11492 10
1878 10561 8956 10
11367 12079 11368 10
11174 12771 11173 10
11124 11125 11123 10
11210 12045 11209 10
11192 12204 11191 10
11188 11820 11189 10
11416 12830 11415 10
11166 12080 11165 10
11118 12047 11117 10
11137 12676 11136 10
12478 12517 10894 10
11030 11070 11029 10
11739 12854 9045 10
11103 12759 11102 10
11087 11089 11088 10
11095 12718 11094 10
11360 12781 11359 10
11838 12788 11837 10
10825 12747 11998 10
10963 12023 10964 10
8399 12836 11970 10
9818 12990 12601 10
8924 12799 11753 10
11335 12800 10920 10
12160 12549 12400 10
10690 13110 12129 10
12797 12881 10910 10
11025 12960 11026 10
11826 12816 11827 10
9798 12914 11628 10
8381 12848 11956 10
12977 12978 1756 10
8727 13048 12283 10
9750 12661 10996 10
11753 12799 11754 10
9744 12864 10920 10
11702 11718 11594 10
12209 12440 12419 10
2874 11062 8539 10
11970 12836 11971 10
9990 11771 11746 10
10304 12213 10941 10
10046 12821 11385 10
11359 12781 8883 10
12390 12391 12197 10
11175 12771 10069 10
11598 13052 11597 10
9753 12893 11006 10
12470 12574 12172 10
12236 12237 12203 10
12812 12902 11348 10
10075 12901 11762 10
12205 12349 12263 10
12373 12540 12220 10
11728 13000 8301 10
12124 12476 12330 10
8557 13001 11764 10
11792 12126 11639 10
11498 12126 11499 10
12468 12571 12221 10
11135 12813 8401 10
12614 12804 11900 10
11336 12817 8887 10
12081 12915 11467 10
9745 12881 10928 10
11133 12956 11134 10
12259 12272 12174 10
10955 11724 11723 10
12101 12763 9781 10
10687 12806 12055 10
11956 12848 11965 10
10993 12893 9753 10
12635 12907 10297 10
8390 13123 12745 10
11740 12854 11739 10
8831 12746 11041 10
11751 12698 12199 10
10996 12120 10544 10
8573 12819 12449 10
12249 12964 12248 10
8571 12964 12267 10
10650 12809 12700 10
12208 12949 11391 10
12224 12541 12501 10
11764 13001 11596 10
11781 12914 11943 10
11596 13000 11728 10
9804 12941 12222 10
12394 12975 12393 10
12282 13048 8727 10
8683 12975 12546 10
11809 12992 8935 10
10862 12614 12613 10
11136 12813 11135 10
12400 13079 12160 10
11337 12817 11336 10
12113 12445 12350 10
12359 12467 12189 10
12449 12819 12281 10
10672 12796 12712 10
1876 12185 8538 10
12752 12947 9941 10
10544 12120 11036 10
10894 12855 12478 10
12281 12819 12280 10
11823 12908 11822 10
12189 13147 12359 10
12055 12900 10653 10
12399 13079 12397 10
12658 12965 10789 10
12358 13147 12186 10
11006 12892 12597 10
11063 11064 8539 10
12863 13034 11002 10
12281 12457 12449 10
10923 13045 12207 10
10957 12969 8815 10
11011 12959 8824 10
11817 13109 11816 10
12778 12779 10277 10
11490 13063 11628 10
12675 13143 11664 10
12145 12843 12559 10
12641 12646 12030 10
9804 12222 10981 10
11271 13011 11272 10
12279 12819 12450 10
10857 12713 9734 10
12154 12825 12469 10
12106 12662 10584 10
12131 12878 12162 10
9942 12947 12156 10
8815 12970 10962 10
11247 13055 11448 10
12191 12378 12377 10
9782 12884 12047 10
11182 12955 11095 10
12479 12855 12327 10
11923 13112 11617 10
12194 12384 12348 10
12800 12868 10920 10
8334 13028 11144 10
12704 12915 10478 10
12163 12261 12260 10
10905 13054 12904 10
11046 13002 8313 10
8318 12999 11071 10
11225 12801 9925 10
8329 13033 11001 10
8822 13034 10995 10
11067 13013 8312 10
12214 12380 12284 10
8353 13026 11258 10
11101 13016 8343 10
11090 13018 8839 10
11093 13014 8837 10
12760 12761 11264 10
8359 13020 11181 10
11206 13021 8336 10
9002 13012 11519 10
11299 13024 8350 10
11263 13022 8345 10
11438 12917 11240 10
11256 13030 8893 10
11325 13031 8354 10
11597 13053 11598 10
8563 13004 11830 10
11813 12988 9994 10
8427 13143 12675 10
8888 13035 11388 10
12641 13080 9097 10
8338 13039 11462 10
8903 13038 11392 10
11773 12988 11798 10
11414 13041 8911 10
11418 13042 8347 10
11593 13116 11594 10
11460 13046 8920 10
12232 12782 12231 10
12619 12954 10917 10
8824 12986 11007 10
11556 13097 11524 10
12973 13093 8743 10
10533 13093 12973 10
12186 12536 12358 10
10990 13034 12863 10
11293 13096 11294 10
12675 12992 11809 10
8343 13017 11082 10
8839 13019 11086 10
8837 13015 11132 10
11144 13029 8862 10
9795 13157 12832 10
8350 13025 11229 10
11485 13135 8493 10
11258 13027 8884 10
8998 13137 11486 10
8928 13138 11620 10
11503 13139 8429 10
8467 13141 11468 10
11525 13146 8458 10
11678 13150 8365 10
9018 13130 11564 10
8345 13023 11259 10
8555 13117 11681 10
8882 13156 11323 10
11284 13128 8389 10
8420 13152 11466 10
11818 13153 8973 10
8870 13155 11451 10
11688 13158 8440 10
11598 12762 12758 10
11944 13086 8335 10
11815 13100 9039 10
9015 13074 11869 10
8394 13070 11858 10
11462 13040 8912 10
8481 13075 11731 10
8488 13073 11382 10
11395 13071 8859 10
11333 13078 8530 10
11426 13067 8507 10
11309 13083 8840 10
11569 13065 8478 10
9035 13084 11953 10
8382 13085 11803 10
11281 13088 8373 10
11274 13089 8495 10
11343 13133 8931 10
8975 13091 11833 10
11249 13094 8524 10
8979 13098 11984 10
8500 13099 11241 10
8378 13102 11433 10
8920 13047 11473 10
12831 12832 11484 10
11183 13107 8396 10
8475 13077 11949 10
11539 13061 8977 10
8406 13060 11721 10
8866 13124 11150 10
11155 13111 8865 10
8996 13112 11922 10
9036 13142 11808 10
11151 13114 8454 10
11290 13144 8925 10
11131 13118 8872 10
9047 13122 11884 10
11122 13119 8483 10
11116 13148 8436 10
11314 13123 8390 10
8383 13059 11659 10
11773 13076 12988 10
11304 13126 8880 10
8918 13054 11583 10
8534 13056 11534 10
11126 13131 8448 10
12852 12853 11775 10
11948 12789 11947 10
8935 13064 11661 10
11814 12933 12593 10
11785 13052 13051 10
12707 12975 12394 10
8977 13062 11380 10
12546 12975 12707 10
11702 13116 8555 10
11566 12931 11567 10
8335 13087 11782 10
8301 13121 11718 10
11528 12889 12802 10
9039 13101 11668 10
8478 13066 11242 10
12232 12302 12301 10
12250 12824 12339 10
12395 12826 12452 10
8507 13068 11424 10
11804 12947 12752 10
11670 12734 10068 10
12279 12450 12351 10
12327 12827 12479 10
12292 12492 12293 10
8859 13072 11393 10
8931 13134 11345 10
8365 13151 11834 10
11808 13143 8427 10
8925 13145 11292 10
8389 13129 11465 10
8973 13154 11960 10
8436 13149 11277 10
8429 13140 11801 10
8440 13159 11853 10
8493 13136 11624 10
11150 13125 8523 10
11481 12857 9096 10
8448 13132 11130 10
12956 13015 12790 10
8495 13090 11119 10
8880 13127 11106 10
11833 13092 8364 10
11830 13106 11824 10
8524 13095 11248 10
8483 13120 11270 10
8454 13115 11245 10
12762 13053 8557 10
10516 12697 12171 10
8300 13051 12758 10
10934 13057 12733 10
12960 12961 10329 10
12532 12624 12562 10
12483 12971 12319 10
12411 12997 12434 10
12071 13048 12282 10
8681 12997 12411 10
8724 12971 12483 10
11092 13105 11091 10
12297 12965 12229 10
8576 12963 12228 10
12228 12963 12247 10
8575 12965 12297 10
8539 12337 2875 10
10971 12981 10278 10
11142 13026 12860 10
11445 13036 13035 10
10626 13057 10934 10
12086 12839 12592 10
12774 12971 10681 10
12862 12863 11002 10
12718 12955 9905 10
12489 12606 12590 10
8593 12231 12230 10
8570 12249 12248 10
12229 12658 8576 10
12247 12749 8577 10
8571 12267 12266 10
12296 12621 8575 10
12300 12776 8592 10
12277 12278 8572 10
8566 12318 12317 10
12542 13110 8663 10
12563 12733 8686 10
12425 12851 8567 10
12551 12552 8682 10
12412 12413 8625 10
8683 12546 12545 10
12458 12822 8558 10
12531 12796 8718 10
12482 12736 8724 10
12472 12857 9052 10
12503 12938 8664 10
12490 12809 8668 10
12336 12719 8730 10
12409 12410 8681 10
8684 12394 12393 10
12365 12366 8646 10
8719 12712 12352 10
12434 12996 8680 10
8630 12326 12325 10
12290 12291 8638 10
8669 12700 12295 10
12398 12399 12397 10
12319 12774 8723 10
12283 13048 12169 10
11157 12993 11156 10
12127 13003 11005 10
11628 13063 9798 10
11860 11861 11618 10
11201 13010 11200 10
12689 13122 10983 10
12658 12963 8576 10
12247 12963 12749 10
12229 12965 12658 10
12621 12965 8575 10
12410 12997 8681 10
12434 12997 12996 10
12736 12971 8724 10
12125 12715 9952 10
12187 12498 12464 10
12319 12971 12774 10
8538 10561 1877 10
10862 12804 12614 10
11517 13059 12905 10
12947 13085 12156 10
12169 12499 12283 10
11804 13085 12947 10
12866 13084 11506 10
11505 13140 13139 10
10653 12900 12606 10
11604 13103 11654 10
9021 11481 1539 10
12744 12789 11948 10
11064 12337 8539 10
11128 12798 10897 10
3066 12030 8923 10
11877 13108 12729 10
13035 13036 11302 10
11448 13055 9812 10
11099 13029 13028 10
12448 12945 12879 10
12738 13059 11517 10
13002 13003 12127 10
13031 13032 11360 10
12714 12715 12125 10
10696 12791 12033 10
12454 13057 12453 10
8631 12855 12479 10
11664 13143 13142 10
10971 12934 12921 10
3065 12641 12030 10
12832 13157 11484 10
12621 13050 10828 10
12161 13132 11129 10
11142 13027 13026 10
12833 13096 11293 10
1540 11481 9096 10
12812 13077 12902 10
9051 12879 12306 10
10675 12765 12624 10
11617 13112 12706 10
8553 12945 12448 10
12890 12909 10836 10
13156 13157 11324 10
12651 12931 11566 10
10960 12972 12656 10
11663 13064 12992 10
12802 12889 10536 10
12719 12791 10696 10
12785 13062 13061 10
12450 12819 8573 10
12988 13076 9991 10
10502 12744 12109 10
11268 12930 12669 10
10966 12778 12777 10
12593 12933 10830 10
12790 13015 13014 10
11422 13040 13039 10
12251 12828 12436 10
12972 13060 12656 10
11722 13060 12972 10
11099 13028 12780 10
9949 12507 11735 10
11751 12886 9771 10
12919 13021 11207 10
11750 12648 11748 10
11066 12784 11065 10
9999 12788 11894 10
11006 12893 12892 10
9775 12753 11663 10
13005 13109 10066 10
12838 13159 13158 10
12780 13028 8334 10
11875 12034 11876 10
12793 13019 13018 10
11025 12961 12960 10
11876 13108 11877 10
10958 12969 10957 10
12016 12959 11011 10
11001 13033 11002 10
10554 12873 12759 10
11762 12897 10075 10
12679 13140 11505 10
12210 12884 9782 10
10962 12970 10963 10
11007 12986 12117 10
11422 13039 12870 10
12736 12966 10683 10
10833 13048 12071 10
10502 12789 12744 10
11681 13117 11592 10
12860 13026 8353 10
10582 12878 12131 10
8396 13107 12664 10
12733 13043 10934 10
8865 13111 11159 10
11922 13112 11923 10
12884 13149 13148 10
12058 13124 8866 10
8872 13118 11255 10
11984 13098 11985 10
8313 13002 12127 10
8373 13088 12011 10
11816 13100 11815 10
11071 12999 11072 10
12870 13039 8338 10
11803 13085 11804 10
11853 13159 11854 10
11953 13084 12866 10
11047 13002 11046 10
8840 13083 12705 10
11949 13077 11950 10
12020 13086 11944 10
11960 13154 11961 10
8530 13078 12671 10
8312 13013 12008 10
12117 13033 8329 10
11002 13034 8822 10
11068 13013 11067 10
11731 13075 11732 10
11102 13016 11101 10
11091 13018 11090 10
11094 13014 11093 10
11181 13020 11182 10
8336 13021 11266 10
11207 13021 11206 10
11300 13024 11299 10
11264 13022 11263 10
12654 13012 9002 10
8893 13030 12000 10
8354 13031 11360 10
11257 13030 11256 10
11326 13031 11325 10
11869 13074 11870 10
11445 13035 8888 10
11858 13070 12617 10
11082 13017 11083 10
11086 13019 11087 10
11132 13015 11133 10
8862 13029 11207 10
12208 13038 8903 10
8911 13041 11476 10
8347 13042 11461 10
11229 13025 11230 10
8884 13027 11326 10
11415 13041 11414 10
11419 13042 11418 10
11259 13023 11260 10
11785 13051 8300 10
12223 13004 8563 10
11461 13046 11460 10
8523 13125 11337 10
8912 13040 11472 10
11884 13122 12689 10
11473 13047 11474 10
11834 13151 11835 10
11689 13158 11688 10
11576 13155 8870 10
11801 13140 12679 10
11819 13153 11818 10
11524 13097 12654 10
11600 13152 8420 10
12808 13025 13024 10
11484 13156 8882 10
11624 13136 11933 10
11557 13097 11556 10
11095 12955 12718 10
11668 13101 11669 10
11583 13054 12028 10
11721 13060 11722 10
11782 13087 12076 10
12656 13060 8406 10
11540 13061 11539 10
11534 13056 11535 10
13104 13105 11092 10
11570 13065 11569 10
11427 13067 11426 10
11396 13071 11395 10
12448 12879 9051 10
11382 13073 11383 10
12028 13075 8481 10
11334 13078 11333 10
11761 13141 8467 10
11504 13139 11503 10
11526 13146 11525 10
12634 13138 8928 10
11310 13083 11309 10
11679 13150 11678 10
11626 13137 8998 10
11486 13137 11487 10
12679 13084 9035 10
12046 13135 11485 10
11620 13138 11621 10
8458 13146 11819 10
12156 13085 8382 10
11282 13088 11281 10
11275 13089 11274 10
11713 13130 9018 10
11835 13091 8975 10
11465 13129 11742 10
11250 13094 11249 10
12617 13098 8979 10
11241 13099 12052 10
11433 13102 11434 10
11323 13156 11324 10
11285 13128 11284 10
11466 13152 11467 10
11451 13155 12686 10
11345 13134 11346 10
11661 13064 11662 10
11184 13107 11183 10
11915 12729 9874 10
11156 13111 11155 10
12706 13112 8996 10
11292 13145 11293 10
11152 13114 11151 10
11277 13149 11278 10
10561 10562 8956 10
12671 13118 11131 10
11380 13062 11381 10
11123 13119 11122 10
11344 13133 11343 10
11958 13123 11314 10
11305 13126 11304 10
11955 13142 9036 10
11291 13144 11290 10
11127 13131 11126 10
11242 13066 11243 10
11117 13148 11116 10
12996 12997 10929 10
11424 13068 11425 10
11393 13072 11394 10
11106 13127 11107 10
12595 12993 11157 10
11270 13120 11271 10
12905 13059 8383 10
11119 13090 11120 10
8364 13092 11976 10
11245 13115 11246 10
11248 13095 12058 10
12906 13056 8534 10
12904 13054 8918 10
13009 13010 11201 10
11824 13106 12724 10
12902 13077 8475 10
11738 13106 13004 10
12776 12985 10927 10
12929 13122 9047 10
12873 13017 13016 10
10584 12662 12186 10
9982 13103 11603 10
12969 12970 8815 10
10086 12833 12769 10
8557 13053 13001 10
12793 13105 9838 10
13000 13121 8301 10
9874 12144 11915 10
10688 12938 12739 10
9839 13104 12808 10
11718 13121 11594 10
11594 13116 11702 10
12865 13115 13114 10
12992 13064 8935 10
10859 12761 12760 10
12959 12986 8824 10
13028 13029 11144 10
8594 12243 12233 10
13016 13017 8343 10
13018 13019 8839 10
13014 13015 8837 10
13026 13027 11258 10
13024 13025 8350 10
9791 13009 12785 10
13022 13023 8345 10
13039 13040 11462 10
13046 13047 8920 10
13131 13132 8448 10
13126 13127 8880 10
13119 13120 8483 10
13114 13115 8454 10
13094 13095 8524 10
13148 13149 8436 10
13091 13092 11833 10
13089 13090 8495 10
13144 13145 8925 10
13142 13143 11808 10
13133 13134 8931 10
12838 13037 9792 10
13071 13072 8859 10
13116 13117 8555 10
13067 13068 8507 10
13065 13066 8478 10
13128 13129 8389 10
13061 13062 8977 10
13135 13136 8493 10
13139 13140 8429 10
13150 13151 8365 10
13086 13087 8335 10
13100 13101 9039 10
11129 13132 13131 10
13153 13154 8973 10
13158 13159 8440 10
13124 13125 11150 10
13004 13106 11830 10
12758 13051 11598 10
11598 13053 12762 10
12724 13106 11738 10
10580 13147 12189 10
12132 12878 10582 10
12761 13023 13022 10
12160 13079 10635 10
11050 12772 12673 10
10086 13096 12833 10
12879 12945 9892 10
12833 13145 13144 10
11603 13103 11604 10
10888 12863 12862 10
12454 12835 12561 10
12974 12995 12143 10
12937 13127 13126 10
12162 12978 12977 10
9912 12956 12790 10
12367 12982 8647 10
11663 12992 12675 10
12983 13134 13133 10
12990 13154 13153 10
13005 13101 13100 10
12556 12871 8628 10
1543 12472 1544 10
11074 12999 8318 10
11009 11015 8322 10
8324 13069 10994 10
11016 12016 8328 10
8340 12920 11339 10
8341 12903 11295 10
8348 11445 11444 10
11232 13020 8359 10
11204 11257 8362 10
11623 11769 8371 10
11223 13102 8378 10
11697 13070 8394 10
8409 11498 11497 10
11312 11613 8418 10
11707 11874 8423 10
8428 11955 11954 10
11627 11781 8446 10
11961 11963 8457 10
11870 11989 8469 10
11669 11671 8473 10
11386 13073 8488 10
8491 12672 11849 10
11158 13099 8500 10
8506 11355 11354 10
11109 11291 8512 10
11578 12613 8528 10
11546 12673 8536 10
8821 10998 10997 10
11014 11020 8825 10
11073 11078 8835 10
8853 11227 11226 10
11143 11264 8873 10
8901 11443 11442 10
8902 11297 11296 10
11361 11419 8919 10
11316 11372 8926 10
11530 11823 8941 10
8950 11566 11565 10
11452 11579 8955 10
11734 11911 8958 10
11329 12046 8964 10
8969 11639 11638 10
11482 11513 8989 10
11612 11615 8995 10
11520 11666 9005 10
11687 11689 9011 10
11705 13074 9015 10
11931 12108 9030 10
11811 11959 9034 10
9037 11657 11656 10
11975 12020 9041 10
11841 11978 9042 10
9865 11769 11320 10
9869 11079 11078 10
11227 12759 11103 10
11704 12048 11219 10
11283 12118 11282 10
11363 12601 11526 10

Edges
3068
1223 1531 1
1531 1532 1
1532 1533 1
1533 1534 1
1534 1535 1
1535 1530 1
2757 3064 1
3064 3065 1
3065 3066 1
3066 3067 1
3067 3068 1
3068 1530 1
1 3 2
3 4 2
4 5 2
5 6 2
6 7 2
7 2 2
1 1537 2
1537 1538 2
1538 1539 2
1539 1540 2
1540 1541 2
1541 1536 2
2 9 3
9 10 3
10 11 3
11 12 3
12 13 3
13 14 3
14 15 3
15 16 3
16 17 3
17 18 3
18 19 3
19 20 3
20 21 3
21 22 3
22 23 3
23 24 3
24 25 3
25 26 3
26 27 3
27 28 3
28 29 3
29 30 3
30 31 3
31 32 3
32 33 3
33 34 3
34 35 3
35 36 3
36 37 3
37 38 3
38 39 3
39 40 3
40 41 3
41 42 3
42 43 3
43 44 3
44 45 3
45 46 3
46 47 3
47 48 3
48 49 3
49 50 3
50 51 3
51 52 3
52 53 3
53 54 3
54 55 3
55 56 3
56 57 3
57 58 3
58 59 3
59 60 3
60 61 3
61 62 3
62 63 3
63 64 3
64 65 3
65 66 3
66 67 3
67 68 3
68 69 3
69 70 3
70 71 3
71 72 3
72 73 3
73 74 3
74 75 3
75 76 3
76 77 3
77 78 3
78 79 3
79 80 3
80 81 3
81 82 3
82 83 3
83 84 3
84 85 3
85 86 3
86 87 3
87 88 3
88 89 3
89 90 3
90 91 3
91 92 3
92 93 3
93 94 3
94 95 3
95 96 3
96 97 3
97 98 3
98 99 3
99 100 3
100 101 3
101 102 3
102 103 3
103 104 3
104 105 3
105 106 3
106 107 3
107 108 3
108 109 3
109 110 3
110 111 3
111 112 3
112 113 3
113 114 3
114 115 3
115 116 3
116 117 3
117 118 3
118 119 3
119 120 3
120 121 3
121 122 3
122 123 3
123 124 3
124 125 3
125 126 3
126 127 3
127 128 3
128 129 3
129 130 3
130 131 3
131 132 3
132 133 3
133 134 3
134 135 3
135 136 3
136 137 3
137 138 3
138 139 3
139 140 3
140 141 3
141 142 3
142 143 3
143 144 3
144 145 3
145 146 3
146 147 3
147 148 3
148 149 3
149 150 3
150 151 3
151 152 3
152 153 3
153 154 3
154 155 3
155 156 3
156 157 3
157 158 3
158 159 3
159 160 3
160 161 3
161 162 3
162 163 3
163 164 3
164 165 3
165 166 3
166 167 3
167 168 3
168 169 3
169 170 3
170 171 3
171 172 3
172 173 3
173 174 3
174 175 3
175 176 3
176 177 3
177 178 3
178 179 3
179 180 3
180 181 3
181 182 3
182 183 3
183 184 3
184 185 3
185 186 3
186 187 3
187 188 3
188 189 3
189 190 3
190 191 3
191 192 3
192 193 3
193 194 3
194 195 3
195 196 3
196 197 3
197 198 3
198 199 3
199 200 3
200 201 3
201 202 3
202 203 3
203 204 3
204 205 3
205 206 3
206 207 3
207 208 3
208 209 3
209 210 3
210 211 3
211 212 3
212 213 3
213 214 3
214 215 3
215 216 3
216 217 3
217 218 3
218 219 3
219 220 3
220 221 3
221 222 3
222 223 3
223 224 3
224 225 3
225 226 3
226 227 3
227 228 3
228 229 3
229 230 3
230 231 3
231 232 3
232 233 3
233 234 3
234 235 3
235 236 3
236 237 3
237 238 3
238 239 3
239 240 3
240 241 3
241 242 3
242 243 3
243 244 3
244 245 3
245 246 3
246 247 3
247 248 3
248 249 3
249 250 3
250 251 3
251 252 3
252 253 3
253 254 3
254 255 3
255 256 3
256 257 3
257 258 3
258 259 3
259 260 3
260 261 3
261 262 3
262 263 3
263 264 3
264 265 3
265 266 3
266 267 3
267 268 3
268 269 3
269 270 3
270 271 3
271 272 3
272 273 3
273 274 3
274 275 3
275 276 3
276 277 3
277 278 3
278 279 3
279 280 3
280 281 3
281 282 3
282 283 3
283 284 3
284 285 3
285 286 3
286 287 3
287 288 3
288 289 3
289 290 3
290 291 3
291 292 3
292 293 3
293 294 3
294 295 3
295 296 3
296 297 3
297 298 3
298 299 3
299 300 3
300 301 3
301 302 3
302 303 3
303 304 3
304 305 3
305 306 3
306 307 3
307 308 3
308 309 3
309 310 3
310 311 3
311 312 3
312 313 3
313 314 3
314 315 3
315 316 3
316 317 3
317 318 3
318 319 3
319 320 3
320 321 3
321 322 3
322 323 3
323 324 3
324 325 3
325 326 3
326 327 3
327 328 3
328 329 3
329 330 3
330 331 3
331 332 3
332 333 3
333 334 3
334 335 3
335 336 3
336 337 3
337 338 3
338 339 3
339 340 3
340 341 3
341 342 3
342 343 3
343 344 3
344 345 3
345 346 3
346 347 3
347 348 3
348 349 3
349 350 3
350 351 3
351 352 3
352 353 3
353 354 3
354 355 3
355 356 3
356 357 3
357 358 3
358 359 3
359 360 3
360 361 3
361 362 3
362 363 3
363 364 3
364 365 3
365 366 3
366 367 3
367 368 3
368 369 3
369 370 3
370 371 3
371 372 3
372 373 3
373 374 3
374 375 3
375 376 3
376 377 3
377 378 3
378 379 3
379 380 3
380 381 3
381 382 3
382 383 3
383 384 3
384 385 3
385 386 3
386 387 3
387 388 3
388 389 3
389 390 3
390 391 3
391 392 3
392 393 3
393 394 3
394 395 3
395 396 3
396 397 3
397 398 3
398 399 3
399 400 3
400 401 3
401 402 3
402 403 3
403 404 3
404 405 3
405 406 3
406 407 3
407 408 3
408 409 3
409 410 3
410 411 3
411 412 3
412 413 3
413 414 3
414 415 3
415 416 3
416 417 3
417 418 3
418 419 3
419 420 3
420 421 3
421 422 3
422 423 3
423 424 3
424 425 3
425 426 3
426 427 3
427 428 3
428 429 3
429 430 3
430 431 3
431 432 3
432 433 3
433 434 3
434 435 3
435 436 3
436 437 3
437 438 3
438 439 3
439 440 3
440 441 3
441 442 3
442 443 3
443 444 3
444 445 3
445 446 3
446 447 3
447 448 3
448 449 3
449 450 3
450 451 3
451 452 3
452 453 3
453 454 3
454 455 3
455 456 3
456 457 3
457 458 3
458 459 3
459 460 3
460 461 3
461 462 3
462 463 3
463 464 3
464 465 3
465 466 3
466 467 3
467 468 3
468 469 3
469 470 3
470 471 3
471 472 3
472 473 3
473 474 3
474 475 3
475 476 3
476 477 3
477 478 3
478 479 3
479 480 3
480 481 3
481 482 3
482 483 3
483 484 3
484 485 3
485 486 3
486 487 3
487 488 3
488 489 3
489 490 3
490 491 3
491 492 3
492 493 3
493 494 3
494 495 3
495 496 3
496 497 3
497 498 3
498 499 3
499 500 3
500 501 3
501 502 3
502 503 3
503 504 3
504 505 3
505 506 3
506 507 3
507 508 3
508 509 3
509 510 3
510 511 3
511 512 3
512 513 3
513 514 3
514 515 3
515 516 3
516 517 3
517 518 3
518 519 3
519 520 3
520 521 3
521 522 3
522 523 3
523 524 3
524 525 3
525 526 3
526 527 3
527 528 3
528 529 3
529 530 3
530 531 3
531 532 3
532 533 3
533 534 3
534 535 3
535 536 3
536 537 3
537 538 3
538 539 3
539 540 3
540 541 3
541 542 3
542 543 3
543 544 3
544 545 3
545 546 3
546 547 3
547 548 3
548 549 3
549 550 3
550 551 3
551 552 3
552 553 3
553 554 3
554 555 3
555 556 3
556 557 3
557 558 3
558 559 3
559 560 3
560 561 3
561 562 3
562 563 3
563 564 3
564 565 3
565 566 3
566 567 3
567 568 3
568 569 3
569 570 3
570 571 3
571 572 3
572 573 3
573 574 3
574 575 3
575 576 3
576 577 3
577 578 3
578 579 3
579 580 3
580 581 3
581 582 3
582 583 3
583 584 3
584 585 3
585 586 3
586 587 3
587 588 3
588 589 3
589 590 3
590 591 3
591 592 3
592 593 3
593 594 3
594 595 3
595 596 3
596 597 3
597 598 3
598 599 3
599 600 3
600 601 3
601 602 3
602 603 3
603 604 3
604 605 3
605 606 3
606 607 3
607 608 3
608 609 3
609 610 3
610 611 3
611 612 3
612 613 3
613 614 3
614 615 3
615 616 3
616 617 3
617 618 3
618 619 3
619 620 3
620 621 3
621 622 3
622 623 3
623 624 3
624 625 3
625 626 3
626 627 3
627 628 3
628 629 3
629 630 3
630 631 3
631 632 3
632 633 3
633 634 3
634 635 3
635 636 3
636 637 3
637 638 3
638 639 3
639 640 3
640 641 3
641 642 3
642 643 3
643 644 3
644 645 3
645 646 3
646 647 3
647 648 3
648 649 3
649 650 3
650 651 3
651 652 3
652 653 3
653 654 3
654 655 3
655 656 3
656 657 3
657 658 3
658 659 3
659 660 3
660 661 3
661 662 3
662 663 3
663 664 3
664 665 3
665 666 3
666 667 3
667 668 3
668 669 3
669 670 3
670 671 3
671 672 3
672 673 3
673 674 3
674 675 3
675 676 3
676 677 3
677 678 3
678 679 3
679 680 3
680 681 3
681 682 3
682 683 3
683 684 3
684 685 3
685 686 3
686 687 3
687 688 3
688 689 3
689 690 3
690 691 3
691 692 3
692 693 3
693 694 3
694 695 3
695 696 3
696 697 3
697 698 3
698 699 3
699 700 3
700 701 3
701 702 3
702 703 3
703 704 3
704 705 3
705 706 3
706 707 3
707 708 3
708 709 3
709 710 3
710 711 3
711 712 3
712 713 3
713 714 3
714 715 3
715 716 3
716 717 3
717 718 3
718 719 3
719 720 3
720 721 3
721 722 3
722 723 3
723 724 3
724 725 3
725 726 3
726 727 3
727 728 3
728 729 3
729 730 3
730 731 3
731 732 3
732 733 3
733 734 3
734 735 3
735 736 3
736 737 3
737 738 3
738 739 3
739 740 3
740 741 3
741 742 3
742 743 3
743 744 3
744 745 3
745 746 3
746 747 3
747 748 3
748 749 3
749 750 3
750 751 3
751 752 3
752 753 3
753 754 3
754 755 3
755 756 3
756 757 3
757 758 3
758 759 3
759 760 3
760 761 3
761 762 3
762 763 3
763 764 3
764 765 3
765 766 3
766 767 3
767 768 3
768 769 3
769 770 3
770 771 3
771 772 3
772 773 3
773 774 3
774 775 3
775 776 3
776 777 3
777 778 3
778 779 3
779 780 3
780 781 3
781 782 3
782 783 3
783 784 3
784 785 3
785 786 3
786 787 3
787 788 3
788 789 3
789 790 3
790 791 3
791 792 3
792 793 3
793 794 3
794 795 3
795 796 3
796 797 3
797 798 3
798 799 3
799 800 3
800 801 3
801 802 3
802 803 3
803 804 3
804 805 3
805 806 3
806 807 3
807 808 3
808 809 3
809 810 3
810 811 3
811 812 3
812 813 3
813 814 3
814 815 3
815 816 3
816 817 3
817 818 3
818 819 3
819 820 3
820 821 3
821 822 3
822 823 3
823 824 3
824 825 3
825 826 3
826 827 3
827 828 3
828 829 3
829 830 3
830 831 3
831 832 3
832 833 3
833 834 3
834 835 3
835 836 3
836 837 3
837 838 3
838 839 3
839 840 3
840 841 3
841 842 3
842 843 3
843 844 3
844 845 3
845 846 3
846 847 3
847 848 3
848 849 3
849 850 3
850 851 3
851 852 3
852 853 3
853 854 3
854 855 3
855 856 3
856 857 3
857 858 3
858 859 3
859 860 3
860 861 3
861 862 3
862 863 3
863 864 3
864 865 3
865 866 3
866 867 3
867 868 3
868 869 3
869 870 3
870 871 3
871 872 3
872 873 3
873 874 3
874 875 3
875 876 3
876 877 3
877 878 3
878 879 3
879 880 3
880 881 3
881 882 3
882 883 3
883 884 3
884 885 3
885 886 3
886 887 3
887 888 3
888 889 3
889 890 3
890 891 3
891 892 3
892 893 3
893 894 3
894 895 3
895 896 3
896 897 3
897 898 3
898 899 3
899 900 3
900 901 3
901 902 3
902 903 3
903 904 3
904 905 3
905 906 3
906 907 3
907 908 3
908 909 3
909 910 3
910 911 3
911 912 3
912 913 3
913 914 3
914 915 3
915 916 3
916 917 3
917 918 3
918 919 3
919 920 3
920 921 3
921 922 3
922 923 3
923 924 3
924 925 3
925 926 3
926 927 3
927 928 3
928 929 3
929 930 3
930 931 3
931 932 3
932 933 3
933 934 3
934 935 3
935 936 3
936 937 3
937 938 3
938 939 3
939 940 3
940 941 3
941 942 3
942 943 3
943 944 3
944 945 3
945 946 3
946 947 3
947 948 3
948 949 3
949 950 3
950 951 3
951 952 3
952 953 3
953 954 3
954 955 3
955 956 3
956 957 3
957 958 3
958 959 3
959 960 3
960 961 3
961 962 3
962 963 3
963 964 3
964 965 3
965 966 3
966 967 3
967 968 3
968 969 3
969 970 3
970 971 3
971 972 3
972 973 3
973 974 3
974 975 3
975 976 3
976 977 3
977 978 3
978 979 3
979 980 3
980 981 3
981 982 3
982 983 3
983 984 3
984 985 3
985 986 3
986 987 3
987 988 3
988 989 3
989 990 3
990 991 3
991 992 3
992 993 3
993 994 3
994 995 3
995 996 3
996 997 3
997 998 3
998 999 3
999 1000 3
1000 1001 3
1001 1002 3
1002 1003 3
1003 1004 3
1004 1005 3
1005 1006 3
1006 1007 3
1007 1008 3
1008 1009 3
1009 1010 3
1010 1011 3
1011 1012 3
1012 1013 3
1013 1014 3
1014 1015 3
1015 1016 3
1016 1017 3
1017 1018 3
1018 1019 3
1019 1020 3
1020 1021 3
1021 1022 3
1022 1023 3
1023 1024 3
1024 1025 3
1025 1026 3
1026 1027 3
1027 1028 3
1028 1029 3
1029 1030 3
1030 1031 3
1031 1032 3
1032 1033 3
1033 1034 3
1034 1035 3
1035 1036 3
1036 1037 3
1037 1038 3
1038 1039 3
1039 1040 3
1040 1041 3
1041 1042 3
1042 1043 3
1043 1044 3
1044 8 3
1045 1224 3
1224 1225 3
1225 1226 3
1226 1227 3
1227 1228 3
1228 1229 3
1229 1230 3
1230 1231 3
1231 1232 3
1232 1233 3
1233 1234 3
1234 1235 3
1235 1236 3
1236 1237 3
1237 1238 3
1238 1239 3
1239 1240 3
1240 1241 3
1241 1242 3
1242 1243 3
1243 1244 3
1244 1245 3
1245 1246 3
1246 1247 3
1247 1248 3
1248 1249 3
1249 1250 3
1250 1251 3
1251 1252 3
1252 1253 3
1253 1254 3
1254 1255 3
1255 1256 3
1256 1257 3
1257 1258 3
1258 1259 3
1259 1260 3
1260 1261 3
1261 1262 3
1262 1263 3
1263 1264 3
1264 1265 3
1265 1266 3
1266 1267 3
1267 1268 3
1268 1269 3
1269 1270 3
1270 1271 3
1271 1272 3
1272 1273 3
1273 1274 3
1274 1275 3
1275 1276 3
1276 1277 3
1277 1278 3
1278 1279 3
1279 1280 3
1280 1281 3
1281 1282 3
1282 1283 3
1283 1284 3
1284 1285 3
1285 1286 3
1286 1287 3
1287 1288 3
1288 1289 3
1289 1290 3
1290 1291 3
1291 1292 3
1292 1293 3
1293 1294 3
1294 1295 3
1295 1296 3
1296 1297 3
1297 1298 3
1298 1299 3
1299 1300 3
1300 1301 3
1301 1302 3
1302 1303 3
1303 1304 3
1304 1305 3
1305 1306 3
1306 1307 3
1307 1308 3
1308 1309 3
1309 1310 3
1310 1311 3
1311 1312 3
1312 1313 3
1313 1314 3
1314 1315 3
1315 1316 3
1316 1317 3
1317 1318 3
1318 1319 3
1319 1320 3
1320 1321 3
1321 1322 3
1322 1323 3
1323 1324 3
1324 1325 3
1325 1326 3
1326 1327 3
1327 1328 3
1328 1329 3
1329 1330 3
1330 1331 3
1331 1332 3
1332 1333 3
1333 1334 3
1334 1335 3
1335 1336 3
1336 1337 3
1337 1338 3
1338 1339 3
1339 1340 3
1340 1341 3
1341 1342 3
1342 1343 3
1343 1344 3
1344 1345 3
1345 1346 3
1346 1347 3
1347 1348 3
1348 1349 3
1349 1350 3
1350 1351 3
1351 1352 3
1352 1353 3
1353 1354 3
1354 1355 3
1355 1356 3
1356 1357 3
1357 1358 3
1358 1359 3
1359 1360 3
1360 1361 3
1361 1362 3
1362 1363 3
1363 1364 3
1364 1365 3
1365 1366 3
1366 1367 3
1367 1368 3
1368 1369 3
1369 1370 3
1370 1371 3
1371 1372 3
1372 1373 3
1373 1374 3
1374 1375 3
1375 1376 3
1376 1377 3
1377 1378 3
1378 1379 3
1379 1380 3
1380 1381 3
1381 1382 3
1382 1383 3
1383 1384 3
1384 1385 3
1385 1386 3
1386 1387 3
1387 1388 3
1388 1389 3
1389 1390 3
1390 1391 3
1391 1392 3
1392 1393 3
1393 1394 3
1394 1395 3
1395 1396 3
1396 1397 3
1397 1398 3
1398 1399 3
1399 1400 3
1400 1401 3
1401 1402 3
1402 1403 3
1403 1404 3
1404 1405 3
1405 1406 3
1406 1407 3
1407 1408 3
1408 1409 3
1409 1410 3
1410 1411 3
1411 1412 3
1412 1413 3
1413 1414 3
1414 1415 3
1415 1416 3
1416 1417 3
1417 1418 3
1418 1419 3
1419 1420 3
1420 1421 3
1421 1422 3
1422 1423 3
1423 1424 3
1424 1425 3
1425 1426 3
1426 1427 3
1427 1428 3
1428 1429 3
1429 1430 3
1430 1431 3
1431 1432 3
1432 1433 3
1433 1434 3
1434 1435 3
1435 1436 3
1436 1437 3
1437 1438 3
1438 1439 3
1439 1440 3
1440 1441 3
1441 1442 3
1442 1443 3
1443 1444 3
1444 1445 3
1445 1446 3
1446 1447 3
1447 1448 3
1448 1449 3
1449 1450 3
1450 1451 3
1451 1452 3
1452 1453 3
1453 1454 3
1454 1455 3
1455 1456 3
1456 1457 3
1457 1458 3
1458 1459 3
1459 1460 3
1460 1461 3
1461 1462 3
1462 1463 3
1463 1464 3
1464 1465 3
1465 1466 3
1466 1467 3
1467 1468 3
1468 1469 3
1469 1470 3
1470 1471 3
1471 1472 3
1472 1473 3
1473 1474 3
1474 1475 3
1475 1476 3
1476 1477 3
1477 1478 3
1478 1479 3
1479 1480 3
1480 1481 3
1481 1482 3
1482 1483 3
1483 1484 3
1484 1485 3
1485 1486 3
1486 1487 3
1487 1488 3
1488 1489 3
1489 1490 3
1490 1491 3
1491 1492 3
1492 1493 3
1493 1494 3
1494 1495 3
1495 1496 3
1496 1497 3
1497 1498 3
1498 1499 3
1499 1500 3
1500 1501 3
1501 1502 3
1502 1503 3
1503 1504 3
1504 1505 3
1505 1506 3
1506 1507 3
1507 1508 3
1508 1509 3
1509 1510 3
1510 1511 3
1511 1512 3
1512 1513 3
1513 1514 3
1514 1515 3
1515 1516 3
1516 1517 3
1517 1518 3
1518 1519 3
1519 1520 3
1520 1521 3
1521 1522 3
1522 1523 3
1523 1524 3
1524 1525 3
1525 1526 3
1526 1527 3
1527 1528 3
1528 1529 3
1529 1223 3
1536 1543 3
1543 1544 3
1544 1545 3
1545 1546 3
1546 1547 3
1547 1548 3
1548 1549 3
1549 1550 3
1550 1551 3
1551 1552 3
1552 1553 3
1553 1554 3
1554 1555 3
1555 1556 3
1556 1557 3
1557 1558 3
1558 1559 3
1559 1560 3
1560 1561 3
1561 1562 3
1562 1563 3
1563 1564 3
1564 1565 3
1565 1566 3
1566 1567 3
1567 1568 3
1568 1569 3
1569 1570 3
1570 1571 3
1571 1572 3
1572 1573 3
1573 1574 3
1574 1575 3
1575 1576 3
1576 1577 3
1577 1578 3
1578 1579 3
1579 1580 3
1580 1581 3
1581 1582 3
1582 1583 3
1583 1584 3
1584 1585 3
1585 1586 3
1586 1587 3
1587 1588 3
1588 1589 3
1589 1590 3
1590 1591 3
1591 1592 3
1592 1593 3
1593 1594 3
1594 1595 3
1595 1596 3
1596 1597 3
1597 1598 3
1598 1599 3
1599 1600 3
1600 1601 3
1601 1602 3
1602 1603 3
1603 1604 3
1604 1605 3
1605 1606 3
1606 1607 3
1607 1608 3
1608 1609 3
1609 1610 3
1610 1611 3
1611 1612 3
1612 1613 3
1613 1614 3
1614 1615 3
1615 1616 3
1616 1617 3
1617 1618 3
1618 1619 3
1619 1620 3
1620 1621 3
1621 1622 3
1622 1623 3
1623 1624 3
1624 1625 3
1625 1626 3
1626 1627 3
1627 1628 3
1628 1629 3
1629 1630 3
1630 1631 3
1631 1632 3
1632 1633 3
1633 1634 3
1634 1635 3
1635 1636 3
1636 1637 3
1637 1638 3
1638 1639 3
1639 1640 3
1640 1641 3
1641 1642 3
1642 1643 3
1643 1644 3
1644 1645 3
1645 1646 3
1646 1647 3
1647 1648 3
1648 1649 3
1649 1650 3
1650 1651 3
1651 1652 3
1652 1653 3
1653 1654 3
1654 1655 3
1655 1656 3
1656 1657 3
1657 1658 3
1658 1659 3
1659 1660 3
1660 1661 3
1661 1662 3
1662 1663 3
1663 1664 3
1664 1665 3
1665 1666 3
1666 1667 3
1667 1668 3
1668 1669 3
1669 1670 3
1670 1671 3
1671 1672 3
1672 1673 3
1673 1674 3
1674 1675 3
1675 1676 3
1676 1677 3
1677 1678 3
1678 1679 3
1679 1680 3
1680 1681 3
1681 1682 3
1682 1683 3
1683 1684 3
1684 1685 3
1685 1686 3
1686 1687 3
1687 1688 3
1688 1689 3
1689 1690 3
1690 1691 3
1691 1692 3
1692 1693 3
1693 1694 3
1694 1695 3
1695 1696 3
1696 1697 3
1697 1698 3
1698 1699 3
1699 1700 3
1700 1701 3
1701 1702 3
1702 1703 3
1703 1704 3
1704 1705 3
1705 1706 3
1706 1707 3
1707 1708 3
1708 1709 3
1709 1710 3
1710 1711 3
1711 1712 3
1712 1713 3
1713 1714 3
1714 1715 3
1715 1716 3
1716 1717 3
1717 1718 3
1718 1719 3
1719 1720 3
1720 1721 3
1721 1722 3
1722 1723 3
1723 1724 3
1724 1725 3
1725 1726 3
1726 1727 3
1727 1728 3
1728 1729 3
1729 1730 3
1730 1731 3
1731 1732 3
1732 1733 3
1733 1734 3
1734 1735 3
1735 1736 3
1736 1737 3
1737 1738 3
1738 1739 3
1739 1740 3
1740 1741 3
1741 1742 3
1742 1743 3
1743 1744 3
1744 1745 3
1745 1746 3
1746 1747 3
1747 1748 3
1748 1749 3
1749 1750 3
1750 1751 3
1751 1752 3
1752 1753 3
1753 1754 3
1754 1755 3
1755 1756 3
1756 1757 3
1757 1758 3
1758 1759 3
1759 1760 3
1760 1761 3
1761 1762 3
1762 1763 3
1763 1764 3
1764 1765 3
1765 1766 3
1766 1767 3
1767 1768 3
1768 1769 3
1769 1770 3
1770 1771 3
1771 1772 3
1772 1773 3
1773 1774 3
1774 1775 3
1775 1776 3
1776 1777 3
1777 1778 3
1778 1779 3
1779 1780 3
1780 1781 3
1781 1782 3
1782 1783 3
1783 1784 3
1784 1785 3
1785 1786 3
1786 1787 3
1787 1788 3
1788 1789 3
1789 1790 3
1790 1791 3
1791 1792 3
1792 1793 3
1793 1794 3
1794 1795 3
1795 1796 3
1796 1797 3
1797 1798 3
1798 1799 3
1799 1800 3
1800 1801 3
1801 1802 3
1802 1803 3
1803 1804 3
1804 1805 3
1805 1806 3
1806 1807 3
1807 1808 3
1808 1809 3
1809 1810 3
1810 1811 3
1811 1812 3
1812 1813 3
1813 1814 3
1814 1815 3
1815 1816 3
1816 1817 3
1817 1818 3
1818 1819 3
1819 1820 3
1820 1821 3
1821 1822 3
1822 1823 3
1823 1824 3
1824 1825 3
1825 1826 3
1826 1827 3
1827 1828 3
1828 1829 3
1829 1830 3
1830 1831 3
1831 1832 3
1832 1833 3
1833 1834 3
1834 1835 3
1835 1836 3
1836 1837 3
1837 1838 3
1838 1839 3
1839 1840 3
1840 1841 3
1841 1842 3
1842 1843 3
1843 1844 3
1844 1845 3
1845 1846 3
1846 1847 3
1847 1848 3
1848 1849 3
1849 1850 3
1850 1851 3
1851 1852 3
1852 1853 3
1853 1854 3
1854 1855 3
1855 1856 3
1856 1857 3
1857 1858 3
1858 1859 3
1859 1860 3
1860 1861 3
1861 1862 3
1862 1863 3
1863 1864 3
1864 1865 3
1865 1866 3
1866 1867 3
1867 1868 3
1868 1869 3
1869 1870 3
1870 1871 3
1871 1872 3
1872 1873 3
1873 1874 3
1874 1875 3
1875 1876 3
1876 1877 3
1877 1878 3
1878 1879 3
1879 1880 3
1880 1881 3
1881 1882 3
1882 1883 3
1883 1884 3
1884 1885 3
1885 1886 3
1886 1887 3
1887 1888 3
1888 1889 3
1889 1890 3
1890 1891 3
1891 1892 3
1892 1893 3
1893 1894 3
1894 1895 3
1895 1896 3
1896 1897 3
1897 1898 3
1898 1899 3
1899 1900 3
1900 1901 3
1901 1902 3
1902 1903 3
1903 1904 3
1904 1905 3
1905 1906 3
1906 1907 3
1907 1908 3
1908 1909 3
1909 1910 3
1910 1911 3
1911 1912 3
1912 1913 3
1913 1914 3
1914 1915 3
1915 1916 3
1916 1917 3
1917 1918 3
1918 1919 3
1919 1920 3
1920 1921 3
1921 1922 3
1922 1923 3
1923 1924 3
1924 1925 3
1925 1926 3
1926 1927 3
1927 1928 3
1928 1929 3
1929 1930 3
1930 1931 3
1931 1932 3
1932 1933 3
1933 1934 3
1934 1935 3
1935 1936 3
1936 1937 3
1937 1938 3
1938 1939 3
1939 1940 3
1940 1941 3
1941 1942 3
1942 1943 3
1943 1944 3
1944 1945 3
1945 1946 3
1946 1947 3
1947 1948 3
1948 1949 3
1949 1950 3
1950 1951 3
1951 1952 3
1952 1953 3
1953 1954 3
1954 1955 3
1955 1956 3
1956 1957 3
1957 1958 3
1958 1959 3
1959 1960 3
1960 1961 3
1961 1962 3
1962 1963 3
1963 1964 3
1964 1965 3
1965 1966 3
1966 1967 3
1967 1968 3
1968 1969 3
1969 1970 3
1970 1971 3
1971 1972 3
1972 1973 3
1973 1974 3
1974 1975 3
1975 1976 3
1976 1977 3
1977 1978 3
1978 1979 3
1979 1980 3
1980 1981 3
1981 1982 3
1982 1983 3
1983 1984 3
1984 1985 3
1985 1986 3
1986 1987 3
1987 1988 3
1988 1989 3
1989 1990 3
1990 1991 3
1991 1992 3
1992 1993 3
1993 1994 3
1994 1995 3
1995 1996 3
1996 1997 3
1997 1998 3
1998 1999 3
1999 2000 3
2000 2001 3
2001 2002 3
2002 2003 3
2003 2004 3
2004 2005 3
2005 2006 3
2006 2007 3
2007 2008 3
2008 2009 3
2009 2010 3
2010 2011 3
2011 2012 3
2012 2013 3
2013 2014 3
2014 2015 3
2015 2016 3
2016 2017 3
2017 2018 3
2018 2019 3
2019 2020 3
2020 2021 3
2021 2022 3
2022 2023 3
2023 2024 3
2024 2025 3
2025 2026 3
2026 2027 3
2027 2028 3
2028 2029 3
2029 2030 3
2030 2031 3
2031 2032 3
2032 2033 3
2033 2034 3
2034 2035 3
2035 2036 3
2036 2037 3
2037 2038 3
2038 2039 3
2039 2040 3
2040 2041 3
2041 2042 3
2042 2043 3
2043 2044 3
2044 2045 3
2045 2046 3
2046 2047 3
2047 2048 3
2048 2049 3
2049 2050 3
2050 2051 3
2051 2052 3
2052 2053 3
2053 2054 3
2054 2055 3
2055 2056 3
2056 2057 3
2057 2058 3
2058 2059 3
2059 2060 3
2060 2061 3
2061 2062 3
2062 2063 3
2063 2064 3
2064 2065 3
2065 2066 3
2066 2067 3
2067 2068 3
2068 2069 3
2069 2070 3
2070 2071 3
2071 2072 3
2072 2073 3
2073 2074 3
2074 2075 3
2075 2076 3
2076 2077 3
2077 2078 3
2078 2079 3
2079 2080 3
2080 2081 3
2081 2082 3
2082 2083 3
2083 2084 3
2084 2085 3
2085 2086 3
2086 2087 3
2087 2088 3
2088 2089 3
2089 2090 3
2090 2091 3
2091 2092 3
2092 2093 3
2093 2094 3
2094 2095 3
2095 2096 3
2096 2097 3
2097 2098 3
2098 2099 3
2099 2100 3
2100 2101 3
2101 2102 3
2102 2103 3
2103 2104 3
2104 2105 3
2105 2106 3
2106 2107 3
2107 2108 3
2108 2109 3
2109 2110 3
2110 2111 3
2111 2112 3
2112 2113 3
2113 2114 3
2114 2115 3
2115 2116 3
2116 2117 3
2117 2118 3
2118 2119 3
2119 2120 3
2120 2121 3
2121 2122 3
2122 2123 3
2123 2124 3
2124 2125 3
2125 2126 3
2126 2127 3
2127 2128 3
2128 2129 3
2129 2130 3
2130 2131 3
2131 2132 3
2132 2133 3
2133 2134 3
2134 2135 3
2135 2136 3
2136 2137 3
2137 2138 3
2138 2139 3
2139 2140 3
2140 2141 3
2141 2142 3
2142 2143 3
2143 2144 3
2144 2145 3
2145 2146 3
2146 2147 3
2147 2148 3
2148 2149 3
2149 2150 3
2150 2151 3
2151 2152 3
2152 2153 3
2153 2154 3
2154 2155 3
2155 2156 3
2156 2157 3
2157 2158 3
2158 2159 3
2159 2160 3
2160 2161 3
2161 2162 3
2162 2163 3
2163 2164 3
2164 2165 3
2165 2166 3
2166 2167 3
2167 2168 3
2168 2169 3
2169 2170 3
2170 2171 3
2171 2172 3
2172 2173 3
2173 2174 3
2174 2175 3
2175 2176 3
2176 2177 3
2177 2178 3
2178 2179 3
2179 2180 3
2180 2181 3
2181 2182 3
2182 2183 3
2183 2184 3
2184 2185 3
2185 2186 3
2186 2187 3
2187 2188 3
2188 2189 3
2189 2190 3
2190 2191 3
2191 2192 3
2192 2193 3
2193 2194 3
2194 2195 3
2195 2196 3
2196 2197 3
2197 2198 3
2198 2199 3
2199 2200 3
2200 2201 3
2201 2202 3
2202 2203 3
2203 2204 3
2204 2205 3
2205 2206 3
2206 2207 3
2207 2208 3
2208 2209 3
2209 2210 3
2210 2211 3
2211 2212 3
2212 2213 3
2213 2214 3
2214 2215 3
2215 2216 3
2216 2217 3
2217 2218 3
2218 2219 3
2219 2220 3
2220 2221 3
2221 2222 3
2222 2223 3
2223 2224 3
2224 2225 3
2225 2226 3
2226 2227 3
2227 2228 3
2228 2229 3
2229 2230 3
2230 2231 3
2231 2232 3
2232 2233 3
2233 2234 3
2234 2235 3
2235 2236 3
2236 2237 3
2237 2238 3
2238 2239 3
2239 2240 3
2240 2241 3
2241 2242 3
2242 2243 3
2243 2244 3
2244 2245 3
2245 2246 3
2246 2247 3
2247 2248 3
2248 2249 3
2249 2250 3
2250 2251 3
2251 2252 3
2252 2253 3
2253 2254 3
2254 2255 3
2255 2256 3
2256 2257 3
2257 2258 3
2258 2259 3
2259 2260 3
2260 2261 3
2261 2262 3
2262 2263 3
2263 2264 3
2264 2265 3
2265 2266 3
2266 2267 3
2267 2268 3
2268 2269 3
2269 2270 3
2270 2271 3
2271 2272 3
2272 2273 3
2273 2274 3
2274 2275 3
2275 2276 3
2276 2277 3
2277 2278 3
2278 2279 3
2279 2280 3
2280 2281 3
2281 2282 3
2282 2283 3
2283 2284 3
2284 2285 3
2285 2286 3
2286 2287 3
2287 2288 3
2288 2289 3
2289 2290 3
2290 2291 3
2291 2292 3
2292 2293 3
2293 2294 3
2294 2295 3
2295 2296 3
2296 2297 3
2297 2298 3
2298 2299 3
2299 2300 3
2300 2301 3
2301 2302 3
2302 2303 3
2303 2304 3
2304 2305 3
2305 2306 3
2306 2307 3
2307 2308 3
2308 2309 3
2309 2310 3
2310 2311 3
2311 2312 3
2312 2313 3
2313 2314 3
2314 2315 3
2315 2316 3
2316 2317 3
2317 2318 3
2318 2319 3
2319 2320 3
2320 2321 3
2321 2322 3
2322 2323 3
2323 2324 3
2324 2325 3
2325 2326 3
2326 2327 3
2327 2328 3
2328 2329 3
2329 2330 3
2330 2331 3
2331 2332 3
2332 2333 3
2333 2334 3
2334 2335 3
2335 2336 3
2336 2337 3
2337 2338 3
2338 2339 3
2339 2340 3
2340 2341 3
2341 2342 3
2342 2343 3
2343 2344 3
2344 2345 3
2345 2346 3
2346 2347 3
2347 2348 3
2348 2349 3
2349 2350 3
2350 2351 3
2351 2352 3
2352 2353 3
2353 2354 3
2354 2355 3
2355 2356 3
2356 2357 3
2357 2358 3
2358 2359 3
2359 2360 3
2360 2361 3
2361 2362 3
2362 2363 3
2363 2364 3
2364 2365 3
2365 2366 3
2366 2367 3
2367 2368 3
2368 2369 3
2369 2370 3
2370 2371 3
2371 2372 3
2372 2373 3
2373 2374 3
2374 2375 3
2375 2376 3
2376 2377 3
2377 2378 3
2378 2379 3
2379 2380 3
2380 2381 3
2381 2382 3
2382 2383 3
2383 2384 3
2384 2385 3
2385 2386 3
2386 2387 3
2387 2388 3
2388 2389 3
2389 2390 3
2390 2391 3
2391 2392 3
2392 2393 3
2393 2394 3
2394 2395 3
2395 2396 3
2396 2397 3
2397 2398 3
2398 2399 3
2399 2400 3
2400 2401 3
2401 2402 3
2402 2403 3
2403 2404 3
2404 2405 3
2405 2406 3
2406 2407 3
2407 2408 3
2408 2409 3
2409 2410 3
2410 2411 3
2411 2412 3
2412 2413 3
2413 2414 3
2414 2415 3
2415 2416 3
2416 2417 3
2417 2418 3
2418 2419 3
2419 2420 3
2420 2421 3
2421 2422 3
2422 2423 3
2423 2424 3
2424 2425 3
2425 2426 3
2426 2427 3
2427 2428 3
2428 2429 3
2429 2430 3
2430 2431 3
2431 2432 3
2432 2433 3
2433 2434 3
2434 2435 3
2435 2436 3
2436 2437 3
2437 2438 3
2438 2439 3
2439 2440 3
2440 2441 3
2441 2442 3
2442 2443 3
2443 2444 3
2444 2445 3
2445 2446 3
2446 2447 3
2447 2448 3
2448 2449 3
2449 2450 3
2450 2451 3
2451 2452 3
2452 2453 3
2453 2454 3
2454 2455 3
2455 2456 3
2456 2457 3
2457 2458 3
2458 2459 3
2459 2460 3
2460 2461 3
2461 2462 3
2462 2463 3
2463 2464 3
2464 2465 3
2465 2466 3
2466 2467 3
2467 2468 3
2468 2469 3
2469 2470 3
2470 2471 3
2471 2472 3
2472 2473 3
2473 2474 3
2474 2475 3
2475 2476 3
2476 2477 3
2477 2478 3
2478 2479 3
2479 2480 3
2480 2481 3
2481 2482 3
2482 2483 3
2483 2484 3
2484 2485 3
2485 2486 3
2486 2487 3
2487 2488 3
2488 2489 3
2489 2490 3
2490 2491 3
2491 2492 3
2492 2493 3
2493 2494 3
2494 2495 3
2495 2496 3
2496 2497 3
2497 2498 3
2498 2499 3
2499 2500 3
2500 2501 3
2501 2502 3
2502 2503 3
2503 2504 3
2504 2505 3
2505 2506 3
2506 2507 3
2507 2508 3
2508 2509 3
2509 2510 3
2510 2511 3
2511 2512 3
2512 2513 3
2513 2514 3
2514 2515 3
2515 2516 3
2516 2517 3
2517 2518 3
2518 2519 3
2519 2520 3
2520 2521 3
2521 2522 3
2522 2523 3
2523 2524 3
2524 2525 3
2525 2526 3
2526 2527 3
2527 2528 3
2528 2529 3
2529 2530 3
2530 2531 3
2531 2532 3
2532 2533 3
2533 2534 3
2534 2535 3
2535 2536 3
2536 2537 3
2537 2538 3
2538 2539 3
2539 2540 3
2540 2541 3
2541 2542 3
2542 2543 3
2543 2544 3
2544 2545 3
2545 2546 3
2546 2547 3
2547 2548 3
2548 2549 3
2549 2550 3
2550 2551 3
2551 2552 3
2552 2553 3
2553 2554 3
2554 2555 3
2555 2556 3
2556 2557 3
2557 2558 3
2558 2559 3
2559 2560 3
2560 2561 3
2561 2562 3
2562 2563 3
2563 2564 3
2564 2565 3
2565 2566 3
2566 2567 3
2567 2568 3
2568 2569 3
2569 2570 3
2570 2571 3
2571 2572 3
2572 2573 3
2573 2574 3
2574 2575 3
2575 2576 3
2576 2577 3
2577 2578 3
2578 1542 3
2579 2758 3
2758 2759 3
2759 2760 3
2760 2761 3
2761 2762 3
2762 2763 3
2763 2764 3
2764 2765 3
2765 2766 3
2766 2767 3
2767 2768 3
2768 2769 3
2769 2770 3
2770 2771 3
2771 2772 3
2772 2773 3
2773 2774 3
2774 2775 3
2775 2776 3
2776 2777 3
2777 2778 3
2778 2779 3
2779 2780 3
2780 2781 3
2781 2782 3
2782 2783 3
2783 2784 3
2784 2785 3
2785 2786 3
2786 2787 3
2787 2788 3
2788 2789 3
2789 2790 3
2790 2791 3
2791 2792 3
2792 2793 3
2793 2794 3
2794 2795 3
2795 2796 3
2796 2797 3
2797 2798 3
2798 2799 3
2799 2800 3
2800 2801 3
2801 2802 3
2802 2803 3
2803 2804 3
2804 2805 3
2805 2806 3
2806 2807 3
2807 2808 3
2808 2809 3
2809 2810 3
2810 2811 3
2811 2812 3
2812 2813 3
2813 2814 3
2814 2815 3
2815 2816 3
2816 2817 3
2817 2818 3
2818 2819 3
2819 2820 3
2820 2821 3
2821 2822 3
2822 2823 3
2823 2824 3
2824 2825 3
2825 2826 3
2826 2827 3
2827 2828 3
2828 2829 3
2829 2830 3
2830 2831 3
2831 2832 3
2832 2833 3
2833 2834 3
2834 2835 3
2835 2836 3
2836 2837 3
2837 2838 3
2838 2839 3
2839 2840 3
2840 2841 3
2841 2842 3
2842 2843 3
2843 2844 3
2844 2845 3
2845 2846 3
2846 2847 3
2847 2848 3
2848 2849 3
2849 2850 3
2850 2851 3
2851 2852 3
2852 2853 3
2853 2854 3
2854 2855 3
2855 2856 3
2856 2857 3
2857 2858 3
2858 2859 3
2859 2860 3
2860 2861 3
2861 2862 3
2862 2863 3
2863 2864 3
2864 2865 3
2865 2866 3
2866 2867 3
2867 2868 3
2868 2869 3
2869 2870 3
2870 2871 3
2871 2872 3
2872 2873 3
2873 2874 3
2874 2875 3
2875 2876 3
2876 2877 3
2877 2878 3
2878 2879 3
2879 2880 3
2880 2881 3
2881 2882 3
2882 2883 3
2883 2884 3
2884 2885 3
2885 2886 3
2886 2887 3
2887 2888 3
2888 2889 3
2889 2890 3
2890 2891 3
2891 2892 3
2892 2893 3
2893 2894 3
2894 2895 3
2895 2896 3
2896 2897 3
2897 2898 3
2898 2899 3
2899 2900 3
2900 2901 3
2901 2902 3
2902 2903 3
2903 2904 3
2904 2905 3
2905 2906 3
2906 2907 3
2907 2908 3
2908 2909 3
2909 2910 3
2910 2911 3
2911 2912 3
2912 2913 3
2913 2914 3
2914 2915 3
2915 2916 3
2916 2917 3
2917 2918 3
2918 2919 3
2919 2920 3
2920 2921 3
2921 2922 3
2922 2923 3
2923 2924 3
2924 2925 3
2925 2926 3
2926 2927 3
2927 2928 3
2928 2929 3
2929 2930 3
2930 2931 3
2931 2932 3
2932 2933 3
2933 2934 3
2934 2935 3
2935 2936 3
2936 2937 3
2937 2938 3
2938 2939 3
2939 2940 3
2940 2941 3
2941 2942 3
2942 2943 3
2943 2944 3
2944 2945 3
2945 2946 3
2946 2947 3
2947 2948 3
2948 2949 3
2949 2950 3
2950 2951 3
2951 2952 3
2952 2953 3
2953 2954 3
2954 2955 3
2955 2956 3
2956 2957 3
2957 2958 3
2958 2959 3
2959 2960 3
2960 2961 3
2961 2962 3
2962 2963 3
2963 2964 3
2964 2965 3
2965 2966 3
2966 2967 3
2967 2968 3
2968 2969 3
2969 2970 3
2970 2971 3
2971 2972 3
2972 2973 3
2973 2974 3
2974 2975 3
2975 2976 3
2976 2977 3
2977 2978 3
2978 2979 3
2979 2980 3
2980 2981 3
2981 2982 3
2982 2983 3
2983 2984 3
2984 2985 3
2985 2986 3
2986 2987 3
2987 2988 3
2988 2989 3
2989 2990 3
2990 2991 3
2991 2992 3
2992 2993 3
2993 2994 3
2994 2995 3
2995 2996 3
2996 2997 3
2997 2998 3
2998 2999 3
2999 3000 3
3000 3001 3
3001 3002 3
3002 3003 3
3003 3004 3
3004 3005 3
3005 3006 3
3006 3007 3
3007 3008 3
3008 3009 3
3009 3010 3
3010 3011 3
3011 3012 3
3012 3013 3
3013 3014 3
3014 3015 3
3015 3016 3
3016 3017 3
3017 3018 3
3018 3019 3
3019 3020 3
3020 3021 3
3021 3022 3
3022 3023 3
3023 3024 3
3024 3025 3
3025 3026 3
3026 3027 3
3027 3028 3
3028 3029 3
3029 3030 3
3030 3031 3
3031 3032 3
3032 3033 3
3033 3034 3
3034 3035 3
3035 3036 3
3036 3037 3
3037 3038 3
3038 3039 3
3039 3040 3
3040 3041 3
3041 3042 3
3042 3043 3
3043 3044 3
3044 3045 3
3045 3046 3
3046 3047 3
3047 3048 3
3048 3049 3
3049 3050 3
3050 3051 3
3051 3052 3
3052 3053 3
3053 3054 3
3054 3055 3
3055 3056 3
3056 3057 3
3057 3058 3
3058 3059 3
3059 3060 3
3060 3061 3
3061 3062 3
3062 3063 3
3063 2757 3
8 1046 5
1046 1047 5
1047 1048 5
1048 1049 5
1049 1050 5
1050 1051 5
1051 1052 5
1052 1053 5
1053 1054 5
1054 1055 5
1055 1056 5
1056 1057 5
1057 1058 5
1058 1059 5
1059 1060 5
1060 1061 5
1061 1062 5
1062 1063 5
1063 1064 5
1064 1065 5
1065 1066 5
1066 1067 5
1067 1068 5
1068 1069 5
1069 1070 5
1070 1071 5
1071 1072 5
1072 1073 5
1073 1074 5
1074 1075 5
1075 1076 5
1076 1077 5
1077 1078 5
1078 1079 5
1079 1080 5
1080 1081 5
1081 1082 5
1082 1083 5
1083 1084 5
1084 1085 5
1085 1086 5
1086 1087 5
1087 1088 5
1088 1089 5
1089 1090 5
1090 1091 5
1091 1092 5
1092 1093 5
1093 1094 5
1094 1095 5
1095 1096 5
1096 1097 5
1097 1098 5
1098 1099 5
1099 1100 5
1100 1101 5
1101 1102 5
1102 1103 5
1103 1104 5
1104 1105 5
1105 1106 5
1106 1107 5
1107 1108 5
1108 1109 5
1109 1110 5
1110 1111 5
1111 1112 5
1112 1113 5
1113 1114 5
1114 1115 5
1115 1116 5
1116 1117 5
1117 1118 5
1118 1119 5
1119 1120 5
1120 1121 5
1121 1122 5
1122 1123 5
1123 1124 5
1124 1125 5
1125 1126 5
1126 1127 5
1127 1128 5
1128 1129 5
1129 1130 5
1130 1131 5
1131 1132 5
1132 1133 5
1133 1134 5
1134 1135 5
1135 1136 5
1136 1137 5
1137 1138 5
1138 1139 5
1139 1140 5
1140 1141 5
1141 1142 5
1142 1143 5
1143 1144 5
1144 1145 5
1145 1146 5
1146 1147 5
1147 1148 5
1148 1149 5
1149 1150 5
1150 1151 5
1151 1152 5
1152 1153 5
1153 1154 5
1154 1155 5
1155 1156 5
1156 1157 5
1157 1158 5
1158 1159 5
1159 1160 5
1160 1161 5
1161 1162 5
1162 1163 5
1163 1164 5
1164 1165 5
1165 1166 5
1166 1167 5
1167 1168 5
1168 1169 5
1169 1170 5
1170 1171 5
1171 1172 5
1172 1173 5
1173 1174 5
1174 1175 5
1175 1176 5
1176 1177 5
1177 1178 5
1178 1179 5
1179 1180 5
1180 1181 5
1181 1182 5
1182 1183 5
1183 1184 5
1184 1185 5
1185 1186 5
1186 1187 5
1187 1188 5
1188 1189 5
1189 1190 5
1190 1191 5
1191 1192 5
1192 1193 5
1193 1194 5
1194 1195 5
1195 1196 5
1196 1197 5
1197 1198 5
1198 1199 5
1199 1200 5
1200 1201 5
1201 1202 5
1202 1203 5
1203 1204 5
1204 1205 5
1205 1206 5
1206 1207 5
1207 1208 5
1208 1209 5
1209 1210 5
1210 1211 5
1211 1212 5
1212 1213 5
1213 1214 5
1214 1215 5
1215 1216 5
1216 1217 5
1217 1218 5
1218 1219 5
1219 1220 5
1220 1221 5
1221 1222 5
1222 1045 5
1542 2580 5
2580 2581 5
2581 2582 5
2582 2583 5
2583 2584 5
2584 2585 5
2585 2586 5
2586 2587 5
2587 2588 5
2588 2589 5
2589 2590 5
2590 2591 5
2591 2592 5
2592 2593 5
2593 2594 5
2594 2595 5
2595 2596 5
2596 2597 5
2597 2598 5
2598 2599 5
2599 2600 5
2600 2601 5
2601 2602 5
2602 2603 5
2603 2604 5
2604 2605 5
2605 2606 5
2606 2607 5
2607 2608 5
2608 2609 5
2609 2610 5
2610 2611 5
2611 2612 5
2612 2613 5
2613 2614 5
2614 2615 5
2615 2616 5
2616 2617 5
2617 2618 5
2618 2619 5
2619 2620 5
2620 2621 5
2621 2622 5
2622 2623 5
2623 2624 5
2624 2625 5
2625 2626 5
2626 2627 5
2627 2628 5
2628 2629 5
2629 2630 5
2630 2631 5
2631 2632 5
2632 2633 5
2633 2634 5
2634 2635 5
2635 2636 5
2636 2637 5
2637 2638 5
2638 2639 5
2639 2640 5
2640 2641 5
2641 2642 5
2642 2643 5
2643 2644 5
2644 2645 5
2645 2646 5
2646 2647 5
2647 2648 5
2648 2649 5
2649 2650 5
2650 2651 5
2651 2652 5
2652 2653 5
2653 2654 5
2654 2655 5
2655 2656 5
2656 2657 5
2657 2658 5
2658 2659 5
2659 2660 5
2660 2661 5
2661 2662 5
2662 2663 5
2663 2664 5
2664 2665 5
2665 2666 5
2666 2667 5
2667 2668 5
2668 2669 5
2669 2670 5
2670 2671 5
2671 2672 5
2672 2673 5
2673 2674 5
2674 2675 5
2675 2676 5
2676 2677 5
2677 2678 5
2678 2679 5
2679 2680 5
2680 2681 5
2681 2682 5
2682 2683 5
2683 2684 5
2684 2685 5
2685 2686 5
2686 2687 5
2687 2688 5
2688 2689 5
2689 2690 5
2690 2691 5
2691 2692 5
2692 2693 5
2693 2694 5
2694 2695 5
2695 2696 5
2696 2697 5
2697 2698 5
2698 2699 5
2699 2700 5
2700 2701 5
2701 2702 5
2702 2703 5
2703 2704 5
2704 2705 5
2705 2706 5
2706 2707 5
2707 2708 5
2708 2709 5
2709 2710 5
2710 2711 5
2711 2712 5
2712 2713 5
2713 2714 5
2714 2715 5
2715 2716 5
2716 2717 5
2717 2718 5
2718 2719 5
2719 2720 5
2720 2721 5
2721 2722 5
2722 2723 5
2723 2724 5
2724 2725 5
2725 2726 5
2726 2727 5
2727 2728 5
2728 2729 5
2729 2730 5
2730 2731 5
2731 2732 5
2732 2733 5
2733 2734 5
2734 2735 5
2735 2736 5
2736 2737 5
2737 2738 5
2738 2739 5
2739 2740 5
2740 2741 5
2741 2742 5
2742 2743 5
2743 2744 5
2744 2745 5
2745 2746 5
2746 2747 5
2747 2748 5
2748 2749 5
2749 2750 5
2750 2751 5
2751 2752 5
2752 2753 5
2753 2754 5
2754 2755 5
2755 2756 5
2756 2579 5

End
