MeshVersionFormatted
2

Dimension
2

Vertices
6499
-10 0 0
25 0 0
-9.8572155747961681 0 0
-9.7144311495923361 0 0
-9.5716467243885024 0 0
-9.4288622991846704 0 0
-9.2860778739808385 0 0
-9.1432934487770972 0 0
-9.0005090235736276 0 0
-8.8577245983702806 0 0
-8.7149401731671734 0 0
-8.5721557479640662 0 0
-8.4293713227609572 0 0
-8.2865868975578501 0 0
-8.1438024723547429 0 0
-8.0010180471515273 0 0
-7.8582336219482389 0 0
-7.7154491967448262 0 0
-7.5726647715413566 0 0
-7.4298803463378862 0 0
-7.2870959211344157 0 0
-7.1443114959309462 0 0
-7.0015270707274766 0 0
-6.8587426455240053 0 0
-6.7159582203205357 0 0
-6.5731737951170652 0 0
-6.4303893699135957 0 0
-6.2876049447101252 0 0
-6.1448205195066556 0 0
-6.0020360943031852 0 0
-5.8592516690997147 0 0
-5.7164672438962452 0 0
-5.5736828186927747 0 0
-5.4308983934893043 0 0
-5.2881139682858347 0 0
-5.1453295430823651 0 0
-5.0025451178788964 0 0
-4.8597606926754251 0 0
-4.7169762674719564 0 0
-4.574191842268486 0 0
-4.4314074170650164 0 0
-4.2886229918615459 0 0
-4.1458385666580746 0 0
-4.0030541414546059 0 0
-3.8626821242800409 0 0
-3.7272313498485632 0 0
-3.5965303295225799 0 0
-3.4704125605406162 0 0
-3.348717286395297 0 0
-3.2312894343193359 0 0
-3.1179793839829428 0 0
-3.0086427089612919 0 0
-2.9031401095714009 0 0
-2.801337103380487 0 0
-2.703103975899722 0 0
-2.608315550891998 0 0
-2.5168510117607221 0 0
-2.4285938223909418 0 0
-2.3434315122407829 0 0
-2.2612555409204962 0 0
-2.1819611812842421 0 0
-2.1054474179332741 0 0
-2.0316167241903722 0 0
-1.9599771933720529 0 0
-1.8885849807704991 0 0
-1.8171927681689439 0 0
-1.7458005555673921 0 0
-1.674408342965837 0 0
-1.6030161303642829 0 0
-1.53162391776273 0 0
-1.460231705161174 0 0
-1.3888394925596219 0 0
-1.317447279958067 0 0
-1.2460550673565149 0 0
-1.17466285475496 0 0
-1.103270642153406 0 0
-1.0318784295518511 0 0
-0.96048621695029723 0 0
-0.88909400434874541 0 0
-0.81770179174719004 0 0
-0.74630957914563645 0 0
-0.67491736654408108 0 0
-0.60352515394252926 0 0
-0.53213294134097566 0 0
-0.46074072873942029 0 0
-0.3893485161378667 0 0
-0.3179563035363131 0 0
-0.24656409093475951 0 0
-0.17517187833320591 0 0
-0.1037796657316505 0 0
-0.032387453130096937 0 0
0.039004759471454882 0 0
0.1103969720730102 0 0
0.18178918467456379 0 0
0.25318139727611921 0 0
0.32457360987767281 0 0
0.39596582247922463 0 0
0.46735803508078 0 0
0.53875024768233537 0 0
0.61014246028388897 0 0
0.68153467288544256 0 0
0.75292688548699616 0 0
0.82431909808854975 0 0
0.89571131069010512 0 0
0.96710352329165872 0 0
1.0384957358932121 0 0
1.1098879484947659 0 0
1.1812801610963199 0 0
1.2526723736978731 0 0
1.324064586299428 0 0
1.3954567989009801 0 0
1.4668490115025361 0 0
1.538241224104089 0 0
1.6096334367056431 0 0
1.681025649307198 0 0
1.75241786190875 0 0
1.823810074510305 0 0
1.895202287111859 0 0
1.966594499713413 0 0
2.037986712314968 0 0
2.1093789249165198 0 0
2.1807711375180752 0 0
2.2521633501196292 0 0
2.3235555627211819 0 0
2.3949477753227382 0 0
2.46633998792429 0 0
2.5377322005258431 0 0
2.609124413127399 0 0
2.6805166257289521 0 0
2.7519088383305039 0 0
2.8233010509320589 0 0
2.8946932635336129 0 0
2.9660854761351678 0 0
3.0374776887367179 0 0
3.1088699013382741 0 0
3.1802621139398268 0 0
3.2516543265413831 0 0
3.323046539142934 0 0
3.3944387517444881 0 0
3.4658309643460421 0 0
3.537223176947597 0 0
3.6086153895491488 0 0
3.680007602150702 0 0
3.751399814752256 0 0
3.822792027353811 0 0
3.8941842399553628 0 0
3.965576452556919 0 0
4.0369686651584704 0 0
4.1083608777600258 0 0
4.1797530903615776 0 0
4.251145302963133 0 0
4.3225375155646848 0 0
4.3939297281662402 0 0
4.465321940767792 0 0
4.5367141533693474 0 0
4.608106365970901 0 0
4.6794985785724554 0 0
4.7508907911740064 0 0
4.8222830037755617 0 0
4.8936752163771153 0 0
4.9650674289786689 0 0
5.0364596415802207 0 0
5.1078518541817761 0 0
5.1792440667833297 0 0
5.2506362793848851 0 0
5.3220284919864351 0 0
5.3934207045879896 0 0
5.4648129171895441 0 0
5.5362051297910986 0 0
5.6075973423926504 0 0
5.6789895549942049 0 0
5.7503817675957576 0 0
5.8217739801973138 0 0
5.8931661927988639 0 0
5.9645584054004193 0 0
6.0359506180019729 0 0
6.1073428306035282 0 0
6.17873504320508 0 0
6.2501272558066354 0 0
6.3215194684081872 0 0
6.3929116810097426 0 0
6.4643038936112944 0 0
6.5356961062128498 0 0
6.6070883188144016 0 0
6.678480531415957 0 0
6.7498727440175088 0 0
6.8212649566190642 0 0
6.892657169220616 0 0
6.9640493818221714 0 0
7.0354415944237232 0 0
7.1068338070252786 0 0
7.1782260196268304 0 0
7.2496182322284461 0 0
7.3210104448301792 0 0
7.3924026574319157 0 0
7.4637948700336487 0 0
7.5351870826355594 0 0
7.6065792952376619 0 0
7.6779715078397572 0 0
7.7493637204418562 0 0
7.8207559330440723 0 0
7.8921481456463516 0 0
7.963540358248629 0 0
8.0349325708509092 0 0
8.1063247834531893 0 0
8.1777169960554694 0 0
8.249109208657746 0 0
8.3205014212600226 0 0
8.3918936338623027 0 0
8.4632858464645828 0 0
8.5346780590668594 0 0
8.6060702716691395 0 0
8.6774624842714161 0 0
8.7488546968736962 0 0
8.8202469094759763 0 0
8.8916391220782565 0 0
8.9630313346805295 0 0
9.0344235472828096 0 0
9.1058157598850897 0 0
9.1772079724873699 0 0
9.2486001850896464 0 0
9.3199923976919266 0 0
9.3913846102942067 0 0
9.4627768228964868 0 0
9.5341690354987598 0 0
9.60556124810104 0 0
9.6769534607033201 0 0
9.7483456733056002 0 0
9.8197378859078768 0 0
9.8911300985101569 0 0
9.962522311112437 0 0
10.033914523714721 0 0
10.10530673631699 0 0
10.17669894891927 0 0
10.24809116152155 0 0
10.319483374123831 0 0
10.390875586726111 0 0
10.462267799328391 0 0
10.53366001193066 0 0
10.60505222453294 0 0
10.676444437135221 0 0
10.747836649737501 0 0
10.819228862339781 0 0
10.890621074942061 0 0
10.962013287544339 0 0
11.033405500146619 0 0
11.104797712748891 0 0
11.176189925351171 0 0
11.247582137953451 0 0
11.318974350555729 0 0
11.390366563158009 0 0
11.461758775760289 0 0
11.53315098836257 0 0
11.60454320096485 0 0
11.675935413567119 0 0
11.747327626169399 0 0
11.818719838771679 0 0
11.89011205137396 0 0
11.96150426397624 0 0
12.03289647657852 0 0
12.104288689180789 0 0
12.175680901783069 0 0
12.24707311438535 0 0
12.31846532698763 0 0
12.38985753958991 0 0
12.46124975219219 0 0
12.53264196479447 0 0
12.60403417739675 0 0
12.67542638999902 0 0
12.74681860260131 0 0
12.818210815203591 0 0
12.889603027805871 0 0
12.96099524040814 0 0
13.03265112665806 0 0
13.10651940387957 0 0
13.183072144020841 0 0
13.26240685810439 0 0
13.344624672425001 0 0
13.429830355103499 0 0
13.51813248012547 0 0
13.609643572278319 0 0
13.704480276311671 0 0
13.80276341663372 0 0
13.904618251815769 0 0
14.01017456904318 0 0
14.11956690916427 0 0
14.2329346557694 0 0
14.350422320044951 0 0
14.472179547573541 0 0
14.59836153243484 0 0
14.729129068063299 0 0
14.86464881239853 0 0
15.00509023568112 0 0
15.14787466088568 0 0
15.29065908609024 0 0
15.43344351129479 0 0
15.57622793649934 0 0
15.7190123617039 0 0
15.86179678690845 0 0
16.00458121211301 0 0
16.147365637317559 0 0
16.29015006252212 0 0
16.43293448772668 0 0
16.57571891293124 0 0
16.71850333813579 0 0
16.861287763340339 0 0
17.0040721885449 0 0
17.14685661374946 0 0
17.289641038954009 0 0
17.432425464158559 0 0
17.575209889363119 0 0
17.717994314567679 0 0
17.860778739772229 0 0
18.003563164976789 0 0
18.146347590181339 0 0
18.289132015385899 0 0
18.431916440590449 0 0
18.574700865795009 0 0
18.717485290999569 0 0
18.860269716204119 0 0
19.003054141408668 0 0
19.145838566613229 0 0
19.288622991817789 0 0
19.431407417022339 0 0
19.574191842226899 0 0
19.716976267431448 0 0
19.859760692636009 0 0
20.002545117840569 0 0
20.145329543045118 0 0
20.288113968249672 0 0
20.430898393454228 0 0
20.573682818658789 0 0
20.716467243863349 0 0
20.859251669067891 0 0
21.002036094272452 0 0
21.144820519477008 0 0
21.287604944681561 0 0
21.430389369886111 0 0
21.573173795090671 0 0
21.715958220295231 0 0
21.858742645499781 0 0
22.001527070704331 0 0
22.144311495908891 0 0
22.287095921113451 0 0
22.429880346318011 0 0
22.57266477152255 0 0
22.715449196727111 0 0
22.858233621931671 0 0
23.001018047136231 0 0
23.143802472340781 0 0
23.28658689754533 0 0
23.429371322749891 0 0
23.572155747954451 0 0
23.714940173159 0 0
23.857724598363561 0 0
24.00050902356811 0 0
24.14329344877267 0 0
24.28607787397722 0 0
24.42886229918178 0 0
24.57164672438633 0 0
24.71443114959089 0 0
24.85721557479545 0 0
25 0.5 0
25 0.12887127881415661 0
25 0.2515940046247625 0
25 0.3445635468605816 0
25 0.41287652174370948 0
25 0.46306975198566891 0
1 0.5 0
24.965708250040851 0.5 0
24.931436296301239 0.5 0
24.89716434256162 0.5 0
24.862892388822001 0.5 0
24.828620435082389 0.5 0
24.794348481342769 0.5 0
24.76007652760315 0.5 0
24.725804573863531 0.5 0
24.691532620123919 0.5 0
24.6572606663843 0.5 0
24.62298871264468 0.5 0
24.588716758905061 0.5 0
24.554444805165449 0.5 0
24.52017285142583 0.5 0
24.485900897686211 0.5 0
24.451628943946591 0.5 0
24.417356990206979 0.5 0
24.38308503646736 0.5 0
24.348813082727741 0.5 0
24.314541128988122 0.5 0
24.280269175248499 0.5 0
24.24599722150889 0.5 0
24.211725267769271 0.5 0
24.177453314029648 0.5 0
24.143181360290029 0.5 0
24.108909406550421 0.5 0
24.074637452810801 0.5 0
24.040365499071179 0.5 0
24.006093545331559 0.5 0
23.971821591591951 0.5 0
23.937549637852332 0.5 0
23.903277684112709 0.5 0
23.86900573037309 0.5 0
23.83473377663347 0.5 0
23.800461822893858 0.5 0
23.766189869154239 0.5 0
23.73191791541462 0.5 0
23.697645961675001 0.5 0
23.6633740079353 0.5 0
23.629102054195549 0.5 0
23.594830100455809 0.5 0
23.560558146716069 0.5 0
23.526286192976318 0.5 0
23.492014239236521 0.5 0
23.457742285496519 0.5 0
23.423470331756519 0.5 0
23.38919837801652 0.5 0
23.35492642427652 0.5 0
23.320654470536521 0.5 0
23.286382516796429 0.5 0
23.252110563056309 0.5 0
23.217838609316178 0.5 0
23.183566655576058 0.5 0
23.149294701835931 0.5 0
23.115022748095811 0.5 0
23.08075079435568 0.5 0
23.04647884061556 0.5 0
23.012206886875429 0.5 0
22.977934933135309 0.5 0
22.943662979395182 0.5 0
22.909391025655061 0.5 0
22.875119071914931 0.5 0
22.840847118174811 0.5 0
22.80657516443468 0.5 0
22.77230321069456 0.5 0
22.738031256954429 0.5 0
22.703759303214309 0.5 0
22.669487349474181 0.5 0
22.635215395734061 0.5 0
22.60094344199393 0.5 0
22.56667148825381 0.5 0
22.532399534513679 0.5 0
22.498127580773559 0.5 0
22.463855627033428 0.5 0
22.429583673293308 0.5 0
22.395311719553181 0.5 0
22.361039765813061 0.5 0
22.32676781207293 0.5 0
22.29249585833281 0.5 0
22.258223904592679 0.5 0
22.223951950852559 0.5 0
22.189679997112439 0.5 0
22.155408043372429 0.5 0
22.121136089632429 0.5 0
22.08686413589243 0.5 0
22.052592182152431 0.5 0
22.018320228412431 0.5 0
21.98404827467256 0.5 0
21.949776320932809 0.5 0
21.915504367193069 0.5 0
21.881232413453318 0.5 0
21.846960459713578 0.5 0
21.812688505973831 0.5 0
21.778416552234219 0.5 0
21.7441445984946 0.5 0
21.709872644754981 0.5 0
21.675600691015362 0.5 0
21.641328737275749 0.5 0
21.60705678353613 0.5 0
21.572784829796511 0.5 0
21.538512876056888 0.5 0
21.50424092231728 0.5 0
21.46996896857766 0.5 0
21.435697014838041 0.5 0
21.401425061098418 0.5 0
21.367153107358799 0.5 0
21.332881153619191 0.5 0
21.298609199879571 0.5 0
21.264337246139949 0.5 0
21.230065292400329 0.5 0
21.19579333866071 0.5 0
21.161521384921102 0.5 0
21.127249431181479 0.5 0
21.09297747744186 0.5 0
21.058705523702219 0.5 0
21.024433569962351 0.5 0
20.99016161622248 0.5 0
20.955889662482601 0.5 0
20.92161770874273 0.5 0
20.887345755002858 0.5 0
20.853073801262831 0.5 0
20.8188018475227 0.5 0
20.78452989378258 0.5 0
20.750257940042449 0.5 0
20.715985986302329 0.5 0
20.681714032562201 0.5 0
20.647442078822081 0.5 0
20.61317012508195 0.5 0
20.57889817134183 0.5 0
20.544626217601699 0.5 0
20.510354263861579 0.5 0
20.476082310121459 0.5 0
20.441810356381328 0.5 0
20.407538402641201 0.5 0
20.373266448901081 0.5 0
20.33899449516095 0.5 0
20.30472254142083 0.5 0
20.27045058768071 0.5 0
20.236178633940579 0.5 0
20.201906680200459 0.5 0
20.167634726460332 0.5 0
20.133362772720201 0.5 0
20.099090818980081 0.5 0
20.06481886523995 0.5 0
20.03054691149983 0.5 0
19.996274957759699 0.5 0
19.962003004019579 0.5 0
19.927731050279451 0.5 0
19.893459096539331 0.5 0
19.8591871427992 0.5 0
19.82491518905908 0.5 0
19.790643235318949 0.5 0
19.756371281578829 0.5 0
19.722099327838709 0.5 0
19.687827374098578 0.5 0
19.653555420358451 0.5 0
19.619283466618331 0.5 0
19.5850115128782 0.5 0
19.55073955913808 0.5 0
19.51646760539796 0.5 0
19.482195651657829 0.5 0
19.447923697917709 0.5 0
19.413651744177582 0.5 0
19.379379790437451 0.5 0
19.345107836697331 0.5 0
19.31083588295721 0.5 0
19.27656392921708 0.5 0
19.242291975476959 0.5 0
19.208020021736829 0.5 0
19.173748067996701 0.5 0
19.139476114256581 0.5 0
19.10520416051645 0.5 0
19.07093220677633 0.5 0
19.036660253036199 0.5 0
19.002388299296079 0.5 0
18.968116345555959 0.5 0
18.933844391815828 0.5 0
18.899572438075701 0.5 0
18.865300484335581 0.5 0
18.83102853059545 0.5 0
18.79675657685533 0.5 0
18.76248462311521 0.5 0
18.728212669375079 0.5 0
18.693940715634959 0.5 0
18.659668761894832 0.5 0
18.625396808154701 0.5 0
18.591124854414581 0.5 0
18.55685290067446 0.5 0
18.52258094693433 0.5 0
18.48830899319421 0.5 0
18.454037039454079 0.5 0
18.419765085713951 0.5 0
18.385493131973831 0.5 0
18.351221178233711 0.5 0
18.31694922449358 0.5 0
18.28267727075346 0.5 0
18.248405317013329 0.5 0
18.214133363273209 0.5 0
18.179861409533078 0.5 0
18.145589455792958 0.5 0
18.111317502052831 0.5 0
18.0770455483127 0.5 0
18.04277359457258 0.5 0
18.00850164083246 0.5 0
17.974229687092329 0.5 0
17.939957733352209 0.5 0
17.905685779612082 0.5 0
17.871413825871961 0.5 0
17.837141872131831 0.5 0
17.802869918391711 0.5 0
17.76859796465158 0.5 0
17.73432601091146 0.5 0
17.700054057171329 0.5 0
17.665782103431209 0.5 0
17.631510149691081 0.5 0
17.597238195950961 0.5 0
17.56296624221083 0.5 0
17.52869428847071 0.5 0
17.494422334730579 0.5 0
17.460150380990459 0.5 0
17.425878427250328 0.5 0
17.391606473510208 0.5 0
17.357334519770081 0.5 0
17.323062566029961 0.5 0
17.28879061228983 0.5 0
17.25451865854971 0.5 0
17.220246704809579 0.5 0
17.185974751069459 0.5 0
17.151702797329339 0.5 0
17.117430843589212 0.5 0
17.083158889849081 0.5 0
17.048886936108961 0.5 0
17.01461498236883 0.5 0
16.98034302862871 0.5 0
16.946071074888589 0.5 0
16.911799121148459 0.5 0
16.877527167408331 0.5 0
16.843255213668211 0.5 0
16.80898325992808 0.5 0
16.77471130618796 0.5 0
16.740439352447829 0.5 0
16.706167398707709 0.5 0
16.671895444967578 0.5 0
16.637623491227458 0.5 0
16.603351537487331 0.5 0
16.569079583747211 0.5 0
16.53480763000708 0.5 0
16.50053567626696 0.5 0
16.466263722526829 0.5 0
16.431991768786709 0.5 0
16.397719815046589 0.5 0
16.363447861306462 0.5 0
16.329175907566331 0.5 0
16.294903953826211 0.5 0
16.26063200008608 0.5 0
16.22636004634596 0.5 0
16.192088092605839 0.5 0
16.157816138865758 0.5 0
16.123544185125699 0.5 0
16.089272231385639 0.5 0
16.055000277645579 0.5 0
16.020728323905519 0.5 0
15.986456370165509 0.5 0
15.95218441642557 0.5 0
15.91791246268564 0.5 0
15.8836405089457 0.5 0
15.849368555205769 0.5 0
15.815096601465831 0.5 0
15.780824647725961 0.5 0
15.746552693986089 0.5 0
15.712280740246211 0.5 0
15.678008786506339 0.5 0
15.64373683276647 0.5 0
15.6094648790266 0.5 0
15.57519292528673 0.5 0
15.540920971546861 0.5 0
15.506649017806989 0.5 0
15.472377064067111 0.5 0
15.438105110327241 0.5 0
15.403833156587369 0.5 0
15.3695612028475 0.5 0
15.33528924910763 0.5 0
15.30101729536776 0.5 0
15.266745341627891 0.5 0
15.232473387888019 0.5 0
15.19820143414815 0.5 0
15.163929480408269 0.5 0
15.129657526668399 0.5 0
15.09538557292853 0.5 0
15.06111361918866 0.5 0
15.02684166544879 0.5 0
14.992569711708921 0.5 0
14.958297757969049 0.5 0
14.924025804229171 0.5 0
14.889753850489299 0.5 0
14.85548189674943 0.5 0
14.82120994300956 0.5 0
14.78693798926969 0.5 0
14.75266603552982 0.5 0
14.718394081789951 0.5 0
14.684122128050079 0.5 0
14.649850174310201 0.5 0
14.615578220570329 0.5 0
14.58130626683046 0.5 0
14.54703431309059 0.5 0
14.51276235935072 0.5 0
14.478490405610851 0.5 0
14.44421845187097 0.5 0
14.409946498131101 0.5 0
14.375674544391231 0.5 0
14.341402590651359 0.5 0
14.30713063691149 0.5 0
14.27285868317162 0.5 0
14.23858672943175 0.5 0
14.204314775691881 0.5 0
14.170042821952009 0.5 0
14.135770868212131 0.5 0
14.101498914472259 0.5 0
14.067226960732389 0.5 0
14.03295500699252 0.5 0
13.99868305325265 0.5 0
13.96441109951278 0.5 0
13.930139145772911 0.5 0
13.89586719203303 0.5 0
13.861595238293161 0.5 0
13.827323284553289 0.5 0
13.793051330813419 0.5 0
13.75877937707355 0.5 0
13.72450742333368 0.5 0
13.69023546959381 0.5 0
13.655963515853941 0.5 0
13.621691562114069 0.5 0
13.587419608374191 0.5 0
13.553147654634319 0.5 0
13.51887570089445 0.5 0
13.48460374715458 0.5 0
13.45033179341471 0.5 0
13.416059839674841 0.5 0
13.38178788593496 0.5 0
13.34751593219509 0.5 0
13.313243978455221 0.5 0
13.278972024715349 0.5 0
13.24470007097548 0.5 0
13.21042811723561 0.5 0
13.17615616349574 0.5 0
13.141884209755871 0.5 0
13.107612256016001 0.5 0
13.073340302276129 0.5 0
13.0401712900234 0.5 0
13.01402069918352 0.5 0
12.9951838090434 0.5 0
12.97804783217337 0.5 0
12.96091185530333 0.5 0
12.9437758784333 0.5 0
12.92663990156327 0.5 0
12.90950392469324 0.5 0
12.89236794782321 0.5 0
12.87523197095318 0.5 0
12.858095994083151 0.5 0
12.840960017213121 0.5 0
12.823824040343091 0.5 0
12.80668806347305 0.5 0
12.789552086602979 0.5 0
12.772416109732919 0.5 0
12.755280132862859 0.5 0
12.738144155992799 0.5 0
12.721008179122739 0.5 0
12.70387220225267 0.5 0
12.68673622538261 0.5 0
12.66960024851255 0.5 0
12.652464271642479 0.5 0
12.635328294772419 0.5 0
12.618192317902359 0.5 0
12.601056341032301 0.5 0
12.58392036416223 0.5 0
12.56678438729217 0.5 0
12.54964841042211 0.5 0
12.53251243355205 0.5 0
12.515376456681979 0.5 0
12.498240479811921 0.5 0
12.481104502941861 0.5 0
12.463968526071801 0.5 0
12.44683254920173 0.5 0
12.42969657233167 0.5 0
12.41256059546161 0.5 0
12.39542461859155 0.5 0
12.37828864172149 0.5 0
12.361152664851421 0.5 0
12.344016687981361 0.5 0
12.326880711111301 0.5 0
12.30974473424124 0.5 0
12.29260875737117 0.5 0
12.27547278050111 0.5 0
12.25833680363105 0.5 0
12.24120082676099 0.5 0
12.224064849890921 0.5 0
12.20692887302086 0.5 0
12.1897928961508 0.5 0
12.17265691928074 0.5 0
12.15552094241067 0.5 0
12.13838496554061 0.5 0
12.121248988670549 0.5 0
12.104113011800489 0.5 0
12.08697703493042 0.5 0
12.06984105806036 0.5 0
12.0527050811903 0.5 0
12.03556910432023 0.5 0
12.018433127450169 0.5 0
12.001297150580109 0.5 0
11.984161173710049 0.5 0
11.967025196839989 0.5 0
11.94988921996992 0.5 0
11.93275324309986 0.5 0
11.9156172662298 0.5 0
11.89848128935974 0.5 0
11.881345312489669 0.5 0
11.864209335619609 0.5 0
11.847073358749549 0.5 0
11.829937381879491 0.5 0
11.81280140500942 0.5 0
11.79566542813936 0.5 0
11.7785294512693 0.5 0
11.761393474399229 0.5 0
11.744257497529169 0.5 0
11.727121520659111 0.5 0
11.709985543789051 0.5 0
11.692849566918991 0.5 0
11.67571359004892 0.5 0
11.65857761317886 0.5 0
11.6414416363088 0.5 0
11.62430565943874 0.5 0
11.607169682568671 0.5 0
11.590033705698611 0.5 0
11.572897728828551 0.5 0
11.555761751958491 0.5 0
11.53862577508842 0.5 0
11.52148979821836 0.5 0
11.5043538213483 0.5 0
11.487217844478231 0.5 0
11.470081867608171 0.5 0
11.452945890738111 0.5 0
11.43580991386805 0.5 0
11.41867393699799 0.5 0
11.40153796012792 0.5 0
11.38440198325786 0.5 0
11.367266006387799 0.5 0
11.350130029517739 0.5 0
11.332994052647679 0.5 0
11.31585807577761 0.5 0
11.29872209890755 0.5 0
11.28158612203749 0.5 0
11.26445014516743 0.5 0
11.247314168297359 0.5 0
11.230178191427299 0.5 0
11.213042214557239 0.5 0
11.195906237687179 0.5 0
11.17877026081711 0.5 0
11.16163428394705 0.5 0
11.14449830707699 0.5 0
11.127362330206919 0.5 0
11.110226353336859 0.5 0
11.093090376466799 0.5 0
11.075954399596741 0.5 0
11.05881842272667 0.5 0
11.04168244585661 0.5 0
11.02454646898655 0.5 0
11.00741049211649 0.5 0
10.99027451524643 0.5 0
10.973138538376361 0.5 0
10.956002561506301 0.5 0
10.938866584636241 0.5 0
10.921730607766181 0.5 0
10.90459463089611 0.5 0
10.88745865402605 0.5 0
10.87032267715599 0.5 0
10.853186700285921 0.5 0
10.836050723415861 0.5 0
10.818914746545801 0.5 0
10.801778769675741 0.5 0
10.784642792805681 0.5 0
10.76750681593561 0.5 0
10.75037083906555 0.5 0
10.73323486219549 0.5 0
10.71609888532543 0.5 0
10.698962908455361 0.5 0
10.6818269315853 0.5 0
10.66469095471524 0.5 0
10.64755497784518 0.5 0
10.63041900097511 0.5 0
10.61328302410505 0.5 0
10.596147047234989 0.5 0
10.57901107036492 0.5 0
10.56187509349486 0.5 0
10.5447391166248 0.5 0
10.52760313975474 0.5 0
10.51046716288467 0.5 0
10.493331186014609 0.5 0
10.476195209144549 0.5 0
10.459059232274489 0.5 0
10.441923255404429 0.5 0
10.42478727853436 0.5 0
10.4076513016643 0.5 0
10.39051532479424 0.5 0
10.373379347924169 0.5 0
10.356243371054109 0.5 0
10.339107394184049 0.5 0
10.321971417313989 0.5 0
10.30483544044392 0.5 0
10.28769946357386 0.5 0
10.2705634867038 0.5 0
10.25342750983374 0.5 0
10.236291532963669 0.5 0
10.219155556093609 0.5 0
10.202019579223551 0.5 0
10.184883602353491 0.5 0
10.167747625483431 0.5 0
10.15061164861336 0.5 0
10.1334756717433 0.5 0
10.11633969487324 0.5 0
10.09920371800318 0.5 0
10.08206774113312 0.5 0
10.064931764263051 0.5 0
10.047795787392991 0.5 0
10.03065981052292 0.5 0
10.01352383365286 0.5 0
9.9963878567827997 0.5 0
9.9792518799127379 0.5 0
9.962115903042676 0.5 0
9.9449799261726142 0.5 0
9.9278439493025505 0.5 0
9.9107079724324887 0.5 0
9.8935719955624268 0.5 0
9.8764360186923632 0.5 0
9.8593000418223014 0.5 0
9.8421640649522395 0.5 0
9.8250280880821776 0.5 0
9.8078921112121158 0.5 0
9.7907561343420504 0.5 0
9.7736201574719885 0.5 0
9.7564841806019267 0.5 0
9.7393482037318648 0.5 0
9.722212226861803 0.5 0
9.7050762499917376 0.5 0
9.6879402731216757 0.5 0
9.6708042962516139 0.5 0
9.6536683193815502 0.5 0
9.6365323425114884 0.5 0
9.6193963656414265 0.5 0
9.6022603887713647 0.5 0
9.5851244119013028 0.5 0
9.567988435031241 0.5 0
9.5508524581611773 0.5 0
9.5337164812911119 0.5 0
9.5165805044210501 0.5 0
9.4994445275509882 0.5 0
9.4823085506809264 0.5 0
9.4651725738108645 0.5 0
9.4480365969408027 0.5 0
9.4309006200707408 0.5 0
9.4137646432006754 0.5 0
9.3966286663306136 0.5 0
9.3794926894605517 0.5 0
9.3623567125904881 0.5 0
9.3452207357204262 0.5 0
9.3280847588503644 0.5 0
9.3109487819803025 0.5 0
9.2938128051102389 0.5 0
9.276676828240177 0.5 0
9.2595408513701152 0.5 0
9.2424048745000533 0.5 0
9.2252688976299915 0.5 0
9.2081329207599296 0.5 0
9.1909969438898642 0.5 0
9.1738609670198024 0.5 0
9.156724990149737 0.5 0
9.1395890132796751 0.5 0
9.1224530364096132 0.5 0
9.1053170595395514 0.5 0
9.0881810826694895 0.5 0
9.0710451057994277 0.5 0
9.0539091289293641 0.5 0
9.0367731520593022 0.5 0
9.0196371751892386 0.5 0
9.0025011983191767 0.5 0
8.9853652214491149 0.5 0
8.968229244579053 0.5 0
8.9510932677089912 0.5 0
8.9339572908389293 0.5 0
8.9168213139688639 0.5 0
8.8996853370988021 0.5 0
8.8825493602287402 0.5 0
8.8654133833586783 0.5 0
8.8482774064886165 0.5 0
8.8311414296185511 0.5 0
8.8140054527484892 0.5 0
8.7968694758784274 0.5 0
8.7797334990083655 0.5 0
8.7625975221383001 0.5 0
8.7454615452682418 0.5 0
8.7283255683981764 0.5 0
8.7111895915281181 0.5 0
8.6940536146580527 0.5 0
8.6769176377879909 0.5 0
8.659781660917929 0.5 0
8.6426456840478636 0.5 0
8.6255097071778017 0.5 0
8.6083737303077399 0.5 0
8.591237753437678 0.5 0
8.5741017765676162 0.5 0
8.5569657996975543 0.5 0
8.5398298228274889 0.5 0
8.5226938459574271 0.5 0
8.5055578690873652 0.5 0
8.4884218922173034 0.5 0
8.471285915347238 0.5 0
8.4541499384771797 0.5 0
8.4370139616071143 0.5 0
8.419877984737056 0.5 0
8.4027420078669905 0.5 0
8.3856060309969287 0.5 0
8.3684700541268668 0.5 0
8.351334077256805 0.5 0
8.3341981003867431 0.5 0
8.3170621235166777 0.5 0
8.2999261466466159 0.5 0
8.282790169776554 0.5 0
8.2656541929064886 0.5 0
8.2485182160364268 0.5 0
8.2313822391663649 0.5 0
8.2142462622963031 0.5 0
8.1971102854262412 0.5 0
8.1799743085561794 0.5 0
8.1628383316861175 0.5 0
8.1457023548160521 0.5 0
8.1285663779459902 0.5 0
8.1114304010759284 0.5 0
8.0942944242058665 0.5 0
8.0771584473358047 0.5 0
8.0600224704657428 0.5 0
8.042886493595681 0.5 0
8.0257505167256156 0.5 0
8.0086145398555537 0.5 0
7.9914785629854919 0.5 0
7.9743425861154256 0.5 0
7.9572066092453646 0.5 0
7.9400706323753028 0.5 0
7.9229346555052409 0.5 0
7.905798678635179 0.5 0
7.8886627017651136 0.5 0
7.8715267248950553 0.5 0
7.8543907480249899 0.5 0
7.8372547711549316 0.5 0
7.8201187942848662 0.5 0
7.8029828174148044 0.5 0
7.7858468405447434 0.5 0
7.7687108636746771 0.5 0
7.7515748868046153 0.5 0
7.7344389099345534 0.5 0
7.7173029330644924 0.5 0
7.7001669561944297 0.5 0
7.6830309793243678 0.5 0
7.665895002454306 0.5 0
7.6487590255842406 0.5 0
7.6316230487141787 0.5 0
7.6144870718441169 0.5 0
7.5973510949740506 0.5 0
7.5802151181039932 0.5 0
7.5630791412339278 0.5 0
7.5459431643638686 0.5 0
7.5288071874938041 0.5 0
7.5116712106237422 0.5 0
7.4945352337536804 0.5 0
7.4773992568836194 0.5 0
7.4602632800135567 0.5 0
7.4431273031434912 0.5 0
7.4259913262734294 0.5 0
7.4088553494033684 0.5 0
7.3917193725333021 0.5 0
7.3745833956632403 0.5 0
7.3574474187931784 0.5 0
7.3403114419231166 0.5 0
7.3231754650530547 0.5 0
7.3060394881829929 0.5 0
7.288903511312931 0.5 0
7.2717675344428656 0.5 0
7.2546315575728038 0.5 0
7.2374955807027419 0.5 0
7.2203596038326801 0.5 0
7.2032236269626182 0.5 0
7.1860876500925563 0.5 0
7.1689516732224936 0.5 0
7.1518156963524291 0.5 0
7.1346797194823672 0.5 0
7.1175437426123054 0.5 0
7.10040776574224 0.5 0
7.0832717888721781 0.5 0
7.0661358120021163 0.5 0
7.0489998351320544 0.5 0
7.0318638582619926 0.5 0
7.0147278813919272 0.5 0
6.9975919045218689 0.5 0
6.9804559276518026 0.5 0
6.9633199507817451 0.5 0
6.9461839739116797 0.5 0
6.9290479970416179 0.5 0
6.911912020171556 0.5 0
6.8947760433014942 0.5 0
6.8776400664314288 0.5 0
6.8605040895613669 0.5 0
6.8433681126913051 0.5 0
6.8262321358212432 0.5 0
6.8090961589511814 0.5 0
6.7919601820811204 0.5 0
6.7748242052110541 0.5 0
6.7576882283409923 0.5 0
6.7405522514709304 0.5 0
6.723416274600865 0.5 0
6.7062802977308067 0.5 0
6.6891443208607413 0.5 0
6.672008343990683 0.5 0
6.6548723671206176 0.5 0
6.6377363902505557 0.5 0
6.6206004133804939 0.5 0
6.603464436510432 0.5 0
6.5863284596403666 0.5 0
6.5691924827703048 0.5 0
6.5520565059002429 0.5 0
6.5349205290301811 0.5 0
6.5177845521601192 0.5 0
6.5006485752900538 0.5 0
6.4835125984199919 0.5 0
6.4663766215499301 0.5 0
6.4492406446798682 0.5 0
6.4321046678098064 0.5 0
6.4149686909397454 0.5 0
6.3978327140696791 0.5 0
6.3806967371996208 0.5 0
6.3635607603295554 0.5 0
6.3464247834594936 0.5 0
6.3292888065894317 0.5 0
6.3121528297193699 0.5 0
6.295016852849308 0.5 0
6.2778808759792462 0.5 0
6.2607448991091807 0.5 0
6.2436089222391189 0.5 0
6.2264729453690526 0.5 0
6.2093369684989916 0.5 0
6.1922009916289298 0.5 0
6.1750650147588679 0.5 0
6.1579290378888061 0.5 0
6.1407930610187442 0.5 0
6.1236570841486824 0.5 0
6.106521107278617 0.5 0
6.0893851304085587 0.5 0
6.0722491535384933 0.5 0
6.0551131766684314 0.5 0
6.0379771997983704 0.5 0
6.0208412229283077 0.5 0
6.0037052460582423 0.5 0
5.9865692691881804 0.5 0
5.9694332923181186 0.5 0
5.9522973154480567 0.5 0
5.9351613385779949 0.5 0
5.918025361707933 0.5 0
5.9008893848378712 0.5 0
5.8837534079678058 0.5 0
5.8666174310977439 0.5 0
5.8494814542276794 0.5 0
5.8323454773576202 0.5 0
5.8152095004875548 0.5 0
5.7980735236174974 0.5 0
5.7809375467474311 0.5 0
5.7638015698773728 0.5 0
5.7466655930073074 0.5 0
5.7295296161372464 0.5 0
5.7123936392671801 0.5 0
5.6952576623971183 0.5 0
5.6781216855270564 0.5 0
5.6609857086569946 0.5 0
5.6438497317869327 0.5 0
5.6267137549168673 0.5 0
5.6095777780468046 0.5 0
5.5924418011767436 0.5 0
5.5753058243066818 0.5 0
5.5581698474366199 0.5 0
5.5410338705665581 0.5 0
5.5238978936964926 0.5 0
5.5067619168264343 0.5 0
5.4896259399563689 0.5 0
5.4724899630863071 0.5 0
5.4553539862162452 0.5 0
5.4382180093461834 0.5 0
5.4210820324761224 0.5 0
5.4039460556060597 0.5 0
5.3868100787359943 0.5 0
5.3696741018659324 0.5 0
5.352538124995867 0.5 0
5.3354021481258052 0.5 0
5.3182661712557433 0.5 0
5.3011301943856806 0.5 0
5.2839942175156196 0.5 0
5.2668582406455577 0.5 0
5.2497222637754959 0.5 0
5.2325862869054296 0.5 0
5.2154503100353722 0.5 0
5.1983143331653068 0.5 0
5.1811783562952449 0.5 0
5.1640423794251831 0.5 0
5.1469064025551212 0.5 0
5.1297704256850594 0.5 0
5.112634448814994 0.5 0
5.0954984719449321 0.5 0
5.0783624950748703 0.5 0
5.0612265182048084 0.5 0
5.0440905413347474 0.5 0
5.0269545644646847 0.5 0
5.0098185875946193 0.5 0
4.9926826107245574 0.5 0
4.975546633854492 0.5 0
4.9584106569844337 0.5 0
4.9412746801143683 0.5 0
4.92413870324431 0.5 0
4.9070027263742446 0.5 0
4.8898667495041863 0.5 0
4.8727307726341209 0.5 0
4.8555947957640591 0.5 0
4.8384588188939937 0.5 0
4.8213228420239318 0.5 0
4.8041868651538699 0.5 0
4.7870508882838081 0.5 0
4.7699149114137462 0.5 0
4.7527789345436844 0.5 0
4.735642957673619 0.5 0
4.7185069808035571 0.5 0
4.7013710039334953 0.5 0
4.6842350270634334 0.5 0
4.6670990501933716 0.5 0
4.6499630733233062 0.5 0
4.6328270964532479 0.5 0
4.6156911195831816 0.5 0
4.5985551427131206 0.5 0
4.5814191658430587 0.5 0
4.5642831889729969 0.5 0
4.547147212102935 0.5 0
4.5300112352328732 0.5 0
4.5128752583628113 0.5 0
4.4957392814927459 0.5 0
4.4786033046226841 0.5 0
4.4614673277526187 0.5 0
4.4443313508825568 0.5 0
4.427195374012495 0.5 0
4.4100593971424331 0.5 0
4.3929234202723713 0.5 0
4.3757874434023094 0.5 0
4.358651466532244 0.5 0
4.3415154896621857 0.5 0
4.3243795127921203 0.5 0
4.3072435359220584 0.5 0
4.2901075590519966 0.5 0
4.2729715821819347 0.5 0
4.2558356053118729 0.5 0
4.2386996284418066 0.5 0
4.2215636515717456 0.5 0
4.2044276747016838 0.5 0
4.1872916978316219 0.5 0
4.1701557209615601 0.5 0
4.1530197440914947 0.5 0
4.1358837672214328 0.5 0
4.118747790351371 0.5 0
4.1016118134813064 0.5 0
4.0844758366112472 0.5 0
4.0673398597411818 0.5 0
4.0502038828711244 0.5 0
4.0330679060010581 0.5 0
4.0159319291309998 0.5 0
3.998795952260934 0.5 0
3.981659975390873 0.5 0
3.9645239985208072 0.5 0
3.9473880216507449 0.5 0
3.930252044780683 0.5 0
3.9131160679106221 0.5 0
3.8959800910405602 0.5 0
3.8788441141704979 0.5 0
3.8617081373004321 0.5 0
3.8445721604303711 0.5 0
3.8274361835603088 0.5 0
3.8103002066902469 0.5 0
3.7931642298201851 0.5 0
3.7760282529501201 0.5 0
3.7588922760800609 0.5 0
3.741756299209996 0.5 0
3.7246203223399341 0.5 0
3.7074843454698718 0.5 0
3.69034836859981 0.5 0
3.673212391729749 0.5 0
3.6560764148596872 0.5 0
3.6389404379896249 0.5 0
3.621804461119559 0.5 0
3.604668484249498 0.5 0
3.5875325073794322 0.5 0
3.5703965305093699 0.5 0
3.553260553639308 0.5 0
3.5361245767692471 0.5 0
3.5189885998991852 0.5 0
3.5018526230291229 0.5 0
3.484716646159058 0.5 0
3.4675806692889992 0.5 0
3.4504446924189338 0.5 0
3.433308715548872 0.5 0
3.4161727386788101 0.5 0
3.3990367618087478 0.5 0
3.381900784938686 0.5 0
3.364764808068625 0.5 0
3.3476288311985591 0.5 0
3.3304928543284968 0.5 0
3.313356877458435 0.5 0
3.296220900588374 0.5 0
3.2790849237183082 0.5 0
3.2619489468482459 0.5 0
3.244812969978184 0.5 0
3.2276769931081231 0.5 0
3.2105410162380612 0.5 0
3.1934050393679949 0.5 0
3.1762690624979371 0.5 0
3.1591330856278721 0.5 0
3.1419971087578129 0.5 0
3.1248611318877479 0.5 0
3.1077251550176861 0.5 0
3.0905891781476238 0.5 0
3.0734532012775588 0.5 0
3.056317224407497 0.5 0
3.0391812475374351 0.5 0
3.0220452706673728 0.5 0
3.004909293797311 0.5 0
2.98777331692725 0.5 0
2.9706373400571842 0.5 0
2.9535013631871219 0.5 0
2.9363653863170569 0.5 0
2.919229409446999 0.5 0
2.9020934325769332 0.5 0
2.8849574557068749 0.5 0
2.867821478836809 0.5 0
2.8506855019667512 0.5 0
2.8335495250966858 0.5 0
2.8164135482266239 0.5 0
2.7992775713565621 0.5 0
2.7821415944864998 0.5 0
2.7650056176164348 0.5 0
2.747869640746373 0.5 0
2.7307336638763111 0.5 0
2.7135976870062488 0.5 0
2.6964617101361839 0.5 0
2.679325733266122 0.5 0
2.6621897563960601 0.5 0
2.6450537795259979 0.5 0
2.627917802655936 0.5 0
2.610781825785875 0.5 0
2.5936458489158132 0.5 0
2.5765098720457469 0.5 0
2.559373895175685 0.5 0
2.5422379183056241 0.5 0
2.5251019414355622 0.5 0
2.5079659645654999 0.5 0
2.4908299876954381 0.5 0
2.4736940108253762 0.5 0
2.4565580339553108 0.5 0
2.439422057085249 0.5 0
2.4222860802151871 0.5 0
2.4051501033451221 0.5 0
2.3880141264750598 0.5 0
2.370878149604998 0.5 0
2.3537421727349361 0.5 0
2.3366061958648738 0.5 0
2.3194702189948089 0.5 0
2.302334242124751 0.5 0
2.2851982652546852 0.5 0
2.2680622883846269 0.5 0
2.250926311514561 0.5 0
2.2337903346445001 0.5 0
2.2166543577744382 0.5 0
2.1995183809043719 0.5 0
2.1823824040343101 0.5 0
2.1652464271642491 0.5 0
2.1481104502941868 0.5 0
2.1309744734241249 0.5 0
2.1138384965540631 0.5 0
2.0967025196839981 0.5 0
2.0795665428139358 0.5 0
2.06243056594387 0.5 0
2.0452945890738121 0.5 0
2.0281586122037472 0.5 0
2.011022635333688 0.5 0
1.993886658463623 0.5 0
1.9767506815935649 0.5 0
1.9596147047234991 0.5 0
1.942478727853437 0.5 0
1.925342750983376 0.5 0
1.908206774113314 0.5 0
1.8910707972432479 0.5 0
1.873934820373186 0.5 0
1.8567988435031251 0.5 0
1.839662866633063 0.5 0
1.8225268897629969 0.5 0
1.805390912892936 0.5 0
1.7882549360228741 0.5 0
1.771118959152812 0.5 0
1.75398298228275 0.5 0
1.7368470054126881 0.5 0
1.719711028542626 0.5 0
1.7025750516725611 0.5 0
1.685439074802499 0.5 0
1.6683030979324369 0.5 0
1.6511671210623751 0.5 0
1.634031144192313 0.5 0
1.616895167322252 0.5 0
1.5997591904521899 0.5 0
1.5826232135821241 0.5 0
1.565487236712062 0.5 0
1.5483512598419971 0.5 0
1.531215282971935 0.5 0
1.5140793061018729 0.5 0
1.4969433292318119 0.5 0
1.4798073523617501 0.5 0
1.462671375491688 0.5 0
1.4455353986216219 0.5 0
1.4283994217515641 0.5 0
1.4112634448814989 0.5 0
1.3941274680114371 0.5 0
1.376991491141375 0.5 0
1.3598555142713129 0.5 0
1.3427195374012511 0.5 0
1.325583560531189 0.5 0
1.308447583661124 0.5 0
1.2913116067910619 0.5 0
1.2741756299210001 0.5 0
1.257039653050938 0.5 0
1.239903676180877 0.5 0
1.222767699310815 0.5 0
1.2056317224407489 0.5 0
1.188495745570687 0.5 0
1.1713597687006261 0.5 0
1.154223791830564 0.5 0
1.1370878149605019 0.5 0
1.1199518380904401 0.5 0
1.1028158612203749 0.5 0
1.085679884350313 0.5 0
1.068543907480251 0.5 0
1.051407930610186 0.5 0
1.0342719537401239 0.5 0
1.0171359768700621 0.5 0
-1 0.5 0
0.98290598285927377 0.49999999999999989 0
0.96581196572262473 0.49999999999999989 0
0.94871794862257963 0.5 0
0.93162393151567668 0.49999999999999989 0
0.91452991441498277 0.49999999999999989 0
0.89743589729936923 0.5 0
0.88034188016726123 0.50000000000000011 0
0.86324786297176892 0.5 0
0.84615384583437847 0.5 0
0.82905982866992978 0.5 0
0.81196581155107317 0.50000000000000011 0
0.79487179445501221 0.5 0
0.7777777773244563 0.5 0
0.76068376018831696 0.49999999999999989 0
0.74358974309823322 0.49999999999999989 0
0.72649572595176171 0.5 0
0.70940170882604758 0.5 0
0.69230769168522888 0.5 0
0.67521367451786074 0.49999999999999989 0
0.65811965737509592 0.5 0
0.64102564023177522 0.49999999999999989 0
0.6239316230742763 0.5 0
0.60683760593026026 0.5 0
0.58974358877137156 0.5 0
0.57264957158319985 0.5 0
0.55555555442514493 0.49999999999999989 0
0.5384615372844187 0.49999999999999989 0
0.5213675201436927 0.50000000000000011 0
0.50427350298230156 0.49999999999999989 0
0.48717948583471798 0.5 0
0.47008546871609291 0.49999999999999989 0
0.4529914515755521 0.5 0
0.43589743443783763 0.5 0
0.41880341730572929 0.5 0
0.40170940018344392 0.5 0
0.38461538304081822 0.49999999999999989 0
0.36752136589884088 0.49999999999999989 0
0.35042734875811482 0.49999999999999989 0
0.33333333161738871 0.49999999999999989 0
0.31623931447666259 0.49999999999999989 0
0.29914529733593648 0.5 0
0.28205128018492431 0.5 0
0.2649572630210314 0.5 0
0.24786324585732369 0.5 0
0.23076922870943911 0.5 0
0.21367521156183231 0.5 0
0.1965811944188359 0.49999999999999989 0
0.17948717727217911 0.49999999999999989 0
0.16239316012881189 0.5 0
0.14529914299188501 0.49999999999999989 0
0.12820512585493499 0.5 0
0.1111111087147649 0.5 0
0.094017091576702891 0.49999999999999989 0
0.076923074436127337 0.5 0
0.059829057296652208 0.49999999999999989 0
0.042735040155566957 0.49999999999999989 0
0.02564102301360139 0.5 0
0.0085470058722713071 0.50000000000000011 0
-0.0085470112212737703 0.5 0
-0.025641028267204821 0.49999999999999989 0
-0.042735045313781368 0.49999999999999989 0
-0.059829062358672587 0.5 0
-0.076923079398021357 0.5 0
-0.094017096440717429 0.49999999999999989 0
-0.11111111349218231 0.5 0
-0.12820513054042701 0.5 0
-0.14529914758626239 0.5 0
-0.16239316462996631 0.5 0
-0.17948718166987079 0.5 0
-0.19658119871607679 0.5 0
-0.21367521576784271 0.49999999999999989 0
-0.23076923281106021 0.5 0
-0.2478632498489495 0.5 0
-0.264957266912067 0.50000000000000011 0
-0.2820512839817178 0.49999999999999989 0
-0.29914530104057269 0.5 0
-0.31623931807996769 0.5 0
-0.33333333511032742 0.5 0
-0.35042735213243992 0.49999999999999989 0
-0.36752136918212092 0.5 0
-0.38461538623462849 0.49999999999999989 0
-0.40170940330001642 0.5 0
-0.41880342036086349 0.49999999999999989 0
-0.43589743741967218 0.49999999999999989 0
-0.45299145446541478 0.5 0
-0.4700854715466487 0.5 0
-0.48717948861486299 0.5 0
-0.5042735056601888 0.49999999999999989 0
-0.52136752268966835 0.50000000000000011 0
-0.53846153974263899 0.5 0
-0.55555555682183433 0.49999999999999989 0
-0.57264957386766979 0.5 0
-0.58974359091350492 0.5 0
-0.60683760796828246 0.5 0
-0.62393162499975463 0.49999999999999989 0
-0.64102564203419177 0.5 0
-0.65811965906974113 0.50000000000000011 0
-0.67521367610281136 0.50000000000000011 0
-0.69230769318309537 0.5 0
-0.70940171022350973 0.5 0
-0.7264957272369118 0.5 0
-0.74358974429391356 0.5 0
-0.76068376139896265 0.49999999999999989 0
-0.77777777841106699 0.5 0
-0.7948717954094574 0.49999999999999989 0
-0.81196581240784726 0.50000000000000011 0
-0.82905982944135792 0.49999999999999989 0
-0.8461538464838575 0.5 0
-0.86324786353835725 0.5 0
-0.88034188059241658 0.5 0
-0.89743589766396714 0.5 0
-0.91452991473894585 0.5 0
-0.93162393177329028 0.49999999999999989 0
-0.94871794879883165 0.49999999999999989 0
-0.9658119658283576 0.49999999999999989 0
-0.98290598294600973 0.5 0
-10 0.5 0
-1.017114067174077 0.5 0
-1.0342281343481541 0.5 0
-1.05134220152223 0.5 0
-1.0684562686963071 0.5 0
-1.0855703358703841 0.5 0
-1.1026844030444609 0.5 0
-1.1197984702185371 0.5 0
-1.1369125373926141 0.5 0
-1.1540266045666909 0.5 0
-1.171140671740768 0.5 0
-1.188254738914845 0.5 0
-1.2053688060889209 0.5 0
-1.2224828732629911 0.5 0
-1.239596940437057 0.5 0
-1.256711007611123 0.5 0
-1.27382507478519 0.5 0
-1.290939141959244 0.5 0
-1.308053209133289 0.5 0
-1.3251672763073341 0.5 0
-1.342281343481379 0.5 0
-1.3593954106554189 0.5 0
-1.376509477829454 0.5 0
-1.393623545003488 0.5 0
-1.410737612177523 0.5 0
-1.4278516793515581 0.5 0
-1.4449657465255921 0.5 0
-1.4620798136996269 0.5 0
-1.4791938808736611 0.5 0
-1.496307948047698 0.5 0
-1.513422015221743 0.5 0
-1.530536082395789 0.5 0
-1.547650149569834 0.5 0
-1.564764216743882 0.5 0
-1.5818782839179479 0.5 0
-1.5989923510920141 0.5 0
-1.61610641826608 0.5 0
-1.6332204854401471 0.5 0
-1.650334552614223 0.5 0
-1.6674486197883001 0.5 0
-1.6845626869623771 0.5 0
-1.7016767541364539 0.5 0
-1.718790821310531 0.5 0
-1.7359048884846069 0.5 0
-1.7530189556586839 0.5 0
-1.770133022832761 0.5 0
-1.787247090006838 0.5 0
-1.8043611571809139 0.5 0
-1.821475224354991 0.5 0
-1.838589291529068 0.5 0
-1.8557033587031451 0.5 0
-1.872817425877221 0.5 0
-1.889931493051298 0.5 0
-1.9070455602253751 0.5 0
-1.9241596273994519 0.5 0
-1.9412736945735281 0.5 0
-1.9583877617476051 0.5 0
-1.9755018289216819 0.5 0
-1.992615896095749 0.5 0
-2.009729963269804 0.5 0
-2.02684403044386 0.5 0
-2.043958097617915 0.5 0
-2.061072164791963 0.5 0
-2.0781862319659981 0.5 0
-2.0953002991400331 0.5 0
-2.1124143663140669 0.5 0
-2.1295284334881019 0.5 0
-2.1466425006621361 0.5 0
-2.1637565678361712 0.5 0
-2.1808706350102049 0.5 0
-2.19798470218424 0.5 0
-2.2150987693582742 0.5 0
-2.2322128365323088 0.5 0
-2.249326903706343 0.5 0
-2.2664409708803781 0.5 0
-2.2835550380544132 0.5 0
-2.3006691052284469 0.5 0
-2.3177831724024811 0.5 0
-2.3348972395765162 0.5 0
-2.3520113067505499 0.5 0
-2.369125373924585 0.5 0
-2.3862394410986201 0.5 0
-2.4033535082726538 0.5 0
-2.4204675754466889 0.5 0
-2.4375816426207231 0.5 0
-2.4546957097947582 0.5 0
-2.4718097769687919 0.5 0
-2.488923844142827 0.5 0
-2.5060379113168612 0.5 0
-2.5231519784908958 0.5 0
-2.54026604566493 0.5 0
-2.557380112838965 0.5 0
-2.5744941800129988 0.5 0
-2.5916082471870339 0.5 0
-2.6087223143610681 0.5 0
-2.6258363815351031 0.5 0
-2.6429504487091369 0.5 0
-2.6600645158831719 0.5 0
-2.6771785830572061 0.5 0
-2.6942926502312412 0.5 0
-2.7114067174052749 0.5 0
-2.72852078457931 0.5 0
-2.7456348517533442 0.5 0
-2.7627489189273788 0.5 0
-2.779862986101413 0.5 0
-2.7969770532754481 0.5 0
-2.8140911204494832 0.5 0
-2.8312051876235169 0.5 0
-2.848319254797552 0.5 0
-2.8654333219715862 0.5 0
-2.8825473891456199 0.5 0
-2.899661456319655 0.5 0
-2.9167755234936901 0.5 0
-2.9338895906677238 0.5 0
-2.9510036578417589 0.5 0
-2.968117725015794 0.5 0
-2.9852317921898281 0.5 0
-3.0024041666622572 0.5 0
-3.0236860114184858 0.5 0
-3.053009584700308 0.5 0
-3.0859168616654138 0.5 0
-3.1201449960134831 0.5 0
-3.1543731303615519 0.5 0
-3.1886012647096211 0.5 0
-3.2228293990576899 0.5 0
-3.2570575334057592 0.5 0
-3.2912856677538289 0.5 0
-3.3255138021018968 0.5 0
-3.359741936449967 0.5 0
-3.3939700707980358 0.5 0
-3.4281982051461051 0.5 0
-3.4624263394941739 0.5 0
-3.4966544738422431 0.5 0
-3.530882608190312 0.5 0
-3.5651107425383808 0.5 0
-3.59933887688645 0.5 0
-3.6335670112345189 0.5 0
-3.6677951455825868 0.5 0
-3.7020232799306561 0.5 0
-3.7362514142787249 0.5 0
-3.770479548626795 0.5 0
-3.8047076829748638 0.5 0
-3.8389358173229322 0.5 0
-3.873163951671001 0.5 0
-3.9073920860190698 0.5 0
-3.9416202203671391 0.5 0
-3.975848354715207 0.5 0
-4.0100764890632767 0.5 0
-4.044304623411346 0.5 0
-4.0785327577594153 0.5 0
-4.1127608921074854 0.5 0
-4.146989026455552 0.5 0
-4.1812171608036213 0.5 0
-4.2154452951516914 0.5 0
-4.2496734294997598 0.5 0
-4.2839015638478282 0.5 0
-4.3181296981958974 0.5 0
-4.3523578325439658 0.5 0
-4.3865859668920351 0.5 0
-4.4208141012401043 0.5 0
-4.4550422355881718 0.5 0
-4.489270369936242 0.5 0
-4.5234985042843103 0.5 0
-4.5577266386323796 0.5 0
-4.5919547729804489 0.5 0
-4.6261829073285172 0.5 0
-4.6604110416765856 0.5 0
-4.6946391760246549 0.5 0
-4.7288673103727241 0.5 0
-4.7630954447207916 0.5 0
-4.7973235790688618 0.5 0
-4.831551713416931 0.5 0
-4.8657798477650003 0.5 0
-4.9000079821130686 0.5 0
-4.9342361164611379 0.5 0
-4.9684642508092072 0.5 0
-5.0026923851572764 0.5 0
-5.0369205195053448 0.5 0
-5.0711486538534132 0.5 0
-5.1053767882014824 0.5 0
-5.1396049225495517 0.5 0
-5.173833056897621 0.5 0
-5.2080611912456876 0.5 0
-5.2422893255937577 0.5 0
-5.276517459941827 0.5 0
-5.3107455942898962 0.5 0
-5.3449737286379646 0.5 0
-5.379201862986033 0.5 0
-5.4134299973341022 0.5 0
-5.4476581316822159 0.5 0
-5.4818862660303704 0.5 0
-5.5161144003786022 0.5 0
-5.5503425347269246 0.5 0
-5.5845706690752817 0.5 0
-5.6187988034236884 0.5 0
-5.6530269377720961 0.5 0
-5.6872550721205011 0.5 0
-5.7214832064689087 0.5 0
-5.7557113408173164 0.5 0
-5.7899394751657223 0.5 0
-5.8241676095141282 0.5 0
-5.8583957438625358 0.5 0
-5.8926238782109417 0.5 0
-5.9268520125593476 0.5 0
-5.9610801469077561 0.5 0
-5.9953082812561611 0.5 0
-6.0295364156045688 0.5 0
-6.0637645499529764 0.5 0
-6.0979926843013814 0.5 0
-6.1322208186497882 0.5 0
-6.166448952998195 0.5 0
-6.2006770873466017 0.5 0
-6.2349052216950076 0.5 0
-6.2691333560434161 0.5 0
-6.303361490391822 0.5 0
-6.3375896247402288 0.5 0
-6.3718177590886356 0.5 0
-6.4060458934370423 0.5 0
-6.4402740277854482 0.5 0
-6.474502162133855 0.5 0
-6.5087302964822626 0.5 0
-6.5429584308306694 0.5 0
-6.5771865651790762 0.5 0
-6.6114146995274821 0.5 0
-6.6456428338758879 0.5 0
-6.6798709682242956 0.5 0
-6.7140991025727024 0.5 0
-6.7483272369211083 0.5 0
-6.782555371269515 0.5 0
-6.8167835056179227 0.5 0
-6.8510116399663286 0.5 0
-6.8852397743147353 0.5 0
-6.9194679086631421 0.5 0
-6.9536960430115489 0.5 0
-6.9879241773599556 0.5 0
-7.0221523117083624 0.5 0
-7.0563804460567692 0.5 0
-7.0906085804051751 0.5 0
-7.1248367147535827 0.5 0
-7.1590648491019886 0.5 0
-7.1932929834503954 0.5 0
-7.2275211177988021 0.5 0
-7.2617492521472089 0.5 0
-7.2959773864956157 0.5 0
-7.3302055208440224 0.5 0
-7.3644336551924283 0.5 0
-7.3986617895408351 0.5 0
-7.4328899238892419 0.5 0
-7.4671180582376504 0.5 0
-7.5013461925860554 0.5 0
-7.5355743269344622 0.5 0
-7.5698024612828689 0.5 0
-7.6040305956312757 0.5 0
-7.6382587299796816 0.5 0
-7.6724868643280884 0.5 0
-7.706714998676496 0.5 0
-7.7409431330249019 0.5 0
-7.7751712673733087 0.5 0
-7.8093994017217154 0.5 0
-7.843627536070124 0.5 0
-7.8778556704185307 0.5 0
-7.9120838047669384 0.5 0
-7.9463119391153452 0.5 0
-7.980540073463656 0.5 0
-8.014768207811894 0.5 0
-8.0489963421600432 0.5 0
-8.0832244765081125 0.5 0
-8.1174526108561835 0.5 0
-8.1516807452042528 0.5 0
-8.185908879552322 0.5 0
-8.2201370139003913 0.5 0
-8.2543651482484606 0.5 0
-8.2885932825965298 0.5 0
-8.3228214169445991 0.5 0
-8.3570495512926684 0.5 0
-8.3912776856407376 0.5 0
-8.4255058199888069 0.5 0
-8.4597339543368761 0.5 0
-8.4939620886849472 0.5 0
-8.5281902230330164 0.5 0
-8.5624183573810857 0.5 0
-8.596646491729155 0.5 0
-8.6308746260772242 0.5 0
-8.6651027604252935 0.5 0
-8.6993308947733627 0.5 0
-8.733559029121432 0.5 0
-8.7677871634695013 0.5 0
-8.8020152978175723 0.5 0
-8.8362434321656416 0.5 0
-8.8704715665137108 0.5 0
-8.9046997008617801 0.5 0
-8.9389278352098493 0.5 0
-8.9731559695579186 0.5 0
-9.0073841039059879 0.5 0
-9.0416122382540571 0.5 0
-9.0758403726021264 0.5 0
-9.1100685069501957 0.5 0
-9.1442966412982667 0.5 0
-9.178524775646336 0.5 0
-9.2127529099944052 0.5 0
-9.2469810443424745 0.5 0
-9.281209178690542 0.5 0
-9.3154373130386112 0.5 0
-9.3496654473866805 0.5 0
-9.3838935817347515 0.5 0
-9.4181217160828208 0.5 0
-9.45234985043089 0.5 0
-9.4865779847789593 0.5 0
-9.5208061191270286 0.5 0
-9.5550342534750996 0.5 0
-9.5892623878231653 0.5 0
-9.6234905221712363 0.5 0
-9.6577186565193056 0.5 0
-9.6919467908673749 0.5 0
-9.7261749252154459 0.5 0
-9.7604030595635152 0.5 0
-9.7946311939115844 0.5 0
-9.8288593282596537 0.5 0
-9.863087462607723 0.5 0
-9.8973155969557922 0.5 0
-9.9315437313038615 0.5 0
-9.9657718656519307 0.5 0
-10 0.46476758581281441 0
-10 0.416695098621777 0
-10 0.35037721288917412 0
-10 0.25888763872880671 0
-10 0.13453961071185039 0
-0.068376070878167439 0.48515884373518209 0
-0.13497719157125421 0.48279708516191372 0
-2.674501135434329e-09 0.485196146964882 0
-0.2051282072418735 0.4851588073262022 0
-0.27350427544689232 0.48519614697246127 0
-0.34188034362304143 0.48469322265518278 0
-0.41196581353724621 0.48811247043573441 0
-0.47863248007917908 0.48469324263878921 0
-0.54700854828025636 0.48515887753201797 0
-0.61538461648401843 0.48519614699802122 0
-0.68376068464295314 0.4851961469934572 0
-0.75213675284468184 0.48469301995047359 0
-0.8205128209246022 0.48519614701146357 0
-0.88888888912819208 0.48519614697088631 0
-0.9572649573135944 0.48519614700143199 0
-1.0256694062692659 0.4846712103249482 0
0.068376065866389821 0.48519614690448792 0
0.13675213442340989 0.48519614690668472 0
0.20512820299043941 0.48469255735329447 0
0.27350427160297791 0.4851961468889992 0
0.34188034018775171 0.48519614690340451 0
0.41025640874364538 0.48469271547664261 0
0.47863247727614661 0.48469325292541982 0
0.54700854585478176 0.48519614690340451 0
0.61538461450232029 0.48469261148301901 0
0.68135857258630816 0.48460824830164928 0
0.75133638257389479 0.48185360971289981 0
0.82051282011690252 0.48515884821507549 0
0.88888888873000405 0.48469329169189362 0
0.95901611083174354 0.48279745224547937 0
1.025991546970493 0.48603029502530998 0
-1.0958387761748301 0.48758184333577531 0
-1.1625836381537289 0.48514010377757222 0
-1.231039906850024 0.4847102012973733 0
-1.299496175546266 0.48517878306520362 0
1.0942478727853431 0.48515980871186393 0
1.162791780265594 0.48515980871186393 0
-1.369663850959838 0.48757388816495911 0
-1.436408712938575 0.48517878306521273 0
-1.5048649816347199 0.48517878306520701 0
-1.573321250330914 0.48517878306519308 0
-1.6417775190271851 0.48517878306518081 0
-1.7102337877234921 0.48517878306517609 0
-1.778690056419798 0.48514102110415558 0
-1.8470470136872159 0.48128214867123043 0
-1.915602593812413 0.4851787830651762 0
-1.9840588625087161 0.48517878306518958 0
-2.0525151312049359 0.48514159264945478 0
-2.1209713999010851 0.48517878306521278 0
-2.1876666181187532 0.48277641522013609 0
-2.259595344010771 0.48809868945043522 0
-2.3245633195342541 0.48277286084885218 0
-2.3947964746856369 0.48517878306521312 0
-2.4632527433817741 0.48517878306521312 0
-2.5317090120779042 0.48466955795125011 0
-2.600406769432078 0.48128489647431177 0
-2.668803085835167 0.48338316041684581 0
-2.754191885340362 0.48517878306521278 0
-2.8226481540365 0.4851414850753884 0
-2.8911044227326439 0.48467532631155807 0
-2.9581345191642932 0.48078629600449863 0
-3.0334592273034762 0.47440659266223062 0
1.231335687745845 0.48515980871186393 0
1.299879595226096 0.48461732868112428 0
1.3684235027063441 0.48515980871186393 0
1.4369674101865939 0.48515980871186698 0
1.5037977199798349 0.48754045459881812 0
1.574055225147093 0.48515980871186393 0
1.6426585872317501 0.48551628777440958 0
1.711143040107594 0.48515980871186393 0
1.781400545274852 0.48753398033356782 0
1.84651725738108 0.48752487098734282 0
1.91653452533123 0.48146550491109391 0
1.9836050723415859 0.48807684301831988 0
2.0538625775088422 0.48515980871186698 0
2.1224112088884728 0.48382672756245509 0
2.1933178513857801 0.48449482629810758 0
2.2596759106827888 0.48587107107814992 0
2.3280382074298411 0.48515980871186543 0
2.3982950693288192 0.48273814141683002 0
2.465126022390344 0.48515980871186393 0
2.533556505710719 0.48576520457257888 0
2.6038921131013391 0.48272350515505152 0
2.6690441471440902 0.48807722639400752 0
2.7393016523113429 0.48515980871186393 0
2.8063693221568879 0.47988053455650581 0
2.8768558440724838 0.48627469704575033 0
2.943365603118492 0.48445490169515981 0
3.01176244415546 0.48274035507775959 0
3.08197007657941 0.48552510834242868 0
3.152286998257904 0.48274427737996728 0
3.2208226023601232 0.4875455713812431 0
3.2876529121533462 0.48464623756770397 0
3.3579102547649868 0.48274271228558918 0
3.4247407271138419 0.48515980871186393 0
3.4933271307149121 0.48553689321672899 0
3.5601149443873519 0.48609434310170879 0
3.6303724495545882 0.48515980871186393 0
3.6998975506834508 0.48358878599166188 0
3.7691738622021078 0.48757393175095748 0
3.836004171995341 0.48515980871186393 0
3.9045480794755911 0.48515980871186393 0
3.9730919869558399 0.48515980871186393 0
4.0399222967490527 0.48760304817835948 0
4.1101798019163391 0.48515980871186543 0
4.180437307083599 0.48754640672468619 0
4.2472676168769024 0.48387920849768867 0
4.3158115243570876 0.48511765119672279 0
4.3843554318373386 0.48515980871186393 0
4.4528993393175549 0.48461780942843019 0
4.5231575577960168 0.48273945612832903 0
4.5900538484255797 0.48571143848686021 0
4.6568162555716111 0.48274154580939599 0
4.7286403253584322 0.48347333044376251 0
4.7956188767188443 0.48511666918234719 0
4.8624418605857906 0.48274463846791371 0
4.9328699273777552 0.48584499426283467 0
5.0029652729313474 0.48274176852363909 0
5.0697945066398411 0.48511631053260579 0
5.1380937933478288 0.48133115646264901 0
5.2044607942596031 0.4772350181605301 0
5.2754262290805922 0.48515980871186393 0
5.3439701365608343 0.48515980871186393 0
5.4108004463540631 0.48659590522736929 0
5.4810579515213353 0.48515980871186393 0
5.5496018590015801 0.48515980871186393 0
5.6198593641688728 0.48753730414331231 0
5.6849760762750634 0.48661145417221102 0
5.7552335814423383 0.48515980871186543 0
5.8237774889225884 0.48515980871186698 0
5.8940349940899406 0.48750576172359561 0
5.9608653038830841 0.48467545753510483 0
6.0294092113633484 0.48515980871186393 0
6.0978630293744054 0.48572884231854041 0
6.1664970263238361 0.48515980871186393 0
6.2333273361170312 0.48752987604048142 0
6.301871065327596 0.48274253247798471 0
6.3723678521044844 0.48783335382299731 0
6.4406726562448329 0.48515980871186393 0
6.5092165637250767 0.48515980871186393 0
6.5777604712053206 0.48515980871186393 0
6.6480192924180956 0.48274062011488611 0
6.7148482861658296 0.48511596981605948 0
6.7833921936460877 0.48515980871186393 0
6.8536276534833043 0.4827281209893482 0
6.920480008606547 0.48511614875889819 0
6.9890239160868246 0.48515980871186698 0
7.0574890570650073 0.48571481245815817 0
7.1261117310473336 0.48515980871186393 0
7.194655638527589 0.48515980871186393 0
7.2629618686962996 0.48782003511520527 0
7.3317434534880759 0.48515980871186393 0
7.4002873609683402 0.48515980871186393 0
7.4688312684485858 0.48515980871186393 0
7.5373751759288288 0.48515980871186543 0
7.6059190834090824 0.48511849827434389 0
7.674462990889328 0.48515980871186393 0
7.7430068983695621 0.4851145588446471 0
7.8115508058498344 0.48515980871186393 0
7.8783811156430916 0.48753331241458869 0
7.9503522184973709 0.48754647029222292 0
8.0154689306035625 0.48751129149199451 0
8.0840128380838099 0.48754620955669031 0
8.1528440356261491 0.48256775678961311 0
8.2228142507313198 0.48515980871186393 0
8.2930723150473113 0.48273926998622863 0
8.3581884680049008 0.48807606306406082 0
8.4301595708591233 0.48754490903529318 0
8.4969898806523361 0.48515980871186393 0
8.5655337881324858 0.48460712696702379 0
8.6340776956128416 0.48515980871186393 0
8.7026216030931351 0.48511697532892167 0
8.7728802716943424 0.48274163124948888 0
8.8397094180535163 0.48511626927489659 0
8.9082533255338578 0.48515980871186393 0
8.9753692349416738 0.48305817223814812 0
9.0453411404943651 0.48515980871186393 0
9.1138850479745628 0.48515980871186393 0
9.1824289554548368 0.48515980871186393 0
9.249259265248126 0.48754644629825761 0
9.3178237463889015 0.48468376326584778 0
9.3863504488055369 0.48273630595789802 0
9.4551765873033418 0.48273638769989252 0
9.5251484928560846 0.48515980871186393 0
9.5922644022638863 0.48308618454473617 0
9.6638943765143388 0.48271717834263611 0
9.7310201825949214 0.48783515819994089 0
9.7993241227770689 0.48515980871186393 0
9.8671900742417353 0.48501347819461771 0
9.9320605897150553 0.47898152076998352 0
10.00324224753084 0.48807640980246902 0
10.073499752698121 0.48515980871186393 0
10.141130330590579 0.48168244182327602 0
10.210587567658591 0.48515980871186393 0
10.27913147513882 0.48515980871186393 0
10.34767538261899 0.48461497527282998 0
10.416219290099409 0.48463285336943912 0
10.4847631975796 0.48515980871186393 0
10.55330710505984 0.48515980871186393 0
10.6218510125401 0.48515980871186393 0
10.69039492002033 0.48515980871186393 0
10.76065242518764 0.48754530875384677 0
10.827482734980849 0.48511743014104569 0
10.89431304477394 0.48652299324958692 0
10.964570549941319 0.48515980871186393 0
11.031400859734561 0.4875261424410926 0
11.10165836490183 0.48515980871186393 0
11.168488674695091 0.48753902093309792 0
11.23874617986232 0.4846132986728805 0
11.307290087342571 0.48515980871186393 0
11.37412039713575 0.48754671876963401 0
11.444377902303099 0.48459765945964028 0
11.51292180978332 0.48515980871186393 0
11.58303767651303 0.48294335235445168 0
11.64976615095247 0.48596125287983438 0
11.71855353222402 0.48515980871186393 0
11.78538384201738 0.4875106115813943 0
11.855641347184569 0.48515980871186393 0
11.92422289569615 0.48556235996900959 0
11.991015564457699 0.48752059680007159 0
12.06298705561179 0.48273908051346581 0
12.12981697710558 0.48515980871186393 0
12.20007448227298 0.48754506167006623 0
12.266521832269911 0.48718318758331303 0
12.3371695500268 0.48274464681103879 0
12.40570620471361 0.48754404663274148 0
12.47253651450683 0.48515980871186393 0
12.539366824300121 0.48754468590361683 0
12.60791774730451 0.48273841858553201 0
12.67798117794692 0.48586985365624857 0
12.748408454275999 0.48272992622304228 0
12.81525605190809 0.48515980871188702 0
12.883799959388201 0.48515980871189163 0
12.953658466612159 0.48259080733380783 0
13.02330940152048 0.4767844788708796 0
13.122089398161281 0.46925993991817228 0
-3.1398126952175982 0.46445661238970393 0
13.292176253752119 0.46435385458364098 0
13.47209725668824 0.4619721116960126 0
-3.2399434662317268 0.46496791212086119 0
-3.3426038569685521 0.47448892522474029 0
-3.44534869637718 0.47279189817137218 0
-3.5437479832667869 0.44988834180469689 0
-3.654103891843361 0.47363339681139799 0
-3.7533654814527599 0.47035756613042529 0
-3.8531975399679621 0.46135348992049757 0
-3.9604542051744338 0.46355739776936478 0
-4.0669561747056084 0.46651672781709058 0
-4.1604145795472958 0.4569559624677913 0
-4.2667874966738024 0.46469898117973713 0
-4.3694368021874643 0.4747145308264249 0
-4.4664516137041854 0.46364965675828512 0
-4.5772689553667867 0.45830968668273619 0
-4.6718204197926312 0.46468844202724752 0
-4.7767866984600191 0.47363444914550062 0
-4.8905886285259079 0.47242679589955072 0
-4.9821555045484134 0.47338673919762247 0
-5.0911152663018848 0.46439168250056062 0
-5.1937995239830217 0.46748631550827813 0
-5.2902087136810501 0.4736349757317162 0
-5.39631593016008 0.46365175222617971 0
-5.4990003332045259 0.4603357715043136 0
-5.6016847362494833 0.46057305033677209 0
-5.7018468501515303 0.46397496570904623 0
-5.8104763557747381 0.47047164231932309 0
-5.9063151319503282 0.47363188956897678 0
-6.009877267150725 0.45354345366604132 0
-6.1116839380407173 0.47148909695647268 0
-6.2143683410859376 0.4736350951840656 0
-6.3204755575660378 0.46489272784307828 0
-6.4231599606112368 0.46253761903656743 0
-6.5258443636564749 0.46091062118297021 0
-6.6285287667016881 0.46153712807174713 0
-6.7312131697469013 0.46298803006513439 0
-6.8338975727921323 0.4643308135245946 0
-6.9365228677359534 0.47450753866031931 0
-7.0392663788825498 0.46461662897482919 0
-7.1389428676012754 0.45654769775010651 0
-7.2412123715381611 0.47363398426638209 0
-7.3473195880182196 0.46500917565328931 0
-7.4500039910634408 0.46460189067924618 0
-7.5526883941086727 0.46283899420352898 0
-7.655372797153885 0.46092627508266087 0
-7.7573046094747617 0.47593608198241188 0
-7.8569011802192303 0.4567359690747182 0
-7.9634260062894509 0.46456431672321707 0
-8.0661104093340619 0.46057641669175331 0
-8.1687948123782625 0.46042661847521771 0
-8.274902028857305 0.47363516090539398 0
-8.3707408050319234 0.47363553672831582 0
-8.478877491159011 0.45072323972600759 0
-8.5795324245551363 0.47035756613042529 0
-8.6793642130911035 0.46748264204201789 0
-8.7877538248484015 0.46439086179919009 0
-8.8841628202528895 0.47363519706011309 0
-8.990270036731955 0.46239369784517109 0
-9.0929544397761681 0.4608805914569839 0
-9.1956388428203653 0.46189910154460839 0
-9.298323245864573 0.46306168693436889 0
-9.4010076489087879 0.46413643533157778 0
-9.5036920519529922 0.46448127426254943 0
-9.6063764549972213 0.46150109303957659 0
-9.7047833943472668 0.45708270356158037 0
-9.8083224476508057 0.47040390459966219 0
13.57127759414394 0.46431958688710018 0
13.671921336597951 0.45295963488392188 0
13.7734493157978 0.45448786054996809 0
13.876254952514021 0.45987790195919048 0
13.976968505735959 0.45723128668583318 0
14.07802658041847 0.45199190563650071 0
14.19060599419587 0.47357701207366071 0
14.289994660041559 0.47031961742394768 0
14.39221934142415 0.47551282126812427 0
14.49567222824076 0.4718061181349219 0
14.59844224370042 0.47031961742394768 0
14.70443404497437 0.4544902526729504 0
14.80407396613959 0.45902925539812101 0
14.91031702273319 0.47358689357973133 0
15.015417680868969 0.458096273113275 0
15.112521549798419 0.46145028858648152 0
15.21533741101808 0.46451208025814972 0
15.318153272237691 0.46415184057137898 0
15.420969133457289 0.46305123475013682 0
15.52378499467692 0.46187832128332262 0
15.626600855896511 0.46085835332143582 0
15.73284391249015 0.47359011525171441 0
15.82880538296174 0.47011582496553961 0
15.935048439555599 0.46028646361103998 0
16.03786430077551 0.46300666161161708 0
16.138053590155199 0.45667767528462577 0
16.249208015506159 0.46325793685396582 0
16.34628722833741 0.47181390998451 0
16.449127745656732 0.46461987559933682 0
16.551943606877149 0.4643965616555511 0
16.654813211935249 0.47181298199702221 0
16.757575329317959 0.46450060674874188 0
16.85727414878599 0.45648292552247077 0
16.968919044048459 0.4628060092258186 0
17.066022912979069 0.4648951997585809 0
17.168838774199418 0.46449163322783232 0
17.27165463541975 0.4629014364119986 0
17.374470496640161 0.46119811495025032 0
17.477856200015179 0.47157636619997162 0
17.575901363262471 0.45650511740798949 0
17.682918080301281 0.45965691801628228 0
17.785733941521588 0.45994765372047569 0
17.88854980274213 0.46413328207340082 0
17.99136566396237 0.46305730063721529 0
18.09418152518283 0.46191064595378539 0
18.196997386403091 0.46195080337344657 0
18.299813247623579 0.46207368436988738 0
18.40535920053215 0.47678812857927683 0
18.505444970064278 0.47031961742372769 0
18.607579627709061 0.47094819267786669 0
18.71107669250507 0.46065787321502311 0
18.81731974909945 0.47357403867443809 0
18.912108087418609 0.46906029860935899 0
19.022951471540289 0.47359551285787072 0
19.118912942012471 0.47092487188111881 0
19.226332459938671 0.45908243414162098 0
19.323437531895749 0.46542823987614163 0
19.436499713337689 0.46179223916727508 0
19.533603582268071 0.46312717593813951 0
19.636419443488339 0.46055966702614692 0
19.739235304708881 0.46123828987961762 0
19.842051165929039 0.46163460519578958 0
19.944867027149701 0.46070705879145318 0
20.047682888369771 0.46267502185823622 0
20.150498749590412 0.46316531070724543 0
20.25331461081058 0.46361379259054442 0
20.356130472030891 0.4603192804208443 0
20.458946333251522 0.4605631804389283 0
20.5617621944718 0.46193494920592248 0
20.664578055692079 0.46083580440575711 0
20.767393916912521 0.4620532421705375 0
20.870209778132772 0.46308276039242979 0
20.9730256393525 0.46404844980827492 0
21.07584150057199 0.46439675388883123 0
21.17865736179095 0.46151543642034459 0
21.2849004183837 0.47359440677221382 0
21.39000107651858 0.46589751801239088 0
21.47770714273452 0.46390956616740292 0
21.58992080666626 0.47031961742416772 0
21.689309472511109 0.47355762686035963 0
21.792125333729999 0.47142790560317432 0
21.89377919688517 0.46544572334596401 0
22.006896243832319 0.46179028706420261 0
22.104000112762389 0.46315250593745549 0
22.206815973982629 0.4605494403627397 0
22.30963183520273 0.46120679187768387 0
22.412447696423261 0.46165024224852741 0
22.51526355764371 0.46071471398689479 0
22.618079418863761 0.46264690406767761 0
22.720895280084171 0.46316271820056898 0
22.823711141304958 0.46363603770411538 0
22.926527002525191 0.4603062512824444 0
23.029342863745601 0.46052915093346852 0
23.13215872496578 0.46194801164598048 0
23.234974586186411 0.46084027673796513 0
23.337790447406679 0.46202168289002682 0
23.44060630862629 0.46307731248664391 0
23.543422169845911 0.46406765079440399 0
23.64623803106571 0.46441828302317789 0
23.749053892284451 0.46150384496531738 0
23.855296948877811 0.4735793245047088 0
23.958112810096519 0.47360181071231428 0
24.060928671315452 0.47354965678433092 0
24.16602932944982 0.45904668404351701 0
24.26313319837875 0.46188917570702193 0
24.365949059597401 0.4634173463019674 0
24.468764920816259 0.46317705455466479 0
24.571580782035031 0.46318885748375688 0
24.674396643254148 0.46316508764405501 0
24.777212504473059 0.46054004713078112 0
0.71723077918621947 0.061827469745324937 0
4.1458874835211876 0.055042095529429992 0
-0.8629314510092152 0.061981756441637913 0
10.98816001276033 0.066225775242573892 0
12.77856627897093 0.050900237128290858 0
7.6461633687304422 0.060836466926211988 0
5.7893243407245834 0.058572054050575591 0
9.2899355071369421 0.068864026799504582 0
6.0036270347593064 0.058996015587726373 0
2.2892522443192949 0.055586261806931443 0
7.4319511936784304 0.060223013320358128 0
-1.077143683622189 0.061360350601961683 0
0.93140741699088203 0.061827469745324937 0
2.502113832103964 0.06311325745858877 0
9.503864882579915 0.069007855188643455 0
0.49484599264509982 0.063899269030940092 0
4.3602871235818697 0.055529175043325253 0
-0.63922126024330528 0.061827469745323403 0
3.932091857922126 0.057746504312013218 0
9.070108828668733 0.061965623270089011 0
7.8603755435472387 0.061449874757709522 0
11.201789291661671 0.059677642977516362 0
5.5750229513592853 0.059991102822985178 0
10.786613697045251 0.064533470189418768 0
2.7151034917147041 0.050707936730430843 0
6.2179310083909716 0.059420976709723877 0
12.574121221661461 0.055502072771040988 0
7.2177390183826109 0.059609512249095137 0
11.4314037745311 0.051662653403083743 0
4.5746897015033179 0.056016095418039938 0
0.30496511326437209 0.057937533923777609 0
2.0035046119970459 0.063798529246525418 0
-0.42504462243864338 0.061827469745324937 0
8.859737881974679 0.06485939469538253 0
12.35985792531374 0.054785779392651467 0
2.9294563904578532 0.051197967143300889 0
-1.362759996281121 0.060531442088572363 0
9.7885368158138597 0.065183254014691633 0
10.502122876522339 0.07218905432482732 0
3.6467759550828749 0.054655098008796837 0
1.2893144346686789 0.054322455688660613 0
12.14559634215918 0.054067884212016151 0
8.1420208897543436 0.061827469745952587 0
0.066476094684563891 0.062967081122534296 0
11.63231801490114 0.050320161113617708 0
-0.21086798463398271 0.061827469745324937 0
5.2898162507087196 0.057936505805811667 0
1.7892781059994469 0.054948978457522488 0
-1.855339949562129 0.059262000140360128 0
10.00115781947358 0.06730100126917947 0
3.4320868320028142 0.057079143051774403 0
6.4322857445544859 0.0598799416316452 0
8.3561975275611768 0.061827469745952587 0
5.0749915957127438 0.05930020914134005 0
6.7179106083576254 0.059354083488814359 0
7.0035268428336446 0.058995961937033971 0
-1.5769722306298091 0.059909473659497489 0
4.7898182512706802 0.056981768452286037 0
3.1451254900648098 0.052545492912783431 0
8.6479234755461576 0.064689234718963706 0
1.503531951762421 0.062400082182165882 0
11.93184057779388 0.059560608595803977 0
10.28965709012995 0.07138864056530958 0
-2.075695789315033 0.066300367508969713 0
-2.2888754788585048 0.077497377002588186 0
13.00612964135782 0.05747770576684734 0
-2.5632058743787871 0.078350558249491623 0
13.22495830488338 0.071019650432339404 0
-2.752220539640104 0.083580783966471284 0
-2.9549976588001798 0.088311410228382875 0
13.474780784747731 0.0717940841233555 0
13.65686677960676 0.078908171068051064 0
13.85350575721389 0.083851998248732518 0
24.88345556106599 0.47360668080385959 0
14.064870739103689 0.093075498886579108 0
-3.1724294330370251 0.092671818189726321 0
8.0031836599650568 0.061858788680825921 0
10.64393708574603 0.070757763683038946 0
10.137345166629499 0.062793876062646123 0
11.775769214516201 0.058038912852317708 0
9.6453344475068654 0.062731846691674906 0
8.4989819527657033 0.061827469745951047 0
6.5750944300547332 0.061382346237708371 0
3.790325008222458 0.058273304977087249 0
-1.2199518395864299 0.060945949867490447 0
1.1584531826652329 0.065767396127529326 0
-1.7197798520383201 0.059494587160897817 0
3.2904945841774742 0.057717463676592903 0
6.8607187256555457 0.058586900122558627 0
1.6481945740452371 0.055897764362521508 0
2.1480250202569979 0.056450366342805383 0
-0.068083559430873741 0.061827469745324173 0
5.4326249384660397 0.06010467875158871 0
4.9327945299055944 0.059546574628772421 0
14.291300531102779 0.092793917442767299 0
24.918617273244781 0.30552572745899148 0
-3.4065064788148649 0.097691247762593095 0
10.519035151319621 0.48515980871186393 0
2.9106614210119699 0.48515980871186698 0
2.9792053284922129 0.48515980871186393 0
12.645609880894551 0.48754523895845542 0
12.575352375727279 0.48515980871186393 0
4.555715200537966 0.48515980871186393 0
8.8054374643134938 0.48515980871186393 0
8.8739813717936897 0.48515980871186393 0
8.3924604217449339 0.48751387526443202 0
12.095545023365631 0.48515980871186393 0
1.334151548966219 0.48515980871186393 0
1.2656076414859689 0.48515980871186393 0
2.501111573817477 0.48754131921208022 0
6.2007689800639678 0.4851176818953789 0
6.2693128875441761 0.48515980871186393 0
7.160381317828957 0.48561266200821862 0
7.2272108863671534 0.48274460325107899 0
3.4590126808539621 0.48515980871186543 0
4.1427308466285186 0.48274332210865512 0
9.2852448166752755 0.48515980871186393 0
7.9160802647572144 0.48753873427825017 0
5.5821608550812556 0.4827442910948917 0
11.68428157848391 0.48515980871186393 0
1.745414993847721 0.48515980871186393 0
1.8139589013279671 0.48511702844304933 0
-2.0867432655530171 0.48517878306521273 0
-2.9264340364322292 0.48210796941270712 0
1.9527603139754759 0.48752424482813389 0
-1.4038919853079099 0.48809877509168431 0
11.408392350875729 0.48753654537212598 0
5.7895093493416141 0.48561568786004428 0
5.7226709096348083 0.48274389813419322 0
9.4925856547200453 0.48274382821195683 0
9.5594204465961425 0.48515980871186309 0
3.8702761257354679 0.48515980871186393 0
-1.1283555038055759 0.48466601083200761 0
-1.4688613643432671 0.48277108177569389 0
3.5978118675825792 0.48274340742353911 0
-1.812918190767955 0.4851787830651762 0
-0.85470085501110793 0.48519614698346569 0
0.71794871738890553 0.48519614691640528 0
0.64957264880343546 0.48519614690139828 0
-0.71794871873021104 0.48519614701367042 0
-0.51282051417538066 0.48473000603381178 0
7.3677271169821248 0.48274332203380349 0
0.1025641001457953 0.4846933139439325 0
0.036590224197807157 0.4846076570906595 0
-0.034188036790493093 0.48519614698594971 0
-0.10256410496645001 0.48519614698589841 0
-2.788420019688433 0.48517878306521273 0
-2.856876288384568 0.48517878306521312 0
0.17101932000154291 0.48573772307058488 0
-0.1726495748540999 0.48759730878712071 0
0.37606837446982971 0.48519614690286272 0
0.30769230590629948 0.48519614690340462 0
-0.37606837770701529 0.48472946502919317 0
-0.30940171126243338 0.48811251291574831 0
0.57948717845823516 0.48811248485729258 0
0.51282051156299713 0.48519614690043528 0
6.063681165103401 0.48515980871186393 0
-0.99145299147300525 0.48519614697851998 0
0.99145299142963661 0.48519614690516988 0
0.92307692296477195 0.48469330586093462 0
-0.92307692325276591 0.48515888292905113 0
11.204474226122169 0.48460177987446601 0
11.13421672095496 0.48807649845308748 0
-2.225367209662704 0.4875771521466134 0
-2.1551995342491539 0.48517878306521312 0
0.8547008544035668 0.48469308677689499 0
0.78632478588402988 0.48469255602760808 0
-0.78632478691026175 0.48519614702667108 0
-0.58119658239058747 0.48519614698558261 0
-0.6495726505515107 0.48515881370795472 0
-0.44444444594254362 0.48519614698566271 0
0.44436178989420339 0.48574273677901098 0
-0.23931624133000479 0.48519614699246377 0
0.2410910956485745 0.48279700241437618 0
-2.9956996929778579 0.48578103427826869 0
-2.429025837978962 0.48388278400502638 0
-2.4974808777298452 0.48514155816566251 0
11.958072405118831 0.48716196485727431 0
11.88991330092477 0.48515980871186393 0
-2.0182869968568342 0.48517878306519457 0
5.3096981828206999 0.48515980871186393 0
8.1885422969911836 0.48515980871186393 0
8.1214280780308439 0.48255875690222272 0
9.0796130942344124 0.48515980871186393 0
4.3483698804101634 0.48752964017222289 0
-1.67424870538319 0.48277661239330277 0
-1.7444619220716451 0.48517878306517609 0
3.1848370509329662 0.48515980871186698 0
6.5434885174651836 0.48515980871186393 0
6.4749446099849566 0.48511560483835631 0
10.654465506374329 0.48465563171341081 0
-1.0598992351092691 0.48410808310833869 0
2.7033161008842028 0.48752579346565672 0
-1.1968117725018821 0.48467408291444519 0
4.7613469229787242 0.48515980871186393 0
4.8298908304589521 0.48515980871186393 0
-1.5390931159828121 0.48517878306520362 0
8.5980921441857756 0.48807568447260857 0
8.6683496493528267 0.48515980871186393 0
4.8967211402521684 0.48756700984230378 0
12.299463148118869 0.48754332122868987 0
12.369720653286389 0.48515980871186393 0
1.059975919045218 0.48515980871186393 0
-1.881595624761577 0.48128383584276813 0
-1.94983072816057 0.48514095935112889 0
-2.71996375099229 0.48517878306521323 0
2.6364857910909678 0.48515980871186393 0
-2.2921120716414221 0.48517878306521312 0
10.72466687376048 0.48515980871186393 0
10.793210781240679 0.48515980871186393 0
6.4081149385078859 0.48273936347402541 0
6.9547519623467036 0.48515980871186543 0
10.243145923711801 0.48807608733461127 0
-2.3602934272565892 0.48792970996079588 0
3.2530493180193192 0.48607904812834868 0
-2.566252085646064 0.47946083068998552 0
-2.63439341512212 0.48517878306521273 0
12.84952800564826 0.48515980871189163 0
12.91807191312818 0.48485816003340748 0
-1.6075493846790481 0.48514107992537431 0
11.82308165117194 0.48273761432711793 0
1.6083271788872191 0.48515980871186393 0
1.5397832714069699 0.48366200160129719 0
-1.2652680411981569 0.48514118878572199 0
-1.332012903176953 0.48758084889939401 0
2.2252223462094678 0.48515980871186393 0
2.1566784387292199 0.48515980871186393 0
5.9951372576231918 0.48511473932301302 0
7.5031032221886784 0.48515980871186393 0
7.4350098537677347 0.4862592793575391 0
9.7667683265917162 0.48274141383327701 0
9.6965082615567226 0.48515980871186393 0
3.664683278056359 0.48556398584863569 0
3.7331883107749642 0.48515980871186393 0
9.6278704772001831 0.48573417539770108 0
7.6384774394621973 0.48753617562578178 0
7.5716471296689711 0.48515980871186698 0
5.856343031797774 0.48273427585733808 0
2.019590623768718 0.48515980871186698 0
2.0881345312489641 0.48515980871186393 0
1.678441601518079 0.48294016685498331 0
11.75111188827716 0.48752248231678941 0
5.5153267278221172 0.48561427452801481 0
5.4484888465915393 0.48273262892232888 0
4.2129956631366898 0.48493262745277022 0
3.390468773373712 0.48515980871186393 0
10.03922779895797 0.48515980871186393 0
10.10777170643817 0.48515980871186393 0
7.09353724603573 0.48273038346308911 0
6.3395703927114599 0.48752813673721818 0
10.932020395323709 0.48274393960490081 0
2.5662282859237129 0.48751986664646818 0
12.16580252853254 0.48754250978740971 0
12.232683979172309 0.48552507755315072 0
4.96526504773243 0.4875250015587696 0
5.035522552899713 0.48515980871186393 0
8.7351799591459987 0.48752446559590129 0
4.6910894178114706 0.48757010552715169 0
4.6242591080182196 0.48515980871186543 0
10.58757905879995 0.48515980871186393 0
6.6805763324256899 0.48515980871186698 0
6.7491202399059764 0.48515980871186393 0
10.448777646152481 0.48754439203238309 0
10.381950804543539 0.48560503196893801 0
3.0494628336594918 0.48751975205238351 0
4.4871712930576786 0.48465847387827582 0
8.257086204471463 0.48465854770599198 0
8.3256301119516891 0.48515980871186393 0
5.1743239655472308 0.48751562737478688 0
5.1040664603799746 0.48515980871186393 0
2.430854068650218 0.48515980871186393 0
2.3605965634829582 0.48751229956829922 0
10.998873433585951 0.48565392333992807 0
6.1338937873070529 0.48272043250473012 0
9.9032913795315025 0.48824036509357488 0
9.970683891477643 0.48515980871186393 0
3.5258429906472131 0.48624261266186553 0
4.074194250489211 0.48754660495741597 0
4.0057133835717096 0.48271736281461858 0
9.3537887241554696 0.48515980871186393 0
7.8441091619029439 0.48807697887267859 0
7.7772788521097498 0.48515980871186393 0
5.6524177202220169 0.48493766381580949 0
11.54725678826289 0.48551351237062601 0
11.615737671003711 0.48515980871186393 0
1.8825028088082181 0.48515980871186393 0
11.478649856043321 0.48515980871186393 0
7.7087349446294704 0.48515980871186393 0
9.423760629708152 0.48273578279749191 0
3.938820033215694 0.48511686689138678 0
9.833596076517253 0.48515980871186393 0
7.2974714997480232 0.48515980871186393 0
11.06903155004786 0.48271951215524639 0
2.2937662536897201 0.48515980871186698 0
1.4026954564464691 0.48515980871186393 0
1.4712204698197511 0.48563942656443387 0
12.02528751819816 0.48751537930036021 0
5.2417753828219746 0.48236355968081851 0
9.0127829407838291 0.48274254506393088 0
8.9425252792740242 0.48515980871186393 0
4.4169135126328936 0.48274247481068783 0
12.78098409816786 0.48515980871186393 0
12.71244019068769 0.48466726318398001 0
3.1145795457657148 0.48754507807536618 0
10.31168874466592 0.48274175357317628 0
6.8176641473862016 0.48460565312097609 0
6.8862080548664437 0.48515980871186393 0
6.6122713779276454 0.48783111305390942 0
2.84211751353171 0.48460624279527831 0
2.7728311996420461 0.48180996063169618 0
12.43826456076688 0.48515980871186393 0
12.50675670535129 0.48552439078294712 0
8.4627133349110437 0.4856058495230966 0
8.5312618343924598 0.48467250317843757 0
1.197095269276391 0.48382371410731673 0
1.128519826525471 0.48511568436128572 0
10.86004109103394 0.4875279438735759 0
7.0232958698269616 0.48515980871186543 0
10.175546809118931 0.48257035648711488 0
3.321924865893457 0.48465896809907971 0
12.98528368904241 0.48241290822664912 0
4.2815395706169497 0.48461613987545871 0
9.1481570017147451 0.48515980871186393 0
9.2149873115078957 0.48807486413568207 0
8.0514544820306551 0.48515980871186393 0
7.9829040017291879 0.48560786517854049 0
5.3782420903009509 0.48493373247258642 0
11.341562041082661 0.48515980871186393 0
11.273018133602459 0.48515980871186393 0
5.9266009688016572 0.48560929515265377 0
3.8034394651239212 0.48273469039520023 0
14.53495598465897 0.1026901703181137 0
-9.9316673654129968 0.30463242580899041 0
-3.6642196846906279 0.110993008095565 0
13.19253541868196 0.46885386526020029 0
-9.8836243432166562 0.470615796452442 0
13.36236740841991 0.46967894052852049 0
14.80022677633514 0.1133710995871413 0
-3.9334925311016011 0.1211794057428129 0
15.081125889392281 0.12975793136895969 0
-7.5012611969509582 0.12367199455961771 0
-4.2171378726754307 0.1242077014242607 0
22.358476605341959 0.12588853990421089 0
19.788357411508791 0.1258886203872156 0
17.218237464363259 0.12367199456034909 0
-4.9364150763308938 0.1333550064698529 0
-6.7873617949109466 0.1236719945596194 0
-8.2112734044916191 0.13036200930053571 0
24.204684241765278 0.12581849023273739 0
16.504315338340461 0.123671994560294 0
19.07948649026017 0.135002773662183 0
21.644566007692969 0.1236549394919052 0
-9.3574814485713986 0.12367199455982909 0
-5.6450750312945166 0.12365493949096409 0
23.072417365076411 0.12586303537858781 0
20.502294406860081 0.12586363579845949 0
-6.070996843248234 0.15720846892561821 0
-8.9291168109719479 0.12365493949075369 0
17.932159590386071 0.1236719945602849 0
15.362039936703979 0.1236719945603256 0
23.500774897340559 0.123671994560275 0
20.93065524365862 0.12367199456026221 0
15.790404574306161 0.12365493949190209 0
-8.644146447135082 0.13311670461541741 0
-6.3589971573118582 0.12365493949096371 0
18.359207422468241 0.117010951051923 0
-5.3594948188989022 0.1236719945596194 0
-9.6381210985056303 0.13819637463746809 0
23.781402038646501 0.13826690491119761 0
21.211279219773338 0.13828895289354379 0
22.7868527713179 0.1236719945602375 0
18.636613456665621 0.12592398734540169 0
20.21673311763584 0.1236719945602779 0
-7.9296258345498822 0.1236549394907753 0
16.07597342471535 0.123654939491899 0
-7.0745881958868946 0.1297703356304454 0
-4.6454926606172053 0.09810452813600469 0
17.64658695042959 0.12583925090029741 0
24.643050298977059 0.1236719945602518 0
22.072907921318151 0.1236719945602726 0
19.502788267636181 0.1236719945602596 0
16.792241751407541 0.130603246468495 0
24.958584897803089 0.44770213865986191 0
-9.948657798477905 0.47035756613042529 0
-2.472944233213128 0.077961985313854468 0
-2.5180595393316509 0.15575136561387601 0
-2.4296536553275772 0.15528276847029579 0
-2.4735618397162731 0.23197227783391 0
-2.386461105425119 0.23296282164186219 0
-2.5624673766286019 0.23304002860346049 0
-2.429625643041855 0.30764433572038202 0
-2.343731225082279 0.30758533326425941 0
-2.3008972829922532 0.2345364834306074 0
-2.2608002121169739 0.3067996288810686 0
-2.2191036019062129 0.23679364844493611 0
-2.1824593855449539 0.30768000026692183 0
-2.1408670285068512 0.23884733598580149 0
-2.1053192222313468 0.30731280398952893 0
-2.0649031654280021 0.24252334474975951 0
-2.029634076184482 0.30664739339211411 0
-1.9911468671500261 0.24417075800994811 0
-1.9567690585658259 0.30660271625517321 0
-1.9190003280348431 0.2444913741794946 0
-1.8835237944334919 0.30532009123461251 0
-1.8472281628683189 0.2447193202101694 0
-1.8117556362177281 0.30545412598106381 0
-1.7756822245139241 0.24384998435012259 0
-1.7422746118194961 0.30933367930746819 0
-1.7043579872483821 0.24424809176915649 0
-1.668951935093915 0.30610361922961687 0
-1.632834506196418 0.24453155748616551 0
-1.5975242887532559 0.30601978150651771 0
-1.561391386768568 0.24489068076772019 0
-1.5260744046191019 0.30638005847593452 0
-1.489957954047868 0.24533643144802109 0
-1.454646550999543 0.30741970315611528 0
-1.4185298069323029 0.24590984832450641 0
-1.384422075798742 0.30873004300959511 0
-1.347303103818589 0.24654965876100809 0
-1.313228946685117 0.30938091903913728 0
-1.275948532386233 0.24709062415320501 0
-1.2419302307050919 0.31010360267933579 0
-1.204555051756226 0.24762708330654401 0
-1.1705302652088081 0.31063931079286378 0
-1.1331382113405659 0.24813162883229339 0
-1.09913815808932 0.31108361053722772 0
-1.061718787356762 0.24861562069191709 0
-1.0277183035108259 0.31156417678583059 0
-0.99029430820176734 0.24910223135789319 0
-0.95636724529688888 0.31217724839856392 0
-0.91888045257899986 0.24961136271894999 0
-0.88495516026282639 0.3126901332088009 0
-0.84745819640824971 0.25010754972877108 0
-0.81358111404268496 0.31319687423013592 0
-0.77604087994848925 0.25060055538190262 0
-0.74216462086808921 0.31368934965715228 0
-0.70461731228148428 0.2510906532098659 0
-0.67079785561996719 0.314246310655937 0
-0.63320099073435121 0.25159101399559608 0
-0.59938274175947936 0.3147483819346284 0
-0.56177781877180222 0.25208393698760528 0
-0.52800436420335795 0.31525589442423668 0
-0.49035962779074499 0.25257652721581392 0
-0.45658700338588287 0.31574842919181179 0
-0.41893576976304442 0.25306656569638353 0
-0.38521859186839152 0.31631422864534647 0
-0.34751912544423369 0.25356838966667311 0
-0.31380314983439572 0.3168180168639228 0
-0.27609584499082068 0.254061842679423 0
-0.24242439800733789 0.31734320977153319 0
-0.2046775735494635 0.25455746798075529 0
-0.1710069614013234 0.31783919712096259 0
-0.13325368948028951 0.25504858773715477 0
-0.099645572129727827 0.31841231956248017 0
-0.061838211195549178 0.25555181241807989 0
-0.028231494809059881 0.31891756173082642 0
0.0095846474666308693 0.25604574120756429 0
0.043136573820822373 0.31946283607267772 0
0.08100106807658658 0.256544792710726 0
0.1145519214220741 0.31996274136145231 0
0.1524242955063998 0.25703713649065452 0
0.18592241885633351 0.320503618652694 0
0.22384118237835729 0.25753519098378841 0
0.25733824896864832 0.32100262493136222 0
0.29526456793701461 0.25802721876036111 0
0.32871059082467802 0.32153901245748873 0
0.36668178856740791 0.25852447229208331 0
0.40012678396702728 0.32203713694840252 0
0.43810529025747691 0.25901621961046162 0
0.4714907957838399 0.32261299425836298 0
0.50952114190323594 0.25952000469645697 0
0.54290537242221393 0.32311878563896113 0
0.58094414601187006 0.26001411842216132 0
0.6142778272805296 0.3236570425480656 0
0.65236132190097362 0.26051203117590171 0
0.68569403179971156 0.32415558847314518 0
0.72378481803029981 0.26100395860364378 0
0.7570583456698069 0.32472328722230343 0
0.79520071909148227 0.26150641394773272 0
0.82847298088629862 0.32522749721911659 0
0.86662374119903984 0.2620000424858217 0
0.89983882260754644 0.32578892355959987 0
0.93803981789845281 0.26250173594685589 0
0.97125374173893531 0.32629196117445808 0
1.0094629165981981 0.26299504210744312 0
1.042626916137994 0.32683318750946683 0
1.080880228175944 0.26349331517131441 0
1.114043263195406 0.32733228839055167 0
1.1523037706764161 0.26398539514341191 0
1.189842176197051 0.32816764771493112 0
1.224458779321381 0.26453248600742951 0
1.262119095866099 0.32872390706093563 0
1.2961487001016621 0.26504222869037131 0
1.3336549657383041 0.32870737310001441 0
1.3676375979383539 0.26545028112531333 0
1.405110359751065 0.32909847716028973 0
1.439079579307875 0.2659093248557875 0
1.474372249725324 0.32800626676198541 0
1.510148157259785 0.26612964805908768 0
1.5431629977319239 0.32971352493849632 0
1.5810759776474821 0.26677676260366312 0
1.6140673585255849 0.33043177137328372 0
1.652332607238987 0.2673301737481637 0
1.6875943856934299 0.32944284355669939 0
1.7240811494268251 0.26758343861742379 0
1.7594249133139901 0.32964608404675311 0
1.7956289271228369 0.26798537382525067 0
1.8309392302613641 0.33007279764434189 0
1.867090542291348 0.26844933294076218 0
1.902386485008623 0.33054709407780108 0
1.9385266200052551 0.26893155984686762 0
1.9738183064800949 0.33103236561567129 0
2.0099558692640969 0.26941866056880659 0
2.0452464176630918 0.33152027864024919 0
2.0813833620656821 0.26990701384116772 0
2.1166736177218 0.33200884067101633 0
2.1528104102703431 0.27039568403963188 0
2.188100591826974 0.33249756369049771 0
2.2242373467165928 0.27088443389056699 0
2.259527509646825 0.3329863268168417 0
2.2956642551555531 0.2713732037013894 0
2.330954413417905 0.33347509995431152 0
2.3670911565851709 0.27186197850737859 0
2.4023813136793009 0.33396387559282931 0
2.43851805626162 0.27235075456273622 0
2.473808213063553 0.33445265185641587 0
2.509944955499682 0.27283953093050012 0
2.5452351122285521 0.33494142827624818 0
2.581371854628137 0.27332830737637498 0
2.6166620113387382 0.33543020473514062 0
2.6527987537291908 0.27381708384177877 0
2.6880889104352241 0.33591898120379893 0
2.7242256528233928 0.27430586031206539 0
2.7595158095282848 0.33640775767489661 0
2.795652551915881 0.27479463678356902 0
2.8311960376944212 0.34853184089027511 0
2.8671216725202622 0.27722263104598849 0
2.9024188661435208 0.33964773137417298 0
2.9385103189298771 0.27595447655853178 0
2.9738053780145841 0.3382815383548492 0
3.0099353891985139 0.27635925588178972 0
3.0452252410991441 0.33844715372011003 0
3.0813601482837418 0.27674974267106173 0
3.116650610855388 0.33886568839380549 0
3.1527870983535138 0.27724086053624231 0
3.188077263554336 0.33934314813155481 0
3.2242139531762741 0.27772760374283018 0
3.2595041142025689 0.33982969960354692 0
3.2956408476712982 0.27821616908124069 0
3.3309310044543938 0.34031807005321529 0
3.367067744651413 0.27870484855867528 0
3.4023579017209968 0.34080676268900129 0
3.438494643804177 0.27919362782511448 0
3.4737848005188381 0.34129552565397392 0
3.509921542843256 0.27968240187024268 0
3.545211699552937 0.34178429947025768 0
3.5813484419296859 0.28017117809015019 0
3.6166385986343039 0.34227307545755559 0
3.6527753410190829 0.28065995444628072 0
3.688065497724045 0.34276185182939067 0
3.7242022401110741 0.2811487309215055 0
3.7594923968156122 0.34325062828516129 0
3.7956291392029269 0.28163750739050503 0
3.8309192959074601 0.34373940475388709 0
3.8670560382948418 0.28212628386210248 0
3.9023461949993652 0.34422818122520599 0
3.9384829373867571 0.28261506033386602 0
3.973773094091277 0.34471695769698729 0
4.0099098364786787 0.28310383680576923 0
4.0451999931831928 0.34520573416887529 0
4.0813367355705967 0.28359261327768043 0
4.116633181832233 0.34569093652363603 0
4.1527646829220366 0.2840807940634032 0
4.1877780810545788 0.35793237054023641 0
4.2241447567456092 0.2865282475117219 0
4.2594767553009421 0.34892837906032331 0
4.2956174328463481 0.2850589426934021 0
4.3309565797534084 0.34750868065855439 0
4.3670524969720228 0.28560569259898311 0
4.4024363934768367 0.34766475673535308 0
4.4384895760081502 0.28604868124397859 0
4.4738738083313736 0.34809045183692172 0
4.5099199243845423 0.28651931284968002 0
4.5453451225404384 0.34854177380807699 0
4.5813548008767313 0.28699882276042282 0
4.6165390271082707 0.360410601112791 0
4.6527441971146821 0.28938272994426911 0
4.688203989883494 0.35170053276554403 0
4.7241855161769157 0.28816408674110278 0
4.7595651290083509 0.36170137476758002 0
4.7956228654372808 0.29044377151273532 0
4.8311313796912936 0.35272105900463507 0
4.8670435860948684 0.28914712619748861 0
4.902322782286201 0.35107105183177129 0
4.9384613514258016 0.28948759289538678 0
4.9733232852245939 0.36294333270473811 0
5.0098156621986476 0.29184890180514639 0
5.0453503516912797 0.35411705431843782 0
5.0813177919004913 0.29060774908363279 0
5.1166034795619524 0.35253738124754608 0
5.152740966789886 0.29095297122289632 0
5.1883264099697914 0.35286279002077148 0
5.2242165837340293 0.29139059402294493 0
5.2592212818587631 0.35331177906419831 0
5.2955629312674937 0.29186421364481391 0
5.328682384654039 0.36516435860378499 0
5.366648772383563 0.29424443115301302 0
5.400436138051405 0.35676275464494023 0
5.4384478183170444 0.29287936624411037 0
5.4694816770332304 0.36691726281294529 0
5.5091653344109126 0.2953574759170029 0
5.5410420537595613 0.35819327939361889 0
5.5804962492755621 0.29464234794056049 0
5.6165917732053696 0.35595881655110873 0
5.652594287721918 0.29447660045202723 0
5.6898629281456863 0.3628015349497225 0
5.7244404193476317 0.29591527991833899 0
5.7623695445077612 0.35400195867470419 0
5.7961171434068763 0.29501431476486228 0
5.8308639381940583 0.35607703675665531 0
5.8670969290924244 0.29553585123423531 0
5.9003070852743784 0.35708072252239259 0
5.9381186839480264 0.29611590592136378 0
5.9721889337786056 0.36507594048739411 0
6.0095538839026226 0.29787096901136328 0
6.0453745601949649 0.35941682755792997 0
6.0812752876923923 0.2975461450194718 0
6.1155002226233659 0.36862995070930049 0
6.1525343981233522 0.29935337919406779 0
6.1856849670853364 0.36106550338607712 0
6.2237263066667881 0.29871969465063491 0
6.1173938136043624 0.23597424006023571 0
6.2554865168470384 0.37103896748300369 0
6.2948431491122641 0.30060217555754282 0
5.9031076699579019 0.23412205927326241 0
5.6888903874455758 0.23293452686519089 0
6.3285156144879906 0.36209216753659479 0
6.3661251061521327 0.29989043484658828 0
6.3317073498075711 0.23713156301653979 0
6.4029888488395059 0.23772983523302391 0
6.4375455130208543 0.30025256648797521 0
6.4743904325508952 0.2382157535240014 0
6.5083395655683898 0.30305342185099893 0
6.5459880470833181 0.23859789243253679 0
6.5790011308498224 0.30508334329521919 0
6.6170354340189288 0.23981726115445731 0
6.652705102879664 0.30118856626769219 0
6.6887785932411123 0.2396972107515295 0
6.7241233125471682 0.30142691191018489 0
6.7602687443590659 0.24006422184853951 0
6.7946437277415228 0.30269066212882129 0
6.8315431145639902 0.24064042214006401 0
6.865892272122748 0.30359389658718261 0
6.902914866389616 0.24121284557970649 0
6.9382296845647149 0.30330944690696648 0
6.9744843264954861 0.24158669218758841 0
7.009839598339263 0.3036324486276587 0
7.045965488203505 0.2420286845570164 0
7.0803002809715796 0.30467546103166471 0
7.1172403949881868 0.2426020363339246 0
7.1515408119357016 0.3052707060431441 0
7.1886109006742638 0.2431226534466365 0
7.222856601485411 0.30594689640701889 0
7.2600098826081636 0.2436479723407188 0
7.2918360510215372 0.30856833076146312 0
7.3310242205811056 0.24449828219678249 0
7.3638213386599896 0.30875576695406431 0
7.4024754242442832 0.24499709085284729 0
7.4366542793487156 0.30783081354714298 0
7.4741407143642142 0.2452519177089926 0
7.5083552505447679 0.30804497676997322 0
7.5456530239781481 0.24565593370345101 0
7.5797792280055223 0.30854416862645828 0
7.6170936712185284 0.2461323193265402 0
7.6512079315170043 0.30903261585432651 0
7.6885231624051098 0.2466189757829691 0
7.7225864861199192 0.30954212322198932 0
7.7599424360979796 0.24711085406826999 0
7.7940040568971583 0.31003487181209172 0
7.8313665095709499 0.24760080952878069 0
7.8653805080393742 0.31056294038159171 0
7.9027845297347614 0.24809633118173091 0
7.9367975193183176 0.31105938973327829 0
7.9742083010364926 0.24858751066376791 0
8.0081752908730301 0.31159907090618078 0
8.0456264909071766 0.2490851717541798 0
8.0795925505052377 0.31209781226464572 0
8.1170503318855971 0.2495770898102522 0
8.150969875017454 0.31263490650545001 0
8.1884684588619585 0.25007444284095992 0
8.2279491211740758 0.32267870952567312 0
8.2608192871120778 0.252157153164006 0
8.2955237819938397 0.31243042512226832 0
8.3317581346850265 0.25112207513186191 0
8.3684521130946994 0.31407279269398702 0
8.4033539305252702 0.25154914103638842 0
8.4401574003128257 0.31474354925462061 0
8.4748553770962793 0.25205796242849671 0
8.5116963602035618 0.31530651690442729 0
8.5463133775678504 0.25256244491673008 0
8.5831471196585589 0.31581027624201491 0
8.6177494369502092 0.25305633620228862 0
8.6546361335394586 0.31637742479612441 0
8.6891882152220212 0.25355902715681428 0
8.7260753649595166 0.31688158236215352 0
8.7606191495653079 0.25405268622483868 0
8.7975557979161962 0.31743303274536211 0
8.832055643509932 0.25455272211464203 0
8.8689932184610125 0.31793413143880761 0
8.9034858953194291 0.25504542885979548 0
8.9404684254537372 0.31847500100149118 0
8.9737504308553682 0.25351711409510719 0
9.0117096486031336 0.31863627778244041 0
9.0427632873542603 0.25220309145676117 0
9.082755626821136 0.31881128509771972 0
9.1148953328607139 0.25436553501479042 0
9.1542365635031793 0.31952671122451037 0
9.1887833134842278 0.25668262189376462 0
9.2261480801774773 0.32045900501356689 0
9.25981083027823 0.25729904596163378 0
9.297589185150132 0.32104297563760897 0
9.3314208593081744 0.25768441672004022 0
9.3690874846901906 0.32149936179908611 0
9.4033880047529212 0.25844253988946853 0
9.4406163249156005 0.3220276310021486 0
9.4749219350925689 0.25898278959946652 0
9.5121760656851624 0.32279800453821189 0
9.5463888130053931 0.25952707778843109 0
9.5836317681934986 0.32334296580700761 0
9.617827175803555 0.2600344703459686 0
9.6550438160076801 0.32351201690790371 0
9.6892535103002153 0.26047306193700492 0
9.7264681457874254 0.32393914167118643 0
9.7606798870742253 0.26094319897741541 0
9.7973677972646875 0.32438599679056113 0
9.8320188245107261 0.26142188198534871 0
9.8669155620160023 0.32318350750397401 0
9.9031178742699737 0.26162709858686151 0
9.9403460514104527 0.32507106326349428 0
9.9748240635235348 0.26230174496165948 0
10.01016076858831 0.32443462064189021 0
10.04602881399004 0.26263396323511817 0
10.081281945923671 0.32470976756512121 0
10.11736773468496 0.26306104174913503 0
10.157391891163369 0.33844715532957048 0
10.189560478402001 0.26574763711012378 0
10.228219853233171 0.32812564685074103 0
10.26101519542773 0.26480100257172812 0
10.296309988454601 0.32666366476640668 0
10.33189060353018 0.26472541744913608 0
10.367088845069871 0.32673325454644481 0
10.403117580377749 0.26505026920655128 0
10.438374416708299 0.32712484578387069 0
10.474487604520039 0.26549552735355553 0
10.5097652454312 0.32758797854482219 0
10.54589901272551 0.26597277681942788 0
10.58118508257926 0.32807165768489022 0
10.61732215301237 0.26645878256828648 0
10.65261168324948 0.32856021814418951 0
10.68874837589982 0.26694706125082313 0
10.72403835111912 0.3290488251660238 0
10.760175123753941 0.26743572651607211 0
10.795465255252321 0.32953760534466392 0
10.83160199847975 0.26792448507119532 0
10.866892150231781 0.33002637879244101 0
10.90302889282524 0.26841325805275928 0
10.938319048640601 0.33051515476183929 0
10.97445579101224 0.26890203385902722 0
11.00974594748684 0.33100393105284931 0
11.0458826899124 0.26939081018972322 0
11.08117284658514 0.33149270752922377 0
11.11730958897342 0.26987958663869821 0
11.15259974567185 0.33198148399705951 0
11.188736488059311 0.27036836310593793 0
11.22402664476283 0.33247026046803041 0
11.26016338715006 0.27085713957673863 0
11.295453543854579 0.3329590369395623 0
11.33159028624177 0.27134591604824659 0
11.36688044294648 0.33344781341119162 0
11.40301718533367 0.27183469251992443 0
11.43830734203836 0.33393658988289682 0
11.47444408442558 0.27232346899164001 0
11.509734241130269 0.33442536635467712 0
11.545870983517499 0.27281224546326549 0
11.581161140222189 0.33491414282641702 0
11.61729788260944 0.27330102193494288 0
11.65258803931407 0.33540291929812749 0
11.68872478170135 0.27378979840686057 0
11.724014938405981 0.33589169576994993 0
11.76015168079328 0.27427857487871082 0
11.79544183749781 0.33638047224182832 0
11.83157857988523 0.2747673513506132 0
11.8668687365897 0.33686924871373858 0
11.903005478977139 0.27525612782255421 0
11.938295635681561 0.33735802518574182 0
11.974432378069061 0.27574490429452397 0
12.00972253477347 0.33784680165773301 0
12.045859277161 0.27623368076655302 0
12.081149433865409 0.33833557812971887 0
12.11728617625295 0.27672245723856592 0
12.152576332957331 0.33882435460173888 0
12.188713075344831 0.27721123371060402 0
12.22400323204927 0.33931313107376682 0
12.260139974436809 0.27770001018263291 0
12.29543013114117 0.33980190754579881 0
12.331566873528731 0.27818878665468078 0
12.366857030233049 0.34029068401786511 0
12.40299377262061 0.27867756312672548 0
12.438283929325021 0.34077946048987118 0
12.474420671712521 0.27916633959869602 0
12.50971082841702 0.3412682369618692 0
12.545847570804471 0.2796551160706866 0
12.58113772750897 0.34175701343383341 0
12.617274469896371 0.28014389254263222 0
12.65256462660088 0.34224578990574078 0
12.68870136898826 0.28063266901454043 0
12.723991525692799 0.34273456637763522 0
12.760128268080161 0.28112144548646528 0
12.795418424784719 0.34322334284949779 0
12.831555167172059 0.28161022195830571 0
12.866845336821269 0.34371214210064838 0
12.902851065783929 0.28217344606493178 0
12.937577011634721 0.3557100612310739 0
12.973890094530979 0.28406627753241792 0
5.1888853322590238 0.22931218414205079 0
4.6888884969579827 0.22623176917966559 0
4.4746146632909891 0.22442441247056591 0
4.2603196466403652 0.22328339221201149 0
4.0460465788660942 0.2214907159145772 0
3.5460582852243978 0.21806928069187409 0
13.009648213591969 0.34694328468678981 0
13.045982330779729 0.28257414627462413 0
3.0460703482470031 0.21466422692174339 0
2.8317963312221579 0.21350471885737349 0
2.6175085970251888 0.2117151864783112 0
2.4032278995895888 0.2102488571764822 0
1.9032370287356171 0.20682926026047149 0
12.867239011806451 0.220254466547671 0
12.653411212283761 0.2185307716514551 0
1.403297349619723 0.20344210919881181 0
12.439130515008079 0.21706444223557969 0
1.0461168170055239 0.20096210409446311 0
12.224849817732361 0.2155981128194929 0
0.83183611972977012 0.19949577467873919 0
12.010569120456511 0.21413178340339331 0
6.4681630419804907 0.36425784548519752 0
0.61755542245401596 0.19802944526301439 0
0.40310548616168462 0.19910669038071921 0
6.6870341975490284 0.37264709316002442 0
6.9002289055994979 0.36400644532342702 0
0.18899402790250799 0.1950967864315642 0
11.51058082681268 0.2107103481001831 0
11.296300129537039 0.20924401868525749 0
-0.31099426574091837 0.19167535112820419 0
7.042776281886824 0.36450618734729939 0
11.08201943226892 0.2077776892758475 0
-1.921242572163316 0.37659991886236172 0
-0.52527496301667242 0.19020902171247889 0
7.1839712358108159 0.36613776194342418 0
-0.73955566029242703 0.18874269229675419 0
5.4744663302047956 0.2315978008864305 0
10.867703152035469 0.2115114131987236 0
-1.783141421740863 0.36945812400929601 0
-0.9538647945025106 0.18729570595251421 0
5.3316635565694241 0.23059139936330969 0
-1.634843139604425 0.36872352577705159 0
-1.422534570145076 0.36791820502558381 0
7.402264250503352 0.36817822835067288 0
7.6822123776127684 0.37929679226991342 0
10.367809422493229 0.20293672776875141 0
-1.453823296686839 0.18382516196934059 0
7.540358074949749 0.36839183130056963 0
4.974584777925239 0.22816678610730079 0
-1.2815920583156539 0.36990487587789811 0
7.825679917240973 0.37042458295659392 0
4.8317471521206201 0.2272241513130297 0
-2.0716852331500202 0.37006319550204753 0
-1.1387418554736619 0.37088802828313439 0
9.8678386458765761 0.19953465321942199 0
7.9683758071849873 0.37131155608476069 0
-1.954267520642611 0.17899327387018599 0
-0.99633727160972552 0.37168403140670708 0
8.1110361526591817 0.37220780290099309 0
-0.85440100574654632 0.38217479847190972 0
-0.71179556737178551 0.38297476132796621 0
-0.56851807095480844 0.37465371404640752 0
9.3672939863724505 0.19580804632178331 0
8.3328302219984565 0.37347887808654978 0
8.6231239325463456 0.37572007842301619 0
9.1506607714191812 0.19329114681291401 0
8.4799670935839622 0.37474300357434742 0
3.8317658815903188 0.22002438649895531 0
-0.42589334535628892 0.37553693680497219 0
13.081024725742139 0.34510400812632419 0
13.119386763630761 0.2823668101165322 0
13.082396760060449 0.21798289824904321 0
11.867715322272639 0.21315423045940921 0
8.9379970501541699 0.190932308670024 0
3.6889120834064801 0.2190468335556319 0
8.7662594612504154 0.37658850270182942 0
11.724861524088761 0.21217667751555611 0
13.156988469982871 0.21801681796679409 0
13.19547642869272 0.2836852372186216 0
13.23222311129541 0.2158316720199607 0
13.274056208363669 0.28503331377512608 0
13.3125048644808 0.21367628870651459 0
13.35548209905258 0.28626568314224859 0
8.7249317622281524 0.19164806569923479 0
-0.28314211870870598 0.37651579798435098 0
-0.140651747319118 0.37737707855253327 0
3.3317775882988592 0.21660296736131829 0
8.9093111957915667 0.37752624013917663 0
0.0018818581146917189 0.37832534086308511 0
0.144458719008385 0.37932078759774679 0
3.1889237993774739 0.2156258398386437 0
9.0521749294411613 0.37836472552681549 0
8.2249847009993129 0.18857051655585971 0
0.28708110405407122 0.38032966476063729 0
9.3386536125941042 0.38042017040084991 0
9.1953262644468996 0.37941883175428259 0
9.4816979691691223 0.3815567008252978 0
10.72488497209056 0.20533383285993001 0
0.42967897863116139 0.38122297899485141 0
7.724955174941357 0.1848051950928816 0
10.58202549488983 0.2053149946626586 0
9.6250779751774935 0.38221032924884579 0
7.510674477665674 0.1833388656771292 0
0.57177227719001189 0.39080288183906192 0
-2.1773017975809972 0.17025071090095781 0
-2.226494347474623 0.3719993651582752 0
10.22789359939563 0.2034147157732408 0
7.2962426350720033 0.18198689688806041 0
0.7149461250643232 0.3831738737986814 0
9.766710381938724 0.38264499915408512 0
2.1889471920957888 0.2087825350426715 0
0.85745946466366951 0.38413409420505812 0
10.08059628342677 0.20574786472750209 0
1.000036520078069 0.38515417207242691 0
7.0820841335552673 0.18042342166966391 0
2.0460932390303701 0.207805092493414 0
9.9793896479332389 0.3822773953689998 0
9.724788533550754 0.19434406286734701 0
10.26488351094207 0.38415887587476533 0
10.10976665396182 0.38835565986571158 0
9.582054551331284 0.19751338336186949 0
1.6888493296133109 0.20544049391297281 0
1.1519872871190679 0.38726779618377039 0
10.402699143425981 0.38985222552620591 0
1.5460818605309929 0.20445425833328559 0
1.3046235957314101 0.38707768056185571 0
10.54421144591895 0.39066818924973501 0
1.5030599288842419 0.38582565207647368 0
1.18891526607302 0.20209358184160961 0
1.794829378946325 0.39166678443094932 0
10.688681673965069 0.39141561819902182 0
1.6505178802327181 0.39250162866930027 0
8.5820779640443572 0.19067051275549429 0
1.937058324296554 0.39502354797545858 0
13.11758749442351 0.14964155472358059 0
10.89896130556942 0.39229291229055918 0
8.4393247383477963 0.18987782834845451 0
11.187889902375399 0.39408338135917431 0
11.0471299164359 0.39632963681310268 0
2.08053697531399 0.39362189031860551 0
8.0819782440164847 0.1876314398578369 0
-2.3892842366956502 0.3727702061685727 0
-2.477962874041078 0.38411723663932201 0
2.2233907734978322 0.39459944326243379 0
7.939127813102183 0.18673282834304791 0
11.330743700559371 0.39506093430250222 0
2.4379688998097748 0.39932116857453792 0
11.47477921993171 0.3955476526163913 0
-0.025286669373245949 0.19363045701583831 0
2.6528536908813378 0.39700764701824692 0
-0.16827583917169889 0.19295716002721419 0
11.61645129692686 0.39701604018944991 0
13.397258889311679 0.21463936413091181 0
13.44051859245509 0.28820518918155252 0
2.785749541931362 0.39851422839094491 0
13.23068673076229 0.34879775779511651 0
11.90407937413465 0.38866671530506591 0
11.75930509511041 0.39799359313303168 0
12.043895256358679 0.40228125789269481 0
13.48141324859299 0.21498904079841419 0
13.527134440974381 0.28895893724278637 0
2.9423184752431641 0.39947144153832442 0
6.9392071781786626 0.18043707729545189 0
6.796372856081053 0.17951917910074139 0
12.18610752093797 0.3921511052685237 0
6.653551688562767 0.17747354801339449 0
3.150350593582032 0.40179252937350429 0
6.5106978903788937 0.17649599506938909 0
6.3678109459918497 0.17683916397484981 0
6.2964022741250432 0.17662265876274469 0
12.33187745624053 0.40295547490905781 0
3.432673426282788 0.39920725165389509 0
-1.1682247946494111 0.18670559178564591 0
3.2911079100587881 0.3939548582661252 0
3.577504170147825 0.40827939588937889 0
-1.311054329454999 0.18578954581024579 0
12.4735740860296 0.40288135785298268 0
12.61475639550298 0.40344570731649387 0
12.83160000842577 0.39628276426696729 0
3.725019390194805 0.3967901039606766 0
-1.6681354889900331 0.18357257144315831 0
-1.8109572840864481 0.18140952413755829 0
3.862075063030439 0.40205604209000823 0
12.98850616726047 0.41438295229309158 0
4.0811664646674828 0.4063546934633997 0
4.3718574910741612 0.39785824234197348 0
4.2350663596360931 0.40531148430373792 0
13.569028832621759 0.21472022523155451 0
13.61765974868114 0.29041854985879018 0
4.5099565350414554 0.39818791766033451 0
13.39668916691341 0.35883809816456058 0
13.349089861804609 0.14126610103125639 0
4.6586198294222143 0.41456575140515312 0
4.8075673457841708 0.40673119181562578 0
5.0765190812209129 0.40775847084542532 0
4.9346289824743748 0.41244722334800688 0
5.2239112372219214 0.41023060020149388 0
5.2818692640683 0.41813151986459413 0
5.3700359209016622 0.41453871324059433 0
5.4182156157139509 0.42037657583676158 0
5.5069365202998011 0.41953479903807822 0
5.5703540927162054 0.418295567487172 0
5.6364681218157919 0.41916767497295582 0
6.3285665700239431 0.118575898363598 0
13.66131799373172 0.215232507768745 0
13.711427792967889 0.29193042977320921 0
13.757640577766191 0.21511998310419661 0
13.808554732992199 0.29349644853056711 0
5.6953063670289588 0.42690375149829579 0
5.794712628335235 0.40840061604709238 0
5.8623436882935289 0.41077865098907479 0
5.9290854120672476 0.41874195518299312 0
6.0715627328459316 0.4238772019547391 0
6.0163705507014109 0.41988098604968882 0
6.1597762789232497 0.42760115473625082 0
6.2090510810252963 0.4096104619595764 0
6.3028319876668366 0.42230442333375579 0
6.3609803680143306 0.41985427769089628 0
13.571688706713241 0.3669639300052826 0
13.045641150417209 0.15695562122082299 0
13.7641640238853 0.37836375285080898 0
13.863016413036711 0.3810291000225684 0
13.908382437919339 0.29359943100112501 0
13.96188385807201 0.38334583756253632 0
14.010808528015639 0.29709861061434711 0
13.961290556926251 0.2115333501357983 0
13.06688082878078 0.096381339311221573 0
14.04709681184984 0.38368501347851008 0
14.11188052686129 0.30472708932958709 0
5.1518218714743984 0.40842062501633608 0
6.3978244628900756 0.36143372653819772 0
6.4329039383824131 0.4266073218992506 0
6.4973275157776769 0.42651902509017109 0
6.5371206346591597 0.37873039465096658 0
6.6176498689451622 0.36751818173761658 0
6.6523755043209976 0.4204685888287501 0
6.7304878686602532 0.4131409348987608 0
6.5951857004201813 0.42744142501158999 0
6.5420296563664229 0.43184188670738732 0
5.015115241750479 0.40889416596525308 0
4.8701727813319184 0.40952909187416708 0
-2.3412767978901652 0.15632772704836881 0
4.7139549318646159 0.4008041106672689 0
-2.0962146078372421 0.17161009507921879 0
-2.13359500265465 0.109398031847722 0
-2.205995438358233 0.10166631241479041 0
14.07318900384591 0.19490621113003129 0
14.181903637930541 0.220557568043182 0
14.219916958651879 0.33542162432027428 0
14.29070239423201 0.2405157440666654 0
14.339893449017501 0.35287091875689269 0
14.40943687134555 0.25202177501438028 0
14.45454608269284 0.35819977078012399 0
14.529458834344419 0.26369917390104958 0
14.56664780711338 0.36369550501910991 0
14.65515577317861 0.27594604372728282 0
6.7594332741555796 0.36215488975082061 0
6.7790471678766906 0.41304940254522221 0
6.8265658073709332 0.37112548509809568 0
6.8758502860676938 0.42910631755377932 0
6.9310913459055943 0.41856700638887367 0
6.971617633132662 0.37169047307174952 0
7.0205610510235958 0.42563248098852741 0
7.0699848093196804 0.41850471828936842 0
7.1120651428116997 0.37329862771928118 0
7.1555649171680678 0.42310643459371378 0
7.2149145889718032 0.42297515939288233 0
7.2504856395814343 0.36848583345355618 0
7.2699249706923323 0.42853548024583682 0
7.3181655115805118 0.37929222358252118 0
7.374822102093769 0.42624832618622432 0
7.4272654331912964 0.423190176375839 0
7.4707288356342447 0.37655381271982469 0
7.5116928043682476 0.42936983717707972 0
7.5630144145520717 0.43000077528906772 0
7.6112510003322686 0.3797713901529553 0
7.6465122349436161 0.42885595907790758 0
7.712141229822187 0.42814715647453111 0
7.7548623738157119 0.38035085800273061 0
7.7959306662516896 0.43131298619173358 0
7.8487331838760568 0.43227162380654671 0
7.8968592596313636 0.38022787898572441 0
7.9458236128312389 0.43055292180208188 0
7.9966130136475364 0.42644409967003932 0
8.0403676673073878 0.37984106414932678 0
8.0863070628097731 0.42611501533005441 0
8.1389066782631883 0.42793295856895919 0
8.1768519921758731 0.3765383100466318 0
8.1907879289916359 0.43253157987334212 0
8.2307566296808528 0.3934786884816836 0
4.581285242954924 0.41027059327330112 0
-2.3075701822265628 0.37823912905796642 0
-2.2611070368910449 0.4312708668477892 0
-2.2047574176053151 0.42555558607300831 0
-2.1540221952030651 0.38371200524101262 0
-2.0978394941110081 0.4335188454628443 0
-2.040647808480601 0.42317653156797891 0
-1.9956540069196369 0.37770445907314482 0
-1.956356784086007 0.41691744073022619 0
-1.8799518937242219 0.42078766513889909 0
-1.8513232425082959 0.36714509205193968 0
-1.82587889464352 0.42408781951723828 0
-1.7702056639968129 0.43703184402575612 0
-1.716500665437023 0.38936429107581211 0
-1.656893646589547 0.43291782384735261 0
-1.606450931428105 0.41147036979479701 0
-2.255760597421677 0.1656318325226126 0
4.4414505085410134 0.40342802889207552 0
14.41001860663903 0.095066230142203681 0
13.752575557015909 0.078343371995598432 0
-2.8519060760679289 0.086205321627599113 0
-2.799840667008973 0.1709939229314861 0
-2.7028478152876629 0.16667134255423599 0
-2.7487205875429721 0.25553186374258668 0
-2.8475723876044272 0.2585952107379127 0
-2.7901978949320938 0.33641926058035693 0
-2.702311071216521 0.33449614359697621 0
-2.8896645389264428 0.35089333848998128 0
-2.948676768994158 0.26073220722136692 0
-2.995124882978637 0.35767058287380732 0
-3.0542508988172332 0.26256876030862919 0
-3.105421617667067 0.35706432221107048 0
-3.163600951675253 0.26445674349884107 0
-3.2250114093190891 0.35012456600007108 0
-3.2767513479988302 0.26647380864345349 0
-3.3357349436079442 0.36235148527268851 0
-3.3919383406857149 0.27177630281237308 0
-2.7419269874139749 0.41212208812511619 0
-2.6659752483614239 0.40572410509559048 0
-2.606929860952985 0.32956748453398821 0
-2.597498314199286 0.40007629242609322 0
-2.8255974853535908 0.40593036566134288 0
-2.8815511632842159 0.41498962597452871 0
-3.442435951081344 0.36644650974085252 0
-3.509220540583486 0.28226903289344651 0
-3.28627169058 0.093569089774241124 0
14.172208285899091 0.1013816326494512 0
-2.656213304897256 0.080717651197043272 0
-3.0612236214859898 0.089776062138963442 0
-3.5341165450401628 0.1030101762743417 0
-3.7949567370643029 0.1146037183215704 0
-3.7264031629974732 0.2282259724965108 0
13.304940633219941 0.069798300301122135 0
13.26916429820225 0.14436705136485481 0
13.957422320768231 0.076991632898041798 0
-2.3841292499868501 0.077844976305851202 0
13.5638621510201 0.072292716127337925 0
14.66858806345326 0.10309366904777981 0
14.94017611666855 0.12717959148781241 0
14.871599078528909 0.23865982488235449 0
-1.9967910988687609 0.062175942946679691 0
-2.0324360356920859 0.12606559975633169 0
13.009282093066499 0.2188069780469151 0
12.97813053505813 0.16175252667519249 0
4.3036317098990322 0.40386793711118618 0
-4.0744463540563469 0.12229357065384221 0
-4.0066424279688926 0.23916590762123069 0
-4.1443985056627453 0.26076090273110247 0
-4.2823829921159158 0.24654299057769849 0
-4.2388780535015229 0.35066478331184392 0
-4.0454566447341218 0.34524745051211447 0
-4.3336251052027244 0.35729870075751319 0
-4.4222931774611736 0.2555068981333628 0
-3.9558000745503699 0.34527416287370533 0
-4.4437746848206174 0.36373293031393189 0
-4.5309902498225982 0.28332041274459702 0
-4.3575984145314379 0.12749777766368611 0
-1.566295909157849 0.37477233100331991 0
-1.5377259637870699 0.42270714724521019 0
-1.495775008057127 0.37755464745909878 0
-1.454204055014237 0.42932416185648048 0
-1.400077922366654 0.43135465585246308 0
-1.3527012236309861 0.37896466676802532 0
-1.3032291896805539 0.42940613536487687 0
-1.2522204903101399 0.4231205399555058 0
-1.2094473836501689 0.37852527172483758 0
-1.166358679402222 0.41411619555485729 0
-1.120631763881877 0.4325963821727159 0
-1.068308841568405 0.38031290837629178 0
-1.021820003203523 0.43229343537753878 0
-0.97082636521964505 0.43215947205167271 0
-0.92478178536207667 0.38212353924293058 0
-0.88572976447253327 0.42509098572706272 0
-0.81829876818173797 0.42795959973405351 0
-0.78083722428894475 0.38351892029615708 0
-0.74607956922840524 0.43592976996387067 0
-0.68137430754432304 0.42974409625141302 0
-0.63993066491567585 0.38269483626188561 0
-0.59801595903709714 0.43263603010467172 0
-0.54415163600550009 0.4384194448144747 0
-0.49992787768209879 0.38244215125094938 0
-0.45597882690738928 0.425812709232258 0
-0.40493647773075958 0.43319770801454621 0
-0.3574124256061616 0.38387682178019578 0
-0.31214918287082738 0.43405526728415222 0
-0.25619579031900069 0.43402662128241509 0
-0.21483243531505919 0.38505318505071479 0
-0.16792119901658659 0.42696566794993063 0
-0.1155362319020163 0.43211971493344881 0
-0.072359218544510329 0.38652725965017443 0
-0.023894162224773821 0.43395971575311337 0
0.029332055424168099 0.43486225984563392 0
0.070158459068099116 0.38782218179963451 0
0.11419403250478841 0.43473357685522768 0
0.16782062080308971 0.43043146003272692 0
0.2126890704587546 0.38909764353456461 0
0.25567153485740618 0.43286800132147008 0
0.30698314092982082 0.43465212624695732 0
0.35604743030937808 0.39153087979437817 0
0.40693291396795322 0.4386684870663175 0
0.45593817566759709 0.42959285624837179 0
0.4977206856247462 0.39183510079892031 0
0.53487631666317847 0.43314801870371911 0
0.59589313883186779 0.43418482994864033 0
0.64026403584379676 0.39308718420342748 0
0.68657802545138347 0.43396384467529803 0
0.73794184393926454 0.43471994838003292 0
0.78556578235029884 0.39095906054980623 0
0.82900488429645192 0.43574987052216702 0
0.88138871157178311 0.44101097783904891 0
0.92956146147703189 0.38923206005891231 0
0.97165834970668152 0.43369133161914908 0
1.0215708938127039 0.43031991070298359 0
1.069512167605505 0.39433738503008969 0
1.1090058824159801 0.4405477179477455 0
12.926872357580409 0.054451339082016798 0
-1.924711245028716 0.06020320930894927 0
-1.8976343086976339 0.12083965158311639 0
4.1394517134910984 0.40613327728444681 0
12.88887615125674 0.40126661534699382 0
12.40120056025139 0.3941471074568057 0
11.79628842318073 0.21266545398747461 0
11.832425165568161 0.15105233309630911 0
11.903852064660059 0.15154110956819389 0
11.760998266476291 0.1505635566242492 0
11.68957136738425 0.15007478015243131 0
11.653434624996819 0.2116879010435746 0
11.617447024638031 0.1539683059898693 0
12.08199601954847 0.21462055987541601 0
12.04613543703101 0.1528428139018746 0
12.117442141003171 0.15705711024821969 0
10.616467553776429 0.39038263131041301 0
8.2964898641056184 0.18931158733151271 0
8.2610802109721106 0.12661350950488781 0
8.1896533118801855 0.1261247330329596 0
8.7963586613202427 0.1921368421711401 0
8.7600654995280287 0.13060491461927659 0
8.6884029878138591 0.12919971905374661 0
8.8298428537519555 0.13051348511083291 0
8.7209243327972974 0.066592241076685016 0
11.975157803486759 0.15589644655574381 0
12.0071574561512 0.092509681787491541 0
10.041630296300371 0.3807473463784703 0
10.006430216601251 0.43401541391043308 0
9.9575595616942199 0.43503385844929238 0
9.9141616906691201 0.39362136861866182 0
9.8391658628622665 0.39286067052676271 0
9.7902979030719948 0.4351073798102173 0
9.7349432103585816 0.4349193670382272 0
9.6979635735764376 0.39091360390058377 0
9.6511167042931465 0.42738160237765888 0
9.5993278989512056 0.43262640249222722 0
9.555656805189777 0.39153389161585 0
9.5109316809966398 0.43401197034710398 0
9.4574019435556984 0.43247631108983697 0
9.4117426272110158 0.38760951895908458 0
9.3703659718993375 0.43167406954865112 0
9.311711193871627 0.43672086022059009 0
9.2647571808803981 0.38575369527900921 0
9.2187334396447582 0.43390683851133749 0
9.1713869132575496 0.42946837849383901 0
9.1235120023882139 0.39170858641521722 0
9.0771699448619412 0.43429850631456002 0
9.0258737725642622 0.43327861628329473 0
8.9838069183868541 0.38689342913060781 0
8.9389755354376295 0.43239522132081509 0
8.8857549208051854 0.43375548910412848 0
8.8406771469686536 0.38561957013694359 0
8.7932181294533436 0.43213432326707651 0
8.7407730553951168 0.4267057797350931 0
8.6951441330278776 0.38310188458745248 0
8.6519127454070368 0.43272073647160902 0
8.5961021897816732 0.43389460736256941 0
8.5543250469115701 0.38285854965781729 0
8.5018955223026929 0.43145022729119598 0
8.450959925510686 0.42666568890705658 0
8.4111518195401143 0.38163787465544419 0
8.3617661303821915 0.43293106400037179 0
8.3082901180335487 0.42884888469239252 0
10.06013246306224 0.43546613139933538 0
10.109593873329141 0.43573126323164979 0
10.166434404069021 0.41875529521540861 0
10.43920335224465 0.2033987309366474 0
10.403047293166701 0.14177327023311659 0
10.33037908046466 0.13843246962925121 0
10.4727631660997 0.14196782493965751 0
10.36139033573162 0.072361671583268922 0
10.25684010772285 0.1329201248287912 0
10.211991465145299 0.078528668615899397 0
10.15740200155795 0.12929811012536799 0
10.104090652027921 0.1108982114515418 0
9.4392007531473467 0.1965358304180391 0
9.4028687962110773 0.13494066563455581 0
9.3298391429133982 0.13300073983306709 0
9.4729338139878738 0.13483677656590559 0
9.3613828098951046 0.068817607922136551 0
9.2561221587818849 0.132351138642086 0
9.2144806002511075 0.065580964410672432 0
9.1409824869326872 0.063536441509119884 0
9.1052984855216508 0.1241341440088805 0
9.0338428988693753 0.1233940649756189 0
9.0733936181636192 0.18741904398234341 0
9.2940201291786408 0.1945902241323724 0
11.25931680146744 0.39457215783093103 0
12.510557414099971 0.21755321870752231 0
12.47479105796004 0.1557219274516787 0
12.40373682879758 0.15853867389642601 0
12.54611538501875 0.15964691354091201 0
12.433976763374901 0.094468708080275229 0
11.36772702862894 0.20973279515691831 0
11.33172759690288 0.14803395193091221 0
11.26452651671562 0.1493867195652121 0
11.403007925791201 0.15273393044736999 0
11.306154022150549 0.081522713743334557 0
10.33076711327209 0.38821806369840728 0
10.294059282855249 0.43226046648020561 0
10.36741119921415 0.42836148039102051 0
10.242868552791681 0.43519871170545821 0
9.5103773768651738 0.19713455728872389 0
9.5428811767137844 0.13366759253606789 0
9.6137337902481619 0.1294638669244717 0
9.5742574301080872 0.065811860223476321 0
9.6861034829562858 0.12523672343422301 0
6.0459403220183932 0.23545282179169769 0
6.0821109249878029 0.17515036210356921 0
6.1535438948295873 0.17579513615747649 0
6.0107004918856051 0.17394701833999901 0
6.1142284092463868 0.1177315578061278 0
5.9744506248926559 0.23501575960517551 0
5.9392438100098461 0.1743246731552516 0
5.8678319442776976 0.17398033741738669 0
5.8998880838727858 0.1168675232988805 0
12.54477121780201 0.40418636157043292 0
9.7963352486070079 0.1989797127776837 0
9.8324719909944811 0.13736659188652739 0
9.9029972380649625 0.1383860155579964 0
9.8615705419098241 0.07004930469228271 0
9.7568142731544683 0.1294554905893692 0
7.4390705671492254 0.18371085525322239 0
7.4719877035098614 0.12197292758788281 0
7.5422252185325336 0.12178466934869869 0
12.153307815151621 0.21578428155811899 0
10.82375016116193 0.39289389494364552 0
5.1174523288791933 0.22885603311700611 0
5.1535749071209462 0.16921303694888401 0
5.2249996560108558 0.1699994079326711 0
5.0821599085404312 0.16672046563010129 0
5.1854458501517229 0.1139465461201415 0
5.0460105798154054 0.22873860415023109 0
5.0107330094484306 0.16623168915819941 0
4.9393061103565072 0.16574291268630689 0
12.75928168239736 0.40483646374072102 0
11.581891485295669 0.21192950829008739 0
11.54591189410867 0.1503301118672174 0
11.01059253321538 0.20728891283232581 0
11.043383082127081 0.1293620212944297 0
11.11685212552184 0.1438697291813669 0
10.96865114480401 0.14121285610136891 0
10.923002107149991 0.089400184136992591 0
11.10032109712218 0.074314555974817981 0
7.0106533718238291 0.18106984114272459 0
7.0435013420898729 0.11986444795633271 0
7.1137391758002382 0.1197203103793594 0
6.582124789470849 0.1769847715413477 0
11.116463003283449 0.39359460488753351 0
4.6174654160574464 0.2257687183712668 0
4.6535835284210636 0.16618054997342691 0
4.7230831789148402 0.16583464702433701 0
4.5801239598124184 0.16718723947717451 0
4.6848516787798999 0.11166574804240501 0
7.796277399909032 0.1858352714960762 0
7.7610919173287822 0.12319207420168821 0
7.6862699898302909 0.1229094245137224 0
7.6528594938572896 0.1850154859498149 0
11.2254593210926 0.20912934192094451 0
3.974619679774174 0.22100193944265281 0
4.0107384043187011 0.162021839410942 0
4.079974952275828 0.161569657824326 0
3.9393295230696759 0.15890004207952921 0
4.0414995270691669 0.1088048499593809 0
12.116649317500469 0.3963395057480002 0
11.439011286849979 0.21099061432559349 0
3.9031927806822462 0.22051316297077661 0
3.8679026239777121 0.15841126560766369 0
3.7964757248857959 0.15792248913575949 0
11.97086425327436 0.3947565081754848 0
7.867666892703248 0.1864924692905483 0
7.9004784129308234 0.1245748818838395 0
6.4392512724252127 0.17674117892772959 0
3.4032044871076139 0.21709173082752251 0
3.3679143303342931 0.1549898303043788 0
3.439341229426212 0.15547860677627731 0
3.2964874312423729 0.15450105383247309 0
3.222521954391818 0.40241536951617352 0
10.9388739099387 0.2070898757507614 0
12.681210550335789 0.40448521702688528 0
4.5457039133711872 0.22561812663065539 0
4.5083191942021026 0.16472981051894239 0
4.4388982990163859 0.16503511748832339 0
4.4702649980852067 0.11080516195363049 0
4.4031166880237453 0.22439873775250871 0
4.3656751222465822 0.1659598861618076 0
5.5457392963425551 0.23227274140604481 0
5.5107213030919047 0.16965312446175279 0
5.5821482021838289 0.1701419009336923 0
5.4392944039999787 0.1691643479898263 0
11.54559641955036 0.39807656176281792 0
10.75445041010766 0.3853963019947933 0
3.6519287553362232 0.4043749727005877 0
2.6889354961185861 0.21220396294917149 0
2.6509156528266891 0.15165324311057291 0
2.5817399133959622 0.15331753781416679 0
2.7218648701746182 0.1557227583291548 0
2.6126240852328881 0.097555155482974595 0
3.3572807408519241 0.40207253433368501 0
2.7208588579866388 0.39779306028359862 0
2.1519638744059071 0.39411066679052531 0
1.4431054024211629 0.38479630878038812 0
1.4731264013863341 0.43066711152067599 0
1.5247442425064841 0.43058798019447042 0
1.5728507151135029 0.39347626583898299 0
1.613204897917428 0.43009470816865819 0
1.4207849599448099 0.43611669481938647 0
1.3742909094092171 0.39238522308066842 0
1.3311888064525119 0.43566822405290129 0
1.2828944572900141 0.4374546493045493 0
1.229882124746839 0.39035099441533921 0
1.1909100685922229 0.42931373916469728 0
5.6172405873742024 0.23251646583385549 0
1.617375063365901 0.20500521701387331 0
1.582241853036356 0.14277041850662259 0
1.5081563306084691 0.13774990795258571 0
1.653668752128278 0.14325919497853229 0
1.725095651220196 0.1437479714504441 0
2.5460019434373589 0.2118437847955848 0
2.5070519601444601 0.14177183560027909 0
2.880736488762135 0.39794269351094552 0
2.3662445716816678 0.39557699620625958 0
2.294817672589748 0.39508821973434721 0
1.831802384298445 0.2063460180261085 0
1.86792087010262 0.14858927897865559 0
1.936416398347508 0.1475376431081625 0
1.895778596578771 0.098277274502253834 0
1.796522550312122 0.144236747922352 0
2.5090983698655052 0.39655454915008281 0
1.2604981288524499 0.20262122588126241 0
1.2251073575767619 0.1403265361470831 0
1.2965342566686799 0.14081531261898969 0
1.152920573693603 0.13791471758356319 0
-0.88253051945625449 0.18845089602849219 0
-0.91769961518077781 0.12566324198983519 0
-0.98912651427269593 0.12517446551792721 0
2.1175202326522822 0.2082938015848026 0
2.0822301466797901 0.14619185381000829 0
2.153657045771721 0.1466806302819226 0
2.225083944863639 0.14716940675384541 0
1.4743585553632259 0.20324635232706029 0
1.435802971420042 0.14269508201627479 0
-1.025379700991973 0.18759842020548689 0
-1.0968375754435551 0.18739197697748511 0
-1.124199588448449 0.12506410344134899 0
-0.6682510173545736 0.18978650804359309 0
-0.70341891790502364 0.12712957140555961 0
-0.77484581699694177 0.12664079493365171 0
-0.59684687840069184 0.19037041286697701 0
-0.56056511972118672 0.12810712434937599 0
-0.48913822062926848 0.12859590082128469 0
3.260350689996053 0.2161142271334717 0
3.2250605321504349 0.15401227736056691 0
3.1510294776663859 0.15816732265435809 0
0.76040922063785199 0.19900699820683099 0
0.79910938259044451 0.13399637460771741 0
0.86515885175158902 0.13915828124955121 0
0.72373497612471149 0.1243850678675132 0
0.83268270541265976 0.075780756424441931 0
-0.23972335975383571 0.19251756086218549 0
-0.27485752335351482 0.13006223023700969 0
-0.34628442244543278 0.12957345376510149 0
0.54612852336209816 0.19754066879110629 0
0.5847979428039185 0.13274667110380259 0
0.51524628595198241 0.1316645163557747 0
-0.096827666861715289 0.1933344128416819 0
-0.1320037251696782 0.13103978318082679 0
0.046103377534118847 0.19415492281091509 0
0.01486325474917926 0.13074008339983881 0
1.33192056207237 0.20301686871619831 0
0.1175280639052685 0.19464584819917979 0
0.15617502257512711 0.1302883575377187 0
0.2221612605215251 0.13495408053476629 0
0.18984061358539761 0.071381768177266824 0
0.2597777557012631 0.19594334301635649 0
0.29740645180981418 0.1298119814242974 0
0.36679746326442969 0.095643820417301323 0
0.33168682840003622 0.19840615493415201 0
-0.45397582965839689 0.19112534133664111 0
-0.38257244082830683 0.19168775991843209 0
1.7603299986656229 0.20589000729242529 0
0.97468991791360593 0.2004733276225559 0
1.013422981597875 0.1352473247384027 0
0.90262470161692465 0.20033343204049611 0
0.65369216484141901 0.13641632437181969 0
0.61840200813690449 0.074314427008717099 0
-0.81112142863083436 0.1890526813876014 0
0.47525303253369061 0.19696634913176919 0
1.117231702502905 0.201299682839605 0
1.9741720671617871 0.20770421560263691 0
2.4740182428453461 0.20961508320585931 0
2.4393646421393642 0.1486357361695734 0
2.367913314296147 0.15171682881177079 0
2.3964804999486078 0.1001193160382567 0
3.760338982498407 0.2195356100277033 0
3.7250488257938441 0.157433712663863 0
3.6512026064629648 0.16119237902745651 0
0.68858965399821193 0.1965589709147873 0
3.791025453519056 0.40290155547052842 0
1.0793185292759091 0.14021337468094469 0
1.0469634026884109 0.077247085840165819 0
1.723402479854407 0.39117800795903751 0
0.43628289876073778 0.12850609219635131 0
0.42025332140145338 0.054491765631045699 0
1.8661630102993121 0.39249058568820738 0
1.8270146398122971 0.43684399475060559 0
0.93758291771349356 0.12563452188330709 0
3.5039748527991681 0.40312645784988438 0
5.7604329843652398 0.23338365558137941 0
5.7250181892419807 0.17285640671204661 0
5.6535372320094783 0.17272273972983229 0
5.6855588519303852 0.1159902903553086 0
2.7598290066422679 0.21360192596007679 0
2.5826742878089379 0.39901264721490509 0
7.1527139115359271 0.18193516491142639 0
4.7603155697852664 0.2263784806336577 0
2.0067118679358842 0.13912586487715489 0
2.009110076222075 0.3931331138466897 0
4.1888916506747931 0.22284890760602349 0
4.2250171964932903 0.1634860414728245 0
4.2939713615928614 0.16372867632497959 0
4.2558846337993863 0.1098944829393622 0
1.3673588817149329 0.14563574056232051 0
1.401834667023178 0.080331171420102848 0
3.012880331325491 0.40130551821765348 0
3.0815478834389731 0.40083193396428041 0
4.0121766248195021 0.40639756317355991 0
10.97378950410079 0.39271901941428211 0
-1.2396763169237499 0.18651501062604059 0
-1.267028877684651 0.12445906045244561 0
2.903225064605552 0.21407774362866741 0
2.8652715199297392 0.15320013872925781 0
2.9362329337703672 0.15710631450580961 0
2.795411697495267 0.1557345026060655 0
2.826916340658673 0.098794857788320284 0
3.4746313861307319 0.21758050413937091 0
3.5107481827644769 0.15888213762475711 0
2.260374097241193 0.20927130720051551 0
2.9741256482709999 0.21511799424023889 0
5.4030647310638136 0.23119215285909869 0
12.2962767168243 0.21608688929153549 0
12.260462246260531 0.15428293964077031 0
12.189312863830111 0.1580048041302099 0
12.21965912282711 0.093577507848372668 0
3.9381261700694612 0.40241602452004438 0
8.3678933768193815 0.18960896343158001 0
8.4039340091560302 0.12759106244864521 0
2.3317969278038659 0.21035505977054961 0
7.3675451926670226 0.18342191946569161 0
7.3284733545438367 0.1207555662060069 0
7.2570630351208933 0.12085124726927619 0
4.1171041367757919 0.2223248433635493 0
3.1170629343157872 0.2159137861731345 0
4.1509532641304387 0.16497415105893029 0
4.3309587913869878 0.22467255462394881 0
8.0105161584422753 0.18736409712636801 0
8.043312852379751 0.1251812002392596 0
8.5107860076640414 0.19040337473255481 0
8.5467878073398733 0.12856861539239681 0
4.9031700800373059 0.22746156976188009 0
4.8678792112645697 0.16525413621436261 0
4.7941745090185188 0.16840369201802929 0
10.653457276165829 0.20500495232787669 0
10.68755742950618 0.14174509181397391 0
10.76738637148398 0.1401297564546827 0
10.613925765287631 0.14274728370344081 0
10.572988237323649 0.076104331722091578 0
10.714383765620299 0.072590124277241971 0
10.838428437275279 0.1153952908212503 0
2.2965108439555428 0.1476581832257613 0
3.6170819642754402 0.2192659642552495 0
10.15619432303038 0.198735808377968 0
6.2600871542244327 0.23729516520691571 0
9.6522935073650409 0.19451092814514739 0
8.6535048631362397 0.19115928922738429 0
10.51018004597328 0.20502543704784479 0
3.5793216939669281 0.15913143764175569 0
3.5410569108755361 0.1067411898461379 0
6.7249548302538074 0.17929710948618091 0
6.7578246480459159 0.11987953746263739 0
5.2602947776095004 0.2302240990252904 0
5.3678675049080784 0.1686755715179023 0
5.2964297519059356 0.16933153237291021 0
5.7964287621866148 0.1736046578126279 0
10.00900716708434 0.2021244717004099 0
7.2240470579851364 0.182650457117633 0
6.8677510195778746 0.1803825509601665 0
6.9006475585102924 0.1203285833758418 0
3.0101517603098982 0.1567493321307887 0
3.079013340580004 0.15610900892031671 0
3.0390050861782081 0.10366881396802829 0
6.1887126435766273 0.2369464174084609 0
9.9388517963329512 0.20038635480948619 0
9.9707737081199976 0.13855327612625759 0
5.8317190561640926 0.23371012771267871 0
12.72483811137565 0.21901954812339611 0
12.689121842330129 0.15715979426844659 0
12.763994259207299 0.15910298090332961 0
12.617930369483711 0.16047814275979511 0
12.648263700370951 0.095558767762361413 0
10.7973373338193 0.21038208478558579 0
7.5811199122071793 0.18462110547322369 0
6.2249491730892199 0.17637593575665619 0
11.153446331353191 0.20826646574195209 0
11.939122027987031 0.21428743368396971 0
12.367686360998499 0.21717168726755429 0
8.8676002496967605 0.1925308405101159 0
8.8986076481339129 0.1268784881942614 0
8.9301129335223983 0.062108413968786587 0
12.79669276174937 0.21983397778727981 0
10.47357872317458 0.3899099617588786 0
10.43761775355669 0.43128749153149398 0
10.509015970561951 0.43025904465504411 0
12.58195093050572 0.2183784905719301 0
11.194202393784479 0.13650440593950469 0
12.259293388753539 0.40141502843699539 0
8.1533914724085612 0.188243210781046 0
10.29597133483905 0.20120507633681639 0
12.331757466038461 0.1590477604923029 0
11.40217059965118 0.39554971077402917 0
11.832897831131969 0.40426061349953107 0
11.686244997490091 0.38968640613999811 0
11.47496161887668 0.1538551743486514 0
11.50532051096399 0.090375195514079715 0
12.839628026251081 0.16129256149713889 0
-1.3824494949240129 0.18542144880410041 0
-1.409830286415928 0.122640767142129 0
-1.4783255395870301 0.1215522358653281 0
-1.523460219447254 0.1843380019705583 0
-1.596395814821183 0.18427573535501729 0
-1.624040424075988 0.122951228323639 0
-1.739565716667042 0.18333003210466409 0
-1.7674651110254229 0.12008708012736161 0
24.500245043460239 0.1236748370716574 0
24.571646724386291 0.24737285431825051 0
24.434472491138798 0.24219642753151549 0
24.704586871184841 0.24396865447283231 0
24.647482197912439 0.33904329545842188 0
24.51396271507387 0.34874636314473773 0
24.374741819100809 0.34104445443944598 0
24.746148441010231 0.33403534410975211 0
24.304661701430561 0.23778697003302701 0
23.357969641823779 0.12367483707163709 0
23.429371427586219 0.2455328005664997 0
23.566753434857731 0.24227376085231059 0
23.29232177356328 0.24163352171724209 0
23.494999856213251 0.35059735528927199 0
23.35572494919683 0.33729546741911448 0
23.631736435323049 0.34236381572644797 0
23.253877341278031 0.33148857707865331 0
23.697966766491291 0.24881589026407511 0
23.154723086069449 0.26248752449933932 0
23.73267456136406 0.34081061452321981 0
23.831042187947538 0.28239416250214688 0
23.94167060421659 0.1430137772530464 0
23.980428845021098 0.28118223960148142 0
24.083442697077441 0.19888967146784459 0
24.12163713051525 0.33538208692839522 0
11.84696995295641 0.057098104790397182 0
24.359833941825649 0.12157945414482289 0
20.78784998814184 0.12367483707167801 0
20.859251773345431 0.24553160496466961 0
20.996627981946599 0.24226235727448281 0
20.72219853284847 0.2416372855324711 0
20.92479120727511 0.35057817669353658 0
20.785495703110691 0.33732532208423321 0
21.06149783420922 0.34233697971695792 0
20.683622241079579 0.33148837726124358 0
21.127811691902821 0.24882261763428859 0
20.584542450535221 0.26247900992821871 0
21.162409569591571 0.34083363133218919 0
21.260851368983712 0.28245246901292109 0
21.371537748581972 0.14305205003427129 0
21.40829262625261 0.30522143417721492 0
21.517027532352252 0.20386515234101871 0
21.546723973846479 0.33748664672655498 0
17.361042719880039 0.1236748370717327 0
17.28964092048821 0.24557118701650679 0
17.152095465931239 0.2425741273613336 0
17.426661809250639 0.24155270051858149 0
17.220051837783689 0.35195050488569279 0
17.360345422618838 0.33667689637413989 0
17.084038586261521 0.34311796960714719 0
17.014393242132861 0.25079984285971268 0
17.47115255848307 0.34551883585322329 0
17.567635982307589 0.26163822104671208 0
16.97253000973485 0.34867731292352527 0
16.87990973155177 0.27753411219116858 0
16.646233542852588 0.125858404219966 0
16.570225281120891 0.24317626679914631 0
16.437104423428849 0.2421899459130436 0
16.502334880005201 0.352674399765041 0
16.378215539187611 0.34642727661078332 0
16.30619065758955 0.24829134686521731 0
16.647250655750881 0.35281052485439879 0
16.719767544160369 0.24690870995460579 0
16.782744302278591 0.35146970519446058 0
16.272885552018739 0.36235245378571462 0
16.168638305857691 0.28135807770173132 0
15.50484519222077 0.1236748370717609 0
15.433443403956121 0.2455385181259705 0
15.29602911211995 0.24232335593539259 0
15.570481805683061 0.24161606209213801 0
15.367415635891019 0.35068335032729581 0
15.50660068335551 0.3371601998608692 0
15.23053722591542 0.34247793246847968 0
15.60833730821226 0.3314844656267415 0
15.16199506854419 0.2491451331103948 0
15.70457638549056 0.26221555666340512 0
15.12894396371323 0.34078010508359752 0
15.02714442450967 0.28421496316858041 0
14.919445936110259 0.34652838002472269 0
14.788606694164651 0.33759756264715968 0
20.073927862119081 0.1236748370716398 0
20.145329543045069 0.24737285431824671 0
20.282590601859241 0.24235502086287411 0
20.008228382058579 0.24206253850007489 0
20.205912195326711 0.3504111017019016 0
20.068757483107909 0.3383278973612332 0
20.324821380025639 0.33356216378945458 0
19.966816890221669 0.33160339478501472 0
19.869377182158502 0.26237093430636338 0
20.423341011501211 0.2629463914255547 0
20.50778925072424 0.35141649983464951 0
15.93164224756257 0.124183598090414 0
16.007858550319281 0.2473388747771057 0
16.063072582312088 0.34962867547680582 0
15.95870885739239 0.33369319046239571 0
22.644047515801081 0.12367483707163809 0
22.715449196727139 0.24737285431819681 0
22.85271684811914 0.2423638218135932 0
22.578351000402371 0.2420561082474311 0
22.77615574166833 0.35041858250854369 0
22.638993631020181 0.33829811211710831 0
22.895079787016961 0.33354750795585431 0
22.537071072043521 0.33160630624157761 0
22.439554546062421 0.26238018101213612 0
22.99352989939333 0.26291705715470298 0
23.078101073706019 0.35139780683601202 0
18.074964845902841 0.1236748370716475 0
18.00356305819729 0.24553718898526139 0
17.866153452998748 0.2423110149502658 0
18.14060246860404 0.241620390077669 0
17.93762428946777 0.35066396896111168 0
18.07682923278276 0.33719068201589009 0
17.820150060355228 0.33311416723589488 0
18.196470562711699 0.34241544199928831 0
18.300140038841938 0.24782239225889269 0
17.72445432626634 0.26199882716550738 0
17.642142674889371 0.34632176643353152 0
22.21442115387871 0.1251544145756929 0
22.13841393384639 0.2424512787326491 0
22.005223771831631 0.24187008135444621 0
22.067988184395919 0.34960723770352958 0
21.945919376410579 0.3410289785623325 0
21.87357140766645 0.2452020447254423 0
21.83490478338096 0.36010080464227329 0
21.734872814962859 0.26101079735311022 0
22.179891509977669 0.3337418044871005 0
22.278201875530659 0.26377397014501369 0
22.360175143806419 0.35179705308480208 0
19.644301941384189 0.1251553154069763 0
19.568290719013589 0.24244344256897701 0
19.435119757316549 0.2418543468709016 0
19.49776157762857 0.34958270464207158 0
19.37570151538117 0.34104886436293858 0
19.3034537412451 0.24523496116387181 0
19.272307209948039 0.35446890623634419 0
19.166161252638069 0.27756182206816982 0
19.609639440178789 0.3337486675392351 0
19.708016234372959 0.26380253030243889 0
19.78986462449765 0.35181102191671543 0
19.223929707832419 0.13024241606431899 0
19.016304890792409 0.26017302311042662 0
18.936394521532211 0.13821211840441519 0
18.870987067652941 0.27538125340038672 0
19.077756304150771 0.35608584288507672 0
18.975949712007811 0.38061142026922617 0
18.78488443456834 0.13347031946573359 0
18.695333736000009 0.26598833136436112 0
18.548364552775929 0.22816291542119169 0
18.588082465019429 0.34494223470547769 0
18.45589707952448 0.33165398027444881 0
18.77930555816268 0.3594161414866559 0
17.791354562403441 0.12563684792939259 0
22.503829130908059 0.12566661103923599 0
22.927461425495778 0.12580265148452019 0
19.364220313811721 0.1235006197765586 0
21.792974325703231 0.1255871201770124 0
15.64425804265063 0.12519356588653441 0
20.357328583260038 0.12580617377452771 0
15.223287292289379 0.12414973582917881 0
20.647839240151288 0.12560912805513791 0
16.937894846354101 0.13043202350186031 0
21.068871791838468 0.12550765372709621 0
16.36241861001881 0.123914772116927 0
16.22512278300351 0.12953652269596241 0
17.078924970179301 0.1245796647138759 0
21.934157857120599 0.1227218734695289 0
23.21797020606984 0.125609819777801 0
11.701835490428939 0.055421313138694923 0
12.85351105376167 0.052418076260139328 0
23.638998843074919 0.1255047584313097 0
17.501593802564919 0.12545083492288731 0
18.21839906356405 0.12168809507668869 0
-9.2146761930551762 0.1236748370712239 0
-9.2860779807494094 0.2455375930453936 0
-9.423481211302617 0.24231323101017779 0
-9.1490369038741797 0.24162251856863901 0
-9.3520098630958568 0.35065569173942851 0
-9.2128680743972424 0.33716694836797562 0
-9.4887831975064891 0.34242873192502371 0
-9.1111877921877333 0.33149796428893769 0
-9.5547813370625008 0.2487908048660005 0
-9.014328710845481 0.26256886184752909 0
-9.5897294186928264 0.34075901017037991 0
-9.6923296489007598 0.28428408808424538 0
-9.7870949087512997 0.1484897665638463 0
19.933699441386921 0.12566615504421561 0
24.791767934952929 0.1283017102193322 0
-9.4957290198358848 0.1254954008455792 0
-7.6440664524669817 0.12367483707103299 0
-7.5726646003113363 0.24487133410168019 0
-7.4350692144205626 0.24254942086332451 0
-7.7096860352236281 0.24142526094144581 0
-7.502318487089938 0.35250723419502139 0
-7.6425395089467836 0.33635095147587801 0
-7.366262911660745 0.34330659822383203 0
-7.2965407327539111 0.25191643380649459 0
-7.75815808343161 0.35926546752257371 0
-7.8484544064411317 0.26362823906916621 0
-7.2545681472039769 0.3515963156208371 0
-7.1658612370235 0.28231650289978222 0
-6.6445565393949213 0.1236748370710735 0
-6.7159583331380661 0.24555369400013599 0
-6.8534318868010233 0.24244401315055469 0
-6.5789313020372866 0.2415839803178326 0
-6.7828607257688871 0.35086711845166813 0
-6.6439290404239211 0.33682952151353318 0
-6.9293729560420827 0.35437070775400142 0
-6.542511759251048 0.33146489491081182 0
-7.0032101052465672 0.2473651957637579 0
-7.0658714976001793 0.35163467565682938 0
-6.4448453118511217 0.26266840971299149 0
-7.3609251866884016 0.12533306648836481 0
-7.2215537949030111 0.13155605647084781 0
-5.501013141177479 0.1247568334785429 0
-5.4250999252465926 0.24256747873087531 0
-5.2919394116148766 0.24194966858161959 0
-5.3586555497816208 0.35116753400848549 0
-5.2290973025456511 0.35726736651192981 0
-5.1527863471773596 0.25310073486135443 0
-5.4695571065274748 0.33377514440159711 0
-5.1211559916281537 0.36335568350836489 0
-5.0231226299948011 0.27856318875202463 0
-5.5630947477662174 0.26161723608424181 0
-5.7062633559419043 0.24854228111881149 0
-5.6618328092162873 0.35270693291931998 0
-5.7741758244242014 0.34391442494625307 0
-5.8395906775589532 0.25078016081875371 0
-5.8774094561031927 0.35181239854606527 0
-5.9714094080358224 0.28349906942034031 0
-6.5051489126043069 0.12526369443214361 0
-6.2989233372433286 0.24752635056156819 0
-6.3645228383973054 0.35425757426773818 0
-6.2392371071927766 0.3471022210818494 0
-6.1734967560636393 0.25736315329328091 0
-6.2224732596806396 0.13095881871190521 0
-5.9218573581239804 0.1368747285129473 0
-5.7814175559858842 0.12664201832357941 0
-5.2180635277597398 0.1248973676033848 0
-5.0797103737040086 0.13165271628110281 0
-4.8754596874302623 0.25564774099022719 0
-4.9409916011501283 0.35588968589196451 0
-4.8280629751497592 0.38044802832598101 0
-4.7483591968140217 0.2822166401281288 0
-4.7752348940860161 0.14249464872378301 0
-6.9301348581257249 0.1236549394909346 0
-9.0751601818495846 0.12525352616302429 0
-8.8688603861494286 0.2486903751884858 0
-8.9346530122732073 0.35488482431784718 0
-8.8192033814285402 0.36000280441202442 0
-8.7295280156086221 0.2610901131535065 0
-7.7842525912291141 0.12539721276207011 0
-7.9903688878481711 0.2474951785258159 0
-7.9398170417682197 0.3513564260498841 0
-8.0383187784392707 0.33659769643053888 0
-8.1303243306140924 0.26427645642006697 0
-8.0677354961683392 0.12763143062286561 0
-8.2771305606704448 0.25805126554753738 0
-8.2115407871464328 0.35508176131086749 0
-8.3542149542949797 0.1345843925630395 0
-8.4199908022655556 0.2653178292964038 0
-8.3490906319877034 0.35910556894761531 0
-8.4981694875657006 0.13980306837709969 0
-8.5655152944461115 0.27510673203323799 0
-8.6482913120884906 0.36309628012053219 0
-8.788570661006009 0.12882743282359399 0
4.8624992789981194 0.058279127821238431 0
6.6477381374075373 0.060975865237461208 0
3.219707509713583 0.055406128616466502 0
1.720270452147783 0.053841934172039849 0
2.0773146704595922 0.055803677468448387 0
3.8626361205430499 0.057080254077565527 0
1.577432201403816 0.05492607209852618 0
3.7198695866671891 0.056406093820856568 0
1.220615350820923 0.056829938855166642 0
2.2201531652250739 0.054593018834084753 0
3.3627482850303858 0.056320430324113928 0
5.3623859267266081 0.059089288613588919 0
6.5049201164671473 0.060903642823667059 0
5.5051342560356931 0.059591261375763413 0
5.0052420500750916 0.058824908525881257 0
1.758835191852441 0.43244771893263201 0
-0.069327699454797054 0.44690863889570243 0
8.6158077156819743 0.12806819420698379 0
10.580479444824981 0.4311115958397963 0
8.9828402594341892 0.44006066891212908 0
0.087129578131174112 0.12924842070142939 0
8.8397839813486954 0.44663054250564421 0
-4.5095719971583392 0.14029355916256411 0
-8.4791472547316502 0.36408699203572198 0
1.6838512268613619 0.43333621209616602 0
8.5715891231053423 0.062108446447246862 0
-3.8697731962206432 0.25612751288921559 0
-3.7808394210167751 0.34450129699782378 0
-3.6483418535735268 0.33623338428332361 0
-0.35862793269307752 0.44669733360128311 0
0.00068125288558075437 0.06223924119696856 0
10.656366255104439 0.43654977286444141 0
14.13325391284247 0.40624438473335311 0
1.8975355345301319 0.43411631813623591 0
15.865928131917361 0.26431328299676271 0
15.78466579940492 0.35504617926958543 0
8.4742835987957008 0.12812609179359619 0
8.9999905633443369 0.061141312693150353 0
8.5494162862921836 0.44617741861946159 0
-0.058116015701034467 0.13134594933322061 0
8.6997594780288949 0.4453731117054619 0
10.72459159996 0.43120570398235658 0
-0.49756633273053441 0.44606131562493723 0
8.4275897401634321 0.060995106249941797 0
-0.20849460765948979 0.44597075181892709 0
-4.7336071428889523 0.36844185216380593 0
13.8565892973897 0.21649024295124991 0
24.25157359415569 0.32955992740110601 0
-0.14192662987036991 0.061793357389012878 0
6.2894050910120116 0.05882233406693399 0
9.8762713024541728 0.4319343411365234 0
12.93890351366335 0.2210767928768588 0
8.3314324418899197 0.1276050157714452 0
8.4096346440565437 0.44350818715422657 0
1.97073218550545 0.43488333761381048 0
10.77142820927391 0.43820622815125931 0
10.81780839721241 0.44497752172480037 0
11.15190223168541 0.4339120472103577 0
-2.6551437974856671 0.24583501424055129 0
13.05246615133689 0.41417055419315252 0
13.12133591232303 0.41712298436349649 0
-0.20114060725897129 0.13089974375351249 0
18.310426835265041 0.35073893718090809 0
8.2848053149588274 0.060497688608315017 0
10.93499628356742 0.43054705138997429 0
-3.0121796597326069 0.48444045224618493 0
-3.002008087701777 0.45928593607991253 0
-3.043083908001154 0.42212565657636392 0
-2.5172335636383889 0.30723666347626982 0
11.01325854849043 0.43467458644698509 0
-1.9962114706506879 0.43992741269198499 0
-0.2822601972355363 0.060343311356372352 0
-2.310062528419472 0.43660632525589982 0
-2.362925783014393 0.43084471308841921 0
-2.4193127274130481 0.43246365430457617 0
11.21899842341907 0.43723957194375701 0
8.2144503142014589 0.06083766287560971 0
13.48351943263329 0.36155452452471531 0
13.31125273244335 0.36173917333216421 0
6.0751621689916071 0.058358211632305548 0
13.6690086563276 0.37676148033848628 0
11.086644105783799 0.43512356347614511 0
-6.1384868652033493 0.35734100830998272 0
-0.64537307624448659 0.44583243860999372 0
9.2203967463207235 0.19395868246797471 0
-0.35611253212507182 0.061050477722990708 0
14.67858210381598 0.39144573008418798 0
8.1164950505799602 0.12650152237817081 0
2.0445538128254901 0.43279175427716288 0
9.91646495010297 0.44529848621625828 0
-0.41541615395629838 0.13012636287924781 0
12.912416733530829 0.1619632010960553 0
8.0733069800176143 0.061758606638229817 0
8.2601413433595408 0.43650236889602728 0
13.154766113302429 0.34657947433292929 0
-2.9009872067969948 0.17370406008187431 0
5.8609190976381864 0.057891189175716479 0
-0.49890237328251291 0.060440665146992888 0
-2.60758607328526 0.1557032224120608 0
7.970743858127932 0.124160919181145 0
-3.5240388954466271 0.3772553866547248 0
13.19161285621681 0.41983864315654418 0
13.261196099083021 0.42342505298199973 0
-0.57143594289719202 0.060810962973550639 0
7.9317449964110054 0.062007410750586661 0
11.291686621607971 0.4362265970655187 0
-1.717343161120312 0.44352577913066782 0
2.1178548749146939 0.43198426644808291 0
-0.62974108156812014 0.1293759952869383 0
7.8284916655270118 0.1233834210281559 0
-0.78374840439675575 0.44038951027403789 0
5.6466780906865992 0.057729365801288457 0
12.734879898730499 0.10158972369473659 0
7.8971846878231862 0.44382220532043171 0
10.899792657510369 0.43517934309119938 0
2.187602519364098 0.43748033807008557 0
-0.71308804026521511 0.059691767424822947 0
7.7850598267429429 0.058755954539073812 0
11.36619474555121 0.433651570150836 0
13.389608535406531 0.071177397575625467 0
-6.5800497499395041 0.41795679134925212 0
-6.4745021621338497 0.41107981636679969 0
18.24966616250715 0.42356564684106618 0
18.34959725405378 0.41868640660058931 0
21.312994318974919 0.36687333439256142 0
12.51810699210326 0.10362918899076851 0
-1.210988111946945 0.44221887945172073 0
23.896685670156401 0.37275608447566089 0
7.7176533884856786 0.060948986696782739 0
2.2552430578914699 0.43144387150844349 0
-0.78620515490513299 0.060140186910283583 0
-0.92480651543532399 0.44501835241060439 0
8.0419912040918309 0.43854684495838631 0
2.6856562033099172 0.43616436591392771 0
7.6132535286823932 0.1221960439664237 0
12.303818534187441 0.1027869037052009 0
-0.84124380750208361 0.1265935949507131 0
11.445604735512131 0.43834684118979711 0
7.5719522084053716 0.05889119497958465 0
2.331205595877067 0.4372450179891107 0
2.473127575579035 0.43391699730828598 0
-0.9288462003674316 0.059343244445444372 0
12.089840453107 0.10168261178771811 0
2.5481603084752869 0.43587101551633989 0
2.4020240567321012 0.43710233466343112 0
2.6255022644715948 0.4385327697242779 0
9.8389561041896929 0.44409033394601549 0
7.5018900738093333 0.059701913077929172 0
-9.1454505414957055 0.41613453025575559 0
-9.0416122382540909 0.4096909440685817 0
13.00313009406632 0.48396992936966271 0
12.99985116897215 0.46083134407118032 0
12.96763035771121 0.45853559765711888 0
12.94309548846144 0.45983090707722413 0
9.1813235415378713 0.12880875297527461 0
-3.2785683772271188 0.42475287036045989 0
-3.1872472921217279 0.42563863024072601 0
13.137124636398029 0.072720141683691342 0
-1.0022172510677501 0.060145639249369498 0
15.574039504218529 0.41612651389707522 0
15.678008786506419 0.40963345543114932 0
18.143512171968219 0.4229390253022236 0
5.1467813593694371 0.056686281573713117 0
12.904404435582901 0.44663166966015339 0
12.857510619272469 0.43530084946861519 0
7.7478516947668323 0.44497205304893689 0
2.7489327136664632 0.43823756476995968 0
7.3992890937799114 0.1212243844917803 0
-1.351420577813897 0.4433271323519169 0
11.509055385107519 0.43362936541053548 0
-1.066781659466423 0.44493569269823618 0
-1.0547982218958589 0.12578378650650829 0
23.28758114682277 0.41648084630706511 0
23.183566655576278 0.40904878177228021 0
7.3578121011801088 0.058212204536041999 0
11.587326909052489 0.099219757196836234 0
9.5552194397443095 0.44168093971634148 0
20.71719466145025 0.41655861146149392 0
20.613170125082071 0.40891725003316021 0
-1.150444948536784 0.06267137716351831 0
11.58048476631301 0.43375542051245353 0
7.2886193643810131 0.059904755043403368 0
11.658902116549051 0.431316124017108 0
11.377799023905959 0.097144016085684404 0
8.5826697650026631 0.4851598087116491 0
8.6153388637634105 0.48512571711229929 0
8.6231695686257996 0.46222178720459928 0
8.6503481637517421 0.46637104862988937 0
6.7319842630358737 0.48459985855690901 0
6.7394531254770644 0.46587524722483559 0
6.7629155649136488 0.47056784025048048 0
10.46648232429575 0.48494375852637311 0
10.47350622935628 0.46711385968416208 0
10.499847177360349 0.46550344564886531 0
10.50148877503177 0.4871646126145186 0
4.8127548535889026 0.48460508130861779 0
4.8202154834272299 0.46508980664373412 0
4.8440188833793423 0.46942203621355277 0
4.8702163705964567 0.45690397417908313 0
4.9048128636139534 0.44753723731989892 0
2.9618080563498821 0.48449002283232279 0
2.9702243347043318 0.46448998037238071 0
2.9934609112432629 0.4693285007662471 0
3.0200103448391249 0.45685603966579691 0
1.041699525768049 0.48304765618450668 0
1.0535685999196569 0.46659764402202408 0
1.076242258215331 0.4663717844089878 0
2.6861451526327822 0.48533158014378458 0
2.721020779027445 0.48493440037931468 0
2.7291421745758782 0.46455610491544252 0
2.7555747477557562 0.46637032954996283 0
2.7871180258906589 0.45416981681648222 0
4.6057618272231453 0.48272676688703842 0
4.6151925437200036 0.46424640379486359 0
4.6396588977951811 0.46005290883484717 0
4.6662407954995633 0.45975941623917038 0
4.7000792750343017 0.43941867282824021 0
10.74294774704426 0.48494504506582198 0
8.8568453949235835 0.48460209115620062 0
8.8658155559628931 0.46442995411241428 0
8.8902906394548289 0.47017584870488349 0
8.3427660888219464 0.48515980871198677 0
8.3331912966495523 0.46142190636715769 0
8.308719663458394 0.46717908446215373 0
6.9376159854766382 0.48460119199242901 0
6.945246999015569 0.46028474215686582 0
6.9710222477777819 0.46637075197942029 0
10.227723544528869 0.48515980871206599 0
10.2199256097035 0.46343929257393751 0
10.190969574721491 0.46309598057839357 0
10.20551218410171 0.43343772924079582 0
5.0526585297697926 0.48464033833766862 0
5.0451994511678304 0.46483992501364602 0
5.0213915481485261 0.46905962503184617 0
4.9950595726261753 0.45786697793819398 0
5.0869304835098923 0.48460239918553349 0
5.094398563445691 0.46512276621477727 0
5.120335283083139 0.46637114321340711 0
12.110967402548701 0.48751952968853451 0
12.107312110992231 0.46498836571813962 0
12.078960085876361 0.46730457554966698 0
12.050837913843591 0.45637558788132648 0
12.148097850389091 0.4849414522094474 0
12.13912451603996 0.46320502637969208 0
3.2031179242168442 0.48494545222090879 0
3.1932539982922812 0.4684979437401941 0
3.1705048838727228 0.46998993172388709 0
3.1439836049434482 0.45695555351997741 0
1.282743618356033 0.48451510045440221 0
2.4462764478332768 0.48752090828855299 0
2.441225604749425 0.46240775563775299 0
2.4124956408895479 0.46871773922520987 0
4.3660745585534171 0.48493481271730149 0
4.3761806351693604 0.46295441654133562 0
4.4018673143981566 0.46823583552896592 0
4.4261361722174488 0.46076503595535362 0
10.983165454788381 0.48268209587200012 0
10.974147713022321 0.46524172111242879 0
10.94927988691828 0.46477317884792679 0
10.947944160638389 0.48614236351265178 0
6.2510320142603124 0.48493483066545101 0
6.2551883355667659 0.46862545378615827 0
6.283502748100374 0.464802413446055 0
6.3149623077313466 0.46000095113893869 0
9.0632469734137278 0.48349752174360783 0
9.0527263530821784 0.46100552830443658 0
9.0280480371952478 0.46785227296817489 0
8.137135746338064 0.48485669239434093 0
7.1760892966264773 0.48262744234428212 0
7.1860876500923192 0.46724849072851449 0
7.2094858509398412 0.46487806817973099 0
7.236622293677601 0.45977933771669283 0
7.2109871213259771 0.48655649602853468 0
10.02048896710852 0.48512349077491002 0
10.029695831679881 0.46269921947401949 0
10.05618296290322 0.46831076962727253 0
5.2933319012838664 0.48349745459080212 0
5.2776966680404307 0.45845793585287642 0
5.2551225824375463 0.46713223636087081 0
11.871063726367529 0.48752158104577181 0
11.86978925630191 0.46741043430530699 0
11.84141586909247 0.46911412025208571 0
11.815623842512471 0.45721719264845401 0
1.5226472945369001 0.48515980871184727 0
1.556919248277028 0.48436225752782219 0
1.569303211128632 0.46893135921893397 0
1.590324915228825 0.46637013282311462 0
1.00856798843503 0.48518403417289041 0
0.99948577140248784 0.46221640230464223 0
0.974285955633301 0.46816773390155092 0
0.94974353613830709 0.45990892340679768 0
4.0918989286325091 0.48494757577177189 0
4.0988684193915041 0.46457214962528381 0
4.124024776015756 0.46933404445424198 0
4.1521354401384354 0.4597698388728666 0
4.1263133964266832 0.48744743505495253 0
11.22161020299221 0.48442890281204809 0
11.186193352838419 0.48490379283896567 0
11.195326157412961 0.46327866004407042 0
6.012273234493243 0.48459074173091071 0
6.0159602708241353 0.4623402228512386 0
6.0452781196052277 0.46273616306399801 0
5.9881890518144534 0.44924184261690259 0
9.3355723422874028 0.48456916315928678 0
9.3441323090745598 0.46246147802802118 0
9.370226977811166 0.46782012839620712 0
9.3937842338669029 0.46052352534150409 0
7.8612101673916843 0.48533529005581882 0
7.8715267248949976 0.46734694464897231 0
7.4507178325652816 0.4832819637963085 0
7.4626195400876698 0.46689968073010663 0
7.4851030444671336 0.46636877934999338 0
9.7471582184372156 0.48319945918960783 0
5.5310347066196508 0.48262468637791889 0
5.5414373048302963 0.46697478970331568 0
5.5638887592099806 0.46301245201604269 0
5.5929311538830717 0.45878553718569259 0
11.66714560161358 0.48515980871215297 0
11.678814706594901 0.46088779361870291 0
11.70966774586025 0.43607649985761571 0
11.701974829753389 0.46846606526191531 0
3.6489752992588071 0.48257306785286908 0
3.6383240871528142 0.4684410876374866 0
3.6646918026845339 0.45825191099056889 0
3.614084315924996 0.4663650004406405 0
3.5885623742755119 0.45647183112579998 0
3.7048035189266022 0.44308439260276689 0
3.7554353345726939 0.43956898167990899 0
3.680530293392271 0.48178355994629829 0
1.763695867131601 0.48493497003737912 0
1.797108524072405 0.48505312739757139 0
1.7792810896158211 0.46567014037292193 0
-2.480366810555807 0.48466980754043559 0
-2.4680830513537728 0.46909357753928022 0
-2.4459385175621309 0.46632178181215828 0
-2.4460988902676699 0.48707666977647951 0
-2.274998004467403 0.48517878306523138 0
-2.2854889328876209 0.46247367301233427 0
-2.3092098499199598 0.4686697709153379 0
-2.651537738356982 0.48437690331442301 0
-2.6392300891634828 0.4690350885701407 0
-2.618292899140588 0.46647155210878111 0
-2.5864403762388579 0.45315084987013032 0
-2.5456314838806162 0.41556265598333442 0
-2.1373087472506178 0.48353956951525512 0
-2.149301397185154 0.4674974465802535 0
-2.17029084310956 0.46891985566735023 0
-2.7378588947413012 0.4835379433417728 0
-2.725437744770042 0.4574121027858194 0
-2.701824444936888 0.46776830502579392 0
-2.702644636041982 0.48762517423124913 0
-1.932716660986491 0.48466509106375871 0
-1.926288393300845 0.46613083585024662 0
-1.898897218497503 0.46455205676282751 0
-1.860959064040987 0.46051651485014911 0
-1.7958041235938771 0.48469934751419858 0
-1.803522728948618 0.46129949575090801 0
-1.83005969167172 0.46625725748664842 0
-1.7615759892457219 0.48466557617763051 0
-1.748673978204411 0.46449824921900568 0
-1.725918490720959 0.47031063975828158 0
-1.5904353175049799 0.48466603853099438 0
-1.5830403752740669 0.46615449819713611 0
-1.5571865486371179 0.46645620111057828 0
-1.6246634518531129 0.48469880453830227 0
-1.6334636668496161 0.46690934838655412 0
-1.6581331357875251 0.46880366523458022 0
-1.683523690674358 0.45986064064990168 0
-1.419294645764543 0.48517878306521411 0
-1.428871898452456 0.46127408084364052 0
-1.4533301942201611 0.46725400387258093 0
-1.4781123544598289 0.45979713262923932 0
-1.4535227801126029 0.48517878306521872 0
3.8539142477854922 0.48350017428627112 0
3.8456718617003678 0.46834426655202821 0
3.8197288250870991 0.46636674572371428 0
3.792128984263047 0.45387407151295339 0
11.46151387917322 0.48452071955204318 0
11.46919614006006 0.46427146673294489 0
11.49551943156912 0.4659866547365315 0
5.773801370544092 0.4826224218256896 0
5.7619637241115358 0.46609413301183072 0
5.7405878905851733 0.46958443079911 0
5.7506441646617539 0.43933811521396321 0
5.7389375181613751 0.48749762752903381 0
-1.248153974024091 0.48458879794587928 0
-1.2409791171558631 0.46117444898899052 0
9.5429969514610811 0.48357492876991842 0
7.6561821176054501 0.48493487506728822 0
7.6628208224255667 0.46190994928984741 0
7.690759134448748 0.46636192902142748 0
-1.1115266710844001 0.4849889576244984 0
5.805217328139161 0.48263963428479861 0
5.8170288881584717 0.46612899081235171 0
5.8384067162336111 0.4696038988541556 0
5.7899310579331598 0.45869502241322763 0
11.42609702901906 0.484901069479581 0
3.9216840563456441 0.48465957367468671 0
3.9142310135480551 0.46455492608186272 0
3.8907754078752821 0.47033398359194001 0
3.8880847636594802 0.48813072020313347 0
-1.0085565700618671 0.48460162827005859 0
-0.99751823344793655 0.46181777195377549 0
-0.9739260047446745 0.46866280127914922 0
2.0008517919193132 0.48512109549683929 0
2.0096757482988101 0.46742944235074962 0
2.0358846731435292 0.46636273979356269 0
-1.179697705327807 0.48462042469959171 0
-1.145469570979653 0.48457293748958691 0
-1.1384800426013899 0.46566582870361128 0
-1.3179793680942351 0.48806126206623018 0
-1.324042179591242 0.46804558806073032 0
-1.523690455526171 0.48758269184719161 0
-1.5257210357283539 0.46578553322656419 0
3.6134230043907078 0.48577709537490021 0
-1.863624497414029 0.48461649987282962 0
5.4996187490245534 0.48263899468094268 0
5.4878175133796008 0.45769659192345352 0
5.4636861500632978 0.46719815624929423 0
5.5182170337047092 0.46257948142655458 0
9.8147465019601583 0.48753857093380693 0
9.8148067219211992 0.46762098253663859 0
9.7851222642641034 0.46925890052219987 0
9.7587983394366997 0.46160908533794159 0
9.7831182010893869 0.48743202461346818 0
0.085470083006440545 0.48460947542680738 0
0.07319754294109998 0.46911258813569567 0
0.052282465942207958 0.4665053059231114 0
0.072196941242846008 0.44386770881691889 0
0.29137848287359802 0.48355658411594082 0
0.28146243275489768 0.4610213719336641 0
0.25666841830088222 0.46782717912819649 0
0.2318709205022596 0.4598844053180321 0
-0.29283679474240298 0.48518414721891928 0
-0.28472267826374198 0.46252296147969979 0
-0.2574107081179946 0.46650531553079899 0
0.87179487157074043 0.48452563704426871 0
-0.52991453121941545 0.48460938146507487 0
-0.49572649713594918 0.48499736473503652 0
0.69964337606881077 0.48469229223792909 0
0.7105993524368609 0.46263827125213702 0
0.73523653421630508 0.46691315754425972 0
0.76542899420224586 0.45422406081673572 0
-0.73504273577357648 0.48460940599267383 0
-0.72665376700433892 0.46361223565409221 0
-0.70185527839124273 0.46650538871453279 0
-0.70105481703420247 0.48737953654433208 0
0.49572649441039501 0.48460950801388858 0
0.50290963723724902 0.46879831258922022 0
0.52891413328497272 0.46650527984953349 0
0.46003130560319061 0.48272570928116121 0
0.90598290585565144 0.48452568980616167 0
0.91080618208505304 0.46385698707849787 0
-0.90598290620074007 0.48468711414751309 0
-0.89878887269443886 0.46277803622248159 0
-0.87205712895011889 0.46435120086178372 0
7.4174233378382963 0.48515980871201148 0
7.4104376693704372 0.47025639582457002 0
7.3869130758531387 0.46613752415426102 0
0.051962570691724823 0.48726182198365181 0
-0.051282053836154327 0.48468680485804089 0
-0.042769082770714902 0.46457105805218257 0
-0.01823304972599003 0.47028541240898453 0
-0.0854700879199706 0.48472382237119122 0
-0.094746477958004865 0.46430738092335389 0
-0.11865766410677379 0.46650531094116587 0
7.9323947710159217 0.48511265562919448 0
7.9232952996310786 0.46717252057731101 0
7.8972756390214087 0.47905910246279337 0
0.11794871557084639 0.48749734207225398 0
0.15534980428973449 0.48280441784737699 0
0.14348590108544651 0.4620583726244365 0
-0.119374917383199 0.48606531108330969 0
0.35726495561453042 0.48759767432757872 0
0.35605287238955491 0.46765237886597588 0
0.32577949823853442 0.46611577157692341 0
0.32498495808532729 0.48730161307674652 0
-0.35897436065748922 0.48499726865866688 0
-0.32478632659514728 0.48519614700374619 0
-0.87184732344403848 0.48694869896322718 0
9.2669639433913815 0.48494933142257501 0
9.2778911927796557 0.4626826405358766 0
9.3023030428740476 0.46861750889599962 0
9.3020266386057529 0.48769221617474218 0
0.56410256300417183 0.48519614689840229 0
0.55345236676637444 0.46484314386085662 0
0.52971444962617265 0.4873795147306747 0
0.63247863165317952 0.48460908102600359 0
0.64128189792662349 0.46501709538666908 0
0.66566684601303283 0.4665051042887699 0
0.66598627985914671 0.48726189989836349 0
-0.66666666759137094 0.48472377023624769 0
-0.67285827891379502 0.46373208160317331 0
0.73504273452499747 0.48519614693098512 0
0.7692307687563853 0.48519614693396701 0
-0.46324786471557933 0.48749725312996678 0
-0.46613526806020161 0.46671803900175107 0
-0.42735042889026797 0.48519614698189018 0
-0.43627481131648699 0.4610484680728007 0
-0.97427238046112841 0.48781101905182028 0
0.97435897429094953 0.48519614692806778 0
0.94017094006912871 0.48519614693665508 0
-0.94017094028515413 0.48472364079965119 0
-0.94976978579546412 0.46435851139505763 0
11.15131772644366 0.48533795745323949 0
0.25641025443917742 0.48519614689263729 0
-0.25661034833118163 0.48737952189914491 0
-0.22222222428859731 0.48472343184473071 0
4.164295126122556 0.48291199731763029 0
-0.017321825735892561 0.48813554127196318 0
-0.1883190904778167 0.48508671130217218 0
-0.1565005315634666 0.48297892499365391 0
-0.1455133333049452 0.45982682565619892 0
2.275383889480346 0.48289601218848249 0
2.287231125283085 0.46643618391136349 0
2.3100502528872151 0.46636220395279609 0
2.2423583230795399 0.48515980871188108 0
2.2348045492732642 0.46363872229425263 0
2.208938754846522 0.4663664383329641 0
-0.39540089700249997 0.4851281653520475 0
0.83760683725162077 0.48460299732447948 0
0.84916816319387567 0.46439956631311169 0
0.80341880300247592 0.48463922303650048 0
0.79222436026573051 0.46680830491121422 0
-0.83690833318322533 0.48367543601932772 0
-0.84937558414186654 0.46733844769651828 0
-2.5834538248772518 0.48395456487219468 0
-2.550277333816783 0.45552715740284239 0
-2.5075293701416741 0.44317711717574909 0
-0.56410256534069791 0.48472340540459619 0
-0.57338571419615558 0.46297837573561751 0
-0.59729198558688223 0.46650457280156182 0
0.59605209509722945 0.4851237204444786 0
-0.59809087666865501 0.48737937335703307 0
-0.63247863351709599 0.48468656794031451 0
-0.76995676072970687 0.48379193806254811 0
-0.76294082581830058 0.46337357883864072 0
-0.80341880390699616 0.4617358513064545 0
-0.80341880391183285 0.4864256290689179 0
0.39316239161219901 0.48460876450074292 0
0.38357425139669982 0.46436764598276697 0
0.42869227418778388 0.48272515986556441 0
0.41880341730526571 0.46759411687543589 0
0.18668883571714559 0.48271998187993242 0
0.1969348813491178 0.46608238066384999 0
0.2222222201356357 0.48519614690010798 0
-2.3441275293786812 0.48330029245461348 0
-2.3341204796583441 0.46035639825094921 0
0.01830533486073025 0.48469090109236218 0
0.0060028214276756893 0.46329046314188788 0
-2.377062478449838 0.48511130028375321 0
-2.3873660228081199 0.4615595378385276 0
-2.4147250203845969 0.46909755401512421 0
-2.54882307925193 0.48517878306522377 0
-2.2092105671401789 0.48295598431227887 0
-2.1969332669847721 0.45985414390431961 0
-1.194921060971579 0.12439351555608159 0
3.4083743641701658 0.48349742092588199 0
3.400285140663414 0.46189493340811077 0
3.376356931831288 0.4685723352791169 0
3.350930091697764 0.45521913989928531 0
3.3077503177645649 0.44374404911629939 0
3.2588735041779779 0.43597515014152888 0
3.3742803105954589 0.48729497125531401 0
11.908514916898641 0.48257665270873767 0
11.89478028903879 0.4663977154852143 0
11.925309184189731 0.45992320133752729 0
11.96197059911858 0.44040810640190592 0
-2.069629198378979 0.48469724778636097 0
-2.07837419299906 0.46605758826426291 0
-2.1021089666387169 0.469744323545571 0
-2.0354010640308879 0.48467007999302852 0
-2.026974391461692 0.46238896745210778 0
-2.001256186425362 0.46872778425071981 0
-2.8055340868624659 0.48466923036902931 0
-2.7981437573255779 0.46519208303710691 0
-2.7747111187581792 0.47050749126712532 0
10.05632761324307 0.48772607741020002 0
-1.8984885266383309 0.48517878306517492 0
-2.9795515903442382 0.4795534250273133 0
-2.9681715412653031 0.45247351591413321 0
-2.940432330527456 0.46498926345944758 0
-2.9163515200504482 0.46209997159135302 0
-2.933489578652146 0.42647155468448872 0
-2.9419788269266922 0.48557670577533057 0
12.796406477350949 0.48752649804744008 0
12.79512828323473 0.46742327124953359 0
12.76674386320331 0.46911517604726738 0
12.74320445813769 0.45650907039506511 0
12.70695575892492 0.44437112666413692 0
12.83318137318123 0.48346986540692849 0
12.819177681014709 0.46774061029544239 0
2.4834068956742281 0.4849401157512917 0
-1.6926537298360551 0.48256223694861877 0
-1.5564030562529121 0.48736275344819502 0
-1.350760820501169 0.4791484760244818 0
-1.3868128448015751 0.48536995218831941 0
1.2467580669289009 0.48752675052400579 0
1.2432987174296799 0.46689298748857722 0
1.215037278349463 0.46635503637036252 0
3.1309055907717198 0.482441780321401 0
3.168606216237881 0.48757880356314431 0
12.18211703479132 0.48511327174920782 0
12.17265691928084 0.46739293151215411 0
10.26039264328951 0.48512465565075152 0
10.268024877179689 0.46236240221856911 0
10.29514984175988 0.46746822331313709 0
10.316839832363589 0.46039080657040099 0
8.4111390419912659 0.48078256352018339 0
8.3752894734935701 0.4853249058932288 0
8.3836039648208995 0.46668688228812022 0
8.8225734411834544 0.48464067067794608 0
8.813553027337365 0.46420881146750048 0
8.7891637181069449 0.46637012781870352 0
6.492080586855022 0.48459714490449879 0
6.4970940047572059 0.46387960259709332 0
6.5243814271322389 0.4643837643619253 0
10.67219971655075 0.48455761978624889 0
10.67978473181957 0.46355125106274198 0
10.706684210614821 0.46635487816253179 0
10.737808229268939 0.46366962451367311 0
10.70736155963529 0.48733489911725192 0
12.55707150244341 0.48494996419472652 0
12.56404142288641 0.46441965990053319 0
12.589198938919701 0.46929718546258697 0
12.61678889555739 0.45779866407257891 0
12.591489153429199 0.48743908255199653 0
-1.0770133022833439 0.48517878306517681 0
-1.042784885519884 0.48440185461350987 0
-1.2139258396759549 0.484979094773349 0
2.892563822870053 0.48331481416965361 0
2.9044469908309232 0.46688315724882212 0
2.928357246966653 0.46716585820564149 0
2.927797397882018 0.48515980871186698 0
12.38800152657039 0.48494330972948219 0
12.37813053766943 0.46849545066419629 0
12.355381417895289 0.46998962888152129 0
12.32957093162392 0.45503689566687527 0
12.41975770574718 0.48802089421678152 0
12.411322402160939 0.46832689532355931 0
6.6977123092957784 0.48464276363647768 0
6.6915482832237689 0.46511311084494361 0
6.6653239572263354 0.4630639590548235 0
6.6385924145817032 0.45975306341517741 0
6.6639544291847059 0.48589771504364171 0
6.765588086403552 0.48817749153484169 0
10.4330696673549 0.48494326236659219 0
4.8803072738461228 0.48245517571282293 0
4.8460810378164272 0.48746529667866612 0
-1.727061982062247 0.48813364117772678 0
12.315906305415339 0.48212030873762229 0
12.35348819480825 0.48757881688088478 0
2.995422258923099 0.4874457329111741 0
1.0769379683752911 0.48733828036654309 0
-2.9082184899066861 0.48517878306524048 0
-2.7719869857631529 0.4881730114795102 0
-2.103507659509384 0.48802037793519942 0
-2.687168533558268 0.48309701024565199 0
-2.673484254005551 0.45471096307420122 0
-1.03758367603405 0.46443051122554868 0
2.6536217679610421 0.48515980871186631 0
2.6426492043792851 0.46451704067177169 0
2.6202369783272168 0.46741856575269569 0
-2.242516203504441 0.48537157379057227 0
-2.2315004405419181 0.46641347402405309 0
12.62938356801236 0.48258148316389982 0
12.66103226007677 0.4851598087127823 0
12.64729817969174 0.46761720724533379 0
-2.514594944903878 0.48461598908582398 0
4.5743458696280497 0.48273061987017291 0
4.564283188973099 0.46727489701184832 0
4.5394462534260498 0.46637121179204882 0
4.5137261061586296 0.45974590755406558 0
4.5387673680379228 0.48577726010208672 0
10.7747039262211 0.48802240876218089 0
6.4578086331148947 0.48464473910601952 0
6.4495170213033086 0.46394586643924268 0
6.4249994849775804 0.46680745076764019 0
6.3982646201634958 0.45833589570582239 0
6.4239905424613406 0.4864323200539396 0
6.9717148009289716 0.48733807388063061 0
-2.4124736833537082 0.48763182421707268 0
-2.3091327831641451 0.48573727429302099 0
5.1212024372499974 0.48515980871190911 0
1.3177791520965001 0.4834268981704446 0
1.3088697763982371 0.46245017467705668 0
-2.6172793479480752 0.48517878306524381 0
-2.1715568396647691 0.4873750107905398 0
7.6063505690663344 0.44481149292310312 0
-0.52119800992183496 0.46573018645831599 0
24.95006724756713 0.37872003430214563 0
-1.9669447953346459 0.48469987071229531 0
-1.97611417579617 0.4666740830142313 0
-2.001189581031293 0.48781707007622083 0
-2.8757017622760079 0.4874826349631618 0
-2.875939582945592 0.46901596883519509 0
-2.8397622212105338 0.48469719527020128 0
-2.848647003931426 0.46606501933516081 0
-0.33401840933329408 0.46516375195491799 0
-1.830032257942025 0.48517878306518869 0
12.86690327073855 0.48705871177049942 0
12.900935936258239 0.48460983762112658 0
4.3326619016126369 0.48500743869583879 0
4.3448697829239746 0.46814703537257091 0
4.312921979685072 0.45156428694812228 0
4.2648968231811288 0.4454538969770403 0
6.1836330031938971 0.48465098733468209 0
6.1755062427973746 0.46384594539429241 0
6.1511563166510426 0.46706639824979618 0
6.1243079752533642 0.4596689650081997 0
6.2176193573194851 0.48500770988143571 0
6.2301159505761943 0.46921621330576158 0
9.1293074271576522 0.48754617622847218 0
9.1280438621651818 0.46766256903299303 0
9.0974621791598462 0.46602568318098098 0
9.0968916927155732 0.48726906012094168 0
8.1013811298145342 0.48464012151661928 0
8.1103876508866648 0.45772671210508747 0
-1.6587606304325191 0.48574444036251962 0
9.9878198683477439 0.48515980871196551 0
9.9788826433647024 0.46263360917954449 0
9.9544144652843833 0.46637033370526437 0
5.3611061134308997 0.48462869851000151 0
5.3540987037119621 0.45737606997067831 0
5.3276404879497523 0.46633441611478399 0
5.385394811595213 0.44731366254563393 0
5.3269954253425666 0.4873308067077024 0
3.4776191519173589 0.48257890464177439 0
3.4684394097382838 0.4650114547983446 0
3.4434966299951988 0.46482104808469299 0
3.4934971151982008 0.45736484865987631 0
3.5294450583367429 0.43796324927390512 0
3.4422006891861621 0.48702813310168452 0
-1.487274746234476 0.48254858049130173 0
9.5330461358697107 0.46245339844631073 0
9.5088529015901049 0.46636214330067211 0
9.5769932993948039 0.46420932524676511 0
-1.282382108372216 0.4846976593463766 0
-1.2913720306768679 0.46512953553313469 0
2.2087303382241159 0.4872042146685871 0
7.1846386853584718 0.1202135630066677 0
5.9780012807531708 0.48507117564114238 0
9.3707993390771911 0.48567611439219571 0
5.5658254290072238 0.48618331036455958 0
11.634058172155081 0.48298409894954802 0
11.622213402489979 0.46613056495093891 0
11.59946546119582 0.46636852092085618 0
3.7157124073259791 0.48733300327655249 0
1.830809278583527 0.48500195313553202 0
1.968182693158528 0.48515980871187331 0
11.49573255264446 0.48726125443205193 0
9.576556423466398 0.48515980871221442 0
7.6227694606646637 0.48501494880048412 0
7.5887831065390117 0.48464926900420391 0
7.5804020006803139 0.46354248896474171 0
7.5567227824998424 0.46874688166657991 0
7.6914310010972686 0.48733630928903099 0
9.5081983396891623 0.48577691779844362 0
11.392077844616811 0.48511215051984302 0
11.40153796012746 0.46736310943655163 0
3.9559560100857678 0.48460656329751273 0
3.9634320792061968 0.46451137282341642 0
3.9872841168887021 0.46931776060998009 0
4.0135506454794996 0.45625621896814339 0
4.0486220734212282 0.44150996621516481 0
2.036558215139729 0.48733647144345932 0
2.070226639916434 0.48350279676781832 0
2.0801901235368989 0.46647012435482221 0
2.104921663073299 0.46470039292385729 0
-1.1877675682937241 0.46731695219874969 0
1.726565419290649 0.48752541380137132 0
1.72409528589646 0.46960883222950661 0
1.694862165706204 0.46636380986417209 0
3.576279796295601 0.48091027995597418 0
11.70152901023387 0.4877571365371286 0
11.15073174542804 0.09021964393140347 0
5.4639219746512824 0.48515980871188741 0
9.849184736875813 0.48801988130056417 0
9.8444599555212768 0.47069350915939479 0
7.3493069232181094 0.48253619772332729 0
7.3583006661991854 0.4597748700276566 0
7.3842460644000294 0.48680813097998571 0
9.2320883169966823 0.48534091206941632 0
9.2446535172771522 0.46570995648677949 0
6.0462917745077558 0.48661115609754507 0
11.11879434177207 0.48515980871207293 0
11.105985835749021 0.46230954160991927 0
11.084538966916689 0.46836085256961651 0
11.05645125757281 0.45618186688129791 0
4.1961452858811494 0.48502632357009379 0
4.1862675200361492 0.46585570476644311 0
-6.6821457695604778 0.41726483419847737 0
1.488375340796779 0.48515980871186609 0
1.499599879592417 0.46497039799227102 0
3.339657830338604 0.48268321056433011 0
11.94113002334146 0.48302295550408397 0
11.97559318527439 0.48515980871285219 0
5.2577809397522337 0.48693112095071073 0
10.0913426066823 0.48361147354111222 0
10.08236610656043 0.4620364515951787 0
7.1446733390314172 0.48263807499568762 0
7.1335211956533211 0.45806652809289727 0
7.1084622084938971 0.46736875737979738 0
7.1639121353292268 0.46374360459821867 0
7.1089757541772629 0.48515980871193848 0
8.1719251662748782 0.48310425363688858 0
8.1626870018874449 0.4578919269636586 0
8.1372315318387241 0.46558913395398038 0
8.9941237782610202 0.48218363412340209 0
9.0033588526229185 0.45976733073341408 0
8.959939329399905 0.46225486160961399 0
9.0282051636239409 0.48515980871210951 0
6.2855168859601411 0.48654095092718069 0
10.910456100662341 0.48188908130413638 0
10.919000663001221 0.45957132384356841 0
10.878890665591349 0.48515980871244718 0
4.4014217519366303 0.48569807794830511 0
4.4357633624475037 0.48515980871197389 0
12.76476653164859 0.48740098219643468 0
2.5165339530005331 0.48515980871186482 0
2.5032714582012559 0.46591491784423961 0
-1.2932569307828241 0.062358187280332579 0
1.214244957790841 0.48565645154975839 0
3.099157166582664 0.4851598087118697 0
3.1148811179498161 0.46724369790203202 0
3.0817656240466369 0.45730592428836292 0
12.21549686145549 0.48515980871309178 0
12.205643414586371 0.4679113312828701 0
12.23288854255857 0.4573057703405391 0
12.272590207527459 0.44368085491514209 0
5.0193305052077779 0.48739224045346979 0
10.29597844236994 0.48613641504235261 0
6.9033440317365136 0.48465129792522588 0
6.8946607581071309 0.46522025065139561 0
6.8699073824184227 0.46635393309838258 0
6.8466920401722788 0.46084399286017269 0
6.8692562512311266 0.48577517454582297 0
8.4455819500419818 0.48515980871223419 0
8.4360008944069484 0.46544414722563371 0
8.7884893148329031 0.48577733963177122 0
6.5259583179025604 0.48694067635713062 0
4.6409020858483121 0.48546769725427719 0
12.52394444511709 0.4851598087117428 0
12.534488264774181 0.46823048341804557 0
12.506549653768349 0.45730233649073848 0
12.46719661445546 0.44394670238786682 0
-2.4679583974424202 0.44421820301992099 0
2.7564376291814039 0.48515980871186021 0
2.789547542706531 0.48317206240093691 0
2.8228315668634778 0.45658678221342741 0
2.8631700872479131 0.43995389868133689 0
-1.3782456047701099 0.46615173565168921 0
12.45368693994984 0.4875438110691282 0
4.7784828998487878 0.484651478094554 0
4.7710737897982334 0.46364908898607282 0
4.7471161750999924 0.46854898088325292 0
10.53539701267337 0.48350182516602558 0
10.54403750730269 0.46715322029051798 0
10.56883611097175 0.46598020956538549 0
10.57012168773826 0.48725996539782268 0
6.6284078464024434 0.48319345740494429 0
8.6510405707366402 0.48733813321072339 0
8.5483978112625394 0.4849426333730219 0
8.515839455209294 0.4874460696769049 0
8.5176649562704778 0.46750082916221192 0
6.799753610416535 0.48340123800936541 0
6.8090961589511299 0.46725669171470341 0
10.397658783341109 0.48255682408200218 0
10.405173787280839 0.4659763381363301 0
4.913523773673858 0.48018545831595938 0
1.1113838496554069 0.48466602199782971 0
1.102166340232501 0.46941253396564958 0
1.145655803395532 0.48459773547726792 0
1.1552962418173309 0.46722159510425132 0
1.1789606863736699 0.46386562152435862 0
13.82732328455339 0.43424725644315182 0
13.724507423333581 0.43081931513074417 0
13.614423191847679 0.4287846736643276 0
12.694715636166951 0.48447430024849708 0
7.1435706644777426 0.057530282828823193 0
8.8909520068219852 0.48809909322572231 0
8.9261019601684808 0.4836004627945239 0
8.9146016031376192 0.46149662785042789 0
8.3084941350814869 0.48515980871233549 0
7.0044462952698998 0.48754544337899097 0
7.0014747248832334 0.46346048073210261 0
7.0417810782674444 0.48275310942150318 0
7.0288573430115724 0.46305206494421081 0
10.19280142661521 0.48616522915547439 0
12.04096996676898 0.48231455446213578 0
12.07852696743254 0.48564941831331149 0
3.236244981543198 0.48515980871193282 0
3.222963160842057 0.46061832561500438 0
1.3863190099086009 0.48353232550878628 0
1.374265444232426 0.46683091793971271 0
1.3520373590524799 0.46630862052644573 0
1.3514374924795209 0.48732564759003472 0
4.2195714859412909 0.44956969494556143 0
2.4138161924857791 0.48732313787078069 0
2.3767305059538919 0.48287181793539458 0
2.387351401165533 0.46062306656087249 0
12.935283391161541 0.48336458504723229 0
4.2986755474870204 0.48456041215701467 0
4.2644035937469109 0.48481315143578979 0
11.015978480551521 0.48515980871200548 0
10.86403522666593 0.050961579742691401 0
8.0699613370503585 0.48802348972562098 0
8.0343185051607211 0.48515980871225362 0
7.2468222244111153 0.48318742237255918 0
9.9163601705298223 0.48762081878153801 0
9.9535479146077002 0.48515980871212921 0
5.3950924675565073 0.48386755916430357 0
11.801847603353339 0.4824498098401292 0
11.839429921615601 0.48740230865821349 0
1.5910179446594901 0.48733795004936847 0
12.157414853492179 0.43167729102258168 0
-0.3868930791115156 0.46505223064828349 0
21.73634761732664 0.3788125487074061 0
2.175006388678105 0.48454077293369041 0
2.1667969144269579 0.46325058677375031 0
2.1403206704147451 0.46632692498514272 0
10.123848413549441 0.46629866009942439 0
10.15238614891814 0.46189911516391519 0
4.0578797442304104 0.48512943211951809 0
4.023542344488872 0.48237870890483242 0
11.25588215673241 0.48452419133160213 0
11.26938662027727 0.46237499922015618 0
11.29046687365534 0.46958742069914933 0
5.9423089475991917 0.48257085359677848 0
5.9544458119598351 0.45727089805656468 0
5.909457373273086 0.4851598087120409 0
5.8933624957237596 0.46866364727522603 0
5.8650859837662654 0.45876538148885809 0
5.9235629475780422 0.45995996088920532 0
7.8286867827198838 0.48515980871202169 0
7.8195575619225419 0.46171577162514288 0
7.7951891616830089 0.46632512538925691 0
7.7945696955204271 0.4873289485625969 0
7.4857944051483392 0.48733767935474431 0
9.7136442384266282 0.4851598087122877 0
9.7084896885175826 0.46318711865428952 0
9.68270956557582 0.46909764757809819 0
5.635567342966409 0.48501842083524621 0
5.6268730265775311 0.46499361799813721 0
5.6569341068988628 0.45218484389620961 0
5.6039739964890458 0.48234345840367221 0
11.598779225205829 0.48579192521550069 0
10.894821856045921 0.15576115243700131 0
1.8642219355243319 0.48493108119205158 0
1.874830608456987 0.46193498402427091 0
1.8990846888985089 0.46622533570465818 0
1.930638671814827 0.45202506568143619 0
1.9554958809110401 0.4691361438691648 0
-1.337729985923922 0.12353340859630429 0
1.8996387856782879 0.48515980871187231 0
1.9372084784782311 0.48169182654830478 0
3.8190553581595732 0.48577658723019168 0
3.7848802412659461 0.48287098522602712 0
5.7011101128632404 0.481979092203974 0
5.7137871633733148 0.46006080260697979 0
5.6692680974775316 0.48388741385602441 0
9.6439560343023825 0.48107692470014879 0
9.6542757205116647 0.45965893489591952 0
9.6119244987239121 0.48243094845069762 0
9.6020200917723546 0.46622119687593871 0
7.5549534787390886 0.48781329981806237 0
7.7601428752396382 0.48458941212307938 0
7.7258709214995136 0.48466760550801807 0
7.719966139183521 0.46327096229534331 0
9.473928468432101 0.48213457636151957 0
9.4848122038509182 0.4608791438368916 0
9.4389854894509924 0.46228088302304121 0
9.439371984694807 0.48555061070408512 0
5.8400708337078546 0.48749959668467208 0
11.360068896102369 0.48802410078111791 0
11.32366066302118 0.48351927614245838 0
11.33770788631371 0.46306703913834918 0
1.6941838575246499 0.4857913496646139 0
3.5446925652043109 0.48515980871186482 0
11.769069335758481 0.48509909079357522 0
11.78104673505816 0.46521199253768009 0
11.735689509094501 0.48515980871227837 0
11.75345919884399 0.47154665104598698 0
7.9657745976804364 0.4851598087120243 0
7.9521207228915829 0.46845888656790619 0
6.1139576091432897 0.48107380566667152 0
6.0821550505768798 0.48277097074384301 0
6.0722491535388006 0.46741257926409507 0
12.969106440168501 0.48470786264351517 0
2.345174184299903 0.48515980871186393 0
2.356869982183242 0.46444723994878312 0
2.3107318350252668 0.48733636427530569 0
7.0734933224273071 0.058470028570163438 0
5.1513336188244141 0.45473770472482777 0
5.1899324722306721 0.44589603392208899 0
5.2271255392293483 0.45745368946663167 0
1.4555124910221959 0.48266016301293679 0
1.4463469915267679 0.45979647576239618 0
1.420885150237629 0.46914654806695588 0
4.6424487472225353 0.058012236525677142 0
12.00897301193943 0.48509984105461762 0
12.018433127449841 0.4672572790776629 0
5.1892634252129817 0.48548311782402992 0
5.2240182984704049 0.4851598087119377 0
7.0736085120350269 0.48106723521594569 0
7.0845584856353634 0.45688629733447989 0
8.2399502276014296 0.48453998588925967 0
8.2340257714652196 0.46273332104950088 0
8.2071976338081853 0.46465892470809028 0
8.2059821458506477 0.48699570842636358 0
6.3555010759935389 0.48518457513916141 0
6.3438235781056278 0.46456626012709901 0
6.3236114966974712 0.48247298008020678 0
10.84433311223634 0.48500548809263438 0
10.860283669917269 0.47017420648416708 0
4.4700353161876354 0.48444921978912292 0
4.4614673277527306 0.4673198286401018 0
12.73070226955663 0.48191405804134302 0
2.550805906740679 0.48515980871189301 0
-3.0044678874116522 0.1763221960996649 0
1.1799277571356599 0.48515980871186609 0
3.0648852128425692 0.48515980871191111 0
3.0486341470109419 0.46767566911527192 0
12.249436996246519 0.48260172599480072 0
4.9816549658088967 0.48257318973175739 0
10.366242825745999 0.48253844107730021 0
10.330539405749001 0.48515980871231512 0
8.4784213137085338 0.48262628332189922 0
8.4915333279681686 0.46488935573559992 0
8.4647533853107682 0.46047012212821298 0
8.7513167894017521 0.48288814160907928 0
8.7626129220748403 0.45969045237239953 0
6.5589108966482872 0.48754483023627532 0
6.5574315045699114 0.46639869258400452 0
10.603944784923881 0.48350562113171303 0
10.614369135599929 0.46600956104876839 0
10.638330214327009 0.46626897880498441 0
10.638524142412351 0.48721688384605177 0
4.6749525955338109 0.48293366296461238 0
12.491048726553711 0.48254549740263231 0
14.44573864395829 0.43083104658950672 0
2.8592534904017621 0.48515980871186698 0
2.8249815366616708 0.48515980871189429 0
-1.428676860620979 0.058137729070841401 0
4.7451050631308904 0.48743642400777593 0
4.7099389923685733 0.48515980871189379 0
10.5423342643494 0.1405581544000867 0
6.5948964480754801 0.48515980871183279 0
8.6854856262229987 0.48466544770007791 0
8.7194719803486151 0.4850014866515367 0
6.8348001242561134 0.48515980871212572 0
4.9498426685494037 0.48515980871189479 0
4.9636611902564569 0.46733963897759651 0
12.28404076893557 0.48515980871264153 0
3.0318493813116381 0.4824653026518686 0
2.5917534149132249 0.45663561819438242 0
2.5819005716792511 0.48235978430074611 0
2.619536799633202 0.4858524352468836 0
4.5047347963934392 0.4824459761030811 0
10.810346758110811 0.48466426611728908 0
6.3884335212515548 0.48295929411567617 0
8.9596612561439652 0.48515980871221781 0
6.9709815948262817 0.11941049946883921 0
8.2746495131825206 0.48244584195195772 0
8.2850878576646387 0.46087464261755701 0
10.124907683308329 0.48515980871185121 0
10.15748451254489 0.48523038269486118 0
5.1593130859991687 0.48180716800208151 0
3.2705169352832928 0.48515980871188591 0
3.278789554401881 0.4633198131339592 0
3.3047888890234001 0.48495379988965609 0
1.4200421767007509 0.48789323309813731 0
4.230131640006789 0.48340993964448509 0
11.04698850082084 0.48228976937659529 0
11.08460889978566 0.48570339106711052 0
6.1498559040138687 0.48646660812715969 0
9.1635793808978239 0.4875399820012703 0
9.1995649323248454 0.48515980871210351 0
9.1894953585985917 0.46185497171104012 0
10.432077842929139 0.071381970180145041 0
8.0000465514206862 0.48515980871215048 0
7.2803355228778583 0.48515980871165892 0
7.2906670923095236 0.46101987843168107 0
7.3237436092588224 0.44123616450984582 0
7.3152433859033117 0.46860845364007869 0
7.3147346584750927 0.48778561421276118 0
9.8867657220825436 0.48522141042871508 0
5.4269247278845896 0.4819502147368544 0
5.4367438542893129 0.45827472796668461 0
3.5087495098979651 0.48167296673734322 0
3.5239357657954491 0.4660356969351267 0
1.626950608434194 0.48255252613779248 0
1.6167508612782 0.46657303245886339 0
1.6435081632565709 0.45656540609638441 0
1.658730278155603 0.4809965724279599 0
1.6718786870995641 0.46404043346793322 0
-9.2493260877164936 0.417919287728099 0
15.47003782943969 0.41788218278690392 0
2.1052705081190348 0.48515980871185982 0
2.1395424618591519 0.48515980871187459 0
-0.17656850508454419 0.46551372746437608 0
3.989309083013612 0.48743898642729261 0
11.29021666310908 0.48798140762457543 0
5.8765328907405472 0.48294484439083618 0
9.4048244329226023 0.48308589991687478 0
7.5210024713714647 0.48352433299199432 0
7.5108576727530796 0.46557627156820519 0
9.6803713546040342 0.48739492692651959 0
11.53154880946531 0.48254625783362198 0
11.519310864629251 0.46491400622447082 0
11.547508887220999 0.45724794442980138 0
11.56322676026875 0.48111279748944752 0
11.574217001309821 0.46333885532437458 0
3.751469184058851 0.48495882152853748 0
12.376739845001261 0.44261792333273858 0
-1.5060691579284899 0.061190927281185997 0
18.040392719718529 0.41816780406200649 0
22.56806159024767 0.41802473280242852 0
22.462311825342042 0.40604965848152252 0
6.9310272778714177 0.058471779661646843 0
4.429353117058648 0.057225473500483029 0
8.0762185596482556 0.46717387892374618 0
19.99767491018223 0.41809268748544443 0
19.891928523620589 0.40594987788247472 0
9.7157675136013122 0.061440660864731038 0
13.434875508435621 0.142599956394279 0
0.20714259496190171 0.44383285334655731 0
13.18967438586424 0.1452661480318701 0
-1.5508772310816259 0.1223696004092044 0
0.46883207524102311 0.46090264349445481 0
23.391590827757799 0.41817743536162361 0
9.9325083155230036 0.071994466394341664 0
6.8281472763648239 0.1189942141677687 0
15.98868253176232 0.4186381402774294 0
15.88364050894563 0.40406064222253107 0
8.0125431572004882 0.46535027312377192 0
7.979403665343022 0.46381909482378769 0
10.069610630015889 0.055476525019783209 0
20.821206180693931 0.41824244700686208 0
-9.9063074199164802 0.19979347311036991 0
-1.650276509935811 0.06157631223858373 0
6.7892898265100792 0.059469122540296501 0
-9.940691234100747 0.38201168633055899 0
-9.8437568448521251 0.36727018844491638 0
9.4325352893107759 0.067933817551873568 0
24.90781092958747 0.192455984374343 0
4.2148878507921221 0.056847078010619473 0
-1.6948771837887691 0.1218353018997174 0
6.6888757023103196 0.1219566715295667 0
24.314541128987781 0.4207050028911396 0
24.210809565551539 0.41632524799394333 0
-3.3923522061049551 0.4207478299555395 0
8.5736542637240767 0.46499276192345429 0
8.9673607684443084 0.124316531550836 0
9.9065361675050028 0.47321295705656552 0
8.789945362400271 0.065428339250362844 0
9.0044976778310843 0.1865772853164655 0
6.6169283291609853 0.1212775687586411 0
-1.7895795682133899 0.058992990489744032 0
19.58297388506853 0.41960568693264988 0
19.689042161598831 0.40432245998381172 0
4.0026616342467038 0.056131920799271727 0
22.153360185957251 0.41966569030286938 0
22.259425630670961 0.40421349235563547 0
24.417356990207491 0.41915984007224921 0
-3.5987891380417629 0.21262477128204771 0
6.5461083755723184 0.1215838762782744 0
7.6353713880017331 0.46616245128318429 0
24.72391803866962 0.41935390253047811 0
24.828620435082509 0.403480414566946 0
-5.0241149299611614 0.38697246214252817 0
-1.8795648890646499 0.1846148337160172 0
6.4735767931439074 0.1202414939834688 0
22.669487349474469 0.41782273832969402 0
-2.3609826200943278 0.46818365864617639 0
20.09909081898023 0.41789891894430481 0
19.184860929819259 0.40332992820409108 0
-1.0942924159722449 0.46708279115598672 0
3.114505764792181 0.43682592780963142 0
-5.9600186837278546 0.40723762779090322 0
6.3997844834747344 0.11767496685212291 0
11.027179133395711 0.46729702885562452 0
6.5846037362764287 0.46273233646187978 0
3.894672592777884 0.44118438217987449 0
14.028314495654399 0.43992998939102512 0
6.3607455064138492 0.059158856819049997 0
8.7314719679891297 0.46532117229984449 0
18.498853892270031 0.1125809782500501 0
-2.1571206359049899 0.44199225257089853 0
16.161890631972991 0.39332815170864488 0
7.4673978780522887 0.43765067137445118 0
6.2578159438627701 0.11846981730673881 0
-3.1121993061996509 0.17885293493907151 0
-5.4454746792452564 0.42084319808040382 0
-5.554928491048357 0.40585049760604119 0
20.302161385018099 0.42075144339367088 0
20.41095787796613 0.40580571161152529 0
3.048967666132234 0.43679501705027313 0
0.1181603292178332 0.47072484879079102 0
22.872548443298559 0.4208024514298816 0
22.981305525590169 0.40579327929946551 0
-1.961168041785962 0.1096555354930526 0
3.5057184490258311 0.054269658687892783 0
19.486095961001201 0.42727535931557409 0
9.7323423129619364 0.46931833285538238 0
22.05647936078627 0.42731113242587981 0
6.1852512277205367 0.11680281619803511 0
24.622988712645011 0.41923065764535561 0
24.519539164042829 0.43143664433553852 0
12.119290847587351 0.43644936661703831 0
13.051526873751291 0.46729928572102741 0
13.0880618156441 0.46130879403264152 0
3.1825491405797099 0.43984675471300849 0
6.1464417813596848 0.058718927057698718 0
12.578026961254251 0.43854901824151771 0
-7.1599360519869979 0.39420401908892072 0
-7.0861550870673451 0.42670266399861639 0
9.1603794862342092 0.46537042913624371 0
7.2645556621107881 0.46758366043227229 0
13.93013914577285 0.43740850475150922 0
6.0451247811261961 0.11887408491618461 0
-3.069956527392617 0.46467378056654352 0
-3.1037362878451851 0.42545725939009138 0
21.125298445303809 0.42287476227454762 0
21.224868856165649 0.40531520841176433 0
23.695676514821528 0.42290332851945628 0
23.796882775342219 0.40603308218849948 0
6.6089929206139786 0.46768520067655561 0
6.3708749110413141 0.46713890722149548 0
-9.5530217604425332 0.42297361257052679 0
-9.6518853543463923 0.41059905585732709 0
16.086315259293361 0.42450749284729677 0
16.87745366734914 0.39065029726632589 0
16.804340296866879 0.42619917350328579 0
7.0554700842753793 0.45867934316026271 0
8.6749848795702107 0.46410126988975597 0
6.0969211667369523 0.45982309274736971 0
13.52357882075929 0.42950299504318901 0
15.16594620418455 0.42302991355216468 0
15.067886995943351 0.41115345607177278 0
21.024433569962358 0.42201601311428832 0
5.9712410834588994 0.1158806374866083 0
23.59483010045593 0.42207924852428419 0
9.62721306082212 0.46216145502718448 0
-9.4523498504309078 0.42225049497714251 0
-5.3532278701836216 0.42738912928776029 0
20.202054063743709 0.43201532565823442 0
22.772434017057542 0.43203284733664382 0
10.796535951386581 0.46512204364576598 0
17.839858533339449 0.42192954804125932 0
17.73282442090974 0.40490659302688697 0
14.561765418141089 0.43669224515552257 0
17.633625506555379 0.4245483491840597 0
17.554282858376009 0.38849982506663511 0
17.417115633967079 0.41448274760226689 0
17.320638749620802 0.41651995652460311 0
-4.5488540943526674 0.3927917867336162 0
15.26674534162801 0.42235689812997168 0
5.9322333163214092 0.058272560924821942 0
13.521768014005049 0.14295271892357531 0
12.44683254920194 0.46739943792191307 0
12.42947767618343 0.43655323737931101 0
3.0034261261479651 0.05112628365981884 0
2.5619918828005579 0.46767541646816108 0
5.8301739764129241 0.11757129413225879 0
-6.8734886219553548 0.42320252742634501 0
17.533332605750871 0.44082256276528908 0
-8.0124267083850711 0.42332771066263369 0
-8.1202842291010935 0.40714131406769688 0
-5.6524177668811593 0.43498103256546022 0
10.050464673784029 0.1347517213740847 0
3.975559677958568 0.44018900583868648 0
16.591714170049329 0.42239506674826588 0
-3.103913473626859 0.47091753046926788 0
5.7568649636319167 0.11501998719541739 0
23.492406226606331 0.42947359395482532 0
20.922024256242949 0.42944586820855352 0
3.7142844092534539 0.4716381141534145 0
3.692841514988062 0.46766935273694221 0
-9.350007244695945 0.42956201067781352 0
2.7895499093142 0.04998492038065009 0
17.014614982369029 0.42524475647128063 0
-7.9168749450694538 0.42966970386505288 0
-7.8490696985371464 0.38589798102751149 0
-7.6896893184420012 0.42119487156017682 0
-7.6014200663120928 0.4162160650308141 0
-7.8068474152590799 0.43377897059631171 0
4.8340794603231458 0.44119735356716161 0
-7.307655613204231 0.42279403224967238 0
17.939753890746989 0.43263394276242678 0
17.117430843589169 0.42348720723342742 0
15.36923432226558 0.4295942375830416 0
20.510441453880741 0.42969651173060108 0
23.080824352703161 0.42968943004593918 0
3.8523593328129651 0.44331524092206848 0
-8.2161744746641876 0.42549156064131682 0
9.2605581667478774 0.43587042860789887 0
5.717966261593908 0.05788528290043167 0
-6.7816195552977003 0.43285879480951428 0
13.43731910888334 0.42289463315301112 0
5.6173657656015443 0.1180974846370685 0
-7.3986617895408058 0.42380681968308781 0
12.294958902243749 0.46594481048552411 0
10.3554826340019 0.4579891710842548 0
10.38273699161088 0.46256196735563399 0
11.790044954048341 0.43351496311528243 0
2.9820418277106948 0.43866968710505849 0
2.2225043362585781 0.43398304160271811 0
13.364310887606489 0.42605668388359302 0
4.7516840593907883 0.43134530820116429 0
16.49981860894183 0.43067528758085449 0
11.98768441386834 0.46649285255343897 0
12.00112373315074 0.43760260536420292 0
2.5755336431774061 0.051598999007561749 0
-6.28014382028352 0.4238537257849111 0
17.220055838669939 0.43012849373854262 0
-4.2201667315639622 0.42999178754917239 0
-4.1379109715574014 0.38583538448910221 0
-4.1075388718322126 0.44385762557603758 0
-4.3063297935331981 0.42480730380943088 0
-0.23228106502758661 0.46536201049285703 0
-7.5011790257681668 0.43319759530833313 0
-6.3721968961854536 0.43295334073649061 0
19.79056346882912 0.42774596563834621 0
22.360951814091521 0.42772125981458342 0
-0.62273946198136387 0.46584779413789601 0
16.280741687577599 0.4328764454372811 0
5.5467841026882914 0.118845565168333 0
-4.4350702138344218 0.4358672914493163 0
16.41135584292569 0.42319398157331239 0
-2.0277936393499938 0.1926726142930888 0
-8.9424548167164239 0.42618646558854351 0
13.53372389889128 0.47282843987084722 0
19.264503637217739 0.47084362249219069 0
19.19088404486714 0.47031961742432371 0
24.922252281722379 0.47478383143903807 0
24.852039603471241 0.46246681366073022 0
23.27186576948321 0.46975428218818882 0
23.199453654540559 0.46948948541327951 0
17.61547114643005 0.47030321778065132 0
15.178041606659461 0.47157232224687351 0
15.25303656013195 0.47143771916242128 0
20.833833303864228 0.47032629423861239 0
20.907990236746681 0.472569649205067 0
21.620765565031949 0.47360455718357791 0
21.611107681872461 0.42312099672617559 0
21.549449182907939 0.42862705826030012 0
21.554408918922821 0.47385325862194572 0
21.482126059780519 0.40270415038869389 0
21.43350308006255 0.44411896587192151 0
15.899884358740071 0.46943814283745389 0
15.97208641307645 0.46998335088013282 0
16.82256266798619 0.47052013589961672 0
16.899843379599631 0.45473415070810003 0
22.552182094078631 0.46995689986591488 0
22.479630104008638 0.46926173861748549 0
19.981786970788711 0.46996551407851789 0
19.909234537710969 0.46925390802071831 0
14.2591499016757 0.47360796010952649 0
14.268720545152799 0.42388597957099278 0
14.32854474293176 0.43744010368202801 0
18.46887968103696 0.46967556890241152 0
18.47968297123689 0.42825677404082158 0
18.550170799059359 0.42758173458670312 0
18.665627389707321 0.40111503167230989 0
18.419389887610919 0.44103322088952568 0
18.75713595632185 0.42692436787731342 0
24.197722471891481 0.46947582633018581 0
24.12128538984555 0.46002090057557032 0
24.13887977363483 0.41957679372270279 0
23.917513547347461 0.45304353128536451 0
23.986215812163309 0.47425824936958277 0
23.971821591594988 0.42736981871094532 0
18.33630120889082 0.47024556332025041 0
18.26327341797262 0.47094259764023522 0
14.46450963599381 0.46522468966264457 0
18.233573475350891 0.47101404038591238 0
20.188227375412989 0.47310005075795702 0
20.217109525464071 0.47276691483647793 0
20.113778799154449 0.47028901170336768 0
23.886141707243461 0.4703196174255167 0
24.227773890550431 0.47003478964880141 0
22.274530318218201 0.46949401426485998 0
22.241999430206508 0.4694168092124964 0
22.34731339397273 0.47184953382318828 0
16.621457693100542 0.4638255568846078 0
16.686229169530439 0.46463438943815227 0
14.221450752561809 0.47031961742373879 0
14.19780916808118 0.4299613725910168 0
16.18090542823704 0.45548402941300697 0
16.103162562426771 0.47030628862926488 0
21.824664090176771 0.46385956976035631 0
21.860066682610899 0.47084297909474931 0
21.764022331663561 0.47164956323903978 0
22.582852706218279 0.47024895048678972 0
20.629057124045691 0.4694795725794404 0
20.597192092742951 0.46949845741735352 0
20.701470674006341 0.46976475259123668 0
15.048209263163759 0.46860122592246373 0
14.97067374126414 0.45994389655337709 0
14.98743243048761 0.3978720336637025 0
14.84282603281032 0.41743614817887131 0
14.760550701852081 0.42866259768995529 0
17.750491685466478 0.46946454542588811 0
17.822841986415639 0.4704051505765029 0
23.404228136725148 0.47031622858821792 0
23.4783838552144 0.47257410477305362 0
24.710847088661669 0.47049683463529068 0
24.636697494140559 0.47054307254291489 0
20.936864982113089 0.47238617172437131 0
19.051054473607181 0.47425069194460889 0
18.992841075020511 0.4586441466653991 0
18.946094398188059 0.45216302062382052 0
15.28248246324311 0.47096741035703071 0
13.73964319458968 0.47073070987141208 0
13.399173491177359 0.4648249791648903 0
19.391755773732399 0.46170364969009292 0
19.470409330488561 0.4718774431815323 0
-7.2131453013724496 0.47428926789360609 0
-7.2745345324756219 0.46570672861960982 0
-4.6118605996879847 0.4709761582088704 0
-4.5338338332804318 0.455951257839733 0
-4.0241286988325999 0.46080488285300081 0
-3.992448663102107 0.41677249978327457 0
-4.0535403618718799 0.41735824589865561 0
-6.7686769543357901 0.47324087820095218 0
-6.6948651402787709 0.47018936609343359 0
-7.7230912062829988 0.46756089223732361 0
-9.3634250605877636 0.47281120242796332 0
-9.4386585966916439 0.47134889928782392 0
-5.0580279091690716 0.47243986669523019 0
-5.1224908553755029 0.47035756613043739 0
-3.5822248097124221 0.4703575661304128 0
-3.51376854101628 0.47035756613043689 0
-6.1863012709202536 0.47429060099485038 0
-6.2475792082786814 0.46588445512652849 0
-2.63442652814176 0.44561497510221648 0
-8.2372510810745023 0.4703575661304894 0
-8.305707349770481 0.4703575661304894 0
-8.2816099077615952 0.42636547120324481 0
-8.8499349355806363 0.46493990026118948 0
-8.8816219424762846 0.42402750615825652 0
-8.9179848363168617 0.46570112248956758 0
-5.56745660190108 0.47035756613019108 0
-5.6392138498545359 0.47318232980648489 0
22.99507091000569 0.4703196174232066 0
23.067056724529081 0.47210763968066599 0
-5.7384888822775126 0.47107583619318671 0
-8.7454438396049365 0.4649423615032795 0
-8.7674006837971348 0.41533539910386652 0
-8.8190156706917602 0.46950330947955848 0
-8.4083917528148646 0.47035756613029711 0
-8.3426737348664677 0.47429113084793162 0
19.292727596517921 0.47128796805079898 0
-6.0836168678750138 0.47171540312171989 0
-6.149220792042791 0.46499506568888088 0
17.337404286717231 0.46981098910643371 0
17.306795241075399 0.47014718994043642 0
17.40874245038075 0.47031961742372769 0
-5.2253237763396294 0.47154433141616181 0
-5.1543422459252337 0.46391536395045813 0
-9.2619852509736607 0.47029338186485192 0
-7.8975504210858354 0.47106833876144583 0
15.45735490751753 0.47027032425843629 0
15.383204608227061 0.47259301795144659 0
-6.5928464606784072 0.47015997989552388 0
-3.9929624218892341 0.47035756613044521 0
-3.928272950154553 0.47227264859808671 0
-3.8902780188450881 0.39994212617085562 0
19.152181043244699 0.45975992367795743 0
21.113150452510151 0.47151822671759719 0
21.038142351458319 0.47134647688551878 0
-4.7165071507470433 0.46374465318979752 0
-4.6392915751628649 0.47262306452485342 0
-4.6253733917318707 0.4302109452965136 0
-9.7802553774853926 0.47041317229351121 0
-7.3849705358014619 0.47183471229331869 0
24.816168291890389 0.46529745507169151 0
-7.1042118654595932 0.47061758001989162 0
-7.1819838618853078 0.45874929563401751 0
-4.5004649382282729 0.46676988441792838 0
-4.2019606258784661 0.47146106322948561 0
21.345257136913968 0.46303029931776329 0
-6.8684049092862596 0.47067530230413251 0
-7.6183268633064092 0.46974500550058368 0
-9.5409405011293611 0.47156249059269628 0
-4.9486349424647376 0.46523028604869948 0
-5.0205034504291257 0.45520967380110477 0
15.7014279548952 0.46347575491970561 0
15.76094691455684 0.47424421481735329 0
13.26183604784524 0.47031961742366962 0
13.3321430731474 0.46478269769236452 0
-3.6821709620087808 0.47428856294759048 0
-3.6660056562176289 0.43250092794178979 0
-3.5968020237129101 0.42276552882423268 0
17.02832376386489 0.47209191473073792 0
17.10372206209319 0.47174040488319557 0
-6.3582023327686388 0.47364072694193748 0
-6.2841386865126951 0.47092618175090362 0
-8.1338231103016376 0.46963587037976467 0
-8.2049017364317542 0.47099869678686812 0
20.803445032847701 0.47022001500517913 0
-9.0262445044650814 0.46940393117043361 0
-8.9525586989066035 0.47085625718465651 0
22.68417532964833 0.47027775840010771 0
22.758620590471391 0.47310303659279668 0
-5.4620154103404444 0.4703216668536922 0
-3.175149942858833 0.47209056175217112 0
-5.8475568346521989 0.46331943389504809 0
21.658464714145371 0.47031961742441458 0
21.677220128442389 0.42858601855300832 0
21.646310009505871 0.35155719246799061 0
-8.7114057742728228 0.47197729828770368 0
-8.6478400971254707 0.47154309349505008 0
-8.6152030632546825 0.46899005193120352 0
-8.598011360658786 0.42256143532409929 0
-8.5367770132536265 0.42932401848429441 0
-8.5139057810674501 0.47021644303739979 0
-8.544164759858063 0.4739796055304239 0
19.7769185005249 0.47186077458855058 0
19.704134467723922 0.46950132713703407 0
-5.6667520953559647 0.47442766561619831 0
-5.978194214081884 0.47035756613013457 0
-6.0466504827788201 0.39364902505902638 0
-5.9375140112396938 0.46311189984573758 0
-6.0552397112772258 0.45593970572812881 0
16.00270723074583 0.47032180879775742 0
-3.309108518728372 0.46688814259641831 0
-3.275192712669361 0.47132178501554789 0
-3.373710002672099 0.46622063586226392 0
-3.413178928950618 0.46383412043085792 0
14.118634891342159 0.47031961742403461 0
-9.0579262359888659 0.46974259507878491 0
16.79275916520071 0.47130143671325803 0
-3.476724486196245 0.46475431313785842 0
-5.3278596614639584 0.47035756613036972 0
18.746551432987729 0.47096285940323462 0
18.779620599984959 0.47031961742436917 0
18.676804738765249 0.4703196174249154 0
-6.3870409278023841 0.47283525985360469 0
-9.1591306846184999 0.46987233288456609 0
-9.1283478761298973 0.47000039586410608 0
-8.0006086541872303 0.47164991870326151 0
-7.9278061228870671 0.47228821308717328 0
22.447460522470919 0.46955761993379402 0
-6.5619626082354623 0.47007588876046608 0
-6.4898698959229613 0.46939431848013602 0
24.328249910484061 0.47088839332381821 0
24.40364820871099 0.47057936075989942 0
24.4330941118216 0.47045412439062839 0
-9.3345658674284095 0.47230714747157088 0
-3.8989874611707931 0.46016942396334642 0
-3.8178284678082841 0.47183494742844267 0
-4.9189670304876412 0.47181518583702181 0
-6.6645190411920057 0.47007220875391942 0
-9.5705048262227876 0.47079117486007599 0
23.710960853800159 0.47094535818170241 0
23.68166768330229 0.47100011564880412 0
23.78403164201152 0.46960421016978893 0
-7.5875249071720194 0.47020201813384349 0
2.3612301629888059 0.050525534644509658 0
-4.8075810319012238 0.45864952617808857 0
-4.8574886132720287 0.4554905329400798 0
-6.9032350862142984 0.4667013215720065 0
-9.6720546795055036 0.46895465744654591 0
-9.7409117073713318 0.38951115799878788 0
-9.7940028131631589 0.43160048730566508 0
-9.6406045893453847 0.47035756613042529 0
20.012075420900139 0.47023136602688842 0
-7.4876215054831157 0.4736314104235535 0
-7.4138199633236912 0.47156550784515522 0
18.057121449767809 0.4701481860411536 0
18.130604720786451 0.47082978907549988 0
-7.0748016263333202 0.47180742932195308 0
-7.0016154310993173 0.47248765004008292 0
-6.9690336196060549 0.46900862123697962 0
-6.9960970756185556 0.42588935560814228 0
-9.8455669766723179 0.45032203240055518 0
-7.3111385282075423 0.47070198730451418 0
14.73955814198086 0.47058738609075002 0
14.76980201239958 0.47031961742445011 0
14.66088014486021 0.4572272263327245 0
-4.4031886107722489 0.46896615171289469 0
-9.9116914133820639 0.47066744251681358 0
20.319044642108999 0.47028993944093422 0
20.391900636572259 0.46921513654497271 0
-4.3014029606509911 0.47094619735979493 0
-4.2313074719170274 0.47240956631704623 0
-9.7510885461910188 0.45810125352659081 0
24.089888860796609 0.47124630306852738 0
24.074637452811981 0.42710904907208858 0
-4.748616400587844 0.47222162115182797 0
-7.516475709200142 0.47291187602797019 0
-6.7967065918626126 0.47408609730701218 0
-7.6894710369766948 0.46993640777603229 0
22.06707839937517 0.47215665115750372 0
22.140427512138839 0.47053957835883309 0
-9.4675080242135756 0.47125654296975922 0
-3.719137347104696 0.47035756613044072 0
-3.7308810519772759 0.41753504836379618 0
-3.790217772767507 0.47393123893002842 0
18.372787980183791 0.46851433347700128 0
16.414855791916601 0.47031961742303102 0
16.486683481305889 0.47312295612082811 0
-9.2316373088016412 0.47018653964934742 0
-6.4585081921745671 0.46971791038915423 0
-5.2560053877019852 0.46822973169463611 0
14.4270824750011 0.47031961742403999 0
-3.6164529440604678 0.47035756613044838 0
-8.0301984940623932 0.47074187382488131 0
-8.1017381149423606 0.46930550858581449 0
16.312510893034339 0.46557338132014708 0
16.3799758572458 0.46395963734251622 0
-5.4317862916735908 0.47066662597817771 0
-5.360822092150813 0.4717305114150292 0
22.038896975017611 0.47169961507085029 0
21.962152304227331 0.4616917676354001 0
-5.5354427556645867 0.46880205639446382 0
-3.2036002898209901 0.47191603376780128 0
-8.4410806425173668 0.47002472528934891 0
-8.4221556843230942 0.4254970158619501 0
-5.8783621555657994 0.4721586816155392 0
-5.7765602115845969 0.46237286782927273 0
20.496662920369399 0.47211586191881361 0
20.42467437951154 0.47031961742352801 0
16.719315729742402 0.47127661165126389 0
16.71732167215881 0.42302155717576723 0
14.838345919879339 0.47031961742421269 0
17.953625746327269 0.47320217216462401 0
18.026509846590251 0.4703032328485971 0
0.4966243585076251 0.44585036564087072 0
23.608538881951532 0.47136342979470069 0
24.5063373324531 0.47298666326318678 0
18.845422751166382 0.47422492292442681 0
18.828713577714641 0.43053405598120648 0
15.078249596058461 0.470319617424304 0
13.942932213139491 0.47299188177224771 0
17.71719003404155 0.47031961742330503 0
19.599408403365381 0.47016060088993328 0
19.671603615112769 0.46942339538290268 0
23.373840177519511 0.47020913372272571 0
3.5542910319730638 0.46014651701739151 0
24.74122177314203 0.47019642325842331 0
22.860896164695841 0.47095162131177021 0
22.787503214156519 0.47277302235529972 0
17.206499750085541 0.47298794887817142 0
17.132608423102749 0.47147978288462777 0
13.708098102811579 0.47047119868026849 0
13.43499629796769 0.46993834480278268 0
15.58971613102266 0.46970624564157848 0
15.66555664331419 0.46679351273445813 0
21.31310678031069 0.47208524856445272 0
21.252618388083349 0.4627603386035577 0
23.095940983871479 0.47205490231720437 0
21.142747656566861 0.47075944786230661 0
17.444979776872849 0.46206798005472449 0
15.487741470408791 0.47015969305759459 0
15.55875300134619 0.47011725349774802 0
15.354327586662929 0.47242547585056799 0
21.00869644834723 0.47091276565771012 0
22.962293604174778 0.46921328075393842 0
22.891031030138731 0.47035330816099291 0
5.4747634219977277 0.117915908455675 0
19.569136685260901 0.47045179871381848 0
19.499331628528399 0.47031961742481199 0
13.22705143500635 0.46373952980373562 0
13.84053681351946 0.47288895516530949 0
13.810187307683449 0.47031961742420553 0
24.607251591029449 0.47045885217477701 0
23.50725901658458 0.47239351205284003 0
23.579092978839949 0.47092290742432519 0
19.806370589608878 0.47130362337364029 0
17.85309588731759 0.47081654533953932 0
14.939277212214281 0.47126124355301408 0
20.52554679023552 0.47205522252920212 0
24.298404334443671 0.47045697054493901 0
23.82340211602245 0.4627456674226853 0
21.92734331128624 0.47085259876832142 0
18.160288001401259 0.47090840751439023 0
16.214984325808231 0.46626413966559438 0
16.515590329953302 0.47269057717216167 0
16.587509318252309 0.470123437057685 0
20.288786660906531 0.47063156521031208 0
22.17080642956407 0.47023355843457532 0
14.56368931559663 0.47546629600062879 0
14.629393914127411 0.47075626234573692 0
16.279599310006081 0.47234155272227879 0
18.57504998651147 0.46382521220496908 0
18.63998868993966 0.45941409505285102 0
14.876791754481809 0.46477298203888362 0
14.1576862761043 0.46335039780367748 0
17.924745209392221 0.47294409026391532 0
19.87706473088608 0.46955120342853418 0
24.535241798815861 0.47260734284770628 0
22.653850146090619 0.47023281269803308 0
18.87413735267009 0.46308025595232177 0
18.893706777309621 0.40466225819893847 0
17.00025340175387 0.4715402736107846 0
16.934540738914361 0.46569844479375883 0
13.91506652984646 0.47405565769658953 0
13.157602326439109 0.46251257211640218 0
15.860072652710731 0.45892575000083768 0
15.79122047369364 0.46360187852888768 0
21.447087448836321 0.47566962989296441 0
21.517740850453329 0.46151567223972367 0
17.235391564413298 0.47237958769681099 0
21.216400647420201 0.46591819668713341 0
23.167588623236679 0.46950971886085963 0
19.35695775389199 0.47084920661600488 0
13.50657588487757 0.4728607093220098 0
13.63517289566091 0.47038616583147819 0
13.60529098584831 0.47153312143034859 0
19.08132803274416 0.46441650297085119 0
23.302547785409541 0.47007608420769709 0
21.42154273627078 0.47713722275545528 0
17.647225346316649 0.47061659679736528 0
15.14843930456149 0.47077415183887478 0
20.732152091660399 0.47008481560933768 0
21.728476192203921 0.45272943578961339 0
16.07325190338787 0.47095455170665279 0
22.376766117830019 0.47130155097142212 0
-3.2238360662108789 0.1814891347472195 0
20.083453615596941 0.47024460368821752 0
14.358538567521419 0.47031961742414768 0
24.023284192408831 0.45789888368333193 0
5.4039268905212667 0.1183669115072343 0
0.60464070876501685 0.46481376650772138 0
11.8876117601025 0.43545806256372621 0
5.3316786957544036 0.1170660704096067 0
5.2572183962692902 0.1130092663004524 0
1.8451992298409641 0.46618651570242758 0
10.448465325089071 0.46595210563857742 0
4.1129183692333511 0.4385993386948171 0
5.1173664358155939 0.11624788010501071 0
1.8612446957658579 0.049539772336072582 0
5.2181903671112302 0.056929766633353099 0
12.08324211761277 0.43407459589608721 0
-6.2006770873465467 0.42746034365997798 0
2.9067235376918719 0.43923728843301207 0
11.166886416696631 0.46578887696466481 0
5.0467838559610927 0.1171708827361162 0
-5.1743437857739973 0.41782482399976412 0
14.615951938626409 0.43168943106020491 0
13.60886150638507 0.14251234163981399 0
2.291747257419801 0.4414948108608428 0
4.9747762667369884 0.11617771444714139 0
9.6937170616680906 0.43870303615194201 0
-3.802372536262236 0.43420795913455268 0
1.3486260877771541 0.049940323944520901 0
2.947194464250646 0.44651556146237098 0
0.65210842851302664 0.43908093342545279 0
12.867860423619931 0.46497394142871368 0
4.9039266404097717 0.1166927236329585 0
-8.7047763136159535 0.4252260438333601 0
9.8766634680139109 0.46220921659115571 0
1.752705297049199 0.46575087044371882 0
24.89917000445206 0.44012665223876352 0
0.36836850225098039 0.44075735785432368 0
4.8292639378735087 0.11361635301910029 0
5.681745750209104 0.46493168362944132 0
-9.971407597383255 0.44073134221729571 0
16.944650303669238 0.42463516189813483 0
6.8215423453919559 0.43926068198111212 0
4.7578210360716344 0.11180576876696 0
0.99011863119991994 0.060988355654059682 0
-3.3407801908672381 0.18398573741829119 0
-7.2332908399523914 0.43442480619614932 0
-9.9064851725835812 0.43599657921328672 0
4.6117329781106164 0.1111968533495597 0
2.3664051448581791 0.43602622271365898 0
2.1529077707052799 0.4386305566135173 0
19.043869318512389 0.43165560602160608 0
11.233125393658851 0.46305975289282691 0
4.7198919367220071 0.055817058511520752 0
0.77580179009098471 0.060565797583835401 0
-2.7008618319695201 0.43792135383614278 0
4.5427605789122563 0.1105904386772105 0
14.743883308667121 0.21484071543466851 0
10.210885066050171 0.3896872357027899 0
7.7713280228092794 0.46373498335024887 0
0.56170079050914068 0.057958777278302197 0
-3.4635585390055388 0.19189287807384889 0
2.6974211184344639 0.46741118568014312 0
4.397394471184521 0.1102516172287594 0
11.36751169273634 0.47129424811180121 0
5.40856885744709 0.4639134934357706 0
4.2393007383261097 0.46483295946022718 0
4.5055408130857471 0.055154178664233632 0
0.36705582567934047 0.1502949478705643 0
4.3283900737397776 0.10970744617087209 0
11.430763782013321 0.46406539445520201 0
11.957431207200941 0.46797555109563549 0
4.2901075590520232 0.46731114948226238 0
12.81235763559329 0.43942568264822379 0
0.1329391607575616 0.057350321771000232 0
12.26623967061772 0.46896515800146232 0
2.4732315113188581 0.46646791905068691 0
0.88055124643117133 0.47011411248381341 0
21.852434681016721 0.42953692028124513 0
4.1829530493923599 0.1093379465149202 0
4.1140146657030776 0.1086468321164714 0
16.226769273520119 0.4289271928107013 0
1.372538405699081 0.44123779951720682 0
3.4603852824467451 0.4376224098448821 0
3.424214933534135 0.44394779600447909 0
3.388617705130069 0.43735579392862423 0
19.28362991536866 0.4248160608956047 0
4.2912189348239584 0.054630023398687513 0
5.8269216844445531 0.44045809756507831 0
18.432492597176122 0.20744624345130119 0
4.4035220132454214 0.4393311853756704 0
11.621051549877039 0.44234555292756578 0
21.617900067672089 0.25551494567611588 0
0.78878160971242606 0.43930487577833738 0
-4.6465719898424496 0.3435835799890562 0
15.74854881982475 0.43034924740433939 0
3.9753581583997462 0.113085046345232 0
1.273171208270552 0.4688179142805437 0
-2.5231519784908789 0.46752888618294569 0
4.0748988089097722 0.054770949734092328 0
3.6116599973190771 0.43280270883194982 0
13.704197488697281 0.1439809981895751 0
-6.1052541241303828 0.42587591964081101 0
-5.2871917310110979 0.42670131937763239 0
6.7522340829291494 0.44395411009656882 0
-4.4880748963700992 0.42979380125213518 0
1.5312152829719681 0.4615897358849213 0
3.9039261009926411 0.1133500754959342 0
3.6151253237609118 0.1074664368229002 0
-5.8170543095297447 0.42005453317815911 0
10.860586509830361 0.43826866856508351 0
-1.4979743941823831 0.43711885131571049 0
3.832497488811903 0.11311163968035851 0
-2.9925042932086292 0.41677600101097639 0
4.5635678726352316 0.44606538249224859 0
4.5898980817029713 0.45829819847803671 0
4.6168656037839266 0.42797407614983207 0
4.9692232965033911 0.43208969869297198 0
3.7610688763107101 0.1128732506915204 0
-1.8334235184416121 0.12086768003235961 0
-4.9115333667249752 0.42933590315650261 0
4.4854875968794969 0.44261366267760088 0
3.6885013903775761 0.11106891772374219 0
6.2481360454631876 0.43637287241808548 0
12.47683281169726 0.46727075658300288 0
12.64745739260664 0.43847528930357771 0
3.4745221712477612 0.1103131565791453 0
19.345195643210801 0.42396502966103911 0
12.30473136664558 0.43841006459179732 0
24.19003834274363 0.2417625161847658 0
21.915090547822139 0.42450646244363222 0
-2.1510944654415272 0.051345780072205582 0
3.1128311922801122 0.10395159459977731 0
3.5757525342069831 0.053855397227621289 0
1.062783422937595 0.4386013385629659 0
3.937665942855932 0.45046247076691531 0
10.76785226477495 0.47038228955132039 0
10.88904618732669 0.46525220360716979 0
14.92246483487772 0.43023509793670373 0
4.1865309030889124 0.42534027811683722 0
-4.7579715108227889 0.43387213252420942 0
-5.7342850970151282 0.42122563376485428 0
9.1395649315507494 0.44074748529083629 0
-2.7855543980229469 0.44379181634384057 0
5.1796100930556674 0.46973501207837087 0
3.403048451521709 0.1101959372129875 0
15.816158939590229 0.43034992039862008 0
4.9383661003498842 0.45865772280416611 0
2.898705443731969 0.10190582257595911 0
21.99242100291243 0.41098931097249602 0
-3.444449123758766 0.43511778789430833 0
-3.4945430876488941 0.42401662649464322 0
19.42216836404863 0.41089464113983182 0
3.331694138895879 0.1100024307181761 0
2.8499405890694298 0.46623644804645942 0
24.82017186195824 0.26629718348973719 0
12.6775653947503 0.4600698345113689 0
0.30352260688538613 0.46406807683843537 0
0.68876923451127936 0.46648155215115672 0
0.028502580370517831 0.46679131741873098 0
3.2602590971343179 0.10971002295683011 0
12.88960302780572 0.10487925754033479 0
0.92804417957120522 0.44000496280900703 0
-2.753280171507801 0.45875837082148108 0
2.6844001993989171 0.1008816574086146 0
13.8047042709736 0.14666801654911271 0
-2.126706442367881 0.46351414295019872 0
1.5642849321012631 0.44587326263260407 0
3.187613902426476 0.1082455802217068 0
21.381540499768999 0.41073978588187537 0
3.7404528311212881 0.46632554598248682 0
2.969496290099376 0.10362575566395089 0
12.70394752572842 0.048308355897949323 0
2.456151197264135 0.098108840627448873 0
4.7202823090525854 0.46257950188004499 0
12.814037146283979 0.1046617304566909 0
10.52396892059582 0.46203098719002311 0
3.8679449281145759 0.46530630937400769 0
2.1869496090149712 0.46948731957925333 0
9.323295352889323 0.47027604762337788 0
11.72793614077113 0.46445815677694008 0
2.0577990791690932 0.46339910363579973 0
-1.5747712326045651 0.43412393153596901 0
9.4143408181973474 0.44035111870960658 0
6.7869854106407104 0.45919678999321772 0
3.0744559141243468 0.051882030856734637 0
4.0673398597411552 0.46741340736313092 0
9.074506718420448 0.46526397676428138 0
5.3057483663849521 0.46343225803932858 0
3.4205005941035749 0.4656939155108305 0
14.5992951126987 0.18747756907890331 0
2.3331397055074858 0.46557954969611259 0
1.329811096358924 0.46428320281861341 0
21.790425004214079 0.43258810686044402 0
2.7555410847927289 0.1019711055405393 0
10.591525542758211 0.46341275074743482 0
-4.436631873138202 0.47274260459732498 0
14.52946320761678 0.46705933585307863 0
18.54201992064878 0.47234531284308001 0
-4.3361589165294747 0.46722092564448148 0
8.1845136931029625 0.46351302296003039 0
12.845696083631619 0.46326222149530588 0
-8.7338399413077479 0.36495012812465788 0
12.64115860303132 0.039873839286270349 0
7.4119953090511128 0.45251166788295688 0
7.4353583567405153 0.46315120550672279 0
14.32512223961152 0.47561586770602471 0
12.49094172333624 0.049094001573449113 0
21.50461694383144 0.0889248755645064 0
10.40340435893715 0.44135324816674909 0
24.072928483586441 0.08714511505405903 0
10.659993055024239 0.47013516925475979 0
1.2296857141033499 0.43521351209615411 0
11.3125548965071 0.46247064895167728 0
11.327730091222531 0.43719065713868849 0
14.392366186078149 0.42792769941783759 0
10.69122169429278 0.43781544485421869 0
7.5334442202455856 0.46039631790079871 0
1.3962480710781691 0.46367068242731868 0
12.58269166611101 0.11467362852117111 0
2.8600256638079951 0.047794449027425613 0
5.1107024944440509 0.44137790166549218 0
1.956191397170769 0.095571206441432993 0
-2.824101709721103 0.451845744784519 0
1.1538746635464621 0.4430456036511653 0
-9.9101235806927903 0.096564570077213335 0
2.553233864478146 0.1033897426027507 0
-9.8113486462677901 0.27954687251212651 0
7.1106927931803376 0.43287189390158959 0
5.0713061399675681 0.45088181197333721 0
12.20233410660158 0.43630890964394398 0
-4.9713222992130897 0.4276707917064036 0
12.27670850529756 0.048545609221613953 0
11.25330467145467 0.44392307636268452 0
12.4271767407614 0.039669697809275158 0
11.18517600268256 0.43789687262644961 0
24.02307985115382 0.36822735737067419 0
-1.4987895024479529 0.46608577614560448 0
13.02620094798216 0.44441605109595939 0
-1.705934572015035 0.46828761591052909 0
11.40565636948096 0.43577735879825158 0
11.11767150134167 0.43900052640506332 0
2.6458180601199861 0.047442791410940287 0
12.96099628660029 0.1025236014391359 0
12.368405223998259 0.1140468155459585 0
10.998328493580511 0.46496486456904063 0
10.973966738279961 0.44215340363010619 0
17.48516913645301 0.42442683668383829 0
-1.069865762870702 0.47028652887652012 0
4.7965511274516111 0.44977044955486811 0
12.893300935908471 0.47032110023090778 0
1.456095765203173 0.091923918867778009 0
1.864581059875476 0.43549137535596227 0
2.328742499262733 0.10224757341620309 0
-7.7542942465774658 0.43787683375104192 0
2.0082994930446931 0.43794834221286538 0
14.4711804312228 0.17618711977007359 0
2.0809760881389101 0.44216125532638839 0
8.0431001099376793 0.46629665218548522 0
11.75357664494871 0.44480030941108939 0
12.062829964575689 0.047923283811177039 0
1.793070242623962 0.4393892219703644 0
0.44223625832827729 0.46121512032280992 0
4.0817830372909443 0.44368991107235928 0
12.21294359729046 0.039238200256400547 0
19.10981809508062 0.43102877927345018 0
-6.0802080710659734 0.2898121450016497 0
-8.5655052997548342 0.36047102747146148 0
2.4298581870772589 0.048550832887256222 0
0.62516795235452749 0.44446524207729182 0
3.6361377916835291 0.44604713612024671 0
1.472015395033901 0.46521421672866697 0
1.106579290450314 0.085480177173020075 0
12.154118759417759 0.11342328594943139 0
1.7229586078700121 0.44311424192087212 0
-8.3551131234873068 0.43841887752206432 0
4.8907126300986903 0.46840421231824297 0
2.5320994745146019 0.46567714013994033 0
2.5103763066731788 0.43419380915450512 0
12.5481605951519 0.4449888749917531 0
8.9831262909319403 0.46546493352334151 0
3.3304928543285302 0.46753460754797538 0
4.6937638975500509 0.46957019469185218 0
7.3356676076135008 0.46746309892255439 0
6.9725330485694919 0.43222893921269001 0
-2.5518639477715288 0.35974246828802131 0
-2.2216083611023669 0.043044346385571287 0
9.4620609385186096 0.46410146040223632 0
4.4957392814927584 0.46753201905781627 0
8.2656541929065259 0.46753240571658172 0
5.3234725488685957 0.4324570345659251 0
12.72059866141907 0.46756126989579189 0
0.17430434171126599 0.462948662223861 0
9.415139120829199 0.46579544195770373 0
3.768572410067176 0.46872529010420338 0
24.9100336333426 0.089571543669944353 0
2.2582303344491219 0.10248276882026811 0
0.88866544813662873 0.083830701133561808 0
4.04180949401837 0.47004846362485808 0
5.5416470198106964 0.44519165101992592 0
10.545091566696019 0.44120054113175022 0
11.99720037027747 0.039279525079836543 0
2.187226699695151 0.1024635467857215 0
10.473671863183149 0.44167098481950351 0
0.67459192601010609 0.082638191628364388 0
11.849467711828259 0.44669208465382082 0
6.2021382108282381 0.44929992189775381 0
10.61623857650857 0.43926390960126999 0
7.1859930285002509 0.44839035149861212 0
9.1111099916827705 0.44130888623618397 0
12.775343184513281 0.44746193281616209 0
2.1158726080884862 0.1024596923714771 0
11.937282267708021 0.1144210292644391 0
0.34047820850922339 0.44104782952483701 0
0.36187068037772141 0.040839420607926807 0
13.31221580920648 0.42807149249475251 0
-5.0724007591173486 0.42695648216350818 0
2.0494748799545528 0.1056863646333463 0
11.87489077125351 0.10767749879907371 0
1.8286353986309389 0.10030213439537709 0
0.25351096729144562 0.078817072812021646 0
5.9720559520643111 0.42204232447870871 0
-0.82650198782686723 0.46323681105824782 0
-0.7821337234093686 0.46526693525000729 0
11.799929661431779 0.109183158791312 0
6.5698126494082354 0.4471035851912154 0
11.5600190843844 0.04620190151435706 0
5.0374318391469153 0.4432168294612836 0
1.930080027681909 0.047488551566343948 0
-0.85314130548171718 0.43865761122933411 0
12.028572507700719 0.44087918255397179 0
-4.6434270144023646 0.2214363818754756 0
11.726801587765429 0.1105443335469535 0
6.4729903110484308 0.4520949579619844 0
14.349368106917391 0.16512659457039031 0
18.433486178869611 0.47749938367424283 0
10.333944575981709 0.43954752093928451 0
10.113798665740569 0.1594492931440076 0
2.263777730444327 0.46527721150763079 0
11.65921673236171 0.1032581085230671 0
5.8946881054857689 0.44338191916507153 0
-0.71355169790801909 0.435753250382375 0
-5.8891757975384014 0.43590378063434693 0
1.758240184484956 0.1005103124057541 0
9.5545471394021035 0.46520067284445571 0
13.011826236231821 0.1141242153108778 0
-5.1225682966706634 0.42649204922975809 0
-8.820821739803792 0.43303329686901432 0
-8.6489143933057466 0.43648325779104391 0
-5.2276269178925627 0.43484231475140028 0
4.5335985500312832 0.43442122147946521 0
10.102984541311899 0.46656753143584578 0
11.362005521145029 0.043629950599961928 0
1.687279989612156 0.10050078600283111 0
-7.8218121735635293 0.47239218994038268 0
-3.937706895499558 0.42633137652643888 0
-4.1246700389751956 0.47446591679285122 0
6.9204660889157559 0.45070669319195228 0
14.044468414784079 0.47262132813000929 0
14.016146790952121 0.47316458506455839 0
2.8284669580649942 0.4159498767505686 0
17.54361433268641 0.47268162265038871 0
17.510514816351129 0.46825123138324792 0
13.906859977157641 0.14638933937175841 0
7.6788891598505762 0.43291435722672528 0
8.9375756222864524 0.46428960555931792 0
11.497454882061399 0.037296295261608749 0
5.2531450581995092 0.4422811963492933 0
1.615933178064143 0.1004775472246348 0
21.302183771228751 0.43634266027774121 0
11.64742167146173 0.46496931372226441 0
8.2263728104435661 0.43381982613997361 0
23.865764946594769 0.43362923982139251 0
6.7148486469299149 0.45039480066235771 0
6.6902697429850493 0.43080474790827672 0
11.92996703416396 0.423842518756742 0
1.5495611142398229 0.1039892226887927 0
-1.6075411829973949 0.45150184798877879 0
11.43983036720312 0.11137071150559059 0
6.330649560379535 0.44168147807267238 0
-1.949825978109992 0.45115476735555488 0
-1.920032077010811 0.43682812445158858 0
8.2784225515265373 0.36998749543591408 0
1.33066193872809 0.101158857319898 0
3.8234635317425218 0.43370273114385449 0
5.7385791265358783 0.3982891952767556 0
-2.858379637667237 0.44242164556835911 0
2.878993480312062 0.46672287319098588 0
5.3873944657531352 0.47005908329144991 0
-2.054556135894908 0.45325680330018442 0
6.1136136752765733 0.42792007303117202 0
-1.1630150229787961 0.45186506143597271 0
11.14497391577315 0.042525087721622959 0
13.06978230965883 0.043050784286183433 0
4.2215636515717243 0.46900965624921293 0
1.029557652593456 0.46321006645432161 0
18.60463118054162 0.42117793004270232 0
24.981073286960989 0.47769297266138272 0
11.47883098243611 0.43955639613724012 0
-1.2652574560857319 0.45309314725538002 0
12.924309253115259 0.46879502458783462 0
-7.7910322588622316 0.47106891090920039 0
11.2613329153902 0.049157328218692981 0
-2.8972109792805729 0.469530639724551 0
-2.894440880767494 0.44668314881940802 0
-2.8163265791138321 0.47144089383035498 0
-2.8307418947557408 0.47111212066807517 0
1.4447536388784581 0.046931034494009337 0
-1.2586967326498091 0.47087069661644271 0
-1.2729466455075971 0.47137771824993407 0
10.926043551713081 0.038217856382817973 0
-2.0461037774768762 0.47116267571839238 0
-2.0604746807912391 0.47157539687328992 0
-1.600934535744315 0.47156387104557018 0
-1.6151950083793789 0.47150381900795918 0
-1.7692785555747179 0.46833851519134589 0
-1.7858816146788301 0.46924296971848029 0
-1.9434099044611031 0.4714895067260666 0
-1.9575573007653879 0.47141013531122339 0
-0.48846681673321052 0.47057212318027369 0
-0.50398251453128229 0.47039782416991471 0
-0.30965251717797448 0.47003913130953062 0
0.89464138989883601 0.46922024675306739 0
0.094297171509800548 0.46462358532822878 0
-0.061190873007891569 0.47029374728441548 0
-0.07692307939802151 0.47039065141271691 0
0.48717948583460952 0.47017034780187472 0
-0.91571660613483963 0.46988272597787251 0
-0.93162393177439251 0.47039065482783632 0
0.93098332980665055 0.4684161153303914 0
0.8662999390170868 0.46929771768182749 0
-0.53846153973999045 0.47017031691074279 0
-0.55555555681616919 0.4703906543028179 0
-0.74457073013386066 0.46644360207995023 0
-0.35169673139136542 0.47032611024762389 0
-0.367521369167981 0.47039065367193489 0
-0.64102564203348711 0.4701699394419655 0
-0.6559622333530627 0.47005690588944637 0
14.237187010976511 0.15680237745585271 0
-2.5402660456649202 0.47013089539409791 0
0.8296517032836942 0.46806038681275769 0
0.81059903011294687 0.46328691821267542 0
0.57807778277365951 0.46744767227967471 0
0.56681437644501842 0.43808530932639062 0
0.6237907610403336 0.46871955929614101 0
0.77804535382728623 0.47147614121793741 0
-0.41047025126479603 0.46962253158421707 0
0.21367521156181629 0.47016976100940949 0
0.40170940018352053 0.47016988215437783 0
-0.1979068605234322 0.47035149280452793 0
-0.21367521576949081 0.47039064823475801 0
-1.405114901272537 0.46973275298573802 0
-4.0980917470759826 0.47696805403719589 0
-4.3692964120653306 0.43285752187123788 0
-1.0176782255190731 0.46781140215061379 0
14.50262043196528 0.42764410159927257 0
-2.656713405279794 0.46875242534863298 0
-2.2612695586209699 0.46989680653363219 0
-2.4879094030900668 0.46610936594268898 0
-2.5060379113168851 0.47035593221508548 0
-1.156137789290868 0.47151994708897332 0
-1.1702118667894961 0.47159629961101512 0
5.6608838319869914 0.470612240339909 0
-1.205892493357992 0.47001937903513741 0
-1.2224828732629911 0.4703559105393797 0
-4.6919752676376216 0.41742360086510499 0
-1.1186572794690981 0.46699999409776399 0
-1.055383043800066 0.46963253410443068 0
10.207204923134841 0.15151282577115491 0
16.340281800046739 0.42374244086489488 0
11.2456010279405 0.095249762088852136 0
11.2500890043971 0.46769906369603009 0
7.8456372637846847 0.46998440295353011 0
1.8244745924915351 0.46869339267926557 0
1.8058179983239979 0.46346115093562967 0
3.2534062423779551 0.46938532574044328 0
3.9452252220288422 0.47100294583492441 0
3.930583471482568 0.47053660919968149 0
2.6680207562427709 0.46782534116384922 0
2.6557930168717312 0.44110413640190171 0
11.13299890808389 0.46691441901675662 0
16.653131095420871 0.43308334618303568 0
5.4638135551298648 0.43166635230453609 0
8.5558233673762718 0.47016498798804129 0
8.5403177001785284 0.47058472894645731 0
4.2073087213134004 0.47087880139681632 0
5.3706042182477631 0.46990130883247699 0
4.2713566303818142 0.47050236513310789 0
4.2562545649097583 0.47020785347333632 0
1.13538404263187 0.46514094555058949 0
1.1172919882922461 0.46897658076462001 0
10.832497042782389 0.16909271863585429 0
-6.9346250378620491 0.43561334537629898 0
11.450291287812369 0.46716041627792548 0
-9.9771674523026181 0.47517129883210713 0
1.9828310993511611 0.46774855987180108 0
-2.0844853588747529 0.11834352354806051 0
5.6465352057303626 0.47154935737706227 0
11.214706880721049 0.46652173351343368 0
-3.3386796508848389 0.43590831487868498 0
1.259337280762677 0.10104060211437491 0
3.3125559403592999 0.47020122884955778 0
3.2967640654551729 0.47007202287198169 0
1.5523011891771721 0.46888372337311579 0
10.00442662910549 0.46961799197555693 0
2.7164022135946722 0.44083245631261442 0
12.908204494798611 0.47104315842668598 0
7.7515748868047609 0.4700505146366229 0
7.7367354800704202 0.46981573376401897 0
5.076731242353576 0.47120813757366159 0
5.0625918437583408 0.47104590333643259 0
10.24368019186751 0.46989349303256561 0
8.356905619951144 0.46996979824714219 0
8.8474517684748513 0.47014154534698238 0
8.8316781999030027 0.47025550516444892 0
12.93834826865125 0.4227263005442759 0
9.2165871460583197 0.47000789193772652 0
4.3521639353328361 0.43728718394847649 0
2.9501899410780008 0.46942326491357511 0
6.7214829238679137 0.47126064838794429 0
6.7072026406725973 0.47082149475608892 0
8.5981711325138992 0.46991172779786328 0
14.00376356447587 0.1432637304322118 0
2.8342731355226358 0.47163422703606239 0
6.8259589632315354 0.46742536567781801 0
4.4799801630740603 0.46931464080858348 0
6.4806972268390846 0.47120092779517009 0
6.4663766215498111 0.47031732867391768 0
8.2499739976305726 0.46861664205258519 0
11.04929218990309 0.050705415430329241 0
8.7099654038821335 0.47017996413775442 0
8.6940536146577614 0.47031746611963432 0
7.6141464185567056 0.47015074174859678 0
7.5978116168075296 0.47014499952987682 0
6.208568698083428 0.47179181247094248 0
6.1931816219170734 0.47063576722347822 0
4.322701744900157 0.4720307889201798 0
4.3076517681537787 0.47123555552704027 0
4.4443313508823703 0.47006741050648559 0
4.4468153268506851 0.44377098467056791 0
1.189638562351236 0.1043298143552089 0
10.336896366143041 0.4655404565158171 0
12.70245512838979 0.46822875890075499 0
4.8024382458940824 0.47097988849273198 0
4.7877003415121324 0.47050551124348849 0
1.291311606791063 0.4700670254433259 0
6.9276881566098609 0.47016370609188679 0
6.9129232977598543 0.47092755200744002 0
10.83823486178717 0.46564347097198677 0
10.818081740695559 0.46910494652017759 0
10.42399169705301 0.46235754986819688 0
6.0007913680084961 0.47024399197074951 0
5.9863104501035078 0.47199827335702099 0
5.9705081276432423 0.47014570849944959 0

Triangles
11133
4848 2091 5069 10
2546 5293 6090 10
5115 2574 5227 10
2031 4834 5064 10
2086 4828 5053 10
4826 2581 5050 10
2099 4286 5926 10
2487 4900 6082 10
2595 5110 5111 10
5125 2549 5216 10
4478 2462 4929 10
5133 2025 5361 10
4486 1999 4937 10
1963 5339 6240 10
5138 2080 5206 10
5157 1994 5329 10
5514 2143 5527 10
2600 4938 4939 10
5132 2602 5347 10
1969 4734 5016 10
4706 2043 5009 10
2024 4692 5210 10
3810 3834 5990 10
4984 2074 6010 10
4942 2026 5347 10
1955 4470 5118 10
2065 4443 6082 10
2378 4891 4893 10
2023 4534 4694 10
2004 5258 5259 10
4517 2555 6132 10
4417 2540 5957 10
5200 2605 6010 10
2089 4860 4865 10
2090 5078 5486 10
5089 2032 5090 10
1934 4555 4557 10
2530 4468 4829 10
2387 4818 5046 10
4509 1930 5019 10
2103 4381 4382 10
2042 5302 5443 10
4523 2071 5965 10
4693 2395 4694 10
3597 2316 5272 10
4622 2404 4985 10
4614 2513 5393 10
2202 5507 5516 10
2223 5402 6032 10
3451 3450 4038 10
5540 2133 5548 10
4189 2634 4196 10
239 240 3894 10
3667 2281 6475 10
4295 5014 5407 10
4824 3737 6043 10
2281 3667 3669 10
2327 5363 5496 10
4865 5340 5487 10
106 107 3828 10
2140 5442 5802 10
3896 3670 5173 10
3670 3896 5131 10
3828 107 6218 10
5542 2113 5545 10
5436 4285 5437 10
3450 2617 4038 10
4300 4777 4778 10
5536 2196 5555 10
4378 4379 6461 10
2685 2687 3405 10
5459 2199 5852 10
5527 2144 5547 10
3783 3785 6000 10
2149 5493 5508 10
2184 5464 5483 10
3671 3667 6475 10
2203 5516 5541 10
2164 5455 5470 10
5402 2223 5560 10
4202 5787 5788 10
5451 2266 5468 10
2687 3143 3405 10
5449 2241 5466 10
5498 2197 5536 10
3663 4814 4815 10
5681 5963 6048 10
103 104 3786 10
4688 3502 4775 10
2659 4015 4023 10
337 338 4000 10
4315 2053 5380 10
355 356 3982 10
2138 5491 5524 10
3421 4809 6059 10
2130 5405 5748 10
3 4 4145 10
2316 3894 5272 10
4591 3406 6323 10
4369 5281 5489 10
4707 3569 4708 10
3786 104 6243 10
4160 2653 4169 10
5638 2220 5922 10
4370 4476 4477 10
4582 3404 6362 10
5395 4916 5982 10
2172 3325 5410 10
5588 4110 5589 10
4527 3314 5213 10
3791 3792 6006 10
3343 2342 3408 10
2185 5483 5517 10
2210 5475 5515 10
2163 5470 5505 10
237 238 5305 10
4105 5637 5638 10
4568 2493 4752 10
3431 2667 4294 10
4580 1908 4641 10
5468 2265 5501 10
2053 4315 4947 10
3348 2352 3438 10
5466 2240 5502 10
3349 3348 3438 10
2355 3891 3893 10
2634 4189 6212 10
3830 3804 3831 10
3726 4786 4787 10
2340 236 3598 10
5113 3364 5460 10
100 101 3813 10
4841 3334 4842 10
3834 2290 5990 10
3593 3022 6004 10
3596 2340 3598 10
4724 3494 6392 10
3813 101 6250 10
3966 5433 5434 10
3221 3022 3593 10
4437 1949 5074 10
5559 2223 6032 10
2481 4580 4641 10
3429 4574 6109 10
2342 3347 3408 10
4210 2641 4223 10
2293 3792 3830 10
5425 2258 5473 10
2124 5419 5471 10
1919 4568 4752 10
4075 4110 4288 10
5421 2233 5472 10
2293 3830 3831 10
4526 3315 4527 10
4455 2596 5148 10
5742 2154 5743 10
3925 4338 6121 10
2273 5375 5390 10
4544 4545 4546 10
3785 2278 6000 10
236 237 3598 10
2667 3431 4284 10
6052 6113 6449 10
3634 3219 3901 10
4338 2282 6121 10
3248 4366 4476 10
5366 3958 5373 10
2364 5366 5373 10
2944 3145 3371 10
3799 4246 6020 10
2232 5401 5472 10
2257 5399 5473 10
5341 3955 5354 10
5394 2276 5433 10
4015 2659 4121 10
2334 5341 5354 10
2239 5364 5502 10
5433 2275 5434 10
4312 2179 5807 10
4370 3248 4476 10
2274 5390 5434 10
2264 5356 5501 10
5323 2186 5517 10
5388 2251 5431 10
5342 2211 5515 10
5322 2162 5505 10
5385 2226 5429 10
5047 3857 5179 10
2314 5047 5179 10
5017 2137 5524 10
1983 5219 5293 10
5481 2204 5541 10
2315 229 3648 10
4405 3772 4782 10
2362 4405 4782 10
2652 4026 4053 10
2145 5511 5547 10
4384 3763 4397 10
2289 4384 4397 10
5148 2596 5292 10
3236 4383 5353 10
2192 5359 5457 10
4356 3775 4362 10
2280 4356 4362 10
3646 2315 3648 10
4329 3777 4334 10
94 95 3801 10
2295 4329 4334 10
4311 3789 4316 10
2134 4347 5548 10
2310 4311 4316 10
2675 3154 3396 10
3598 237 5305 10
2159 4375 5557 10
230 231 5357 10
2340 3596 3599 10
4274 3794 4287 10
5476 2209 5629 10
3224 2767 3738 10
2323 4274 4287 10
3891 2355 3895 10
4256 3796 4265 10
2369 4256 4265 10
2171 3323 5445 10
3801 95 6266 10
4595 3473 6397 10
3804 3830 6014 10
2193 5415 5615 10
2208 5476 5863 10
2102 5463 5935 10
3792 2293 6006 10
4542 3304 5169 10
3315 3314 4527 10
4281 3654 4282 10
3796 2321 4246 10
2256 5343 5399 10
4432 3526 5097 10
2231 5348 5401 10
2321 3796 4256 10
4110 4075 6035 10
319 320 4106 10
370 2660 6343 10
5535 5081 6120 10
3158 3453 5427 10
4544 4408 4545 10
5455 2165 5456 10
2267 5451 5452 10
5464 2183 5465 10
2242 5449 5450 10
4448 3589 6458 10
2151 5494 5725 10
5494 2150 5836 10
5161 3382 6418 10
2920 2922 3335 10
4404 2236 5518 10
5349 2229 5549 10
5493 2150 5494 10
4399 2261 5519 10
5059 3361 6303 10
4170 4167 5802 10
5344 2254 5550 10
2316 239 3894 10
5004 4372 5980 10
2653 4160 4173 10
3705 5118 5438 10
3794 2369 4265 10
5441 2141 5705 10
3788 3789 4297 10
2228 5386 5549 10
2253 5389 5550 10
2369 3794 4274 10
4022 4024 5852 10
4297 3789 4311 10
4383 2345 5353 10
3453 3158 5556 10
4022 5852 6427 10
5375 2272 5376 10
3419 3433 3434 10
4202 5788 6066 10
5494 2151 5521 10
2116 5482 5647 10
4182 2623 4200 10
2214 4348 4349 10
2285 222 3607 10
2200 5458 5579 10
4026 2652 4124 10
5155 4528 6499 10
2765 3224 3525 10
240 2355 3894 10
2238 4403 5364 10
3778 3777 4323 10
4323 3777 4329 10
2263 4398 5356 10
3605 2285 3607 10
5166 3560 5430 10
4096 2628 4100 10
4348 2213 4387 10
4286 4327 5926 10
4884 5662 6402 10
2218 5590 5592 10
4387 2212 5342 10
3788 2323 4287 10
4085 2629 4116 10
5475 2209 5476 10
2779 3233 3732 10
5420 2126 5495 10
2260 5426 5519 10
2323 3788 4297 10
2235 5422 5518 10
4374 2161 5322 10
2628 4096 4101 10
1936 5177 5181 10
2170 3322 5101 10
4385 2187 5323 10
5420 2125 5843 10
5426 2260 5671 10
2126 5420 5669 10
3227 2771 3735 10
2259 5426 5886 10
2173 4258 5757 10
2761 3215 3522 10
3586 5254 5255 10
2234 5422 5811 10
5422 2235 5850 10
5304 3571 6462 10
229 230 3648 10
3774 3775 4342 10
3335 2922 3336 10
4349 4110 5591 10
4342 3775 4356 10
3590 4319 6328 10
3167 2993 3613 10
5590 2218 5764 10
5363 3602 5496 10
2301 3892 3895 10
2052 5003 5004 10
3611 3167 3613 10
4254 5719 5825 10
5419 2125 5420 10
2234 5421 5422 10
2259 5425 5426 10
4346 2136 5017 10
2757 3213 3519 10
3198 3004 3564 10
3762 3763 4367 10
3479 4635 6337 10
2647 337 4000 10
5476 2208 5478 10
4367 3763 4384 10
2169 4306 5102 10
2646 355 3982 10
5147 3592 5148 10
4 2645 4145 10
2910 3318 6069 10
4394 4637 4821 10
3778 2310 4316 10
4106 4103 4107 10
2660 370 5561 10
2227 5385 5386 10
4246 2321 6020 10
2310 3778 4323 10
2942 2944 3371 10
2252 5388 5389 10
5103 2168 5463 10
2342 3343 3447 10
2623 4182 4199 10
3496 4660 6367 10
4834 4279 5064 10
3317 2910 6069 10
2277 5394 5395 10
3224 3738 3739 10
5480 2205 5481 10
2753 3210 3516 10
223 224 5370 10
5348 2230 5349 10
2180 5627 5853 10
5343 2255 5344 10
3521 4678 6368 10
4398 2262 4399 10
4403 2237 4404 10
3921 2327 5496 10
3732 3233 3733 10
6113 4511 6449 10
5210 3384 5362 10
3648 230 5357 10
2767 2769 3738 10
2749 3205 3513 10
2160 4374 4375 10
2188 4385 4386 10
2146 5510 5511 10
5389 2253 5608 10
2135 4346 4347 10
320 4102 4106 10
3219 3634 3649 10
5359 2191 5360 10
4288 4110 4349 10
5118 4788 6421 10
4930 3456 6463 10
5386 2228 5746 10
2252 5389 5609 10
2227 5386 5865 10
3203 3008 3561 10
2277 5395 5703 10
5360 2191 5576 10
2182 5465 5624 10
4107 4103 4111 10
3608 4310 4380 10
4933 3316 6252 10
3276 4551 5867 10
3954 3955 5269 10
3196 3000 3567 10
2166 5456 5790 10
5456 2165 5793 10
2337 213 3551 10
3774 2295 4334 10
5269 3955 5341 10
4000 338 6154 10
2612 4327 5891 10
3982 356 6156 10
2295 3774 4342 10
3197 2996 3570 10
2745 3200 3510 10
5465 2183 5861 10
3406 4591 4592 10
4171 4192 4347 10
3549 2337 3551 10
2267 5452 5784 10
3985 4273 5376 10
5319 4250 5321 10
234 235 3600 10
3387 4943 5347 10
2315 3646 3649 10
12 13 4222 10
2242 5450 5932 10
1924 4805 4806 10
2285 3605 3608 10
2741 3195 3507 10
5194 4391 6454 10
3227 3735 3736 10
3606 2292 3631 10
5401 4045 5472 10
2568 4647 5004 10
3193 2992 3573 10
2614 5534 5641 10
3927 2304 6149 10
2304 3927 6165 10
3298 3299 6313 10
1984 5221 5229 10
3421 3419 4809 10
2281 3669 3670 10
3396 3154 3397 10
4315 5380 5980 10
2673 2675 3396 10
4279 4834 4836 10
5349 2230 5583 10
2737 3191 3504 10
4295 3240 5014 10
3431 4294 6231 10
5344 2255 5581 10
3762 2280 4362 10
5399 4060 5473 10
2280 3762 4367 10
3189 2988 3576 10
220 221 3609 10
2229 5349 5918 10
3316 4933 4934 10
3325 2172 5445 10
3278 3644 5070 10
2991 2989 5382 10
4652 4654 6369 10
4168 4171 4347 10
5072 4559 6404 10
5662 4566 6402 10
4339 4693 4694 10
2254 5344 5770 10
3304 2893 3310 10
2733 3190 3501 10
3 4145 6171 10
241 242 3895 10
3394 4890 6403 10
1908 4580 4583 10
3329 2173 5410 10
5860 4111 5922 10
3177 2984 3579 10
4394 4821 5077 10
2887 3302 6428 10
3620 2312 6180 10
2312 3620 6190 10
5070 3644 6225 10
3525 3224 3526 10
2315 3649 5350 10
222 223 3607 10
2763 2765 3525 10
3361 5059 5060 10
5627 2180 5628 10
3339 4869 5453 10
4795 3397 6335 10
4956 4957 5316 10
4142 4208 4375 10
3632 3634 3901 10
3481 4628 6400 10
3301 2887 6428 10
3166 2980 3582 10
4036 4261 4386 10
2729 3187 3498 10
2759 2761 3522 10
3892 2301 3896 10
3283 5397 6065 10
2679 3134 3399 10
4306 2169 5103 10
3772 2289 4397 10
2289 3772 4405 10
3014 3557 3558 10
2641 4222 4223 10
3343 2664 3447 10
3004 3006 3564 10
4252 4253 5694 10
3871 2319 6210 10
2319 3871 6219 10
4066 3979 4399 10
2629 4085 6038 10
2725 3186 3495 10
3293 3183 3445 10
3522 3215 3523 10
3318 3319 6325 10
3631 2292 3633 10
3371 3145 3372 10
3323 2171 5101 10
4534 4339 4694 10
3322 2170 5102 10
4051 3997 4404 10
4404 2237 5621 10
3168 2976 3585 10
4399 2262 5564 10
3240 4307 5014 10
2755 2757 3519 10
3211 3012 3558 10
4187 4189 4196 10
2236 4404 5622 10
4684 3372 6150 10
6201 4631 6441 10
3591 3221 3592 10
5428 141 6079 10
4628 3482 4629 10
2777 2779 3732 10
2771 2773 3735 10
2481 4579 4580 10
3857 2362 4782 10
2261 4399 5933 10
2649 319 4106 10
2453 4560 4778 10
3999 2647 4000 10
3981 2646 3982 10
4375 2159 5728 10
2160 4375 5758 10
2721 3170 3492 10
2362 3857 5047 10
3165 2972 3588 10
3338 3359 6050 10
3705 4788 5118 10
1919 4567 4568 10
2645 4144 4145 10
2355 3893 3894 10
2188 4386 5876 10
4747 3521 6376 10
3553 2339 6247 10
2339 3553 6258 10
5387 148 6045 10
2271 5376 5593 10
2751 2753 3516 10
2717 3163 3489 10
4964 3475 6345 10
5372 151 6033 10
13 4219 4222 10
3649 3634 5350 10
2358 3632 3633 10
5927 2190 6092 10
3472 3473 4595 10
5376 2272 5607 10
3607 223 5370 10
5346 154 6013 10
4285 4286 5437 10
3312 3313 6286 10
4140 4142 4375 10
3405 3143 3406 10
320 321 4102 10
5225 157 5999 10
3519 3213 3520 10
4553 4602 6240 10
2747 2749 3513 10
214 215 5381 10
5208 6126 6205 10
4034 4036 4386 10
3954 2314 5179 10
4446 3578 5108 10
3285 4377 4378 10
2314 3954 5269 10
5924 5579 5987 10
2135 4347 5772 10
4347 2134 5831 10
2993 2991 3613 10
2179 5628 5805 10
5628 2180 5806 10
2713 3162 3486 10
5792 2167 5803 10
5701 5792 5814 10
3472 4595 4596 10
4194 2634 6212 10
3376 4981 6163 10
5510 2146 5820 10
5075 4437 6306 10
3236 3328 4383 10
2996 2998 3570 10
5848 2128 6055 10
3403 3404 4582 10
2709 3161 3483 10
3000 3002 3567 10
2891 2893 3304 10
2883 3300 6236 10
2743 2745 3510 10
5111 3364 5113 10
2299 3942 5001 10
3014 3016 3557 10
5369 5791 5792 10
3303 2891 3304 10
3198 3564 3565 10
1983 4463 5219 10
5809 2661 5993 10
4846 4281 6082 10
5803 2613 5993 10
3979 3977 4399 10
3008 3010 3561 10
4203 4204 6277 10
2677 2679 3399 10
1890 4668 4720 10
2964 3160 3386 10
4817 6019 6147 10
5905 5615 6027 10
2739 2741 3507 10
3303 3304 4542 10
4660 4659 6367 10
5142 4745 6392 10
5952 4758 6388 10
107 2363 6218 10
3516 3210 3517 10
3997 3995 4404 10
3319 4904 5454 10
3471 3472 6057 10
2205 5480 5684 10
4768 3511 6208 10
3313 5155 5159 10
3958 2334 5354 10
4756 3491 6378 10
4549 3720 4552 10
2493 4753 4779 10
5397 3529 6065 10
4890 4889 6403 10
2334 3958 5366 10
2992 2994 3573 10
2306 3951 6324 10
3951 2306 6312 10
5077 4822 6397 10
2620 4064 4087 10
2621 4049 4098 10
4738 4737 5326 10
3296 3331 6167 10
2587 4437 5074 10
3892 3891 3895 10
4249 2154 5742 10
4902 3333 6279 10
3381 3382 5161 10
3905 5428 6079 10
2633 3997 4050 10
2632 3979 4065 10
5511 2145 5785 10
2146 5511 5710 10
2701 3155 3477 10
2154 4249 5846 10
4300 4299 4777 10
4204 2654 6277 10
4013 2655 4076 10
2705 3159 3480 10
4781 4780 4890 10
2873 3341 6063 10
2960 3157 3383 10
3514 4675 5856 10
2735 2737 3504 10
5032 3390 6146 10
3354 5266 6161 10
5482 2116 5700 10
2988 2990 3576 10
3203 3561 3562 10
4346 2135 5771 10
5053 4829 6176 10
2136 4346 5691 10
238 2316 5305 10
3444 3293 3445 10
3505 4697 5424 10
3393 4298 4299 10
3935 2311 3936 10
3299 2883 6236 10
4441 3294 4442 10
3589 4836 6458 10
3350 5585 5614 10
4442 5535 6120 10
3948 5953 6251 10
3550 2311 3935 10
5481 2205 5682 10
2956 3152 3380 10
3012 3014 3558 10
4491 3574 6133 10
3481 3482 4628 10
3960 2364 5373 10
4563 3394 6403 10
2731 2733 3501 10
3513 3205 3514 10
5706 5647 6051 10
4200 2623 4204 10
3724 6110 6140 10
2204 5481 5683 10
4825 2592 5100 10
2364 3960 5384 10
5503 4552 6116 10
2984 2986 3579 10
3297 2873 6063 10
2617 4035 4038 10
3387 3388 4943 10
5009 5008 6462 10
1939 4994 5146 10
5695 2222 6211 10
4327 2612 5926 10
3350 3352 5585 10
6110 2302 6140 10
250 3625 6348 10
2952 3146 3377 10
2625 4215 4217 10
6028 3734 6164 10
5017 2136 5780 10
3625 250 6298 10
2137 5017 5652 10
3140 2685 3405 10
2161 4374 5766 10
4412 4411 6467 10
4374 2160 5767 10
2356 234 3600 10
4528 5155 6267 10
3473 5077 6397 10
4088 4064 5344 10
3403 3140 3404 10
3196 3567 3568 10
5158 5157 5329 10
4508 5138 5206 10
5126 5125 5216 10
4836 4835 6458 10
4467 5115 5227 10
4831 4830 6457 10
3590 3589 4448 10
235 2340 3600 10
4429 5248 5280 10
4369 3841 5281 10
2980 2982 3582 10
5220 1984 6090 10
4019 5536 5555 10
5281 5282 5489 10
4261 4260 5360 10
5257 5256 5412 10
3860 6094 6117 10
2212 4387 5798 10
4460 5250 5278 10
3996 2647 3999 10
2697 3151 3474 10
4099 4049 5349 10
3332 3123 3333 10
3233 4250 5319 10
5965 4730 6426 10
3978 2646 3981 10
3613 2991 5382 10
4500 4499 6450 10
2641 12 4222 10
4489 5237 5238 10
2262 4398 5563 10
4385 2188 5875 10
2727 2729 3498 10
2187 4385 5883 10
2645 4141 4144 10
3260 4467 6276 10
4534 4533 6418 10
2291 3747 6119 10
6008 4433 6424 10
4637 3475 4964 10
2237 4403 5623 10
3510 3200 3511 10
3632 3631 3633 10
5014 5299 5407 10
4503 4504 6313 10
4542 5169 5171 10
5322 2161 5830 10
4631 4630 6441 10
2214 4349 5599 10
4387 2213 5904 10
2162 5322 5687 10
4358 5347 6204 10
2948 3149 3374 10
3183 3181 3445 10
2186 5323 5689 10
5391 3441 6007 10
2723 2725 3495 10
213 214 3551 10
104 2290 6243 10
3593 4455 5148 10
4398 2263 5939 10
5342 2212 5797 10
3747 2291 6172 10
5323 2187 5882 10
3691 5387 6045 10
2211 5342 5855 10
4348 2214 5600 10
3507 3195 3508 10
4863 4876 5528 10
3333 3123 3334 10
4363 4604 6439 10
3942 2299 6416 10
5364 2239 5568 10
4718 4309 6383 10
5356 2264 5631 10
2976 2978 3585 10
3781 6078 6114 10
4403 2238 5943 10
220 3609 3610 10
4473 4826 5050 10
221 2285 3609 10
1903 4639 6183 10
6094 2313 6117 10
4697 1881 5424 10
2448 4722 4724 10
2428 4700 4766 10
3197 3570 3571 10
4284 3414 4324 10
4396 4885 6413 10
13 14 4219 10
2851 3288 6085 10
4734 4520 5016 10
3335 3336 3339 10
4011 4015 4121 10
5617 2248 6139 10
2213 4348 5602 10
3302 2889 3303 10
3470 3471 6057 10
2112 5544 6302 10
3158 3529 5397 10
3530 2851 6085 10
4215 2625 4216 10
2425 4921 4923 10
2131 5681 6048 10
2355 241 3895 10
242 2301 3895 10
4270 5326 6395 10
1898 4637 4964 10
5751 5680 6048 10
3599 3596 3945 10
3208 3599 3945 10
4260 4055 5360 10
4344 4985 6010 10
40 41 4248 10
2634 4194 4195 10
2386 4824 6043 10
2095 4812 4817 10
2398 4997 5981 10
2972 2974 3588 10
5175 5174 5956 10
3389 2968 3391 10
2238 5364 5727 10
5206 5205 5208 10
2456 4506 4791 10
2263 5356 5866 10
1944 4476 6022 10
4891 4851 4893 10
5227 5226 5537 10
2085 4465 4469 10
4425 5095 6222 10
1936 5176 5177 10
5619 5944 6139 10
2337 3549 4243 10
2719 2721 3492 10
1959 4953 4956 10
2191 5359 5577 10
2148 5512 6300 10
5049 1953 5051 10
2531 5052 5054 10
5068 2589 5070 10
5339 6116 6240 10
2337 4243 4251 10
3849 5372 6033 10
3609 3608 4380 10
5534 5525 5641 10
1932 5317 5319 10
2889 2891 3303 10
3278 5070 5071 10
2561 5334 5336 10
4243 3886 4251 10
2930 3127 3360 10
2715 2717 3489 10
3449 6003 6136 10
2924 3126 3336 10
2922 2924 3336 10
3529 3158 5427 10
3311 3312 6034 10
2552 5312 5380 10
2255 5343 5580 10
3737 4824 6158 10
4023 4015 4024 10
3505 5424 6369 10
2667 4284 4324 10
2230 5348 5582 10
2359 4262 4269 10
5237 3319 5454 10
3335 3339 3340 10
3584 4412 6467 10
6078 2336 6114 10
4262 3874 4269 10
6016 4985 6186 10
5359 2192 5752 10
4160 4169 4170 10
3504 3191 3505 10
5748 5405 5750 10
5343 2256 5620 10
5401 2232 5605 10
2082 4790 4792 10
2330 4278 4289 10
3451 4038 4039 10
4995 4352 6337 10
4001 5574 6115 10
5399 2257 5730 10
2510 4547 4549 10
247 3671 6475 10
3378 4615 5393 10
3711 5346 6013 10
4278 3545 4289 10
6132 5149 6244 10
3167 3611 4380 10
2426 4696 6238 10
4656 3509 6103 10
4676 2449 6208 10
1959 4956 5315 10
3352 3354 6161 10
3193 3573 3574 10
5348 2231 5794 10
2711 2713 3486 10
2082 4792 5021 10
3429 3430 6001 10
3671 247 6338 10
3886 2359 4251 10
2320 4313 4318 10
2256 5399 5920 10
3824 6054 6068 10
2938 3136 3366 10
2707 2709 3483 10
4853 5403 6194 10
2510 4549 4554 10
321 2628 4102 10
2359 3886 4262 10
2588 4865 5486 10
2231 5401 5948 10
4313 3884 4318 10
4849 4848 5069 10
4828 4829 5053 10
3828 3810 5990 10
2390 5026 5029 10
6120 5271 6228 10
5474 2487 6082 10
2595 5111 5113 10
2966 2968 3389 10
4946 3555 6450 10
4366 5046 6022 10
5051 1953 5247 10
2531 5054 5249 10
4435 4434 6008 10
3681 5225 5999 10
4943 3388 5033 10
2354 4325 4330 10
2520 4642 4645 10
5070 2589 5265 10
2600 4939 5443 10
4707 4706 5009 10
4692 4693 5210 10
2607 5156 5159 10
5459 2200 5578 10
3645 3219 3649 10
4618 2405 4621 10
3493 3494 4724 10
2225 5429 5643 10
4325 3699 4330 10
3419 3434 4809 10
231 2327 5357 10
4479 4478 4929 10
2276 5394 5633 10
4203 4200 4204 10
4487 4486 4937 10
4985 4984 6010 10
5314 5313 6011 10
5433 2276 5634 10
2605 5202 6010 10
4518 4517 6132 10
2273 5390 5774 10
4943 4942 5347 10
3496 3497 4660 10
3465 4252 5694 10
4064 4063 5344 10
4470 4471 5118 10
4443 4846 6082 10
2004 5259 5408 10
2251 5388 5822 10
2298 4335 4343 10
5431 2251 5821 10
4418 4417 5957 10
101 2278 6250 10
5390 2274 5775 10
4860 4861 4865 10
2250 5431 5841 10
2090 5486 6070 10
5306 2603 5362 10
5090 2032 5254 10
5429 2226 5890 10
2343 3328 6291 10
5442 2140 5799 10
5385 2227 5864 10
2141 5442 5704 10
4468 4469 4829 10
3189 3576 3577 10
4319 3391 6328 10
5046 4818 6022 10
4557 4555 5981 10
2275 5433 5894 10
4335 3683 4343 10
5304 2042 5443 10
4524 4523 5965 10
2226 5385 5889 10
2962 2964 3386 10
1932 5319 5320 10
2274 5434 5858 10
4049 4048 5349 10
3382 4534 6418 10
6282 5529 6487 10
4622 4985 6016 10
3501 3190 3502 10
4615 4614 5393 10
4551 4999 5867 10
5415 2193 5457 10
5133 5361 6204 10
5018 2573 6217 10
5253 2590 5255 10
2641 4210 4225 10
3394 3395 4890 10
2573 5222 6217 10
2699 2701 3477 10
2199 5459 5759 10
4187 4196 4197 10
5388 2252 5909 10
5154 2607 5159 10
3295 3342 5513 10
5434 2275 5919 10
4494 2390 5029 10
2550 4482 6191 10
5394 2277 5868 10
5244 1945 6223 10
3166 3582 3583 10
2561 5336 5337 10
2283 4360 4364 10
4930 4929 6482 10
4289 3545 4302 10
3177 3579 3580 10
4273 3985 6075 10
2867 3295 5535 10
2541 5251 5530 10
2603 5209 5362 10
4539 2520 4645 10
5185 5184 5985 10
4094 4096 4100 10
4360 3652 4364 10
3402 3140 3403 10
5364 3992 5502 10
3545 3546 4302 10
4083 4085 4116 10
1975 4895 6061 10
2405 4606 4621 10
3319 3333 4904 10
2590 5063 5255 10
3469 3470 6128 10
3874 2330 4269 10
1949 5075 5268 10
5130 2550 6191 10
3419 3417 3433 10
4440 3294 4441 10
5457 2193 5616 10
5187 2512 5469 10
2232 5472 5603 10
5093 2541 5530 10
4493 2460 5033 10
4693 3384 5210 10
2958 2960 3383 10
3328 2343 6339 10
3490 3491 4756 10
2124 5471 5840 10
2207 5478 5565 10
4310 3167 4380 10
5041 5240 6083 10
2330 3874 4278 10
3381 5161 5162 10
5211 1997 5462 10
2288 4393 4400 10
2125 5419 5732 10
2703 2705 3480 10
5419 2124 5839 10
2257 5473 5731 10
3407 3469 6128 10
2027 4493 5033 10
5749 2130 5751 10
225 226 3633 10
2316 3597 5305 10
3551 214 5381 10
5473 2258 5870 10
4393 3877 4400 10
4465 4466 5962 10
3364 3365 5460 10
5421 2234 5810 10
4574 3429 6001 10
5472 2233 5604 10
3340 3339 6271 10
6054 2317 6068 10
5375 2273 5773 10
6025 3881 6026 10
5356 3974 5501 10
3318 4488 6069 10
5104 2093 6102 10
3397 4795 4796 10
5040 5039 6083 10
2954 2956 3380 10
2258 5425 5869 10
2887 2889 3302 10
2305 4966 5105 10
3300 2885 3301 10
3296 2877 3331 10
4285 5436 6184 10
6003 3357 6136 10
2345 3445 5353 10
5425 2259 5887 10
2192 5457 5945 10
5478 2208 5941 10
1894 4513 6341 10
5347 2602 6204 10
4966 3674 5105 10
5230 2011 5460 10
3498 3187 3499 10
2233 5421 5908 10
4286 2099 5437 10
3571 5009 6462 10
2239 5502 5569 10
2950 2952 3377 10
3123 2920 3335 10
2863 3294 6062 10
2272 5375 5901 10
3344 2867 5535 10
2928 2930 3360 10
2264 5501 5632 10
3569 4707 5522 10
5505 2162 5776 10
3168 3585 3586 10
2333 5288 5345 10
2163 5505 5654 10
3632 2358 3634 10
5591 5587 6281 10
4508 3948 6251 10
4509 5019 6052 10
3786 3783 6000 10
3733 3233 5319 10
4769 2426 6238 10
4098 4099 5386 10
2616 3442 4252 10
5288 3915 5345 10
3489 3163 3490 10
2127 5495 5747 10
5495 2126 5670 10
3461 5542 5545 10
6009 3713 6015 10
5517 2186 5690 10
1941 4742 6284 10
4635 3479 6412 10
5501 2265 5895 10
5659 2106 6097 10
3436 4254 5391 10
2260 5519 5672 10
2164 5470 5823 10
5466 2241 5697 10
5596 4353 5598 10
2449 4767 6208 10
2366 5358 5367 10
1980 5095 6093 10
5470 2163 5655 10
3442 3443 4252 10
3495 3186 3496 10
5294 2492 6421 10
5502 2240 5635 10
2138 5524 5819 10
5515 2211 5854 10
3719 3654 4281 10
2184 5483 5567 10
2218 5592 5762 10
2209 5475 5630 10
5524 2137 5651 10
2373 4916 5395 10
5358 3907 5367 10
2149 5508 5769 10
4087 4088 5389 10
2235 5518 5849 10
5204 5316 5867 10
5508 2148 5688 10
21 22 4173 10
3492 3170 3493 10
3291 3392 6296 10
5468 2266 5857 10
1950 5267 6333 10
301 302 4124 10
4543 2078 6316 10
1984 5220 5221 10
2210 5515 5917 10
3375 3376 6163 10
5475 2210 5898 10
4248 3467 6277 10
36 37 4199 10
3347 2342 6232 10
3381 5162 6005 10
2946 2948 3374 10
5491 2138 5709 10
2185 5517 5884 10
4254 3436 4326 10
2265 5468 5896 10
5518 2236 5900 10
4249 4221 5846 10
2196 5536 5829 10
5637 4105 5997 10
2373 5395 6101 10
5519 2261 5879 10
2240 5466 5885 10
2918 3123 3332 10
2664 2662 3447 10
2113 5542 5813 10
5542 2112 5707 10
3502 3503 4775 10
5547 2144 5795 10
2145 5547 5818 10
5483 2185 5639 10
2253 5550 5610 10
5402 5560 5695 10
2695 2697 3474 10
41 3468 4248 10
4253 4254 5825 10
3490 4756 4757 10
5994 3680 6002 10
5521 2151 5726 10
2940 2942 3369 10
3333 4902 4903 10
5414 3397 6112 10
2228 5549 5745 10
3546 2320 4302 10
4052 4053 4260 10
5197 2046 5198 10
2329 5406 5411 10
5548 2133 5723 10
2134 5548 5765 10
2507 4682 6151 10
3392 2863 6062 10
2203 5541 5871 10
4569 3244 4754 10
2320 3546 4313 10
5541 2204 5931 10
5536 2197 5906 10
5406 3305 5411 10
2202 5516 5722 10
2197 5498 5907 10
4353 5596 6318 10
3165 3588 3589 10
2144 5527 5796 10
3211 3558 3559 10
5527 2143 5702 10
2241 5449 5696 10
5516 2203 5872 10
2165 5455 5781 10
2159 5557 5729 10
5455 2164 5711 10
14 2625 4219 10
3399 3134 3400 10
2279 6025 6026 10
2303 5432 5439 10
5451 2267 5782 10
4071 5342 5515 10
5464 2184 5566 10
2309 3844 6168 10
5463 2102 5525 10
4438 1975 6061 10
3584 3583 4412 10
5449 2242 5880 10
3404 6361 6362 10
2266 5451 5783 10
5550 2254 5946 10
5549 2229 5897 10
5493 2149 5768 10
2150 5493 5835 10
4476 4366 6022 10
2885 2887 3301 10
5432 3639 5439 10
4381 2103 5754 10
5977 4389 6196 10
4137 5322 5505 10
4503 3299 6134 10
5308 5309 5310 10
5545 2113 5812 10
4949 4950 6236 10
5984 3889 5989 10
4722 3493 4724 10
2907 2910 3317 10
2141 5441 5442 10
5492 2207 6307 10
4537 3375 5332 10
2286 5467 5484 10
4343 3683 4354 10
4153 5527 5547 10
3646 3645 3649 10
3436 5391 6007 10
3486 3162 3487 10
3569 4530 6125 10
2628 4101 4102 10
4787 4786 6227 10
5467 3643 5484 10
3683 3684 4354 10
2566 5197 5198 10
5555 2196 5828 10
4382 2100 5733 10
2103 4382 5844 10
3369 2942 3371 10
2651 4158 4212 10
4031 5323 5517 10
5410 2173 6304 10
2294 6009 6015 10
4171 2642 4191 10
4142 2635 4207 10
2183 5464 5942 10
3380 3152 3381 10
2133 5540 5724 10
2284 5500 5523 10
5787 4202 6086 10
2631 4183 4184 10
4412 3583 4413 10
5500 3839 5523 10
3554 3221 3591 10
2143 5514 5804 10
3813 3791 6006 10
5507 2202 5721 10
2244 5575 5940 10
3022 3024 6004 10
3884 2354 4318 10
2340 3599 3600 10
224 2292 5370 10
2307 5994 6002 10
2168 5103 5937 10
2354 3884 4325 10
3100 3285 6461 10
4989 4990 6244 10
3295 2869 3342 10
2335 5984 5989 10
3578 3577 5108 10
2654 40 4248 10
2120 5713 6177 10
1997 5212 5462 10
2011 5112 5460 10
3841 4371 5281 10
4097 4098 5386 10
2512 5189 5469 10
5458 2200 5459 10
4929 4930 6463 10
2936 2938 3366 10
2899 2901 3313 10
2201 5507 5923 10
2324 5955 5961 10
5575 2245 5929 10
5202 4344 6010 10
3483 3161 3484 10
3383 3157 3384 10
4086 4087 5389 10
4332 3406 4593 10
5955 3659 5961 10
4829 5141 6176 10
5103 2169 5936 10
2115 5554 6142 10
3575 3574 4491 10
3134 3401 6327 10
3833 6419 6420 10
4364 3652 4373 10
2493 4568 4753 10
3474 3151 3475 10
2285 3608 3609 10
4418 5957 6249 10
4257 4844 6157 10
4158 2651 4211 10
2655 4013 4131 10
2189 5714 6041 10
5625 5899 6084 10
2642 4171 4190 10
5708 5877 6315 10
2221 5637 5997 10
5596 5606 6318 10
3586 5090 5254 10
3652 3651 4373 10
2640 4036 4117 10
2643 4075 4132 10
2635 4142 4206 10
2219 5763 5860 10
2269 5596 5598 10
3979 2632 4127 10
3997 2633 4120 10
5734 5847 6288 10
5845 2154 5846 10
5699 2117 5700 10
2107 5719 5834 10
2142 5645 5992 10
4035 2617 4119 10
5698 5817 6086 10
5664 5678 6221 10
5681 5660 5963 10
2123 5761 6049 10
5778 2109 5973 10
5719 5718 5824 10
2118 5787 6086 10
5800 2140 5802 10
2116 5646 5700 10
5705 5644 5992 10
5777 5693 6301 10
2108 5826 5973 10
2132 5661 5963 10
5713 5656 6262 10
5663 2152 5665 10
5667 2158 5668 10
5738 5674 5979 10
2153 5677 6221 10
2129 5750 6288 10
3386 3160 3387 10
2671 3207 3393 10
4064 2620 4113 10
4049 2621 4146 10
3164 2999 3614 10
2351 5562 5982 10
4089 2621 4098 10
4078 2620 4087 10
5594 5815 5816 10
3302 3303 6245 10
2194 5552 5912 10
3531 3100 6461 10
1945 5045 6223 10
2106 5658 5720 10
3969 2626 3987 10
5016 5123 6431 10
3316 2907 3317 10
5585 5584 5613 10
5223 3730 6217 10
2631 4174 4183 10
3287 3409 6036 10
3345 3453 5556 10
3477 3155 3478 10
5477 2178 5910 10
3707 3663 4815 10
5642 5934 6073 10
5570 5571 5735 10
2633 4050 4118 10
3377 3146 3378 10
2632 4065 4114 10
4210 4223 4224 10
5597 5598 5950 10
4110 5588 5591 10
5586 3352 6161 10
95 2308 6266 10
4989 3854 4990 10
2647 3996 4122 10
3360 3127 3361 10
2646 3978 4130 10
5938 5636 5997 10
3298 2881 3299 10
2883 2885 3300 10
3699 2298 4330 10
2243 5878 6315 10
4141 2645 4148 10
2173 3329 4258 10
4076 2655 4112 10
3480 3159 3481 10
5807 5911 5968 10
4016 2659 4023 10
5928 5715 6041 10
5816 2270 5950 10
5842 5903 6076 10
2247 5736 5944 10
4169 2653 4205 10
2298 3699 4335 10
2181 5915 6084 10
2100 4382 5448 10
5859 5860 5921 10
2292 225 3633 10
226 2358 3633 10
5614 2174 5916 10
2199 5851 5852 10
2268 5902 6318 10
4011 4121 4125 10
2052 5004 5980 10
10 11 4225 10
4110 4109 5589 10
2327 3921 5357 10
3572 3571 5304 10
3400 3134 6327 10
4957 3276 5867 10
2903 3314 3315 10
3294 2865 3344 10
31 32 4197 10
3293 3444 4345 10
4094 4100 4115 10
2669 2671 3393 10
4083 4116 4126 10
5111 4452 6230 10
2879 3298 3331 10
2670 3343 3408 10
3999 4000 4001 10
3981 3982 3983 10
4266 5412 6476 10
5445 2172 5862 10
57 58 2662 10
3526 6435 6436 10
3275 3726 4787 10
4400 3877 4407 10
2651 4212 4216 10
4191 2642 4195 10
2171 5445 5925 10
3844 2309 6263 10
4185 5495 6087 10
5102 2170 5640 10
3877 3878 4407 10
5960 118 6274 10
4172 21 4173 10
22 2653 4173 10
2879 2881 3298 10
2652 301 4124 10
302 4123 4124 10
3300 3301 4951 10
3494 5142 6392 10
3374 3149 3375 10
4568 4567 5662 10
37 2623 4199 10
4198 36 4199 10
3490 4757 5551 10
2915 2918 3332 10
5495 2127 6087 10
2170 5101 5893 10
3294 3344 4442 10
2675 2674 2676 10
2673 2672 2674 10
2675 2676 2677 10
2673 2674 2675 10
2671 2672 2673 10
2671 2670 2672 10
5516 4008 5541 10
4949 4951 6432 10
5981 4997 6220 10
3256 2813 6306 10
4258 3350 5614 10
2669 2670 2671 10
3608 3605 3614 10
4053 4026 4054 10
5221 2575 5229 10
3366 3136 3367 10
3473 3474 4394 10
5101 2171 5892 10
2875 3296 3341 10
5069 5070 6225 10
6052 3731 6113 10
2813 3748 6306 10
2169 5102 5873 10
3334 3340 4842 10
2677 2676 2678 10
2669 2666 2670 10
2905 2907 3316 10
2901 2903 3315 10
2875 2877 3296 10
2179 4312 5628 10
3175 3935 5379 10
3414 2346 3439 10
3312 2899 3313 10
3258 3697 6321 10
2989 3175 5382 10
41 42 3468 10
3175 5379 5382 10
3985 5376 5595 10
3555 4500 6450 10
3406 3407 6323 10
4002 4000 6154 10
3984 3982 6156 10
5219 4463 6167 10
2625 4217 4219 10
3291 2861 3392 10
3966 3965 5433 10
3523 4514 4515 10
2109 5694 5973 10
4107 4111 5590 10
5105 3674 5218 10
3684 2283 4354 10
3754 5960 6274 10
3109 3101 3454 10
4036 2640 4260 10
2871 3297 3342 10
2283 3684 4360 10
3674 3673 5218 10
3357 4040 4312 10
2654 4248 6277 10
2871 2873 3297 10
4792 4791 5953 10
3505 3506 4697 10
4739 1941 6284 10
3391 2968 6328 10
42 2619 3468 10
4885 3481 6400 10
4160 4156 4173 10
2668 2666 2669 10
2999 2997 3614 10
3605 3164 3614 10
2665 2664 2666 10
5277 1980 6093 10
5786 125 6214 10
3173 3109 3454 10
3395 4781 4890 10
3948 4508 5531 10
5950 5598 6182 10
2897 2899 3312 10
2640 4052 4260 10
111 3851 5974 10
5816 5950 6182 10
3413 2346 3414 10
3401 3402 3403 10
2666 2664 3343 10
2677 2678 2679 10
4212 4215 4216 10
2663 2662 2664 10
3831 3804 6260 10
2635 10 4225 10
11 2641 4225 10
2867 2869 3295 10
3336 3126 3337 10
3341 3296 6273 10
3801 3799 6020 10
4194 4191 4195 10
4021 4026 4124 10
32 2631 4197 10
4196 31 4197 10
3417 3415 3418 10
4298 3394 4563 10
3362 3127 3363 10
2649 4106 4107 10
3339 3337 4869 10
4654 3505 6369 10
63 64 3452 10
3321 3173 3454 10
3301 5314 6011 10
2881 2883 3299 10
3403 4582 4583 10
3236 3173 3321 10
5585 3352 5586 10
4317 6107 6189 10
1890 4667 4668 10
2093 4892 6102 10
5539 128 6188 10
97 98 3831 10
6089 3429 6109 10
3311 2897 3312 10
98 2293 3831 10
4169 4167 4170 10
3321 3454 3455 10
2631 4184 4197 10
3401 3134 3402 10
4553 3826 4602 10
4047 4050 5422 10
3526 4432 6080 10
2245 5574 5930 10
4207 2635 4225 10
3287 2857 3409 10
4183 4180 5420 10
4560 4300 4778 10
2338 3743 6197 10
2863 2865 3294 10
4022 4023 4024 10
4050 4051 5422 10
4062 4065 5426 10
6019 4390 6147 10
216 217 3936 10
2903 2905 3314 10
5054 3943 5055 10
2877 2879 3331 10
2311 216 3936 10
3388 3390 5032 10
3273 6030 6031 10
4111 4103 5922 10
3430 3432 5662 10
3455 3454 4277 10
2587 4436 4437 10
2356 3600 3601 10
3470 3469 3471 10
3214 5496 6283 10
5998 6179 6417 10
3474 3475 4394 10
4585 4332 4586 10
3304 3310 5170 10
4102 4101 4103 10
3345 3206 3346 10
4019 5498 5536 10
2674 3206 3345 10
4528 4526 6497 10
4040 3357 6003 10
4165 5017 5524 10
3243 3393 4299 10
5293 5219 6090 10
4065 4066 5426 10
5506 131 6166 10
2662 58 3447 10
1949 4437 5075 10
3651 2288 4373 10
2873 2875 3341 10
215 2311 5381 10
2676 2674 3345 10
2674 2672 3206 10
3243 2669 3393 10
3803 2308 3804 10
2675 2677 3154 10
2671 2673 3207 10
2288 3651 4393 10
4075 2643 6035 10
2670 2666 3343 10
219 220 3610 10
3309 3308 4272 10
2341 63 3452 10
2344 57 2662 10
2297 219 3610 10
2859 2861 3291 10
2672 2670 3408 10
3452 64 3528 10
3464 3467 4248 10
2869 2871 3342 10
3508 3509 4656 10
4182 4179 4199 10
2679 2678 2680 10
3413 3414 3415 10
4001 4000 4002 10
2859 3291 3409 10
3983 3982 3984 10
2668 2669 3243 10
2665 2666 2668 10
2629 4002 6154 10
2626 3984 6156 10
3592 3593 5148 10
2663 2664 2665 10
3236 3321 3328 10
4762 3487 6379 10
5488 134 6131 10
4156 4172 4173 10
2292 3606 5370 10
4123 4021 4124 10
3569 3568 4530 10
2865 2867 3344 10
4179 4198 4199 10
3338 3358 3359 10
3382 3383 4339 10
4219 4217 4220 10
3517 4666 6104 10
4589 3470 4639 10
3454 3101 4277 10
4815 4814 6237 10
4227 2332 5374 10
3316 3317 6252 10
3338 3126 3358 10
2895 2897 3311 10
4386 4261 6041 10
3415 3414 4284 10
3458 2616 4252 10
2855 2857 3287 10
287 2372 3438 10
283 2350 3411 10
281 2349 3448 10
289 2609 3410 10
285 2352 3446 10
291 2615 3449 10
5380 5312 5980 10
5554 3466 6399 10
3455 4317 6189 10
2297 3610 3611 10
5152 4331 5153 10
4227 5374 5383 10
5027 5028 6174 10
3288 2853 3456 10
2861 2863 3392 10
3331 3298 5220 10
2649 4107 4108 10
4809 4806 6059 10
3134 2681 3402 10
287 288 2372 10
281 282 2349 10
46 47 2611 10
56 57 2344 10
285 286 2352 10
54 55 2346 10
48 49 2374 10
283 284 2350 10
279 280 2348 10
59 60 2342 10
50 51 2353 10
289 290 2609 10
291 292 2615 10
52 53 2347 10
276 277 2345 10
44 45 2616 10
275 276 4383 10
4046 4045 5401 10
4575 4574 6001 10
293 2617 3450 10
3346 3347 6077 10
3476 3477 4352 10
2855 3287 3456 10
62 63 2341 10
2356 3601 3602 10
275 4383 6339 10
4102 4103 4106 10
3936 217 4263 10
4347 4192 5548 10
5036 2039 5287 10
4061 4060 5399 10
2360 4227 5383 10
3292 3255 4303 10
3257 3182 4304 10
3318 2914 3319 10
2857 2859 3409 10
3320 3290 4306 10
2679 2680 2681 10
2680 2678 3158 10
3670 3669 5173 10
4001 4002 4003 10
3983 3984 3985 10
4185 4183 5420 10
2360 5383 5392 10
2172 5410 6305 10
273 274 2343 10
2078 4970 6316 10
293 294 2617 10
4219 4220 4222 10
5694 2109 5777 10
273 2343 3527 10
3455 4277 4317 10
3361 3362 6303 10
3127 2932 3363 10
3326 3327 3348 10
2341 3452 3453 10
2297 3611 3612 10
64 65 3528 10
5177 5178 5181 10
65 2326 3528 10
3821 5786 6214 10
3384 3385 5362 10
2851 2853 3288 10
4951 3301 6011 10
2681 2680 2682 10
2679 2681 3134 10
2577 5036 5287 10
4222 4220 4223 10
3528 2326 3529 10
3612 3611 3613 10
3286 2849 3530 10
2853 2855 3456 10
4192 5540 5548 10
3412 2346 3413 10
3442 2611 3443 10
49 50 3437 10
51 52 3440 10
53 54 3412 10
55 56 3439 10
47 48 3441 10
58 59 3447 10
45 46 3442 10
2681 2682 2683 10
2683 2682 2684 10
2684 2682 3283 10
2683 2684 2685 10
4238 2360 5392 10
2683 2685 3140 10
2685 2684 2686 10
3098 3100 3531 10
3280 3098 3531 10
2685 2686 2687 10
2687 2686 2688 10
2687 2688 2689 10
2688 2686 3282 10
2689 2688 2690 10
2687 2689 3143 10
2689 2690 2691 10
2691 2690 2692 10
2691 2692 2693 10
2693 2692 2694 10
3063 3061 3664 10
2694 2692 3148 10
2693 2694 2695 10
3538 3063 3664 10
3539 3664 3665 10
3061 3129 3664 10
3009 3007 3901 10
3086 3278 3532 10
3065 3063 3538 10
3533 3178 3536 10
3536 3178 3537 10
3072 3074 3697 10
3036 3232 3543 10
3278 3088 3644 10
3088 3090 3644 10
3074 3260 3697 10
3616 3619 3941 10
3045 3043 3706 10
3222 3630 3631 10
3120 3079 3653 10
3007 3222 3901 10
2693 2695 3144 10
2695 2694 2696 10
3222 3631 3632 10
3084 3086 3532 10
3219 3009 3901 10
3666 3045 3706 10
3028 3225 3626 10
3547 3185 3548 10
3239 3052 3615 10
3073 3071 3932 10
3619 3926 3941 10
2983 3185 3547 10
3544 3194 3545 10
3540 3122 3541 10
3638 3640 3641 10
3222 3005 3630 10
2900 2912 3640 10
3249 3060 3718 10
3122 3073 3932 10
2902 2900 3640 10
3549 3185 3902 10
3034 3036 3543 10
2969 3194 3544 10
3026 3028 3626 10
3178 3065 3538 10
3120 3653 3870 10
3075 3122 3540 10
3621 3624 3693 10
3038 3040 3719 10
3067 3178 3533 10
3232 3038 3719 10
3080 3082 3943 10
3616 3118 3617 10
3594 3147 3595 10
3923 3925 3937 10
3005 3003 3630 10
3087 3118 3616 10
3052 3054 3615 10
3216 2935 3672 10
3068 3070 3948 10
3156 3013 3645 10
3043 3139 3706 10
3033 3031 3903 10
3621 3130 3622 10
3635 2902 3640 10
3174 3533 3534 10
3658 3660 3661 10
3029 3147 3594 10
3060 3062 3718 10
3640 2912 3641 10
2935 2933 3672 10
3055 3130 3621 10
3541 3552 3553 10
2953 2951 3685 10
3848 3713 3882 10
3044 3046 3855 10
3156 3645 3646 10
2987 2985 3934 10
3603 3164 3604 10
3900 3919 3930 10
3618 3933 3946 10
3218 3018 3554 10
3868 3120 3869 10
3174 3069 3533 10
3616 3617 3619 10
3081 3120 3868 10
3092 3094 3707 10
2921 3269 3675 10
3546 3194 3944 10
3216 3672 3673 10
3690 3694 3695 10
3201 2953 3685 10
3740 3716 3838 10
3272 3084 3532 10
3258 3072 3697 10
3001 3164 3603 10
3548 3185 3549 10
2904 2902 3635 10
3054 3247 3615 10
3020 3221 3554 10
2695 2696 2697 10
2941 2939 3913 10
3076 3078 3692 10
3090 3279 3644 10
3047 3045 3666 10
3545 3194 3546 10
3050 3239 3676 10
3046 3240 3855 10
3150 2872 3887 10
2923 2921 3675 10
2975 3238 3885 10
3013 3011 3645 10
3072 3071 3073 10
3534 3533 3536 10
3933 3868 3946 10
3279 3092 3707 10
3260 3076 3692 10
3053 3051 3686 10
3071 3069 3174 10
3540 3541 3542 10
3655 2876 3660 10
3068 3067 3069 10
3713 3712 3882 10
2874 3150 3660 10
3690 3687 3694 10
3042 3237 3654 10
3621 3622 3624 10
3228 3034 3543 10
3048 3050 3676 10
2858 2856 3712 10
3130 3053 3686 10
2937 3216 3842 10
3090 3092 3279 10
3537 3178 3538 10
2840 2838 3822 10
3078 3266 3692 10
3142 3908 3910 10
3541 3122 3552 10
3156 3646 3647 10
3202 3033 3903 10
2878 2876 3655 10
3106 3689 3879 10
3680 3708 3709 10
3680 3677 3708 10
3076 3075 3077 10
2876 2874 3660 10
3594 3595 3597 10
3687 2844 3694 10
3547 3548 3550 10
3660 3150 3661 10
2977 2975 3885 10
2947 2945 3650 10
3879 3689 3881 10
2939 2937 3842 10
3537 3538 3539 10
3242 2963 3883 10
3104 2858 3712 10
3057 3055 3621 10
3094 3096 3663 10
3682 3201 3683 10
3658 3655 3660 10
2846 2844 3687 10
3175 3934 3935 10
3641 2912 3642 10
2963 2961 3883 10
2955 3201 3682 10
3647 3646 3648 10
3083 3081 3868 10
2957 3682 3698 10
3096 3098 3280 10
3840 3724 3861 10
2825 3275 3705 10
3664 3129 3665 10
3603 3604 3606 10
2973 2971 3873 10
3890 3202 3893 10
3105 3848 3882 10
3020 3022 3221 10
3084 3085 3086 10
3240 3048 3676 10
2913 3740 3838 10
3714 3716 3740 10
3082 3272 3943 10
3880 3110 3917 10
3594 3597 3903 10
2842 3169 3694 10
3900 2908 3919 10
3667 3666 3669 10
2964 2966 3160 10
3040 3042 3654 10
3058 3057 3059 10
3869 3870 3871 10
3604 3605 3607 10
3199 3037 3890 10
3066 3065 3067 10
3276 2835 3720 10
3036 3038 3232 10
2838 3176 3822 10
2970 2969 2971 10
3216 3673 3674 10
2984 2983 2985 10
3090 3091 3092 10
3006 3005 3007 10
3094 3663 3707 10
2959 2957 3698 10
2985 2983 3547 10
3696 3822 3823 10
3069 3067 3533 10
3188 2826 3779 10
3003 3001 3603 10
3169 2840 3822 10
3067 3065 3178 10
3040 3041 3042 10
3717 3138 3867 10
3662 3150 3887 10
3694 3169 3695 10
3267 2923 3675 10
3034 3035 3036 10
3103 3679 3843 10
3080 3079 3081 10
3595 3147 3596 10
3098 3099 3100 10
3701 3188 3702 10
3018 3020 3554 10
3004 3003 3005 10
2971 2969 3544 10
3037 3035 3890 10
2823 2825 3705 10
3070 3069 3071 10
3011 3219 3645 10
3094 3095 3096 10
2903 2902 2904 10
2939 3842 3913 10
2697 2696 2698 10
3704 3779 3780 10
3062 3061 3063 10
3714 3138 3715 10
3062 3064 3253 10
3604 3164 3605 10
3209 2941 3913 10
2888 3138 3714 10
2962 2963 2964 10
3216 3674 3842 10
2832 2830 3863 10
3622 3623 3625 10
2994 2996 3197 10
3781 3880 3917 10
2835 2837 3720 10
2826 2824 3779 10
3111 3840 3861 10
3677 2862 3708 10
3024 3026 3220 10
2821 3268 3853 10
2974 2976 3168 10
2828 3188 3701 10
2864 2862 3677 10
3275 2827 3726 10
2933 3264 3672 10
2872 2870 3887 10
3747 3818 3819 10
3129 3059 3693 10
3002 3001 3003 10
2844 2842 3694 10
3026 3027 3028 10
2994 2995 2996 10
2974 2973 2975 10
3858 3860 3866 10
2831 2833 3835 10
2961 3246 3883 10
3204 2947 3650 10
3031 3029 3594 10
2819 2821 3853 10
2897 2896 2898 10
2905 2904 2906 10
3077 3075 3540 10
3669 3666 3706 10
3018 3017 3019 10
3220 3026 3626 10
3764 3765 3766 10
2795 3245 3728 10
3014 3015 3016 10
3683 3201 3684 10
3084 3083 3085 10
2942 2943 2944 10
3650 2945 3876 10
2932 2933 2934 10
3668 3667 3671 10
2990 2989 2991 10
3071 3174 3932 10
3745 3755 3808 10
2992 2993 2994 10
3596 3147 3945 10
2804 2802 3818 10
3042 3044 3237 10
3908 3657 3910 10
3238 2973 3873 10
3030 3029 3031 10
3270 3271 3305 10
3721 3112 3722 10
2924 2923 2925 10
2808 3112 3721 10
3028 3029 3030 10
3684 3201 3685 10
3709 3104 3710 10
2896 3836 3922 10
2909 2904 3635 10
3086 3087 3088 10
3048 3047 3049 10
2960 2962 3157 10
2949 2947 3204 10
3746 2804 3818 10
3273 2831 3835 10
3072 3073 3074 10
2827 2829 3726 10
3061 3059 3129 10
3695 3169 3696 10
3714 3715 3716 10
2794 2792 3764 10
2792 3217 3764 10
3054 3055 3056 10
2952 2953 2954 10
3113 2800 3875 10
3743 3768 3769 10
2776 2774 3768 10
2950 2951 2952 10
3003 3603 3630 10
2806 2804 3746 10
2925 2923 3267 10
3012 3011 3013 10
2952 2954 3146 10
2924 2926 3126 10
2926 2927 2928 10
2964 2965 2966 10
3096 3097 3098 10
2906 2904 2909 10
3018 3019 3020 10
3068 3069 3070 10
2860 3104 3708 10
3704 3188 3779 10
2990 2992 3193 10
3086 3088 3278 10
3031 3594 3903 10
3089 3087 3616 10
3755 3751 3808 10
2946 2947 2948 10
2815 3263 3748 10
2885 2886 2887 10
2879 2878 2880 10
2938 2940 3136 10
3044 3045 3046 10
2944 2945 2946 10
3238 3873 3874 10
2988 2987 2989 10
2976 2977 2978 10
2884 2882 3142 10
3103 2864 3677 10
3036 3037 3038 10
3836 3911 3922 10
2793 2795 3728 10
2813 2815 3748 10
3016 3017 3018 10
2802 3113 3818 10
2968 2969 2970 10
2866 2864 3103 10
3630 3606 3631 10
2829 3273 3726 10
3877 3209 3878 10
3709 3710 3711 10
2775 3229 3729 10
3637 3636 3639 10
3112 2806 3746 10
3268 2823 3705 10
2897 2898 2899 10
3007 3005 3222 10
3024 3025 3026 10
3848 3847 3849 10
2851 2852 2853 10
3891 3890 3893 10
2979 2977 3234 10
3708 3104 3709 10
3622 3130 3623 10
2980 2981 2982 10
3010 3011 3012 10
3024 3023 3025 10
2848 2846 3106 10
3226 2776 3768 10
2960 2961 2962 10
3014 3013 3015 10
3764 3217 3765 10
2929 2927 3265 10
2974 2975 2976 10
2863 2864 2865 10
2988 2989 2990 10
2910 2908 2911 10
2936 2937 2938 10
3751 2784 3808 10
2867 2868 2869 10
3048 3049 3050 10
3741 3742 3744 10
3701 3702 3703 10
3006 3007 3008 10
3076 3077 3078 10
2871 2870 2872 10
3114 3753 3817 10
2944 2946 3145 10
3054 3053 3055 10
2698 2696 3277 10
3042 3043 3044 10
3702 3188 3704 10
3032 3031 3033 10
2847 2846 2848 10
3000 3001 3002 10
3251 2809 3727 10
3142 2882 3908 10
2774 3117 3768 10
2697 2698 2699 10
3050 3052 3239 10
2894 2892 2913 10
2938 2939 2940 10
2936 2935 2937 10
2918 2919 2920 10
2875 2874 2876 10
3102 2878 3655 10
2982 2981 2983 10
2811 3256 3727 10
2915 2917 2918 10
2957 2955 3682 10
3078 3079 3080 10
2786 2784 3751 10
2830 3701 3863 10
2900 2898 2912 10
2996 2997 2998 10
2867 2866 2868 10
2907 2908 2910 10
2788 3114 3817 10
2956 2955 2957 10
2917 3270 3700 10
3242 3883 3884 10
2880 2878 3102 10
2934 2933 2935 10
3269 2919 3700 10
3223 3741 3744 10
2811 2813 3256 10
2887 2886 2888 10
3000 2999 3001 10
3636 3635 3638 10
2865 2864 2866 10
3106 2846 3687 10
2842 2840 3169 10
3722 3112 3723 10
3721 3722 3724 10
2983 2981 3185 10
3081 3079 3120 10
3715 3138 3717 10
2772 2770 3797 10
3641 3642 3643 10
2837 2839 3281 10
2829 2831 3273 10
3760 3816 3827 10
2819 2820 2821 10
3223 2780 3741 10
2829 2828 2830 10
2874 2872 3150 10
3020 3021 3022 10
3741 3226 3742 10
3757 3230 3758 10
3548 3549 3551 10
2823 2824 2825 10
3241 2793 3728 10
2837 3281 3720 10
2835 2836 2837 10
3046 3047 3048 10
2817 2816 2818 10
2841 2840 2842 10
2869 2870 2871 10
3103 3678 3679 10
2782 3223 3808 10
2870 2868 3153 10
2843 2842 2844 10
2955 2953 3201 10
2809 2810 2811 10
3060 3059 3061 10
3657 3656 3659 10
2799 3749 3750 10
2833 2835 3276 10
2940 2941 2942 10
3078 3077 3079 10
3199 3890 3891 10
3743 3226 3768 10
2833 2834 2835 10
2845 2846 2847 10
3823 3176 3824 10
3753 3752 3754 10
3761 3141 3762 10
2889 2888 2890 10
3030 3031 3032 10
3710 3104 3712 10
3107 2832 3863 10
3138 2886 3867 10
2895 2896 2897 10
3008 3007 3009 10
2699 2698 2700 10
2855 2854 2856 10
2928 2927 2929 10
3212 2794 3764 10
2795 2797 3245 10
2873 2872 2874 10
2954 2955 2956 10
3595 3596 3598 10
2770 3757 3797 10
2768 3230 3757 10
2799 2801 3749 10
2809 2811 3727 10
2958 2957 2959 10
3223 3745 3808 10
2809 2808 2810 10
2813 2814 2815 10
3722 3723 3725 10
2885 2884 2886 10
3758 3230 3760 10
2859 2858 2860 10
2863 2862 2864 10
3117 2772 3797 10
2775 2777 3229 10
3117 3797 3850 10
3721 3724 3840 10
2854 2852 3105 10
2797 2799 3750 10
3075 3073 3122 10
2781 2780 2782 10
2830 2828 3701 10
3843 3679 3889 10
2778 2776 3226 10
2778 3226 3741 10
2889 2890 2891 10
2708 3141 3761 10
2849 2848 2850 10
2982 2983 2984 10
2807 2808 2809 10
2829 2830 2831 10
3135 2718 3776 10
2871 2872 2873 10
2789 2788 2790 10
2795 2794 2796 10
2783 3231 3829 10
2787 2786 2788 10
3204 3650 3651 10
2783 2782 2784 10
3022 3023 3024 10
2706 2704 3770 10
3812 3785 3825 10
2793 2794 2795 10
2796 2794 3212 10
3135 3776 3777 10
3760 3230 3816 10
3770 2704 3771 10
2705 2706 2707 10
3252 2728 3787 10
2765 2766 2767 10
2782 2780 3223 10
2784 2782 3808 10
2801 2802 2803 10
2810 2808 3721 10
3757 3758 3759 10
3846 3879 3881 10
3923 3924 3925 10
2825 2824 2826 10
2825 2827 3275 10
2879 2880 2881 10
2918 2917 2919 10
2728 2726 3787 10
3231 2785 3832 10
2791 2793 3241 10
2795 2796 2797 10
2821 2823 3268 10
3001 2999 3164 10
3771 3274 3772 10
3137 2712 3814 10
2715 2716 2717 10
2803 2804 2805 10
2895 2894 2896 10
3044 3043 3045 10
2773 2775 3729 10
2785 2784 2786 10
2807 2806 2808 10
2827 2828 2829 10
3784 3783 3786 10
2758 3121 3811 10
2775 2774 2776 10
2779 2778 2780 10
3121 3784 3811 10
2709 2708 2710 10
2769 2768 2770 10
2797 2798 2799 10
2803 2805 3756 10
3793 3252 3794 10
3802 3803 3805 10
2702 2700 3274 10
2710 2708 3761 10
2717 2718 2719 10
2741 2742 2743 10
2751 2752 2753 10
3121 2756 3782 10
3248 2803 3756 10
2730 3252 3793 10
2742 2740 3802 10
2740 3128 3802 10
3782 2754 3825 10
3742 3226 3743 10
2712 2710 3814 10
2752 2750 3124 10
2760 2758 3811 10
2793 2792 2794 10
2837 2838 2839 10
2920 2919 2921 10
3121 3783 3784 10
3757 3759 3797 10
2703 2704 2705 10
2705 2707 3159 10
2708 2706 3141 10
2769 2770 2771 10
2775 2776 2777 10
3124 3812 3825 10
3762 3141 3763 10
2732 2730 3793 10
2734 2732 3250 10
2737 2738 2739 10
2756 2754 3782 10
2758 2756 3121 10
2803 2802 2804 10
3723 3112 3746 10
3800 3799 3801 10
2701 2700 2702 10
2702 3274 3771 10
2711 2710 2712 10
2713 2712 2714 10
2713 2714 2715 10
2715 2714 2716 10
2717 2716 2718 10
2719 2718 2720 10
2721 2720 2722 10
2721 2723 3170 10
2723 2722 2724 10
2725 2724 2726 10
2727 2726 2728 10
2726 3131 3787 10
2729 2728 2730 10
2731 2730 2732 10
2731 2732 2733 10
2733 2732 2734 10
2735 2734 2736 10
2737 2736 2738 10
2737 2739 3191 10
2743 2742 2744 10
2747 2746 2748 10
2749 2748 2750 10
2753 2752 2754 10
2753 2754 2755 10
2755 2754 2756 10
2757 2756 2758 10
2761 2760 2762 10
2765 2767 3224 10
2769 2771 3227 10
2773 2772 2774 10
2887 2888 2889 10
3246 2959 3698 10
3128 3799 3800 10
3135 3777 3778 10
3795 3250 3796 10
2707 2706 2708 10
2709 2711 3161 10
2714 3137 3773 10
2718 2716 3776 10
2716 3773 3776 10
2743 2744 2745 10
2749 2751 3205 10
2763 2762 2764 10
2765 2764 2766 10
2771 2770 2772 10
2789 2790 2791 10
2853 2852 2854 10
3121 3782 3783 10
3752 3751 3755 10
2720 2718 3135 10
2726 2724 3131 10
2725 2727 3186 10
2727 2728 2729 10
2730 2728 3252 10
2729 2730 2731 10
3250 2732 3793 10
2733 2734 2735 10
2735 2736 2737 10
2740 2738 3128 10
2741 2743 3195 10
2747 2748 2749 10
2761 2762 2763 10
2771 2772 2773 10
2774 2772 3117 10
3058 3059 3060 10
3128 3800 3802 10
2720 3135 3806 10
2734 3250 3795 10
2742 3802 3805 10
2746 2744 3125 10
2757 2758 2759 10
2759 2760 2761 10
2833 2832 2834 10
3783 3782 3785 10
3802 3800 3803 10
3847 3846 3881 10
2714 2712 3137 10
2721 2722 2723 10
2723 2724 2725 10
2725 2726 2727 10
2745 2746 2747 10
2753 2755 3210 10
2792 2790 3217 10
3768 3117 3769 10
3816 3119 3827 10
3128 3798 3799 10
3787 3131 3788 10
3135 3778 3806 10
3773 3137 3774 10
2697 2699 3151 10
2701 2702 2703 10
2729 2731 3187 10
2733 2735 3190 10
2736 2734 3795 10
2739 2740 2741 10
2763 2764 2765 10
2767 2768 2769 10
2773 2774 2775 10
2799 2798 2800 10
2801 3248 3749 10
2805 2806 2807 10
3034 3033 3035 10
3788 3131 3789 10
2716 2714 3773 10
3125 2744 3805 10
3223 3744 3745 10
2703 2702 2704 10
2711 2712 2713 10
2722 3806 3807 10
2736 3795 3798 10
2739 2738 2740 10
2741 2740 2742 10
2745 2744 2746 10
2745 2747 3200 10
2749 2750 2751 10
2751 2750 2752 10
2755 2756 2757 10
2764 2762 3119 10
2705 2704 2706 10
2713 2715 3162 10
2738 2736 3798 10
3128 2738 3798 10
2744 2742 3805 10
2757 2759 3213 10
2767 2766 2768 10
2777 2776 2778 10
2787 2789 3235 10
2839 2840 2841 10
2966 2967 2968 10
3789 3131 3807 10
3792 3790 3815 10
2699 2700 2701 10
2717 2719 3163 10
2722 2720 3806 10
2724 2722 3807 10
2750 2748 3790 10
2777 2778 2779 10
2788 2786 3114 10
2823 2822 2824 10
2825 2826 2827 10
2841 3284 3826 10
3114 3752 3753 10
2719 2720 2721 10
2761 2763 3215 10
2801 2803 3248 10
3131 2724 3807 10
2787 2788 2789 10
2791 2790 2792 10
2791 2792 2793 10
2899 2900 2901 10
3775 3137 3814 10
3785 3782 3825 10
2709 2710 2711 10
3790 2748 3815 10
3124 2750 3790 10
2779 2780 2781 10
2905 2906 2907 10
2938 2937 2939 10
3119 3809 3810 10
2805 2804 2806 10
2701 2703 3155 10
2707 2708 2709 10
2746 3125 3815 10
2770 2768 3757 10
2808 2806 3112 10
2819 2818 2820 10
2918 2920 3123 10
2960 2959 2961 10
3774 3137 3775 10
2759 2758 2760 10
2780 2778 3741 10
2783 2784 2785 10
2914 2911 2915 10
3124 3790 3791 10
3124 3791 3812 10
2748 2746 3815 10
2783 2785 3231 10
2814 2812 3111 10
2815 2816 2817 10
3105 2852 3846 10
2859 2860 2861 10
2875 2876 2877 10
2883 2882 2884 10
3038 3039 3040 10
3062 3063 3064 10
3723 3746 3747 10
3809 3811 3834 10
3809 2760 3811 10
2845 2844 2846 10
2932 2931 2933 10
3052 3053 3054 10
2710 3761 3814 10
2768 2766 3230 10
3810 3809 3834 10
2754 2752 3825 10
3114 2786 3751 10
2837 2836 2838 10
3791 3790 3792 10
2811 2812 2813 10
2853 2854 2855 10
2890 2888 3714 10
2956 2958 3152 10
2762 2760 3809 10
2781 2783 3829 10
2841 2842 2843 10
3818 3113 3819 10
2797 2796 2798 10
2828 2826 3188 10
2921 2919 3269 10
2946 2945 2947 10
2869 2868 2870 10
2930 2932 3127 10
3827 3810 3828 10
2891 2890 2892 10
3812 3791 3813 10
2899 2898 2900 10
3747 3746 3818 10
2752 3124 3825 10
2785 2786 2787 10
2785 2787 3832 10
2817 2818 2819 10
2821 2820 2822 10
2833 3276 3835 10
2821 2822 2823 10
2847 3286 3854 10
2704 2702 3771 10
2799 2800 2801 10
3092 3093 3094 10
3661 3150 3662 10
3141 2706 3770 10
2781 2782 2783 10
2800 2798 3875 10
2811 2810 2812 10
2838 2836 3176 10
3080 3081 3082 10
2813 2812 2814 10
2873 2874 2875 10
2888 2886 3138 10
2915 2916 2917 10
2849 2850 2851 10
3763 3141 3770 10
3119 2762 3809 10
2831 2832 2833 10
2855 2856 2857 10
2948 2947 2949 10
3103 3677 3678 10
3230 2766 3816 10
2860 2858 3104 10
2920 2921 2922 10
2835 2834 2836 10
3281 2839 3826 10
2980 2979 2981 10
3119 3810 3827 10
3638 3635 3640 10
2801 2800 2802 10
2851 2850 2852 10
3233 2781 3829 10
2852 2850 3846 10
3769 3117 3850 10
3056 3055 3057 10
2820 2818 3110 10
2964 2963 2965 10
3688 3687 3690 10
2764 3119 3816 10
2975 2973 3238 10
3811 3784 3834 10
2807 2809 3251 10
2877 2876 2878 10
3133 3047 3666 10
2779 2781 3233 10
2827 2826 2828 10
2891 2892 2893 10
2954 2953 2955 10
3064 3065 3066 10
2831 2830 2832 10
3054 3056 3247 10
3822 3176 3823 10
2834 2832 3107 10
2881 2882 2883 10
2789 2791 3845 10
2802 2800 3113 10
3114 3751 3752 10
3212 3766 3767 10
3199 3891 3892 10
2972 2971 2973 10
3049 3133 3931 10
3792 3815 3830 10
3819 3820 3821 10
2766 2764 3816 10
2787 3235 3832 10
3689 3688 3691 10
2998 3000 3196 10
3815 3125 3830 10
2972 2973 2974 10
2857 2858 2859 10
2915 2911 2916 10
3817 3753 3844 10
2815 2817 3263 10
2824 2822 3192 10
2881 2880 2882 10
2877 2878 2879 10
2961 2959 3246 10
3046 3048 3240 10
3662 3887 3888 10
2942 2941 2943 10
3105 3846 3847 10
2989 2987 3175 10
3245 2797 3750 10
2978 2980 3166 10
3102 3656 3657 10
3859 3861 3862 10
2815 2814 2816 10
2839 2838 2840 10
2910 2911 2914 10
2965 2963 3242 10
2861 2862 2863 10
3819 3113 3820 10
2861 2860 2862 10
2950 2949 2951 10
3006 3008 3203 10
3235 2789 3845 10
3040 3654 3719 10
2843 2844 2845 10
3010 3012 3211 10
3858 3859 3860 10
2986 2987 2988 10
2839 2841 3826 10
3820 3113 3875 10
2990 2991 2992 10
2698 3277 3856 10
2930 2929 2931 10
2901 2900 2902 10
3060 3061 3062 10
2841 2843 3284 10
3039 3037 3199 10
3105 3847 3848 10
3797 3759 3850 10
2700 2698 3856 10
2924 2925 2926 10
2948 2950 3149 10
3212 3764 3766 10
3859 3111 3861 10
2790 2788 3817 10
3090 3089 3091 10
3106 3688 3689 10
2928 2929 2930 10
2978 2979 2980 10
2893 2892 2894 10
2791 3241 3845 10
2907 2906 2908 10
2968 2967 2969 10
3696 3169 3822 10
3769 3850 3851 10
2956 2957 2958 10
2937 2935 3216 10
2847 2848 2849 10
2922 2923 2924 10
2805 2807 3841 10
3030 3032 3938 10
2978 2977 2979 10
3678 3677 3680 10
2807 3251 3841 10
2893 2894 2895 10
2970 2972 3165 10
2857 2856 2858 10
2903 2904 2905 10
2848 3106 3879 10
3032 3034 3228 10
3837 3838 3839 10
3656 3655 3658 10
2845 2847 3854 10
2883 2884 2885 10
2890 3714 3740 10
3107 3863 3864 10
3780 3192 3781 10
3856 3277 3857 10
2847 2849 3286 10
2958 2959 2960 10
2970 2971 2972 10
3094 3093 3095 10
3679 3678 3681 10
3765 3217 3844 10
2824 3192 3779 10
2930 2931 2932 10
3049 3047 3133 10
2969 2967 3194 10
2862 2860 3708 10
2917 2916 3270 10
2922 2921 2923 10
3088 3087 3089 10
3756 2805 3841 10
3174 3534 3535 10
3015 3013 3156 10
3274 2700 3856 10
3050 3049 3051 10
3270 2916 3271 10
3863 3703 3864 10
2901 2902 2903 10
3217 3817 3844 10
2992 2991 2993 10
2926 2925 2927 10
3217 2790 3817 10
2865 2866 2867 10
3837 2913 3838 10
2925 3267 3906 10
3617 3618 3620 10
2927 2925 3906 10
3701 3703 3863 10
3052 3051 3053 10
2962 2961 2963 10
3246 3698 3699 10
3028 3030 3225 10
3040 3039 3041 10
2934 2936 3132 10
3917 3916 3918 10
2940 2939 2941 10
3036 3035 3037 10
2952 2951 2953 10
3002 3003 3004 10
2943 2941 3209 10
3102 3655 3656 10
3010 3009 3011 10
3025 3023 3208 10
2998 2997 2999 10
3050 3051 3052 10
2854 3105 3882 10
2820 3110 3880 10
2976 2975 2977 10
3055 3053 3130 10
2998 2999 3000 10
3016 3018 3218 10
2986 2985 2987 10
3204 3651 3652 10
2944 2943 2945 10
2798 2796 3865 10
3603 3606 3630 10
2934 2935 2936 10
2909 3636 3637 10
2796 3212 3865 10
3042 3041 3043 10
3096 3280 3663 10
2909 3635 3636 10
3093 3091 3116 10
3623 3130 3686 10
3058 3060 3249 10
3106 3687 3688 10
3539 3538 3664 10
3212 3767 3865 10
2986 2988 3189 10
3111 2812 3840 10
2933 2931 3264 10
3199 3892 3928 10
2816 3858 3866 10
2948 2949 2950 10
2845 3854 3872 10
3012 3013 3014 10
2996 2995 2997 10
3011 3009 3219 10
3032 3033 3034 10
3779 3192 3780 10
3237 3044 3855 10
2951 2949 3929 10
3617 3118 3618 10
3824 3176 3898 10
3710 3712 3713 10
2866 3103 3843 10
3176 2836 3898 10
2834 3107 3898 10
3066 3067 3068 10
3078 3080 3266 10
3717 3867 3909 10
2984 2985 2986 10
3008 3009 3010 10
3858 3111 3859 10
3685 2951 3929 10
2843 2845 3872 10
3035 3202 3890 10
3082 3081 3083 10
2798 3865 3875 10
2810 3721 3840 10
3026 3025 3027 10
3852 2819 3853 10
2982 2984 3177 10
3642 2912 3922 10
3898 3107 3904 10
3781 3192 3880 10
3088 3089 3090 10
2812 2810 3840 10
3284 2843 3872 10
3021 3019 3214 10
2919 2917 3700 10
2971 3544 3873 10
3020 3019 3021 10
3096 3095 3097 10
3064 3063 3065 10
3875 3865 3897 10
3038 3037 3039 10
3153 2868 3843 10
3028 3027 3029 10
3043 3041 3139 10
2943 3209 3876 10
3029 3027 3147 10
3865 3767 3897 10
3022 3021 3023 10
2994 2993 2995 10
3185 2981 3902 10
2985 3547 3934 10
3035 3033 3202 10
3021 3214 3899 10
3876 3209 3877 10
2911 2908 3900 10
3133 3666 3667 10
3919 3637 3930 10
3023 3021 3899 10
2868 2866 3843 10
2995 2993 3167 10
3004 3005 3006 10
2822 2820 3880 10
3153 3843 3889 10
3016 3015 3017 10
3712 2856 3882 10
3046 3045 3047 10
3098 3097 3099 10
2966 2965 2967 10
2892 2890 3740 10
3074 3075 3076 10
3002 3004 3198 10
3878 3209 3913 10
3824 3898 3904 10
2913 2892 3740 10
3912 3017 3920 10
3208 3023 3899 10
3082 3084 3272 10
3904 3864 3905 10
2945 2943 3876 10
3099 3097 3115 10
2836 2834 3898 10
3192 2822 3880 10
3092 3091 3093 10
3263 2817 3852 10
2817 2819 3852 10
3110 3916 3917 10
3265 3906 3907 10
3082 3083 3084 10
2814 3111 3858 10
2870 3153 3887 10
2981 2979 3902 10
3653 3542 3870 10
3820 3875 3897 10
2912 2898 3922 10
3265 2927 3906 10
3087 3085 3118 10
3056 3057 3058 10
3887 3153 3888 10
3070 3258 3948 10
2816 2814 3858 10
3888 3153 3889 10
3070 3071 3072 10
3110 2818 3866 10
3074 3073 3075 10
3107 3864 3904 10
2818 2816 3866 10
3086 3085 3087 10
3133 3667 3668 10
2949 3204 3929 10
3175 2987 3934 10
2886 2884 3867 10
3100 3099 3101 10
2929 3265 3914 10
3934 3550 3935 10
3222 3632 3901 10
3234 2977 3885 10
3059 3057 3693 10
3867 3142 3909 10
2916 2911 3900 10
2884 3142 3867 10
3102 3657 3908 10
3032 3228 3938 10
3062 3253 3718 10
2931 2929 3914 10
3079 3077 3653 10
3133 3668 3931 10
2856 2854 3882 10
3836 2913 3837 10
3909 3142 3910 10
3110 3866 3916 10
2898 2896 3922 10
3866 3860 3916 10
3066 3068 3259 10
3204 3652 3929 10
3846 2850 3879 10
3264 3914 3915 10
3174 3535 3932 10
2850 2848 3879 10
3836 3837 3911 10
2882 2880 3908 10
3089 3616 3941 10
3074 3076 3260 10
3271 2916 3900 10
3234 3885 3886 10
2979 3234 3902 10
2880 3102 3908 10
3057 3621 3693 10
3931 3668 3942 10
3017 3015 3920 10
3911 3642 3922 10
3869 3120 3870 10
3535 3552 3932 10
2896 2894 3836 10
3266 3080 3943 10
3264 2931 3914 10
3070 3072 3258 10
3156 3647 3920 10
3686 3931 3942 10
3051 3049 3931 10
3547 3550 3934 10
3923 3116 3924 10
2894 2913 3836 10
3015 3156 3920 10
3095 3093 3923 10
3271 3900 3930 10
3259 3068 3948 10
2909 3637 3919 10
3920 3647 3921 10
2908 2906 3919 10
3912 3920 3921 10
3225 3030 3938 10
3093 3116 3923 10
3139 3041 3928 10
3686 3051 3931 10
3924 3926 3927 10
3019 3017 3912 10
3868 3869 3946 10
2906 2909 3919 10
3623 3686 3942 10
2965 3242 3944 10
3552 3122 3932 10
3091 3089 3941 10
3665 3129 3950 10
3618 3118 3933 10
3214 3019 3912 10
3083 3868 3933 10
2967 2965 3944 10
3025 3208 3945 10
3064 3066 3949 10
3039 3199 3928 10
3095 3923 3937 10
3116 3091 3941 10
3194 2967 3944 10
3066 3259 3949 10
3147 3027 3945 10
3129 3693 3950 10
3041 3039 3928 10
3085 3083 3933 10
3924 3116 3926 10
3027 3025 3945 10
3247 3056 3947 10
3058 3249 3947 10
3118 3085 3933 10
3253 3064 3949 10
3693 3624 3950 10
3954 3148 3955 10
3115 3097 3937 10
3665 3950 3951 10
3056 3058 3947 10
3926 3116 3941 10
3540 3542 3653 10
3077 3540 3653 10
3097 3095 3937 10
3937 3925 3952 10
2694 3148 3953 10
3115 3937 3952 10
2696 2694 3953 10
3953 3148 3954 10
3277 2696 3953 10
2692 2690 3956 10
3148 2692 3956 10
3955 3148 3956 10
2688 3282 3957 10
2690 2688 3957 10
3957 3282 3958 10
3956 2690 3957 10
2684 3283 3959 10
2686 2684 3959 10
3959 3283 3960 10
5075 6100 6469 10
3282 2686 3959 10
43 44 3457 10
2619 3459 3460 10
3971 2638 3972 10
2622 4005 4006 10
3962 2656 3964 10
4042 2650 4043 10
3989 2639 3990 10
2636 4068 4069 10
4041 4042 4044 10
2657 4079 4080 10
4028 4027 4030 10
2627 4017 4018 10
4005 4004 4007 10
2637 4028 4029 10
2658 4090 4091 10
4068 4067 4070 10
4056 4057 4059 10
3988 3989 3991 10
3970 3971 3973 10
3961 3962 3963 10
4057 2648 4058 10
4134 4133 4136 10
2630 4134 4135 10
4162 4161 4164 10
4175 2644 4176 10
2624 4162 4163 10
4149 4150 4152 10
4150 2618 4151 10
4413 3583 5461 10
3851 111 6353 10
5491 4165 5524 10
257 258 3986 10
309 310 4004 10
296 297 4027 10
299 300 4052 10
201 202 2298 10
297 298 4117 10
328 329 4041 10
334 335 2639 10
344 345 2620 10
354 355 2646 10
303 304 2627 10
313 314 2636 10
311 312 2655 10
339 340 2629 10
342 343 2657 10
231 232 2327 10
251 252 2306 10
215 216 2311 10
233 234 2356 10
267 268 2304 10
352 353 2638 10
360 361 2656 10
318 319 2649 10
203 204 2354 10
205 206 2320 10
208 209 2330 10
221 222 2285 10
235 236 2340 10
240 241 2355 10
245 246 2281 10
261 262 2319 10
347 348 2648 10
218 219 2297 10
226 227 2358 10
248 249 2299 10
256 257 2357 10
270 271 2282 10
305 306 2659 10
210 211 2359 10
212 213 2337 10
228 229 2315 10
238 239 2316 10
242 243 2301 10
254 255 2322 10
272 273 3527 10
295 296 2637 10
298 299 2640 10
326 327 2621 10
349 350 2632 10
359 360 3961 10
264 265 2312 10
308 309 2622 10
336 337 2647 10
321 322 2628 10
324 325 2658 10
331 332 2633 10
224 225 2292 10
258 259 2339 10
316 317 2643 10
329 330 2650 10
333 334 3988 10
357 358 2626 10
300 301 2652 10
304 305 4016 10
294 295 4119 10
314 315 4067 10
343 344 4078 10
332 333 4120 10
351 352 3970 10
345 346 4113 10
302 303 4123 10
358 359 3987 10
346 347 4056 10
307 308 4125 10
306 307 4121 10
325 326 4089 10
348 349 4114 10
312 313 4112 10
330 331 4118 10
7 8 4133 10
323 324 4115 10
198 199 2283 10
322 323 4100 10
310 311 4131 10
315 316 4132 10
340 341 4116 10
341 342 4126 10
350 351 4127 10
335 336 4122 10
255 256 4128 10
271 272 4129 10
6 7 2630 10
327 328 4146 10
4 5 2645 10
353 354 4130 10
5 6 4148 10
361 362 4147 10
25 26 4161 10
8 9 4206 10
20 21 4172 10
18 19 4149 10
27 28 2642 10
26 27 4190 10
24 25 2624 10
34 35 2644 10
39 40 2654 10
22 23 2653 10
33 34 4174 10
37 38 2623 10
19 20 2618 10
29 30 2634 10
42 43 2619 10
32 33 2631 10
195 196 2288 10
38 39 4204 10
28 29 4195 10
30 31 4196 10
35 36 4198 10
23 24 4205 10
9 10 2635 10
17 18 4211 10
16 17 2651 10
15 16 4216 10
192 193 2305 10
184 185 4227 10
72 73 2314 10
132 133 2313 10
146 147 2296 10
152 153 2294 10
172 173 2284 10
178 179 2303 10
65 66 2326 10
67 68 2364 10
74 75 2362 10
79 80 2280 10
92 93 2321 10
109 110 2318 10
114 115 2367 10
116 117 2325 10
119 120 2309 10
121 122 2368 10
136 137 4228 10
144 145 2361 10
158 159 2335 10
162 163 2331 10
76 77 2289 10
98 99 2293 10
138 139 4236 10
90 91 2369 10
95 96 2308 10
126 127 2291 10
142 143 2317 10
160 161 2371 10
11 12 2641 10
14 15 2625 10
69 70 2334 10
85 86 2310 10
88 89 2323 10
101 102 2278 10
104 105 2290 10
107 108 2363 10
112 113 2338 10
123 124 2287 10
135 136 2336 10
139 140 2328 10
155 156 2307 10
159 160 4226 10
167 168 2370 10
175 176 2286 10
82 83 2295 10
115 116 4229 10
129 130 2302 10
137 138 2365 10
145 146 4231 10
149 150 2279 10
181 182 2329 10
183 184 2360 10
185 186 2332 10
187 188 2366 10
189 190 2333 10
122 123 4235 10
120 121 4230 10
108 109 4234 10
165 166 2324 10
169 170 2300 10
113 114 4232 10
143 144 4233 10
168 169 4239 10
166 167 4237 10
182 183 4238 10
161 162 4240 10
2849 2851 3530 10
2619 3457 3459 10
2622 4004 4005 10
3970 2638 3971 10
4041 2650 4042 10
2657 4078 4079 10
3961 2656 3962 10
4052 2652 4053 10
2636 4067 4068 10
2627 4016 4017 10
3988 2639 3989 10
2637 4027 4028 10
2658 4089 4090 10
4056 2648 4057 10
2630 4133 4134 10
2624 4161 4162 10
4174 2644 4175 10
4149 2618 4150 10
2619 3460 3468 10
2622 309 4004 10
2357 257 3986 10
359 3961 3987 10
352 2638 3970 10
272 3527 4129 10
329 2650 4041 10
300 2652 4052 10
2322 255 4128 10
349 2632 4114 10
2637 296 4027 10
346 4056 4113 10
2657 343 4078 10
360 2656 3961 10
258 2339 3986 10
2636 314 4067 10
334 2639 3988 10
2627 304 4016 10
4027 297 4117 10
2655 312 4112 10
331 2633 4118 10
305 2659 4016 10
4100 323 4115 10
2640 299 4052 10
336 2647 4122 10
298 2640 4117 10
326 2621 4089 10
2633 332 4120 10
295 2637 4119 10
4121 307 4125 10
316 2643 4132 10
344 2620 4078 10
333 3988 4120 10
2620 345 4113 10
308 2622 4125 10
2658 325 4089 10
2621 327 4146 10
303 2627 4123 10
4116 341 4126 10
4004 310 4131 10
313 2636 4112 10
2659 306 4121 10
347 2648 4056 10
311 2655 4131 10
324 2658 4115 10
2650 330 4118 10
2632 350 4127 10
2626 358 3987 10
2648 348 4114 10
2628 322 4100 10
2629 340 4116 10
342 2657 4126 10
351 3970 4127 10
354 2646 4130 10
4067 315 4132 10
2638 353 4130 10
2639 335 4122 10
328 4041 4146 10
2282 271 4129 10
256 2357 4128 10
2656 361 4147 10
2630 7 4133 10
2645 5 4148 10
6 2630 4148 10
4133 8 4206 10
4161 26 4190 10
2624 25 4161 10
29 2634 4195 10
2623 38 4204 10
2631 33 4174 10
2618 20 4172 10
34 2644 4174 10
2653 23 4205 10
2634 30 4196 10
27 2642 4190 10
39 2654 4204 10
2642 28 4195 10
2644 35 4198 10
19 2618 4149 10
24 2624 4205 10
18 4149 4211 10
9 2635 4206 10
2651 17 4211 10
16 2651 4216 10
2625 15 4216 10
2329 182 4238 10
185 2332 4227 10
2360 184 4227 10
2335 159 4226 10
160 2371 4226 10
2361 145 4231 10
121 2368 4230 10
137 2365 4228 10
139 2328 4236 10
116 2325 4229 10
2317 143 4233 10
109 2318 4234 10
2368 122 4235 10
2367 115 4229 10
2338 113 4232 10
2370 168 4239 10
123 2287 4235 10
2336 136 4228 10
162 2331 4240 10
2363 108 4234 10
114 2367 4232 10
2365 138 4236 10
146 2296 4231 10
144 2361 4233 10
2309 120 4230 10
2324 166 4237 10
167 2370 4237 10
169 2300 4239 10
183 2360 4238 10
2371 161 4240 10
3972 2638 4130 10
3961 3963 3987 10
2657 4080 4126 10
4030 4027 4117 10
2658 4091 4115 10
4007 4004 4131 10
2636 4069 4112 10
3964 2656 4147 10
2622 4006 4125 10
4056 4059 4113 10
4041 4044 4146 10
4043 2650 4118 10
3990 2639 4122 10
3970 3973 4127 10
2627 4018 4123 10
4070 4067 4132 10
2637 4029 4119 10
3988 3991 4120 10
4058 2648 4114 10
4136 4133 4206 10
2630 4135 4148 10
4164 4161 4190 10
4149 4152 4211 10
4176 2644 4198 10
4151 2618 4172 10
2624 4163 4205 10
2344 2662 2663 10
3100 3108 3285 10
3549 3902 4243 10
3234 3886 4243 10
2452 4292 4805 10
2691 2693 3471 10
3943 5054 6176 10
4238 5392 5398 10
4480 4479 6036 10
3896 2301 5131 10
4924 3496 6367 10
3795 3796 4246 10
3799 3798 4246 10
3878 2305 4407 10
3902 3234 4243 10
4497 3370 5444 10
2932 2934 3363 10
2693 3144 3471 10
2305 3878 4966 10
4241 4557 5981 10
3457 3458 3459 10
4066 4399 5519 10
4105 5638 5922 10
3798 3795 4246 10
3100 3101 3108 10
2359 211 4251 10
212 2337 4251 10
4504 2575 5221 10
2934 3132 3363 10
4668 3518 6039 10
3852 4429 5532 10
3319 3332 3333 10
2329 4238 5398 10
3517 3518 4666 10
92 2321 4256 10
2369 91 4256 10
3324 3309 4272 10
3610 3609 4380 10
2617 294 4119 10
3238 3874 4262 10
3886 3885 4262 10
217 218 4263 10
2329 5398 5406 10
5496 3602 6283 10
3398 3399 4296 10
4254 4326 5720 10
4643 4644 6428 10
3793 3794 4265 10
3796 3250 4265 10
4307 5012 5013 10
211 212 4251 10
3894 3893 5272 10
2910 2914 3318 10
3379 3380 4391 10
3457 2616 3458 10
106 3828 5990 10
2619 43 3457 10
2681 2683 3402 10
3101 3099 4277 10
3414 3439 4324 10
91 92 4256 10
3376 3377 4914 10
210 2359 4269 10
2330 209 4269 10
4424 4425 6222 10
3407 3143 3469 10
3608 3614 4310 10
2611 47 3441 10
2374 49 3437 10
2346 55 3439 10
2353 51 3440 10
2347 53 3412 10
2616 45 3442 10
3611 3610 4380 10
179 180 4275 10
4051 4404 5518 10
2408 4962 4977 10
2323 89 4274 10
90 2369 4274 10
50 2353 3437 10
52 2347 3440 10
54 2346 3412 10
48 2374 3441 10
56 2344 3439 10
59 2342 3447 10
46 2611 3442 10
4754 3244 5072 10
3874 3873 4278 10
3544 3545 4278 10
44 2616 3457 10
3416 3415 3417 10
3453 3345 6442 10
3433 3429 6089 10
3885 3238 4262 10
3787 3788 4287 10
3794 3252 4287 10
4327 4328 5891 10
2297 3612 4263 10
218 2297 4263 10
3725 5539 6188 10
3154 2677 3399 10
5249 5054 6021 10
208 2330 4289 10
3250 3793 4265 10
4962 2048 4977 10
3179 3173 3236 10
4802 6089 6109 10
5409 4625 6123 10
88 2323 4297 10
3614 2997 4310 10
277 278 3444 10
286 287 3438 10
282 283 3411 10
288 289 3410 10
284 285 3446 10
280 281 3448 10
290 291 3449 10
292 293 3450 10
3126 2926 3358 10
3180 3257 4320 10
3342 3297 4425 10
176 177 4305 10
4918 4296 6326 10
2320 206 4302 10
3418 3415 4284 10
2997 2995 4310 10
4416 6050 6130 10
2683 3140 3402 10
3468 3464 4248 10
3434 3433 6332 10
209 210 4269 10
3172 3109 3173 10
3373 3374 5416 10
3180 3182 3257 10
3184 3255 3292 10
3262 3290 3320 10
3254 3183 3293 10
2310 86 4311 10
5095 4425 6093 10
3546 3944 4313 10
3242 3884 4313 10
2363 3760 6218 10
3099 3115 4277 10
3206 2672 3408 10
89 90 4274 10
3806 3778 4316 10
3789 3807 4316 10
4002 2629 6038 10
3108 3101 3109 10
2525 5147 5291 10
3255 3262 4303 10
3182 3184 4304 10
2303 179 4275 10
3993 3992 5364 10
205 2320 4318 10
2354 204 4318 10
3285 3108 4285 10
3290 3307 4306 10
5544 2111 6398 10
3975 3974 5356 10
173 174 4322 10
3559 4648 4649 10
3520 6386 6387 10
3873 3544 4278 10
2303 5417 5432 10
5021 4792 6017 10
3884 3883 4325 10
3246 3699 4325 10
2326 5384 6065 10
85 2310 4323 10
3673 2333 5218 10
5694 4253 5973 10
3520 3521 4747 10
3333 3334 6279 10
3423 3421 4293 10
2333 3673 5288 10
3560 5166 5972 10
4253 3443 4254 10
3252 3787 4287 10
4137 4138 5322 10
3444 278 4345 10
2295 83 4329 10
5147 2056 5291 10
203 2354 4330 10
2298 202 4330 10
4071 4072 5342 10
2345 3444 3445 10
2615 3450 3451 10
3487 4670 6379 10
3862 5506 6166 10
3479 3480 4396 10
3146 3379 6310 10
4031 4032 5323 10
6077 3347 6232 10
3346 3206 3347 10
4076 4073 5476 10
3773 3774 4334 10
3777 3776 4334 10
4221 4218 5665 10
3385 3386 4358 10
3699 3698 4335 10
3682 3683 4335 10
207 208 4289 10
4754 5072 6404 10
4098 4049 4099 10
4013 4007 4131 10
5757 4258 5916 10
4152 4158 4211 10
170 171 4337 10
4171 4164 4190 10
3991 3997 4120 10
3973 3979 4127 10
4036 4030 4117 10
4075 4070 4132 10
4142 4136 4206 10
3556 3555 4946 10
3925 3924 4338 10
4087 4064 4088 10
4059 4064 4113 10
4044 4049 4146 10
4090 4089 4098 10
4079 4078 4087 10
3276 3720 6046 10
3413 3415 3416 10
3963 3969 3987 10
3368 3370 4497 10
5076 5964 6333 10
3327 3324 4272 10
4174 4175 4183 10
3380 3381 4391 10
3361 3127 3362 10
2106 4326 6097 10
4065 4058 4114 10
4050 4043 4118 10
3383 3384 4339 10
4277 3115 4317 10
3364 3132 3365 10
2668 3243 3244 10
2303 4275 5417 10
2663 2665 2667 10
82 2295 4342 10
201 2298 4343 10
207 4289 4302 10
4430 1894 6341 10
3363 3132 3364 10
3417 3418 3429 10
87 88 4297 10
3996 3990 4122 10
4069 4076 4112 10
3978 3972 4130 10
4029 4035 4119 10
4135 4141 4148 10
4017 4016 4023 10
3456 3287 6463 10
3619 3617 4351 10
4163 4169 4205 10
3469 2691 3471 10
4283 5965 6426 10
4006 4011 4125 10
4156 4151 4172 10
103 3786 6000 10
4018 4021 4123 10
206 207 4302 10
2283 199 4354 10
2769 3227 3738 10
2280 80 4356 10
3449 2615 6003 10
4165 4166 5017 10
4091 4094 4115 10
2926 2928 3358 10
4080 4083 4126 10
3143 2689 3469 10
4179 4176 4198 10
3720 3281 4552 10
5591 2215 5827 10
2286 176 4305 10
87 4297 4311 10
3684 3685 4360 10
3929 3652 4360 10
3946 3869 4361 10
3761 3762 4362 10
3775 3814 4362 10
2995 3167 4310 10
2611 3441 5391 10
4383 3328 6339 10
279 2348 4345 10
3416 3417 3419 10
3634 2358 5350 10
5791 2166 5814 10
3587 3586 5255 10
86 87 4311 10
1876 4763 4764 10
4763 2445 4764 10
3739 4825 5100 10
4154 4153 5511 10
4008 5481 5541 10
4008 4009 5481 10
198 2283 4364 10
3515 5952 6388 10
3542 3541 4368 10
5802 4167 6438 10
79 2280 4367 10
3944 3242 4313 10
3108 3109 3171 10
4184 4187 4197 10
3172 3173 3179 10
3918 5488 6131 10
2286 5446 5467 10
3915 2366 5345 10
4345 2348 5351 10
3508 4656 4657 10
3262 3320 4303 10
3184 3292 4304 10
3313 2901 6267 10
4210 4207 4225 10
2288 196 4373 10
3326 3324 3327 10
2366 3915 5358 10
2289 77 4384 10
3453 3452 5427 10
163 164 4388 10
3651 3650 4393 10
3876 3877 4393 10
3763 3770 4397 10
3771 3772 4397 10
3807 3806 4316 10
3115 3952 4317 10
3590 4448 4449 10
3367 3368 6254 10
4549 4552 5504 10
4050 3997 4051 10
5309 5006 6229 10
5403 4396 6194 10
5332 3375 6163 10
3377 3378 4914 10
204 205 4318 10
2290 3834 6243 10
5471 4177 6049 10
3896 5173 6437 10
4388 164 5961 10
3539 3665 4401 10
4065 3979 4066 10
195 2288 4400 10
4252 3443 4253 10
3670 5131 6356 10
76 2289 4405 10
2362 75 4405 10
3969 4273 6075 10
3477 3478 4352 10
3624 3622 4409 10
2914 2915 3332 10
2305 193 4407 10
3401 3403 4580 10
3772 3274 4782 10
3856 3857 4782 10
3558 3557 4276 10
2311 3550 5381 10
4382 3423 5448 10
2284 173 4322 10
5483 4031 5517 10
4473 3268 5438 10
5641 5525 5874 10
3347 3206 3408 10
3878 3913 4966 10
3842 3674 4966 10
84 85 4323 10
5169 5170 6443 10
2372 288 3410 10
2345 277 3444 10
2349 282 3411 10
2348 280 3448 10
2350 284 3446 10
2352 286 3438 10
2609 290 3449 10
2615 292 3450 10
3942 3668 5001 10
3358 2928 3360 10
3883 3246 4325 10
3006 3203 3564 10
3108 3171 4285 10
4452 4451 6230 10
3952 3925 6121 10
3372 3373 6150 10
3416 3419 3420 10
3172 3179 3180 10
3171 3109 3172 10
2344 2663 4324 10
74 2362 5047 10
2314 73 5047 10
3471 3144 3472 10
3330 3349 3350 10
3393 3207 3394 10
3412 3413 4321 10
3330 3348 3349 10
192 2305 5105 10
3350 3351 3352 10
3669 3706 5173 10
3743 2338 6322 10
84 4323 4329 10
2301 243 5131 10
3857 3277 5179 10
3953 3954 5179 10
3420 3419 3421 10
6107 3952 6121 10
4395 3718 5336 10
3555 3591 4500 10
3180 3179 3181 10
3352 3353 3354 10
3422 3421 3423 10
156 157 5225 10
3378 3146 6310 10
4337 171 5523 10
5405 2130 5749 10
3180 3181 3182 10
2333 190 5218 10
5475 4071 5515 10
3182 3181 3183 10
3182 3183 3184 10
3184 3254 3255 10
3255 3261 3262 10
3262 3289 3290 10
3290 3306 3307 10
3307 3308 3309 10
3184 3183 3254 10
3255 3254 3261 10
3262 3261 3289 10
3307 3306 3308 10
3290 3289 3306 10
5108 3577 6311 10
3420 3421 3422 10
5369 5803 5993 10
3422 3423 3424 10
2286 4305 5446 10
83 84 4329 10
3903 3597 5272 10
3893 3202 5272 10
2347 3412 4321 10
2665 2668 4294 10
4863 3272 5340 10
3907 2332 5367 10
3350 3349 3351 10
3136 2940 3369 10
3673 3672 5288 10
3264 3915 5288 10
202 203 4330 10
2676 3345 5556 10
72 2314 5269 10
3352 3351 3353 10
3207 2673 3396 10
4053 4055 4260 10
3597 3595 5305 10
3431 3418 4284 10
2284 5490 5500 10
2332 3907 5374 10
3307 3309 3322 10
3478 3479 6337 10
3354 3353 3355 10
5470 4137 5505 10
3215 2763 3525 10
2492 5117 6421 10
4989 4988 5497 10
4322 174 5484 10
3413 3416 4321 10
5598 4353 6182 10
4459 4460 6273 10
3948 3258 5953 10
2334 70 5341 10
3213 2759 3522 10
3624 4409 6324 10
3330 3326 3348 10
2366 188 5345 10
189 2333 5345 10
4103 4105 5922 10
153 154 5346 10
4013 4076 4077 10
100 3813 6006 10
4785 4786 6031 10
5167 5188 5972 10
3955 3956 5354 10
3957 3958 5354 10
3921 3647 5357 10
2356 3602 5363 10
228 2315 5350 10
2358 227 5350 10
3265 3907 5358 10
3915 3914 5358 10
3424 3425 3426 10
3367 3136 3368 10
4305 177 5439 10
3293 4345 5351 10
3776 3773 4334 10
4001 4003 5574 10
3210 2755 3519 10
3698 3682 4335 10
2327 232 5363 10
233 2356 5363 10
4328 2101 5716 10
5476 5629 5863 10
3424 3423 3425 10
3151 2699 3477 10
2300 170 4337 10
3132 2936 3366 10
3307 3322 4306 10
3606 3604 5370 10
69 2334 5366 10
2364 68 5366 10
5025 3592 6297 10
3145 2946 3374 10
4275 180 5411 10
2998 3196 3570 10
3149 2950 3377 10
187 2366 5367 10
2332 186 5367 10
3126 3338 6320 10
3924 3927 4338 10
278 279 4345 10
150 151 5372 10
5848 6055 6087 10
3397 3398 6335 10
5369 5792 5803 10
3205 2751 3516 10
3958 3282 5373 10
3907 3906 5374 10
3959 3960 5373 10
3539 4401 6285 10
3200 2747 3513 10
2663 2667 4324 10
3550 3548 5381 10
3159 2707 3483 10
3854 3286 4990 10
2667 2665 4294 10
3439 2344 4324 10
3146 2954 3380 10
4572 4781 5414 10
2990 3193 3576 10
4038 5465 5626 10
81 82 4342 10
200 201 4343 10
2986 3189 3579 10
67 2364 5384 10
2326 66 5384 10
2994 3197 3573 10
3152 2958 3383 10
2668 3244 4294 10
3157 2962 3386 10
3406 3143 3407 10
5791 5369 6173 10
3191 2739 3507 10
3195 2743 3510 10
147 148 5387 10
3160 2966 3389 10
3190 2735 3504 10
2982 3177 3582 10
3187 2731 3501 10
4375 4208 5557 10
3162 2715 3489 10
2974 3168 3588 10
3349 3438 6384 10
4317 3952 6107 10
3161 2711 3486 10
3170 2723 3495 10
3399 3400 4296 10
3002 3198 3567 10
3155 2703 3480 10
2978 3166 3585 10
3430 3431 3432 10
200 4343 4354 10
2278 3785 6250 10
81 4342 4356 10
3288 3456 4931 10
3283 2682 5397 10
3186 2727 3498 10
4851 4850 5440 10
3617 3620 4351 10
3163 2719 3492 10
4267 4281 4846 10
3445 3181 5353 10
5158 4620 6034 10
3144 2695 3474 10
6118 3927 6149 10
3270 3305 5406 10
199 200 4354 10
2281 3670 6356 10
80 81 4356 10
3974 5468 5501 10
3337 3126 6320 10
4381 3425 4382 10
4911 3736 6138 10
4788 4787 5295 10
2300 5526 5553 10
4680 3484 4681 10
3460 3464 3468 10
3575 4491 4492 10
2649 4108 5413 10
3984 2626 6075 10
4239 2300 5553 10
181 2329 5411 10
2680 3158 5397 10
3600 3599 6414 10
2689 2691 3469 10
3305 3271 5417 10
3305 4275 5411 10
318 2649 5413 10
2643 317 5413 10
3542 4368 6219 10
4239 5553 5888 10
4429 3852 5423 10
3429 3418 3430 10
3475 3476 6345 10
3416 3420 4321 10
4429 4428 5532 10
140 141 5428 10
5408 3339 5453 10
3992 5466 5502 10
3685 3929 4360 10
3892 3896 6437 10
4359 6008 6424 10
3637 3639 5432 10
3319 2914 3332 10
4520 4519 5958 10
4215 4214 5494 10
3869 3871 4361 10
3814 3761 4362 10
4441 4442 6228 10
2284 4322 5490 10
3523 3524 4514 10
3285 4378 6461 10
4003 5571 5572 10
3257 4304 4328 10
2341 3346 6077 10
2370 4239 5888 10
3639 4305 5439 10
4472 4473 5438 10
3639 3636 5446 10
178 2303 5439 10
3946 4361 6190 10
5100 5099 6170 10
4424 4423 5513 10
4862 4863 5340 10
2370 5888 5951 10
3663 6019 6256 10
4643 3302 4645 10
4609 4608 5185 10
3388 5032 5033 10
5478 2207 5479 10
4833 6282 6487 10
3158 2678 5556 10
5155 3313 6267 10
3641 3643 5467 10
3172 3180 4320 10
197 198 4364 10
3010 3211 3561 10
5384 3960 6065 10
4813 4814 6256 10
78 79 4367 10
3643 4322 5484 10
4389 4379 6346 10
4077 4076 5476 10
5511 4153 5547 10
6153 3620 6180 10
3737 3736 4911 10
2661 5986 5993 10
5027 3367 5029 10
4661 3497 5546 10
3601 3600 6414 10
3619 4351 6165 10
3541 3553 4368 10
3643 3642 5490 10
133 134 5488 10
4237 2370 5951 10
3330 3350 4258 10
2773 3729 3735 10
175 2286 5484 10
5493 4213 5508 10
4666 3518 4667 10
197 4364 4373 10
3281 3826 4553 10
6056 5240 6494 10
3588 3587 4279 10
4237 5951 5954 10
4312 5807 5968 10
3482 3483 4357 10
3214 3912 5496 10
78 4367 4384 10
3839 4337 5523 10
3016 3218 3557 10
3229 2777 3732 10
4275 3305 5417 10
3837 3839 5500 10
3472 4597 6057 10
3409 3291 6067 10
130 131 5506 10
5016 4520 6085 10
196 197 4373 10
4786 3726 6031 10
3935 3936 5379 10
4616 3379 5194 10
3839 3838 5526 10
77 78 4384 10
5590 4111 5592 10
4218 5521 5665 10
4507 4508 6251 10
172 2284 5523 10
3528 3529 5427 10
2324 4237 5954 10
3718 4406 5336 10
127 128 5539 10
3659 4388 5961 10
3440 2347 5245 10
2324 5954 5955 10
4500 3591 4501 10
2331 163 4388 10
2148 5508 5509 10
3171 3172 4320 10
3707 4815 6102 10
4455 3593 4456 10
3650 3876 4393 10
5988 5092 6130 10
3491 6377 6378 10
124 125 5786 10
4254 3443 5391 10
4371 4887 4888 10
4798 4296 4799 10
3323 3309 3324 10
4409 2306 6324 10
3770 3771 4397 10
4338 3927 6118 10
3286 3530 5958 10
3748 3263 5964 10
3461 3459 5543 10
3386 3387 4358 10
1862 1863 5365 10
6178 3871 6210 10
276 2345 4383 10
3629 4831 6457 10
4424 3342 4425 10
2056 5148 5292 10
5725 5494 5836 10
3949 3259 4545 10
3480 3481 4396 10
3299 4503 6313 10
3657 3659 5955 10
5463 2168 5558 10
2339 6258 6264 10
194 195 4400 10
3336 3337 3339 10
3659 3656 5959 10
3665 3951 4401 10
117 118 5960 10
5233 4319 6474 10
4305 3639 5446 10
3986 2339 6264 10
165 2324 5961 10
4715 3517 6104 10
3835 3276 4957 10
75 76 4405 10
4997 4998 6220 10
3362 3363 6230 10
4401 2322 6285 10
3279 4851 5440 10
3280 3531 4390 10
194 4400 4407 10
3730 3731 5019 10
3936 4263 5379 10
4980 4914 6479 10
4144 5456 5791 10
3986 6264 6270 10
2300 4337 5526 10
3244 3243 4300 10
3263 3852 5532 10
3370 5308 5444 10
193 194 4407 10
2357 3986 6270 10
3425 3423 4382 10
110 111 5974 10
5736 5143 5944 10
4749 6039 6387 10
3692 3266 5141 10
3503 4653 6105 10
3622 3625 4409 10
5240 6056 6083 10
3368 3369 3370 10
3734 3730 5223 10
4814 3663 6256 10
1924 4807 4810 10
2357 6270 6278 10
3872 3854 5497 10
3491 3492 4268 10
5520 5409 6123 10
3274 3856 4782 10
3889 3679 5989 10
4440 4439 6062 10
4807 2401 4810 10
3260 3692 5962 10
4109 4107 5590 10
94 3801 6020 10
105 106 5990 10
4128 2357 6278 10
4524 4301 6444 10
3681 3678 5994 10
3803 3804 6014 10
6206 3553 6247 10
4182 4200 4201 10
4720 4668 6391 10
3913 3842 4966 10
102 103 6000 10
2347 4321 5245 10
4128 6278 6285 10
5846 4221 6221 10
3680 3709 6002 10
3472 3144 3473 10
5750 5405 6288 10
3532 3278 5487 10
3284 3872 5409 10
5534 2614 5717 10
3374 3375 5416 10
3668 3671 5001 10
99 100 6006 10
4351 3620 6153 10
3485 3486 4336 10
364 365 5371 10
3711 3710 6009 10
3499 4738 5326 10
2331 5959 5966 10
4240 2331 5966 10
2322 4128 6285 10
3805 3803 6014 10
3830 3125 6014 10
73 74 5047 10
4322 3643 5490 10
4368 2319 6219 10
3713 3848 6015 10
4240 5966 5971 10
3565 4960 4961 10
2342 60 6232 10
3491 4915 6377 10
93 94 6020 10
2112 5542 5543 10
3161 3485 6275 10
3372 3145 3373 10
3261 3254 5351 10
6071 3707 6102 10
3475 3151 3476 10
3849 3847 6025 10
5213 3314 5462 10
191 192 5105 10
4792 5953 6321 10
2308 3803 6266 10
3881 3689 6026 10
5022 2455 6017 10
3663 3280 6019 10
4361 2312 6190 10
243 244 5131 10
5175 4259 5176 10
3181 3179 5353 10
4660 3497 4661 10
4332 4593 6185 10
2371 4240 5971 10
4103 4101 4105 10
5378 3584 6467 10
3706 3139 5173 10
3691 3688 6042 10
3268 3705 5438 10
3277 3953 5179 10
191 5105 5218 10
4351 2304 6165 10
2371 5971 5978 10
3629 3627 4831 10
3404 4585 6361 10
3397 4796 6112 10
3367 5027 6174 10
3366 3367 6174 10
3943 3272 6074 10
4321 3420 5245 10
3824 3904 6054 10
190 191 5218 10
3322 3309 3323 10
3235 4280 5177 10
2307 156 5225 10
3404 4332 4585 10
3359 3358 3360 10
4530 3568 4531 10
3365 3132 3366 10
4377 3285 6184 10
3272 3532 5340 10
3289 3261 5485 10
4226 2371 5978 10
5175 5956 6198 10
3591 3592 5025 10
3478 3155 3479 10
3320 5103 5463 10
4299 4298 4773 10
3905 3864 6072 10
3488 3489 4309 10
4155 5514 5527 10
3644 3279 5440 10
4535 2507 6151 10
4226 5978 5984 10
3202 3903 5272 10
71 72 5269 10
3511 4768 6394 10
3781 3917 6078 10
3372 4684 5006 10
4629 3482 4729 10
4337 3839 5526 10
2401 4808 4880 10
3381 3152 3382 10
3672 3264 5288 10
3860 3859 6094 10
3397 3154 3398 10
3585 3584 4264 10
97 3831 6260 10
2905 3316 6336 10
3724 3722 6110 10
3595 3598 5305 10
3494 3495 4255 10
4361 3871 6178 10
71 5269 5341 10
3918 3916 6117 10
2335 4226 5984 10
4144 5791 6173 10
3747 3819 6119 10
3459 3462 5543 10
3804 2308 6260 10
246 247 6475 10
3928 3892 6437 10
4101 4096 4104 10
270 2282 6118 10
3862 3861 6140 10
5648 5649 5692 10
4488 3318 4489 10
135 2336 6131 10
4419 4418 6249 10
249 250 6348 10
3927 3926 6165 10
3844 3753 6168 10
3851 3850 6329 10
2968 2970 6328 10
3951 3950 6324 10
70 71 5341 10
245 2281 6356 10
112 2338 6353 10
3725 3723 6172 10
2304 268 6149 10
3334 3123 3335 10
267 2304 6153 10
339 2629 6154 10
357 2626 6156 10
248 2299 6338 10
3620 3618 6190 10
132 2313 6166 10
3743 3769 6197 10
3821 3820 6199 10
5279 2087 6021 10
3760 3827 6218 10
3871 3870 6219 10
3803 3800 6266 10
2306 252 6312 10
3754 3752 6265 10
157 158 5999 10
264 2312 6178 10
3834 3784 6243 10
2312 265 6180 10
3553 3552 6258 10
3785 3812 6250 10
188 189 5345 10
5340 3532 5487 10
251 2306 6298 10
129 2302 6188 10
4600 4601 5520 10
261 2319 6206 10
2319 262 6210 10
119 2309 6274 10
3580 4838 4839 10
126 2291 6214 10
254 2322 6272 10
2343 274 6339 10
2308 96 6260 10
2339 259 6247 10
5075 5076 6100 10
4552 4553 6116 10
2294 153 5346 10
3314 2905 6336 10
3375 3149 3376 10
3499 3500 4738 10
227 228 5350 10
3623 3942 6416 10
3899 3601 6414 10
6268 4751 6275 10
3956 3957 5354 10
3384 3157 3385 10
3426 3427 3428 10
4326 2106 5720 10
3647 3648 5357 10
6272 3951 6312 10
3914 3265 5358 10
2353 3440 5418 10
232 233 5363 10
3760 2363 6486 10
3368 3136 3369 10
3273 3835 6029 10
3179 3236 5353 10
3440 5245 5418 10
3360 3361 5988 10
3726 3273 6031 10
3325 3324 3326 10
3220 3626 3627 10
4281 5474 6082 10
3316 4934 4935 10
68 69 5366 10
3626 3225 3628 10
4286 4320 4327 10
186 187 5367 10
62 2341 6077 10
4368 3553 6206 10
3604 3607 5370 10
5076 3748 5964 10
3376 4980 4981 10
4856 1950 6333 10
3396 3397 5414 10
2279 150 5372 10
5507 4010 5516 10
3705 3275 4788 10
3964 4147 6101 10
3484 3161 6275 10
3231 3832 3833 10
3279 3707 6071 10
3251 3727 4359 10
3581 3580 5257 10
3282 3959 5373 10
3906 3267 5374 10
154 155 6013 10
3268 4473 5404 10
4218 4215 5494 10
3433 6169 6332 10
4088 5344 5550 10
3165 3590 6328 10
3254 3293 5351 10
3479 5403 6412 10
3300 4949 6236 10
5084 5083 6246 10
3420 3422 5245 10
3572 5304 5443 10
3548 3551 5381 10
4541 3303 4542 10
4158 4157 5509 10
5669 5420 5843 10
5374 3267 5383 10
5426 5671 5886 10
3443 2611 5391 10
3272 4863 6074 10
1924 4806 4807 10
5090 4264 6430 10
3826 3284 6330 10
4632 4631 6201 10
3832 3235 4259 10
3676 3239 4283 10
3727 3256 4392 10
3612 3613 5382 10
5379 3612 5382 10
4949 3300 4951 10
4779 4753 6385 10
4388 3659 5959 10
3225 3938 3939 10
4358 3387 5347 10
4777 4299 5400 10
5441 5705 5992 10
3267 3675 5383 10
66 67 5384 10
4372 4276 5980 10
3239 3615 4301 10
3387 3160 3388 10
2511 4973 5503 10
5811 5422 5850 10
3841 3251 4371 10
4012 4013 5479 10
4099 5349 5549 10
3325 3329 5410 10
3829 3231 4241 10
5383 3675 5392 10
5170 3310 5985 10
2296 147 5387 10
3244 4569 6231 10
3675 3269 5392 10
3208 3899 6414 10
4263 3612 5379 10
3240 3676 4307 10
3235 3845 4280 10
3162 3488 6287 10
3938 3228 3940 10
3756 3841 4369 10
3615 3247 4331 10
5392 3269 5398 10
2331 4388 5959 10
1865 4737 4738 10
4658 2451 4771 10
4108 4109 4110 10
4931 4930 6018 10
1913 4780 4781 10
4753 4754 6044 10
4147 5371 6101 10
4593 2463 4819 10
4926 2495 5977 10
3233 3829 4250 10
4994 4333 5146 10
3218 3554 3555 10
4597 2411 4959 10
3483 3484 4357 10
2682 2680 5397 10
4516 1893 4727 10
4298 4563 4564 10
3165 3589 3590 10
1920 4883 4884 10
1915 4772 4773 10
3853 3268 5404 10
3269 3700 5398 10
3697 3260 5538 10
151 152 6033 10
3852 3853 5423 10
4281 4282 5474 10
4766 3511 6394 10
5479 2207 5492 10
3855 3240 4295 10
2282 4338 6118 10
3845 3241 4314 10
3417 3429 3433 10
3248 3756 4366 10
3247 3947 4344 10
3511 3512 6208 10
6036 4479 6463 10
5398 3700 5406 10
3228 3543 4244 10
3481 3159 3482 10
5395 3968 6101 10
3289 5485 5969 10
1653 1654 2452 10
3589 3588 4279 10
3253 3949 4408 10
3497 3498 4270 10
3405 3406 4332 10
3259 3948 5531 10
3947 3249 4363 10
3306 5969 6047 10
1863 1 6171 10
4687 3502 4688 10
3700 3270 5406 10
6126 4545 6205 10
3718 3253 4406 10
3749 3248 4370 10
3237 3855 4290 10
976 977 2475 10
1086 1087 2006 10
866 867 2061 10
1196 1197 2473 10
756 757 2479 10
1306 1307 1951 10
1416 1417 2480 10
1313 1314 5268 10
749 750 5265 10
1203 1204 5271 10
859 860 5260 10
1093 1094 5273 10
969 970 5275 10
983 984 5253 10
1079 1080 5276 10
873 874 5251 10
1189 1190 5277 10
763 764 5249 10
1299 1300 5247 10
1409 1410 5246 10
3241 3728 4333 10
1320 1321 2470 10
742 743 2092 10
1210 1211 1975 10
852 853 2486 10
1100 1101 2467 10
962 963 2037 10
990 991 2030 10
1072 1073 2489 10
880 881 2490 10
1182 1183 1982 10
770 771 2085 10
1292 1293 2465 10
1402 1403 1927 10
1327 1328 5282 10
735 736 5243 10
1217 1218 5241 10
845 846 5239 10
1107 1108 5236 10
955 956 5287 10
997 998 5232 10
1065 1066 5230 10
887 888 5291 10
1175 1176 5228 10
3249 3718 4395 10
777 778 5226 10
1285 1286 5296 10
1395 1396 5297 10
1334 1335 1944 10
728 729 2495 10
1224 1225 2462 10
838 839 2068 10
1114 1115 1999 10
948 949 2461 10
1004 1005 2460 10
1058 1059 2013 10
894 895 2054 10
1168 1169 2458 10
784 785 2456 10
1278 1279 1958 10
1388 1389 2500 10
1341 1342 5215 10
721 722 5214 10
3580 4839 5257 10
1231 1232 5298 10
831 832 5300 10
1121 1122 5211 10
941 942 5303 10
1011 1012 5306 10
1051 1052 5311 10
901 902 5312 10
1161 1162 5313 10
3654 3237 6056 10
791 792 5205 10
1271 1272 5204 10
1381 1382 5320 10
1348 1349 2503 10
1238 1239 1968 10
824 825 2439 10
1128 1129 2505 10
934 935 2044 10
1018 1019 2023 10
1044 1045 2507 10
908 909 2508 10
1154 1155 1989 10
798 799 2078 10
2304 4351 6153 10
1264 1265 2510 10
1374 1375 1934 10
1355 1356 5324 10
1420 1538 4627 10
1245 1246 5327 10
817 818 5201 10
1135 1136 5329 10
927 928 5198 10
1025 1026 5192 10
1037 1038 5191 10
1617 1618 4776 10
1622 1623 1917 10
915 916 5187 10
1612 1613 2485 10
1627 1628 4779 10
1607 1608 4780 10
1147 1148 5186 10
1632 1633 2494 10
1602 1603 1912 10
1637 1638 2483 10
1597 1598 4797 10
1642 1643 4800 10
1592 1593 2482 10
805 806 5334 10
1647 1648 1923 10
1257 1258 5183 10
1587 1588 4641 10
1652 1653 4805 10
1582 1583 1907 10
1577 1578 4819 10
1367 1368 5180 10
1572 1573 2497 10
1362 1363 1937 10
1567 1568 4638 10
1562 1563 1902 10
1252 1253 2409 10
810 811 2075 10
1557 1558 4821 10
1142 1143 1992 10
1552 1553 2501 10
920 921 2408 10
1032 1033 2513 10
1547 1548 4633 10
1030 1031 2020 10
1542 1543 1895 10
922 923 2047 10
1140 1141 2405 10
812 813 2404 10
1250 1251 1965 10
1541 1542 4853 10
1360 1361 2516 10
1546 1547 1896 10
1369 1370 5174 10
1551 1552 4611 10
3543 3232 4257 10
1259 1260 5339 10
803 804 5337 10
1556 1557 2502 10
1149 1150 5168 10
913 914 5333 10
1561 1562 4594 10
1039 1040 5331 10
1023 1024 5163 10
5120 6028 6164 10
3426 3425 3427 10
1566 1567 1903 10
929 930 5330 10
1133 1134 5156 10
1571 1572 4587 10
819 820 5328 10
1243 1244 5150 10
1576 1577 2463 10
1353 1354 5325 10
1376 1377 2398 10
1581 1582 4584 10
1266 1267 1961 10
796 797 2397 10
1586 1587 1908 10
1648 1649 4880 10
1156 1157 2520 10
906 907 2051 10
1437 1438 4665 10
1519 1520 4672 10
1472 1473 2420 10
1484 1485 2423 10
1449 1450 4673 10
1507 1508 4664 10
1425 1426 4677 10
1531 1532 4679 10
1460 1461 2429 10
1496 1497 2431 10
1461 1462 4655 10
1495 1496 4659 10
1426 1427 1892 10
1530 1531 1877 10
1448 1449 2433 10
1508 1509 2418 10
1473 1474 4651 10
1483 1484 4689 10
1438 1439 1889 10
1518 1519 1874 10
1436 1437 2415 10
1520 1521 2417 10
1471 1472 4695 10
1485 1486 4698 10
1591 1592 4577 10
1450 1451 1886 10
1506 1507 1871 10
1424 1425 2437 10
1532 1533 2438 10
1459 1460 4702 10
1497 1498 4704 10
1462 1463 1883 10
1494 1495 1868 10
1427 1428 4662 10
1529 1530 4705 10
1447 1448 4712 10
1509 1510 4663 10
1046 1047 2016 10
1474 1475 1880 10
1482 1483 1864 10
1439 1440 4716 10
1517 1518 4717 10
1643 1644 1922 10
1016 1017 2395 10
1435 1436 4719 10
1521 1522 4669 10
1470 1471 1881 10
1486 1487 1865 10
1505 1506 4721 10
1451 1452 4676 10
1423 1424 4727 10
1533 1534 4728 10
1458 1459 1884 10
1498 1499 1869 10
1463 1464 4731 10
1493 1494 4732 10
1428 1429 2443 10
1528 1529 2414 10
1596 1597 2457 10
936 937 2394 10
1446 1447 1887 10
1510 1511 1872 10
1475 1476 4685 10
1481 1482 4686 10
1126 1127 1996 10
1440 1441 2416 10
1516 1517 2447 10
1522 1523 1875 10
1434 1435 1890 10
1638 1639 4573 10
1469 1470 4696 10
1487 1488 4737 10
1452 1453 2449 10
1504 1505 2448 10
1422 1423 1893 10
1534 1535 1878 10
1457 1458 4699 10
1499 1500 4703 10
826 827 2071 10
1464 1465 2451 10
1492 1493 2450 10
1236 1237 2393 10
1601 1602 4882 10
1429 1430 4746 10
1527 1528 4750 10
1445 1446 4710 10
1511 1512 4755 10
1480 1481 2422 10
1476 1477 2421 10
1441 1442 4713 10
1515 1516 4760 10
1633 1634 4565 10
1433 1434 4720 10
1523 1524 4761 10
1468 1469 2426 10
1488 1489 2427 10
1346 1347 1941 10
1503 1504 4723 10
1453 1454 4767 10
1535 1536 4725 10
1421 1422 4726 10
1606 1607 1913 10
1456 1457 2428 10
1500 1501 2430 10
1491 1492 4733 10
1465 1466 4771 10
1430 1431 1891 10
1526 1527 1876 10
1628 1629 2493 10
1383 1384 5317 10
1444 1445 2432 10
1512 1513 2446 10
1479 1480 4735 10
1477 1478 4774 10
1442 1443 1888 10
1514 1515 1873 10
1432 1433 2444 10
1524 1525 2445 10
1611 1612 4562 10
1467 1468 4769 10
1489 1490 4736 10
1273 1274 5315 10
1502 1503 1870 10
1454 1455 1885 10
789 790 5138 10
369 1421 2436 10
1536 1420 2435 10
1623 1624 4558 10
1455 1456 4765 10
1501 1502 4745 10
1490 1491 1867 10
1466 1467 1882 10
1163 1164 5137 10
1431 1432 4748 10
1525 1526 4764 10
1616 1617 2491 10
899 900 5135 10
1443 1444 4758 10
1513 1514 4759 10
1478 1479 1866 10
1618 1619 1916 10
1053 1054 5307 10
1009 1010 5133 10
1621 1622 4561 10
943 944 5302 10
1613 1614 4908 10
1119 1120 5301 10
1626 1627 1918 10
833 834 5299 10
1229 1230 5129 10
1608 1609 2441 10
723 724 5127 10
1339 1340 5125 10
1631 1632 4912 10
1603 1604 4570 10
1390 1391 1930 10
1636 1637 4576 10
1280 1281 2523 10
782 783 2082 10
1598 1599 1911 10
5308 3370 5309 10
1170 1171 1985 10
1641 1642 2424 10
892 893 2524 10
3750 3749 4365 10
1593 1594 4917 10
1060 1061 2390 10
1002 1003 2027 10
1646 1647 4920 10
950 951 2040 10
1588 1589 2481 10
1112 1113 2389 10
1651 1652 1924 10
840 841 2528 10
1222 1223 1972 10
1583 1584 4581 10
730 731 2095 10
1332 1333 2387 10
1578 1579 1906 10
1397 1398 5119 10
3728 3245 4341 10
1287 1288 5294 10
775 776 5115 10
1573 1574 4590 10
1177 1178 5293 10
885 886 5292 10
1067 1068 5112 10
1568 1569 2474 10
995 996 5289 10
957 958 5107 10
1105 1106 5286 10
1563 1564 4598 10
847 848 5285 10
1215 1216 5284 10
737 738 5104 10
1558 1559 1901 10
1325 1326 5283 10
1404 1405 2386 10
1553 1554 4963 10
1294 1295 1954 10
768 769 2530 10
1184 1185 2533 10
1548 1549 2471 10
878 879 2058 10
1074 1075 2009 10
988 989 2383 10
1543 1544 4617 10
964 965 2381 10
1098 1099 2003 10
3729 3229 3730 10
854 855 2064 10
3245 3750 4355 10
1538 1539 1879 10
1208 1209 2536 10
744 745 2379 10
1318 1319 1948 10
1540 1541 2469 10
1411 1412 5098 10
1301 1302 5280 10
1545 1546 4634 10
761 762 5279 10
1191 1192 5095 10
871 872 5093 10
1550 1551 1897 10
1081 1082 5091 10
981 982 5089 10
971 972 5274 10
1091 1092 5086 10
1555 1556 4636 10
3232 3719 4267 10
861 862 5085 10
1201 1202 5270 10
751 752 5078 10
1560 1561 2403 10
1311 1312 5267 10
1418 1419 1894 10
1565 1566 4959 10
1308 1309 2376 10
3373 3145 3374 10
754 755 2089 10
1198 1199 1978 10
1570 1571 1904 10
864 865 2375 10
1088 1089 2538 10
974 975 2034 10
3437 2353 5947 10
1575 1576 4944 10
978 979 2033 10
1084 1085 2539 10
868 869 2540 10
1194 1195 1979 10
1580 1581 2464 10
758 759 2088 10
1304 1305 2377 10
1585 1586 4925 10
1414 1415 1899 10
1649 1650 2401 10
1315 1316 5074 10
747 748 5068 10
1590 1591 1909 10
1205 1206 5264 10
857 858 5263 10
1644 1645 4922 10
1095 1096 5258 10
1595 1596 4919 10
967 968 5256 10
4678 3521 6108 10
1639 1640 1921 10
985 986 5063 10
1077 1078 5062 10
1600 1601 2400 10
875 876 5252 10
1187 1188 5250 10
5590 5764 5914 10
1634 1635 1920 10
765 766 5052 10
1297 1298 5049 10
1605 1606 4913 10
1407 1408 5048 10
3266 3943 6176 10
1629 1630 4752 10
1322 1323 1947 10
1610 1611 1914 10
740 741 2378 10
1624 1625 2454 10
1212 1213 2380 10
850 851 2065 10
1615 1616 4772 10
1102 1103 2002 10
4150 4151 4153 10
960 961 2382 10
1619 1620 4907 10
992 993 2545 10
1070 1071 2010 10
1620 1621 2453 10
882 883 2057 10
1614 1615 1915 10
1180 1181 2547 10
772 773 2384 10
1625 1626 4894 10
1290 1291 1955 10
2312 4361 6178 10
1609 1610 4889 10
1400 1401 2385 10
1630 1631 1919 10
1329 1330 5244 10
733 734 5044 10
1604 1605 2442 10
1219 1220 5043 10
843 844 5041 10
1635 1636 4883 10
1109 1110 5238 10
1599 1600 4794 10
953 954 5034 10
1640 1641 4881 10
999 1000 5235 10
1063 1064 5030 10
180 181 5411 10
1594 1595 1910 10
889 890 5024 10
1173 1174 5229 10
1645 1646 2425 10
4508 2498 5138 10
1943 5125 5126 10
779 780 5022 10
1283 1284 5020 10
1589 1590 4804 10
2045 4532 5330 10
4467 2084 5115 10
3460 3459 3461 10
2029 5289 5290 10
1393 1394 5222 10
4904 2488 5286 10
1650 1651 4810 10
4898 1974 5284 10
1584 1585 2413 10
1336 1337 2548 10
726 727 2096 10
1226 1227 1971 10
836 837 2550 10
3489 3490 4309 10
4602 2608 5183 10
1579 1580 4875 10
1116 1117 2388 10
1952 4429 5280 10
946 947 2041 10
2515 5158 5329 10
1006 1007 2026 10
4869 2005 5086 10
1056 1057 2391 10
1574 1575 1905 10
896 897 2553 10
1166 1167 1986 10
786 787 2081 10
1569 1570 4820 10
1276 1277 2392 10
1386 1387 1931 10
1564 1565 2411 10
5104 6102 6488 10
1343 1344 5217 10
2521 5313 5314 10
1233 1234 5015 10
1976 4441 5264 10
829 830 5011 10
1559 1560 4822 10
2036 5256 5257 10
1123 1124 5212 10
939 940 5008 10
2582 4833 5252 10
4460 1981 5250 10
1013 1014 5209 10
1554 1555 1898 10
1049 1050 5005 10
903 904 5003 10
1159 1160 5002 10
1549 1550 4855 10
793 794 5207 10
1269 1270 4999 10
1379 1380 5203 10
3310 4609 5185 10
1544 1545 2410 10
1350 1351 1940 10
2526 5230 5231 10
1240 1241 2555 10
1539 1540 4854 10
3310 5185 5985 10
822 823 2072 10
2578 4481 5043 10
1130 1131 1995 10
932 933 2557 10
2000 4489 5238 10
2576 5034 5035 10
4814 2094 5243 10
1020 1021 2558 10
1042 1043 2017 10
910 911 2050 10
1152 1153 2396 10
4786 1957 5020 10
3720 4549 6216 10
800 801 2562 10
1262 1263 1962 10
5225 3681 5994 10
317 318 5413 10
1372 1373 2399 10
4792 4793 6017 10
1357 1358 4992 10
3998 3999 5450 10
1247 1248 4986 10
815 816 5200 10
1137 1138 5199 10
925 926 5195 10
1027 1028 5193 10
5061 2008 5276 10
1035 1036 4979 10
917 918 5189 10
1145 1146 5184 10
807 808 4976 10
1255 1256 5182 10
2419 5005 5006 10
1365 1366 5181 10
1364 1365 2402 10
4551 2412 4999 10
1254 1255 1964 10
808 809 2564 10
1144 1145 2406 10
918 919 2048 10
1034 1035 2019 10
1028 1029 2565 10
4884 3430 5662 10
924 925 2407 10
2319 4368 6206 10
1138 1139 1993 10
814 815 2074 10
6029 4955 6030 10
1248 1249 2567 10
1358 1359 1938 10
3271 3930 5417 10
1371 1372 4974 10
4142 4207 4208 10
1261 1262 4973 10
801 802 5172 10
3306 3289 5969 10
1151 1152 5171 10
911 912 5165 10
3980 3981 5452 10
2407 5195 5196 10
1041 1042 5164 10
1021 1022 5160 10
2406 5184 5185 10
4467 3260 5962 10
931 932 4968 10
4286 3171 4320 10
1131 1132 5154 10
821 822 5151 10
1241 1242 5149 10
1351 1352 5144 10
1378 1379 1933 10
2396 4542 5171 10
1268 1269 2412 10
794 795 2079 10
5245 3422 5418 10
1158 1159 1988 10
904 905 2568 10
5281 1946 5282 10
1048 1049 2419 10
1014 1015 2024 10
938 939 2043 10
1124 1125 2434 10
828 829 2440 10
1234 1235 1969 10
5419 4177 5471 10
1344 1345 2571 10
3492 3493 4268 10
1385 1386 5140 10
3487 3162 6287 10
1275 1276 4953 10
2391 4497 5134 10
787 788 5139 10
4060 5425 5473 10
1165 1166 4948 10
3486 3487 4336 10
897 898 5136 10
1055 1056 5134 10
1007 1008 5132 10
4144 4143 5456 10
4435 4392 4436 10
945 946 4938 10
1117 1118 4932 10
835 836 5130 10
1227 1228 5128 10
725 726 4927 10
1337 1338 5124 10
1392 1393 2573 10
4956 3835 4957 10
4401 3951 6272 10
148 149 6045 10
1282 1283 1957 10
780 781 2455 10
1172 1173 2575 10
890 891 2055 10
4935 2551 5211 10
1062 1063 2012 10
1000 1001 2459 10
952 953 2576 10
1110 1111 2000 10
842 843 2067 10
1220 1221 2578 10
732 733 2579 10
1330 1331 1945 10
1399 1400 5122 10
4013 4077 5479 10
4006 4005 4008 10
1289 1290 5117 10
773 774 5116 10
1179 1180 4909 10
883 884 5114 10
1069 1070 5110 10
993 994 5109 10
5417 3930 5432 10
3452 3528 5427 10
4863 2088 4876 10
959 960 5106 10
1103 1104 4905 10
1979 4424 4873 10
849 850 4900 10
4293 3421 6059 10
1213 1214 4899 10
739 740 4892 10
1323 1324 4886 10
2528 5039 5040 10
2393 4520 4734 10
1406 1407 1926 10
4473 1954 4826 10
1296 1297 2581 10
5435 4465 5962 10
766 767 2086 10
4259 3235 5177 10
1186 1187 1981 10
876 877 2582 10
1076 1077 2584 10
986 987 2031 10
2049 5187 5188 10
966 967 2036 10
1096 1097 2466 10
856 857 2468 10
2508 4538 4649 10
1206 1207 1976 10
3323 3324 3325 10
746 747 2091 10
1316 1317 2587 10
5014 2570 5299 10
1413 1414 5096 10
3582 3581 4266 10
2322 4401 6272 10
2556 4989 5150 10
1303 1304 4878 10
759 760 4876 10
1419 369 4513 10
1193 1194 4873 10
869 870 4872 10
1083 1084 4871 10
979 980 5088 10
973 974 5087 10
1089 1090 4870 10
2328 140 5428 10
863 864 5082 10
2299 5001 6338 10
1199 1200 5079 10
753 754 4864 10
1309 1310 4856 10
2306 4409 6298 10
1310 1311 1950 10
752 753 2588 10
1200 1201 2472 10
862 863 2062 10
1090 1091 2005 10
972 973 2476 10
2092 4851 4891 10
980 981 2591 10
1082 1083 2007 10
870 871 2060 10
5051 3853 5404 10
1192 1193 2477 10
760 761 2478 10
1302 1303 1952 10
4045 5421 5472 10
1412 1413 2593 10
1317 1318 5073 10
745 746 4848 10
1207 1208 5067 10
855 856 4843 10
4038 4037 5465 10
1097 1098 5066 10
965 966 5065 10
3930 3637 5432 10
987 988 4834 10
1075 1076 5058 10
877 878 5057 10
1185 1186 5056 10
767 768 4828 10
1295 1296 4826 10
1405 1406 4823 10
5442 4170 5802 10
1324 1325 2484 10
738 739 2093 10
1214 1215 1974 10
3398 3154 3399 10
848 849 2487 10
1104 1105 2488 10
958 959 2038 10
994 995 2029 10
1068 1069 2595 10
884 885 2596 10
1178 1179 1983 10
5346 3711 6009 10
774 775 2084 10
1288 1289 2492 10
1398 1399 1928 10
1331 1332 5045 10
731 732 4811 10
1221 1222 5042 10
3398 4296 4798 10
841 842 5039 10
1111 1112 5038 10
951 952 5037 10
1001 1002 5031 10
1061 1062 5026 10
891 892 4803 10
1171 1172 5023 10
781 782 5021 10
1281 1282 4789 10
4018 4017 4019 10
1391 1392 5018 10
1338 1339 1943 10
724 725 2496 10
4171 4191 4192 10
1228 1229 2599 10
834 835 2069 10
3960 3283 6065 10
1118 1119 1998 10
944 945 2600 10
1008 1009 2602 10
1054 1055 2014 10
898 899 2053 10
1164 1165 2604 10
788 789 2498 10
1274 1275 1959 10
2148 5509 5512 10
1384 1385 2499 10
1345 1346 4739 10
4217 4215 4218 10
1235 1236 4734 10
827 828 4730 10
1125 1126 5010 10
937 938 4706 10
4524 5965 6181 10
5334 5335 5336 10
1015 1016 4692 10
1047 1048 5007 10
905 906 4646 10
1157 1158 4642 10
795 796 5000 10
3473 3144 3474 10
1267 1268 4640 10
5054 5055 6021 10
1377 1378 4996 10
4080 4082 4083 10
1352 1353 2504 10
1242 1243 1967 10
3302 4643 6428 10
820 821 2606 10
1132 1133 2607 10
930 931 2045 10
1022 1023 2022 10
1040 1041 2506 10
912 913 2509 10
1150 1151 1990 10
802 803 2077 10
1260 1261 2511 10
4213 4158 5509 10
1370 1371 1935 10
4091 4093 4094 10
2353 5418 5947 10
1359 1360 4991 10
5317 5318 5319 10
4163 4162 4165 10
1249 1250 4623 10
177 178 5439 10
813 814 4984 10
1139 1140 4618 10
923 924 4983 10
4261 5360 6092 10
3376 3149 3377 10
1029 1030 4982 10
1033 1034 4978 10
3520 4747 6386 10
919 920 4977 10
1143 1144 4610 10
809 810 4603 10
1253 1254 4599 10
4357 4680 6373 10
1363 1364 4975 10
1366 1367 1936 10
1256 1257 2608 10
806 807 2076 10
1146 1147 1991 10
916 917 2512 10
1036 1037 2514 10
1026 1027 2021 10
926 927 2046 10
3334 3335 3340 10
1136 1137 2515 10
816 817 2605 10
1246 1247 1966 10
1356 1357 2517 10
1373 1374 4556 10
3479 3155 3480 10
1263 1264 4554 10
799 800 4970 10
3465 3458 4252 10
3636 3638 5446 10
1153 1154 4969 10
909 910 4538 10
4668 4749 6391 10
1043 1044 4535 10
1019 1020 4533 10
933 934 4529 10
4379 2097 5127 10
1129 1130 4967 10
823 824 4522 10
1239 1240 4517 10
1349 1350 4965 10
1380 1381 2518 10
1270 1271 1960 10
792 793 2519 10
1160 1161 2521 10
902 903 2052 10
1050 1051 2015 10
1012 1013 2603 10
940 941 2601 10
1122 1123 1997 10
830 831 2070 10
1232 1233 2522 10
4545 3259 6205 10
720 721 2598 10
1342 1343 1942 10
1387 1388 4510 10
5372 3849 6025 10
1277 1278 4958 10
785 786 4505 10
3476 3151 3477 10
1167 1168 4952 10
895 896 4945 10
1057 1058 4498 10
1005 1006 4942 10
947 948 4941 10
1115 1116 4936 10
3388 3389 3390 10
837 838 4482 10
4409 3625 6298 10
1225 1226 4928 10
727 728 4926 10
5069 5068 5070 10
1335 1336 4475 10
1394 1395 1929 10
1284 1285 2597 10
778 779 2083 10
1174 1175 1984 10
888 889 2525 10
5052 5053 5054 10
5050 5049 5051 10
3323 3325 5445 10
1064 1065 2526 10
998 999 2028 10
954 955 2039 10
5446 3638 5467 10
1108 1109 2527 10
4231 2296 6053 10
844 845 2594 10
1218 1219 1973 10
734 735 2094 10
1328 1329 2529 10
4178 4176 4179 10
1401 1402 4910 10
1291 1292 4470 10
771 772 4464 10
1181 1182 4461 10
3586 3585 4264 10
881 882 4453 10
1071 1072 4906 10
991 992 4447 10
961 962 4444 10
1101 1102 4901 10
851 852 4443 10
1211 1212 4895 10
4231 6053 6058 10
741 742 4891 10
1321 1322 4433 10
1408 1409 2592 10
1298 1299 1953 10
764 765 2531 10
3365 3366 6174 10
2296 6042 6053 10
1188 1189 2532 10
874 875 2059 10
1078 1079 2008 10
984 985 2590 10
968 969 2534 10
1094 1095 2004 10
858 859 2063 10
1204 1205 2535 10
4029 4028 4031 10
748 749 2589 10
1314 1315 1949 10
1415 1416 4879 10
1305 1306 4426 10
5456 2166 5791 10
757 758 4877 10
1195 1196 4874 10
4135 4134 4137 10
3328 3321 6291 10
867 868 4417 10
1085 1086 4414 10
977 978 4410 10
2336 6078 6131 10
3395 3396 5414 10
4069 4068 4071 10
975 976 4411 10
5335 4395 5336 10
1087 1088 4866 10
4312 4040 5628 10
865 866 4420 10
1197 1198 4421 10
3638 3641 5467 10
5544 5543 5650 10
4212 4158 4213 10
755 756 4860 10
1307 1308 4859 10
4150 4153 4154 10
3333 4903 4904 10
1417 1418 4430 10
1312 1313 2586 10
750 751 2090 10
1202 1203 1977 10
4242 4687 6370 10
860 861 2537 10
5713 5396 6177 10
1092 1093 2585 10
970 971 2035 10
4258 5614 5916 10
982 983 2032 10
1080 1081 2583 10
872 873 2541 10
1190 1191 1980 10
2361 4231 6058 10
762 763 2087 10
1300 1301 2542 10
1410 1411 1900 10
3490 3163 3491 10
1319 1320 4434 10
743 744 4852 10
3379 3146 3380 10
1209 1210 4438 10
853 854 4847 10
3168 3586 3587 10
1099 1100 4840 10
963 964 4837 10
989 990 4835 10
1073 1074 4450 10
3971 3972 3974 10
3329 3326 3330 10
879 880 4830 10
1183 1184 4457 10
5387 3691 6042 10
2361 6058 6064 10
769 770 4468 10
1293 1294 4827 10
1403 1404 4474 10
1326 1327 1946 10
736 737 2580 10
3989 3990 3992 10
1216 1217 2543 10
846 847 2066 10
4953 4954 4956 10
4831 3627 4832 10
4024 5459 5852 10
3356 3355 3357 10
3261 5351 5485 10
1106 1107 2001 10
956 957 2577 10
996 997 2544 10
1066 1067 2011 10
886 887 2056 10
1176 1177 2546 10
776 777 2574 10
1286 1287 1956 10
1396 1397 2572 10
1333 1334 4818 10
729 730 4816 10
1223 1224 4478 10
839 840 4485 10
4276 4315 5980 10
4008 4005 4009 10
1113 1114 4486 10
949 950 4490 10
1003 1004 4493 10
4184 4183 4185 10
1059 1060 4494 10
893 894 4499 10
1169 1170 4502 10
783 784 4790 10
1279 1280 4783 10
1389 1390 4509 10
174 175 5484 10
1340 1341 2549 10
722 723 2097 10
2313 6094 6166 10
1230 1231 1970 10
832 833 2570 10
3404 3140 3405 10
4020 4019 5555 10
1120 1121 2551 10
4675 3514 4711 10
942 943 2042 10
1010 1011 2025 10
1052 1053 2569 10
4233 2361 6064 10
3730 5019 6217 10
900 901 2552 10
1162 1163 1987 10
3385 3157 3386 10
790 791 2080 10
2313 133 5488 10
1272 1273 2554 10
3422 3424 5418 10
3642 3911 5490 10
1382 1383 1932 10
1347 1348 4742 10
1237 1238 4521 10
825 826 4523 10
1127 1128 4525 10
935 936 4709 10
3382 3152 3383 10
1017 1018 4694 10
4233 6064 6068 10
5538 3260 6276 10
1045 1046 4682 10
907 908 4650 10
1155 1156 4539 10
797 798 4543 10
1265 1266 4547 10
1375 1376 4555 10
3379 4391 5194 10
1354 1355 1939 10
1244 1245 2556 10
3337 4868 4869 10
1960 5204 5867 10
818 819 2073 10
1134 1135 1994 10
928 929 2566 10
2678 2676 5556 10
1024 1025 2559 10
1038 1039 2018 10
914 915 2049 10
2374 5991 6007 10
1148 1149 2560 10
804 805 2561 10
1258 1259 1963 10
1368 1369 2563 10
4391 3381 6005 10
6170 5099 6435 10
1361 1362 4630 10
3579 3578 4247 10
1251 1252 4626 10
5001 3671 6338 10
811 812 4622 10
1141 1142 4606 10
921 922 4613 10
4165 4162 4166 10
2374 3437 5991 10
3361 5060 5061 10
1031 1032 4614 10
2626 3969 6075 10
3599 3208 6414 10
5490 3911 5500 10
2302 6110 6188 10
2317 4233 6068 10
3496 3186 3497 10
4003 4002 6038 10
5853 5627 5915 10
4696 4697 6238 10
5355 4676 6208 10
3388 3160 3389 10
3500 3501 4242 10
3565 4402 4960 10
3912 3921 5496 10
4108 4107 4109 10
3576 3575 4245 10
2291 6119 6214 10
3911 3837 5500 10
4031 4028 4032 10
5267 6100 6333 10
3560 3559 4649 10
5051 5247 5248 10
4137 4134 4138 10
4270 3499 5326 10
5070 5265 6070 10
4018 4020 4021 10
4071 4068 4072 10
2302 130 5506 10
4671 3488 4718 10
3493 3170 3494 10
141 142 6079 10
3322 3323 5101 10
3971 3974 3975 10
4396 3481 4885 10
3294 4440 6062 10
3557 3556 4315 10
3989 3992 3993 10
4175 4176 4177 10
4454 3629 6457 10
4790 4791 4792 10
4057 4058 4060 10
3437 5947 5991 10
1 3 6171 10
3853 5051 5423 10
2338 6197 6353 10
5428 3905 6072 10
3482 3159 3483 10
4042 4043 4045 10
4036 4260 4261 10
4547 4548 4549 10
2307 5225 5994 10
2112 5543 5544 10
4268 4722 6365 10
5156 5157 5159 10
3488 4309 4718 10
3370 3369 3371 10
2309 6168 6274 10
5361 5306 5362 10
171 172 5523 10
3838 3716 5526 10
5464 4033 5483 10
3359 3360 5988 10
5254 5253 5255 10
4155 4151 4156 10
4184 4186 4187 10
5251 5529 5530 10
5142 4255 6381 10
4392 4435 6451 10
3362 4451 6303 10
2643 5413 6035 10
4309 3490 5551 10
3423 4293 5448 10
4408 3949 4545 10
362 2 6241 10
2460 4943 5033 10
5173 3139 6437 10
5131 244 6356 10
3451 4039 4040 10
4280 6201 6441 10
3166 3583 3584 10
4006 4010 4011 10
3428 3435 3436 10
4513 4514 6341 10
3441 2374 6007 10
5489 5244 6223 10
5026 5027 5029 10
2291 127 5539 10
5526 3716 5553 10
4057 4060 4061 10
5295 5294 6421 10
3495 3496 4255 10
4042 4045 4046 10
3460 3463 3464 10
2 364 6241 10
4671 1874 4672 10
1865 4691 4698 10
2429 4701 4702 10
4681 2414 4705 10
4675 1887 4712 10
4715 1889 4716 10
6063 5278 6093 10
4667 1890 4719 10
2451 4657 4731 10
4661 2450 4732 10
2421 4653 4685 10
4642 4643 4645 10
4688 1866 4735 10
1873 4757 4759 10
4022 4017 4023 10
5032 2027 5033 10
4629 1878 4725 10
3459 3458 3462 10
5094 6155 6496 10
4512 3733 5318 10
5094 5093 5530 10
3962 3965 3966 10
3479 4396 5403 10
4619 4618 4621 10
4163 4167 4169 10
3963 3962 3966 10
3962 3964 3965 10
5455 4139 5470 10
4080 4079 4081 10
4483 4484 6192 10
1912 4796 4882 10
4091 4090 4092 10
4560 2453 4561 10
5063 5064 5255 10
1915 4564 4908 10
5268 5075 6469 10
4567 1919 4912 10
2249 5618 6024 10
5395 5562 5703 10
4576 4575 4883 10
3716 3715 5553 10
5488 3918 6117 10
4236 2328 6091 10
5389 5608 5609 10
5222 5223 6217 10
1908 4583 4925 10
2463 4592 4944 10
1893 4515 4726 10
1913 4572 4913 10
2411 4596 4598 10
5974 3851 6329 10
4775 3503 6105 10
4579 2481 4804 10
2453 4778 4907 10
4799 1910 4919 10
3430 3418 3431 10
4586 1906 4875 10
4802 1921 4881 10
4589 2474 4820 10
4029 4033 4035 10
4236 6091 6099 10
5209 5210 5362 10
4069 4073 4076 10
4135 4139 4141 10
5553 3715 5888 10
4580 3403 4583 10
4647 4372 5004 10
4682 4683 6151 10
2271 5594 5595 10
3999 4350 5450 10
2328 6072 6091 10
3976 3972 3978 10
5019 5018 6217 10
5155 5154 5159 10
3994 3990 3996 10
5506 3862 6140 10
5071 5070 6070 10
2287 124 5786 10
5386 5746 5865 10
6024 4084 6076 10
3715 3717 5888 10
4044 4042 4046 10
2352 3348 6468 10
4059 4057 4061 10
2365 4236 6099 10
3570 3569 5522 10
6024 5617 6139 10
4482 4483 6191 10
3404 3405 4332 10
3346 2341 6442 10
5539 3725 6172 10
3976 5451 5468 10
2365 6099 6106 10
4895 4896 6061 10
5888 3717 5951 10
4604 4363 6344 10
5588 5587 5591 10
3530 4520 5958 10
5418 3424 5947 10
3981 4353 5452 10
5960 3754 6265 10
5786 3821 6199 10
5407 5130 6191 10
3448 2349 5969 10
4285 3171 4286 10
4571 5414 6112 10
4495 4494 5029 10
3717 3909 5951 10
4062 4058 4065 10
4175 4180 4183 10
3485 3161 3486 10
4268 3493 4722 10
4047 4043 4050 10
3513 3514 5856 10
3994 5449 5466 10
4228 2365 6106 10
4540 4539 4645 10
2348 3448 5485 10
3991 3989 3993 10
2182 5625 5626 10
3973 3971 3975 10
5719 5720 5834 10
3999 4001 4350 10
4228 6106 6114 10
6032 4095 6073 10
4134 4136 4138 10
5951 3909 5954 10
4068 4070 4072 10
3981 3983 4353 10
4606 4607 4621 10
4028 4030 4032 10
4612 4352 6410 10
4390 4389 5977 10
4255 3496 4924 10
4162 4164 4166 10
2294 5346 6009 10
3909 3910 5954 10
3963 3967 3969 10
4931 6018 6433 10
5360 5576 5927 10
4086 4079 4087 10
2336 4228 6114 10
4097 4090 4098 10
4266 3581 5412 10
4005 4007 4009 10
5624 5465 5861 10
3586 4264 5090 10
4544 4543 6316 10
4742 4743 6284 10
2224 5679 6032 10
5954 3910 5955 10
3583 4266 5461 10
4152 4150 4154 10
2056 5147 5148 10
3451 4040 6003 10
4320 3257 4327 10
4044 4048 4049 10
4059 4063 4064 10
3583 3582 4266 10
4394 3475 4637 10
5790 5456 5793 10
2220 5921 5922 10
3910 3657 5955 10
5227 5537 5538 10
5145 4341 6124 10
3991 3995 3997 10
3973 3977 3979 10
4140 4136 4142 10
4074 4070 4075 10
4034 4030 4036 10
4168 4164 4171 10
4357 3484 4680 10
4152 4157 4158 10
5525 2102 5874 10
4220 4221 4249 10
4012 4007 4013 10
3656 3658 5959 10
5512 4157 6200 10
2325 117 5960 10
3983 3985 6182 10
3629 4456 6004 10
3499 3187 3500 10
3566 3565 5196 10
4209 4207 4210 10
4770 4769 6238 10
3168 3587 3588 10
164 165 5961 10
4954 4955 6029 10
4242 3502 4687 10
1943 4477 5124 10
2053 4947 5136 10
2498 4507 5139 10
4512 2499 5140 10
2084 4466 5116 10
4463 1983 4909 10
2596 4455 5114 10
2029 4449 5109 10
4446 2038 5106 10
2488 4903 4905 10
1974 4897 4899 10
3463 3461 5545 10
4531 2045 4968 10
4537 2506 5164 10
2077 4972 5172 10
4428 1952 4878 10
4416 2007 4871 10
4413 2476 5087 10
2005 4868 4870 10
2608 4601 5182 10
4605 2076 4976 10
4620 2515 5199 10
4436 2587 5073 10
4440 1976 5067 10
4842 2466 5066 10
2036 4839 5065 10
4832 2582 5057 10
1981 4459 5056 10
2518 4998 5203 10
4767 4768 6208 10
3494 4255 5142 10
2521 4644 5002 10
5944 5143 6139 10
2385 5121 5122 10
3488 3162 3489 10
4741 1942 5217 10
5352 4770 6238 10
3735 3734 6028 10
4480 2578 5042 10
4488 2000 5038 10
2576 4492 5037 10
4501 2055 4803 10
2575 4504 5023 10
4914 3378 5393 10
1957 4785 4789 10
3589 4279 4836 10
2526 5028 5030 10
5402 5695 6211 10
2459 5234 5235 10
2094 4813 5044 10
5959 3658 5966 10
3193 3574 3575 10
4339 3384 4693 10
4193 4191 4194 10
4527 2434 5010 10
3177 3580 3581 10
5386 4099 5549 10
2419 4684 5007 10
3315 4526 4528 10
2592 4825 5048 10
4546 2079 5000 10
2412 4550 4640 10
2008 5060 5062 10
5262 2468 5263 10
5914 2217 6342 10
4893 6071 6102 10
4632 1938 4991 10
3476 4352 4612 10
2407 4961 4983 10
2046 5197 6233 10
4616 2565 4982 10
2406 4608 4610 10
1977 5081 5270 10
5084 2537 5085 10
3354 3355 3356 10
4541 2396 4969 10
1940 4744 4965 10
3497 3186 3498 10
5351 2348 5485 10
4496 2391 4498 10
2901 3315 6267 10
4336 3487 4762 10
1946 4888 5283 10
4452 2010 4906 10
3500 4690 4691 10
3658 3661 5966 10
2077 5337 5338 10
2518 5320 5321 10
4220 4217 4221 10
4432 1899 4879 10
2088 4862 4877 10
4094 4095 4096 10
4423 1979 4874 10
4378 2598 5214 10
5389 4088 5550 10
4419 2375 4420 10
4083 4084 4085 10
4212 4214 4215 10
2551 4934 5301 10
3491 3163 3492 10
3854 4989 5497 10
5966 3661 5971 10
3515 3516 6215 10
1958 4955 4958 10
2458 4950 4952 10
5784 5452 5902 10
5969 2349 6047 10
2554 5315 5316 10
2461 4940 4941 10
5100 2592 5246 10
1954 4472 4827 10
3491 4268 4915 10
4306 3322 5102 10
5310 2015 5311 10
5402 4095 6032 10
2572 5224 5297 10
1939 5146 5325 10
5153 2073 5328 10
2570 5013 5300 10
5176 1936 5180 10
2528 4484 4485 10
3661 3662 5971 10
3320 4306 5103 10
2559 5162 5163 10
2049 5167 5333 10
5390 3966 5434 10
2216 5589 6144 10
4994 1939 5324 10
5572 2246 5573 10
4988 2556 5327 10
3424 3426 5947 10
3494 3170 3495 10
2018 4981 5191 10
4743 4355 6284 10
2155 5742 5744 10
2175 5586 6152 10
3189 3577 3578 10
4697 3506 6238 10
4189 5405 5749 10
3376 4914 4980 10
2279 5372 6025 10
4153 4155 5527 10
158 2335 5999 10
3965 5394 5433 10
5450 5878 5932 10
5971 3662 5978 10
4519 2393 4521 10
4858 1951 4859 10
2318 110 5974 10
4850 2092 4852 10
4845 2486 4847 10
3561 3560 5972 10
4935 5211 5462 10
4279 3587 5064 10
4328 4304 6261 10
5231 5230 5460 10
3263 5532 5975 10
5188 5187 5469 10
4708 2044 4709 10
2508 4648 4650 10
5197 2566 6239 10
3662 3888 5978 10
3497 4270 5546 10
2097 4378 5214 10
4081 5388 5431 10
2409 4625 4626 10
3580 4247 4838 10
4039 4038 5626 10
4181 4179 4182 10
5485 3448 5969 10
155 2307 6013 10
5112 5113 5460 10
5978 3888 5984 10
6136 3355 6202 10
4439 4438 6061 10
3731 3732 6113 10
5055 3943 6074 10
3166 3584 3585 10
2111 5544 5650 10
4092 5385 5429 10
3409 6067 6485 10
3888 3889 5984 10
4264 3584 5378 10
152 2294 6033 10
5159 5157 6286 10
3473 4394 5077 10
5050 5051 5404 10
3679 3681 5989 10
5991 3428 6007 10
3325 3326 3329 10
4145 4144 6173 10
4365 5216 6137 10
3363 3364 6230 10
5575 2244 6115 10
3385 4358 5361 10
3308 3306 6047 10
5579 5458 5987 10
4202 4200 4203 10
5615 5415 6027 10
3370 3371 5309 10
149 2279 6045 10
2290 105 5990 10
3382 4339 4534 10
4707 5009 5522 10
3197 3571 3572 10
5212 5213 5462 10
3678 3680 5994 10
4971 6037 6316 10
2615 3451 6003 10
4437 3256 6306 10
3502 3190 3503 10
4554 4549 5504 10
2610 5365 6173 10
5189 5190 5469 10
3500 3187 3501 10
3500 4242 4690 10
4568 4569 4753 10
2278 102 6000 10
3472 4596 4597 10
4021 4025 4026 10
3193 3575 3576 10
142 2317 6079 10
5416 4536 6151 10
3390 3391 6317 10
3177 3581 3582 10
3573 3572 6088 10
3498 3499 4270 10
5177 4280 5178 10
5947 3426 5991 10
4096 4095 5402 10
3709 3711 6002 10
4272 3308 6111 10
3482 4357 4729 10
3503 3504 4654 10
4247 3578 4445 10
3189 3578 3579 10
4159 4156 4160 10
2293 99 6006 10
5315 4956 5316 10
4299 4773 5400 10
2511 5503 6116 10
2296 5387 6042 10
4217 4218 4221 10
2401 4807 4808 10
4011 4014 4015 10
3710 3713 6009 10
3462 5649 5650 10
6280 3351 6384 10
4010 4008 5516 10
3504 3505 4654 10
5169 3304 5170 10
6023 3521 6368 10
3505 3191 3506 10
3509 3510 6259 10
5045 5046 6223 10
5051 5248 5423 10
3125 3805 6014 10
5320 5319 5321 10
3848 3849 6015 10
4315 3556 4947 10
3508 3195 3509 10
4602 3826 6330 10
5349 5583 5918 10
4035 4037 4038 10
4177 4178 6049 10
4141 4143 4144 10
3563 3562 5469 10
5337 5336 5338 10
3464 3466 3467 10
3980 3978 3981 10
4235 2287 6242 10
3998 3996 3999 10
6040 5700 6411 10
4235 6242 6248 10
2321 93 6020 10
4187 4188 4189 10
4851 3279 6071 10
3375 4537 5416 10
2287 6199 6242 10
3427 3425 4381 10
5344 5581 5770 10
2368 4235 6248 10
3847 3881 6025 10
2368 6248 6257 10
4392 3256 4437 10
3580 3579 4247 10
3197 3572 3573 10
3592 3221 3593 10
3581 5257 5412 10
5396 5713 6262 10
3205 3515 6389 10
3196 3568 3569 10
3564 3563 4402 10
5964 4857 6333 10
3428 3427 3435 10
3503 3190 3504 10
3689 3691 6026 10
6069 4937 6252 10
5295 4787 6448 10
4230 2368 6257 10
5359 4054 5457 10
4230 6257 6263 10
4094 4093 4095 10
4083 4082 4084 10
2500 4509 6052 10
3348 3327 6468 10
6080 4431 6341 10
4186 4185 6087 10
2309 4230 6263 10
3308 6047 6111 10
4349 5591 5827 10
4272 6111 6309 10
3939 5957 6496 10
4223 4220 4249 10
4363 6016 6186 10
5465 2182 5626 10
3835 4956 6029 10
5915 5627 6084 10
3688 3690 6042 10
5278 5277 6093 10
3512 3513 5856 10
5647 5482 6051 10
5046 4366 6224 10
4019 4022 5498 10
3737 4911 6491 10
2206 5881 6193 10
2429 4655 6103 10
3559 4647 4648 10
3985 3984 6075 10
3024 3220 6004 10
3411 2350 6111 10
5562 5395 5982 10
4573 1921 6109 10
3511 3200 3512 10
5970 4740 6284 10
3198 3565 3566 10
3364 5111 6230 10
6042 3690 6053 10
1912 4570 6112 10
5097 3526 6436 10
3390 3389 3391 10
4341 4744 6124 10
5595 5594 5816 10
4607 4609 4621 10
61 62 6077 10
3506 3191 3507 10
5626 5625 6084 10
3601 3899 6283 10
3319 5237 6325 10
4579 3401 4580 10
3394 3207 3395 10
4178 4179 4181 10
4985 4344 6186 10
4229 2325 6289 10
3371 3372 5309 10
4229 6289 6299 10
4181 4182 5396 10
3690 3695 6053 10
3904 3905 6054 10
4844 4257 6162 10
3331 5219 6167 10
2325 6265 6289 10
5361 4358 6204 10
6053 3695 6058 10
4740 4739 6284 10
4040 4039 5627 10
3501 3502 4242 10
717 718 5436 10
2367 4229 6299 10
2367 6299 6314 10
3695 3696 6058 10
5537 5022 6017 10
3196 3569 3570 10
1653 2452 4805 10
4619 4621 6034 10
4187 4186 4188 10
3426 3428 5991 10
6058 3696 6064 10
5878 5450 6315 10
2096 4926 5977 10
5902 5452 6318 10
5262 5261 6253 10
2491 4776 5400 10
3518 3519 6039 10
4167 4165 5491 10
4147 362 6241 10
4232 2367 6314 10
4232 6314 6322 10
1542 1895 4853 10
1896 1547 4633 10
1552 2501 4611 10
2502 1557 4821 10
1562 1902 4594 10
1903 1567 4638 10
1572 2497 4587 10
2463 1577 4819 10
1582 1907 4584 10
1908 1587 4641 10
3696 3823 6064 10
1923 1648 4880 10
1592 2482 4577 10
1643 1922 4800 10
2457 1597 4797 10
2483 1638 4573 10
1602 1912 4882 10
3237 4340 6056 10
3577 3576 4245 10
2494 1633 4565 10
2435 1420 4627 10
1913 1607 4780 10
1628 2493 4779 10
1612 2485 4562 10
1917 1623 4558 10
4247 4445 6459 10
2491 1617 4776 10
3529 2326 6065 10
1618 1916 4776 10
1622 1917 4561 10
2485 1613 4908 10
1918 1627 4779 10
1608 2441 4780 10
1632 2494 4912 10
5528 5279 6021 10
1912 1603 4570 10
1637 2483 4576 10
3509 3195 3510 10
1598 1911 4797 10
2424 1642 4800 10
2482 1593 4917 10
2429 1461 4655 10
1496 2431 4659 10
1426 1892 4677 10
1877 1531 4679 10
2433 1449 4673 10
1508 2418 4664 10
2420 1473 4651 10
1484 2423 4689 10
1438 1889 4665 10
1874 1519 4672 10
2415 1437 4665 10
1520 2417 4672 10
1472 2420 4695 10
2423 1485 4698 10
1450 1886 4673 10
1871 1507 4664 10
2437 1425 4677 10
1532 2438 4679 10
1460 2429 4702 10
2431 1497 4704 10
1462 1883 4655 10
1868 1495 4659 10
1892 1427 4662 10
1530 1877 4705 10
1448 2433 4712 10
2418 1509 4663 10
1647 1923 4920 10
1474 1880 4651 10
1864 1483 4689 10
1889 1439 4716 10
1518 1874 4717 10
1436 2415 4719 10
2417 1521 4669 10
1881 1471 4695 10
1486 1865 4698 10
1886 1451 4676 10
1506 1871 4721 10
1424 2437 4727 10
2438 1533 4728 10
1884 1459 4702 10
1498 1869 4704 10
1588 2481 4641 10
1883 1463 4731 10
1494 1868 4732 10
1428 2443 4662 10
2414 1529 4705 10
1887 1447 4712 10
1510 1872 4663 10
1880 1475 4685 10
1482 1864 4686 10
1440 2416 4716 10
2447 1517 4717 10
1924 1652 4805 10
1890 1435 4719 10
1522 1875 4669 10
1470 1881 4696 10
1865 1487 4737 10
1452 2449 4676 10
2448 1505 4721 10
1893 1423 4727 10
1534 1878 4728 10
1907 1583 4581 10
1458 1884 4699 10
1869 1499 4703 10
1464 2451 4731 10
2450 1493 4732 10
2443 1429 4746 10
1528 2414 4750 10
1446 1887 4710 10
1872 1511 4755 10
2422 1481 4686 10
1476 2421 4685 10
2416 1441 4713 10
1516 2447 4760 10
1434 1890 4720 10
1875 1523 4761 10
2426 1469 4696 10
1488 2427 4737 10
1578 1906 4819 10
2449 1453 4767 10
1504 2448 4723 10
1422 1893 4726 10
1878 1535 4725 10
2428 1457 4699 10
1500 2430 4703 10
2451 1465 4771 10
1492 2450 4733 10
1430 1891 4746 10
1876 1527 4750 10
2432 1445 4710 10
1512 2446 4755 10
2497 1573 4590 10
1480 2422 4735 10
2421 1477 4774 10
1442 1888 4713 10
1873 1515 4760 10
2444 1433 4720 10
1524 2445 4761 10
1468 2426 4769 10
2427 1489 4736 10
1870 1503 4723 10
1454 1885 4767 10
2436 1421 4726 10
1536 2435 4725 10
1568 2474 4638 10
1456 2428 4765 10
2430 1501 4745 10
1867 1491 4733 10
1466 1882 4771 10
1891 1431 4748 10
1526 1876 4764 10
1444 2432 4758 10
2446 1513 4759 10
1885 1455 4765 10
1502 1870 4745 10
1882 1467 4769 10
1490 1867 4736 10
1432 2444 4748 10
2445 1525 4764 10
1888 1443 4758 10
1514 1873 4759 10
1866 1479 4735 10
1478 1866 4774 10
1902 1563 4598 10
1558 1901 4821 10
2501 1553 4963 10
3515 3205 3516 10
1548 2471 4633 10
1895 1543 4617 10
2469 1541 4853 10
6064 3823 6068 10
1538 1879 4627 10
2609 6136 6202 10
1546 1896 4634 10
1897 1551 4611 10
1556 2502 4636 10
2403 1561 4594 10
1566 1903 4959 10
1904 1571 4587 10
1576 2463 4944 10
2464 1581 4584 10
2338 4232 6322 10
3514 3205 6389 10
1586 1908 4925 10
1649 2401 4880 10
3517 3210 3518 10
1909 1591 4577 10
1922 1644 4922 10
1596 2457 4919 10
1639 1921 4573 10
5091 2007 6130 10
2400 1601 4882 10
1634 1920 4565 10
5207 2079 6126 10
1606 1913 4913 10
2493 1629 4752 10
3823 3824 6068 10
1914 1611 4562 10
1624 2454 4558 10
1616 2491 4772 10
1916 1619 4907 10
4992 1938 6127 10
2453 1621 4561 10
1614 1915 4908 10
5082 2375 6122 10
1626 1918 4894 10
2441 1609 4889 10
1919 1631 4912 10
1604 2442 4570 10
1636 4576 4883 10
1911 1599 4794 10
1641 2424 4881 10
1594 1910 4917 10
2425 1646 4920 10
2481 1589 4804 10
4892 4893 6102 10
1651 1924 4810 10
1584 2413 4581 10
3410 2609 6202 10
3395 3207 3396 10
1906 1579 4875 10
1574 1905 4590 10
3512 3200 3513 10
2474 1569 4820 10
1564 2411 4598 10
2039 5036 6226 10
1901 1559 4822 10
3864 3703 6072 10
3406 4592 4593 10
1554 1898 4963 10
5348 4046 5401 10
2471 1549 4855 10
1620 2453 4907 10
1915 1615 4772 10
2454 1625 4894 10
1610 1914 4889 10
1630 1919 4752 10
2442 1605 4913 10
1920 1635 4883 10
1600 2400 4794 10
1921 1640 4881 10
1910 1595 4919 10
1645 2425 4922 10
1590 1909 4804 10
2401 1650 4810 10
2413 1585 4925 10
1580 2464 4875 10
1544 2410 4617 10
1905 1575 4944 10
1570 1904 4820 10
2411 1565 4959 10
1560 2403 4822 10
1898 1555 4636 10
1550 1897 4855 10
1879 1539 4854 10
2410 1545 4634 10
1540 2469 4854 10
3244 4300 5072 10
5963 4308 6048 10
3355 3353 6202 10
3446 2352 6468 10
2409 4599 6123 10
4192 4193 5540 10
4469 4465 5435 10
5215 1942 6137 10
3198 3566 3567 10
5343 4061 5399 10
2495 4816 6147 10
3203 3562 3563 10
3917 3918 6078 10
3508 4658 5352 10
3438 2372 6384 10
6072 3703 6091 10
3321 3455 6291 10
369 2436 4513 10
6111 2350 6309 10
2050 5165 5430 10
2402 1365 5181 10
1964 1255 5182 10
808 2564 4976 10
2406 1145 5184 10
918 2048 5189 10
2019 1035 4979 10
1028 2565 5193 10
2407 925 5195 10
1138 1993 5199 10
2074 815 5200 10
1248 2567 4986 10
1358 1938 4992 10
1372 2399 4974 10
1262 1962 4973 10
2562 801 5172 10
1152 2396 5171 10
2050 911 5165 10
1042 2017 5164 10
2558 1021 5160 10
932 2557 4968 10
1995 1131 5154 10
822 2072 5151 10
2555 1241 5149 10
1940 1351 5144 10
1933 1379 5203 10
2412 1269 4999 10
794 2079 5207 10
1988 1159 5002 10
904 2568 5003 10
5376 2271 5595 10
2419 1049 5005 10
1014 2024 5209 10
2043 939 5008 10
1124 2434 5212 10
2440 829 5011 10
1234 1969 5015 10
1344 2571 5217 10
1386 1931 5140 10
1276 2392 4953 10
2081 787 5139 10
1166 1986 4948 10
2553 897 5136 10
1056 2391 5134 10
2026 1007 5132 10
946 2041 4938 10
2388 1117 4932 10
836 2550 5130 10
1971 1227 5128 10
726 2096 4927 10
2548 1337 5124 10
2573 1393 5222 10
1957 1283 5020 10
780 2455 5022 10
2575 1173 5229 10
890 2055 5024 10
2012 1063 5030 10
1000 2459 5235 10
2576 953 5034 10
1110 2000 5238 10
2067 843 5041 10
1220 2578 5043 10
2579 733 5044 10
1330 1945 5244 10
1400 2385 5122 10
3574 4940 6133 10
1290 1955 5117 10
2384 773 5116 10
1180 2547 4909 10
2057 883 5114 10
1070 2010 5110 10
2545 993 5109 10
960 2382 5106 10
2002 1103 4905 10
850 2065 4900 10
2380 1213 4899 10
740 2378 4892 10
1947 1323 4886 10
1926 1407 5048 10
2581 1297 5049 10
766 2086 5052 10
1981 1187 5250 10
876 2582 5252 10
2584 1077 5062 10
986 2031 5063 10
5360 5927 6092 10
2036 967 5256 10
1096 2466 5258 10
2468 857 5263 10
1206 1976 5264 10
2091 747 5068 10
1316 2587 5074 10
1414 1899 5096 10
1304 2377 4878 10
2088 759 4876 10
1194 1979 4873 10
2540 869 4872 10
1084 2539 4871 10
2033 979 5088 10
974 2034 5087 10
2538 1089 4870 10
5482 5700 6040 10
864 2375 5082 10
1978 1199 5079 10
2328 5428 6072 10
754 2089 4864 10
2376 1309 4856 10
1950 1311 5267 10
752 2588 5078 10
5310 5309 6229 10
2472 1201 5270 10
862 2062 5085 10
2005 1091 5086 10
972 2476 5274 10
3211 3560 3561 10
5368 5369 5993 10
2591 981 5089 10
1082 2007 5091 10
2060 871 5093 10
1192 2477 5095 10
2478 761 5279 10
1302 1952 5280 10
1894 1419 4513 10
1412 2593 5098 10
1318 1948 5073 10
2379 745 4848 10
1208 2536 5067 10
2064 855 4843 10
1098 2003 5066 10
2381 965 5065 10
3518 3210 3519 10
988 2383 4834 10
2009 1075 5058 10
878 2058 5057 10
2533 1185 5056 10
768 2530 4828 10
3345 3346 6442 10
1954 1295 4826 10
2386 1405 4823 10
4445 3578 4446 10
2484 1325 5283 10
738 2093 5104 10
1974 1215 5284 10
848 2487 5285 10
2488 1105 5286 10
958 2038 5107 10
2029 995 5289 10
4496 3368 4497 10
1068 2595 5112 10
2596 885 5292 10
1178 1983 5293 10
2084 775 5115 10
1288 2492 5294 10
1398 1928 5119 10
1332 2387 5045 10
2095 731 4811 10
1222 1972 5042 10
2528 841 5039 10
1112 2389 5038 10
2040 951 5037 10
1002 2027 5031 10
2390 1061 5026 10
892 2524 4803 10
1985 1171 5023 10
782 2082 5021 10
2523 1281 4789 10
1930 1391 5018 10
4234 2318 6446 10
1943 1339 5125 10
724 2496 5127 10
2599 1229 5129 10
834 2069 5299 10
1998 1119 5301 10
944 2600 5302 10
2602 1009 5133 10
5260 2537 6141 10
1054 2014 5307 10
4234 6446 6486 10
2053 899 5135 10
1164 2604 5137 10
2498 789 5138 10
1274 1959 5315 10
1384 2499 5317 10
1346 1941 4739 10
1236 2393 4734 10
2071 827 4730 10
3211 3559 3560 10
1126 1996 5010 10
2394 937 4706 10
1016 2395 4692 10
2016 1047 5007 10
3703 3702 6091 10
906 2051 4646 10
2520 1157 4642 10
796 2397 5000 10
1961 1267 4640 10
2398 1377 4996 10
2504 1353 5325 10
2318 6329 6446 10
3859 3862 6094 10
4145 5365 6171 10
1967 1243 5150 10
820 2606 5328 10
2607 1133 5156 10
930 2045 5330 10
2022 1023 5163 10
1040 2506 5331 10
2067 5041 6083 10
2509 913 5333 10
1150 1990 5168 10
2077 803 5337 10
1260 2511 5339 10
1370 1935 5174 10
5307 2014 5444 10
3203 3563 3564 10
1360 2516 4991 10
1250 1965 4623 10
2404 813 4984 10
1140 2405 4618 10
2047 923 4983 10
5413 4108 6035 10
1030 2020 4982 10
2513 1033 4978 10
4294 3244 6231 10
920 2408 4977 10
1992 1143 4610 10
6091 3702 6099 10
4994 4993 6203 10
810 2075 4603 10
2409 1253 4599 10
4344 5202 6160 10
1937 1363 4975 10
1936 1367 5180 10
2608 1257 5183 10
806 2076 5334 10
1991 1147 5186 10
4021 4020 4025 10
916 2512 5187 10
2363 4234 6486 10
2514 1037 5191 10
1026 2021 5192 10
2046 927 5198 10
1136 2515 5329 10
2605 817 5201 10
1246 1966 5327 10
1356 2517 5324 10
1374 1934 4556 10
1264 2510 4554 10
2078 799 4970 10
1154 1989 4969 10
2508 909 4538 10
1044 2507 4535 10
2023 1019 4533 10
934 2044 4529 10
2505 1129 4967 10
3702 3704 6099 10
824 2439 4522 10
1968 1239 4517 10
2503 1349 4965 10
4451 3362 6230 10
2518 1381 5320 10
2372 6280 6384 10
1960 1271 5204 10
792 2519 5205 10
2521 1161 5313 10
902 2052 5312 10
2015 1051 5311 10
1012 2603 5306 10
4108 4110 6035 10
2601 941 5303 10
1122 1997 5211 10
2070 831 5300 10
1232 2522 5298 10
2598 721 5214 10
1342 1942 5215 10
1388 2500 4510 10
6169 4923 6332 10
1278 1958 4958 10
2456 785 4505 10
1168 2458 4952 10
2054 895 4945 10
6099 3704 6106 10
1058 2013 4498 10
2460 1005 4942 10
5262 4257 6157 10
948 2461 4941 10
1999 1115 4936 10
4551 3276 6046 10
838 2068 4482 10
2462 1225 4928 10
728 2495 4926 10
1944 1335 4475 10
1929 1395 5297 10
2597 1285 5296 10
3521 6023 6376 10
2048 4962 5190 10
778 2083 5226 10
1984 1175 5228 10
888 2525 5291 10
2526 1065 5230 10
998 2028 5232 10
2039 955 5287 10
1108 2527 5236 10
2594 845 5239 10
1218 1973 5241 10
2094 735 5243 10
1328 2529 5282 10
3704 3780 6106 10
1402 1927 4910 10
1292 2465 4470 10
2085 771 4464 10
1310 1950 4856 10
2588 753 4864 10
1200 2472 5079 10
2062 863 5082 10
1090 2005 4870 10
2476 973 5087 10
980 2591 5088 10
2007 1083 4871 10
3722 3725 6110 10
870 2060 4872 10
2477 1193 4873 10
760 2478 4876 10
1952 1303 4878 10
1182 1982 4461 10
2593 1413 5096 10
2587 1317 5073 10
746 2091 4848 10
1976 1207 5067 10
856 2468 4843 10
2466 1097 5066 10
966 2036 5065 10
2490 881 4453 10
2031 987 4834 10
1076 2584 5058 10
2582 877 5057 10
1186 1981 5056 10
2086 767 4828 10
1296 2581 4826 10
1406 1926 4823 10
1324 2484 4886 10
2093 739 4892 10
1214 1974 4899 10
2487 849 4900 10
1104 2488 4905 10
2038 959 5106 10
994 2029 5109 10
2595 1069 5110 10
1072 2489 4906 10
884 2596 5114 10
1983 1179 4909 10
774 2084 5116 10
2492 1289 5117 10
2030 991 4447 10
1928 1399 5122 10
1945 1331 5045 10
732 2579 4811 10
2578 1221 5042 10
842 2067 5039 10
2000 1111 5038 10
952 2576 5037 10
2459 1001 5031 10
1062 2012 5026 10
962 2037 4444 10
2055 891 4803 10
1172 2575 5023 10
2467 1101 4901 10
2455 781 5021 10
1282 1957 4789 10
1392 2573 5018 10
3526 6170 6435 10
1338 1943 5124 10
6016 4363 6439 10
2496 725 4927 10
1228 2599 5128 10
2069 835 5130 10
852 2486 4443 10
1118 1998 4932 10
2600 945 4938 10
1975 1211 4895 10
1008 2602 5132 10
2014 1055 5134 10
898 2053 5136 10
2604 1165 4948 10
788 2498 5139 10
1959 1275 4953 10
2499 1385 5140 10
742 2092 4891 10
5720 5658 5834 10
2571 1345 4739 10
2470 1321 4433 10
4202 4203 4271 10
1969 1235 4734 10
828 2440 4730 10
2434 1125 5010 10
938 2043 4706 10
2024 1015 4692 10
1048 2419 5007 10
2568 905 4646 10
1158 1988 4642 10
2592 1409 5246 10
2079 795 5000 10
1268 2412 4640 10
4129 3527 6107 10
3351 3349 6384 10
1378 1933 4996 10
1352 2504 5144 10
1242 1967 5149 10
1953 1299 5247 10
2606 821 5151 10
764 2531 5249 10
1132 2607 5154 10
2045 931 4968 10
1022 2022 5160 10
2506 1041 5164 10
912 2509 5165 10
1990 1151 5171 10
2532 1189 5277 10
802 2077 5172 10
2511 1261 4973 10
874 2059 5251 10
6106 3780 6114 10
1935 1371 4974 10
1938 1359 4991 10
2008 1079 5276 10
2567 1249 4623 10
814 2074 4984 10
984 2590 5253 10
1993 1139 4618 10
924 2407 4983 10
2565 1029 4982 10
1034 2019 4978 10
2534 969 5275 10
2048 919 4977 10
1144 2406 4610 10
1094 2004 5273 10
2564 809 4603 10
1254 1964 4599 10
1364 2402 4975 10
2063 859 5260 10
3524 3525 6080 10
1366 1936 5181 10
1204 2535 5271 10
1256 2608 5182 10
2076 807 4976 10
1146 1991 5184 10
2512 917 5189 10
2589 749 5265 10
1314 1949 5268 10
1036 2514 4979 10
2021 1027 5193 10
926 2046 5195 10
2515 1137 5199 10
816 2605 5200 10
1966 1247 4986 10
1416 2480 4879 10
2517 1357 4992 10
2399 1373 4556 10
5080 5081 5535 10
1962 1263 4554 10
1306 1951 4426 10
800 2562 4970 10
2479 757 4877 10
2396 1153 4969 10
910 2050 4538 10
2017 1043 4535 10
1020 2558 4533 10
1196 2473 4874 10
2557 933 4529 10
2061 867 4417 10
1130 1995 4967 10
2072 823 4522 10
1240 2555 4517 10
1086 2006 4414 10
1350 1940 4965 10
2475 977 4410 10
4531 3568 4532 10
1380 2518 5203 10
1270 1960 4999 10
2519 793 5207 10
976 2475 4411 10
5201 2073 6159 10
2893 2895 6331 10
2006 1087 4866 10
1160 2521 5002 10
2052 903 5003 10
1050 2015 5005 10
2603 1013 5209 10
866 2061 4420 10
3780 3781 6114 10
940 2601 5008 10
2473 1197 4421 10
1997 1123 5212 10
830 2070 5011 10
2522 1233 5015 10
756 2479 4860 10
1942 1343 5217 10
1951 1307 4859 10
2461 4490 6133 10
1931 1387 4510 10
2392 1277 4958 10
786 2081 4505 10
2480 1417 4430 10
1986 1167 4952 10
896 2553 4945 10
2391 1057 4498 10
1006 2026 4942 10
2586 1313 5268 10
750 2090 5265 10
2041 947 4941 10
1116 2388 4936 10
2550 837 4482 10
1226 1971 4928 10
1977 1203 5271 10
2096 727 4926 10
860 2537 5260 10
1336 2548 4475 10
2458 4502 6134 10
1394 1929 5222 10
2585 1093 5273 10
970 2035 5275 10
1284 2597 5020 10
2083 779 5022 10
1174 1984 5229 10
2525 889 5024 10
2032 983 5253 10
1958 4783 6135 10
3218 3556 3557 10
1064 2526 5030 10
1080 2583 5276 10
2028 999 5235 10
954 2039 5034 10
2527 1109 5238 10
2541 873 5251 10
844 2594 5041 10
1190 1980 5277 10
1973 1219 5043 10
734 2094 5044 10
2529 1329 5244 10
2087 763 5249 10
1300 2542 5247 10
2385 1401 4910 10
2563 5176 5180 10
3506 3507 5352 10
6202 3353 6280 10
1955 1291 4470 10
772 2384 4464 10
1410 1900 5246 10
2547 1181 4461 10
882 2057 4453 10
3916 3860 6117 10
2010 1071 4906 10
992 2545 4447 10
4129 6107 6121 10
1320 2470 4434 10
2382 961 4444 10
4155 4156 4159 10
2092 743 4852 10
1102 2002 4901 10
2065 851 4443 10
1212 2380 4895 10
2349 3411 6047 10
1210 1975 4438 10
2486 853 4847 10
2378 741 4891 10
1322 1947 4433 10
1408 2592 5048 10
1100 2467 4840 10
2037 963 4837 10
1298 1953 5049 10
2531 765 5052 10
990 2030 4835 10
1188 2532 5250 10
2018 5331 6163 10
2059 875 5252 10
61 6077 6232 10
2489 1073 4450 10
1078 2008 5062 10
2590 985 5063 10
2569 5310 5311 10
880 2490 4830 10
968 2534 5256 10
1982 1183 4457 10
2004 1095 5258 10
858 2063 5263 10
2535 1205 5264 10
770 2085 4468 10
748 2589 5068 10
2465 1293 4827 10
1949 1315 5074 10
1899 1415 4879 10
1927 1403 4474 10
2572 5119 6164 10
2377 1305 4426 10
3738 3737 6158 10
758 2088 4877 10
1979 1195 4874 10
868 2540 4417 10
1946 1327 5282 10
736 2580 5243 10
2539 1085 4414 10
978 2033 4410 10
3819 3821 6119 10
2034 975 4411 10
2543 1217 5241 10
1088 2538 4866 10
846 2066 5239 10
2375 865 4420 10
1198 1978 4421 10
2001 1107 5236 10
4189 4188 5405 10
269 270 6118 10
2089 755 4860 10
956 2577 5287 10
1308 2376 4859 10
5714 4386 6041 10
1418 1894 4430 10
2544 997 5232 10
1066 2011 5230 10
1312 2586 5267 10
2090 751 5078 10
2056 887 5291 10
1202 1977 5270 10
2537 861 5085 10
1900 5100 5246 10
1176 2546 5228 10
1092 2585 5086 10
2035 971 5274 10
2574 777 5226 10
1286 1956 5296 10
982 2032 5089 10
60 61 6232 10
2583 1081 5091 10
872 2541 5093 10
1980 1191 5095 10
1396 2572 5297 10
762 2087 5279 10
3464 3463 3466 10
2542 1301 5280 10
1900 1411 5098 10
1334 1944 4818 10
2495 729 4816 10
1948 1319 4434 10
744 2379 4852 10
5219 5220 6090 10
1224 2462 4478 10
2536 1209 4438 10
2068 839 4485 10
854 2064 4847 10
2003 1099 4840 10
2585 5273 5453 10
964 2381 4837 10
1114 1999 4486 10
2461 949 4490 10
2383 989 4835 10
1074 2009 4450 10
1004 2460 4493 10
2058 879 4830 10
1184 2533 4457 10
2013 1059 4494 10
2459 5031 6146 10
2530 769 4468 10
1294 1954 4827 10
894 2054 4499 10
2458 1169 4502 10
1404 2386 4474 10
784 2456 4790 10
1326 1946 5283 10
1958 1279 4783 10
2580 737 5104 10
1216 2543 5284 10
2282 4129 6121 10
2066 847 5285 10
2500 1389 4509 10
1106 2001 5286 10
2577 957 5107 10
996 2544 5289 10
5224 1929 5297 10
2011 1067 5112 10
2549 1341 5215 10
722 2097 5214 10
886 2056 5292 10
2546 1177 5293 10
4011 4010 4014 10
1970 1231 5298 10
776 2574 5115 10
832 2570 5300 10
1956 1287 5294 10
2572 1397 5119 10
4887 4371 6425 10
2551 1121 5211 10
942 2042 5303 10
5013 2070 5300 10
2387 1333 4818 10
2001 5236 5454 10
730 2095 4816 10
3602 3601 6283 10
2025 1011 5306 10
1972 1223 4478 10
1052 2569 5311 10
840 2528 4485 10
2389 1113 4486 10
2552 901 5312 10
950 2040 4490 10
1162 1987 5313 10
2027 1003 4493 10
1060 2390 4494 10
2080 791 5205 10
2524 893 4499 10
1272 2554 5204 10
1170 1985 4502 10
134 135 6131 10
2082 783 4790 10
2517 4994 5324 10
1280 2523 4783 10
1382 1932 5320 10
1966 4988 5327 10
1390 1930 4509 10
4981 2514 5191 10
1348 2503 4742 10
1340 2549 5125 10
2097 723 5127 10
1230 1970 5129 10
2570 833 5299 10
1238 1968 4521 10
2385 4910 6138 10
2439 825 4523 10
2063 5262 5263 10
1120 2551 5301 10
2042 943 5302 10
1128 2505 4525 10
1010 2025 5133 10
2044 935 4709 10
2569 1053 5307 10
900 2552 5135 10
1018 2023 4694 10
1987 1163 5137 10
5167 2509 5333 10
2507 1045 4682 10
5162 2022 5163 10
4898 6067 6296 10
790 2080 5138 10
2554 1273 5315 10
2606 5153 5328 10
3428 3436 6007 10
908 2508 4650 10
5146 2504 5325 10
1989 1155 4539 10
1932 1383 5317 10
269 6118 6149 10
798 2078 4543 10
1941 1347 4742 10
2510 1265 4547 10
4033 4031 5483 10
4645 3302 6245 10
2393 1237 4521 10
826 2071 4523 10
1934 1375 4555 10
1996 1127 4525 10
936 2394 4709 10
2395 1017 4694 10
1939 1355 5324 10
4970 4971 6316 10
1046 2016 4682 10
4085 4084 5143 10
4934 1998 5301 10
3218 3555 3556 10
5928 6041 6092 10
2051 907 4650 10
1156 2520 4539 10
2556 1245 5327 10
5375 3967 5390 10
818 2073 5201 10
2397 797 4543 10
1266 1961 4547 10
3520 3213 3521 10
5234 2028 5235 10
1994 1135 5329 10
1376 2398 4555 10
928 2566 5198 10
1354 1939 5325 10
2559 1025 5192 10
1038 2018 5191 10
1244 2556 5150 10
2073 819 5328 10
2049 915 5187 10
1148 2560 5186 10
4888 2484 5283 10
1134 1994 5156 10
2566 929 5330 10
5371 4147 6241 10
5422 4051 5518 10
2561 805 5334 10
1024 2559 5163 10
2018 1039 5331 10
1258 1963 5183 10
914 2049 5333 10
2560 1149 5168 10
1368 2563 5180 10
804 2561 5337 10
1963 1259 5339 10
1362 1937 4630 10
2563 1369 5174 10
2062 5084 5085 10
5081 2472 5270 10
3861 3724 6140 10
2516 1361 4630 10
1252 2409 4626 10
2075 811 4622 10
1965 1251 4626 10
812 2404 4622 10
1142 1992 4606 10
2408 921 4613 10
2405 1141 4606 10
922 2047 4613 10
6107 3527 6189 10
1032 2513 4614 10
2020 1031 4614 10
5060 2584 5062 10
4825 1926 5048 10
5219 3331 5220 10
4813 2579 5044 10
4515 2436 4726 10
5028 2012 5030 10
268 269 6149 10
3353 3351 6280 10
2571 4741 5217 10
266 267 6153 10
338 339 6154 10
5369 2610 6173 10
4644 1988 5002 10
356 357 6156 10
5642 6073 6098 10
4073 4071 5475 10
4998 1933 5203 10
4139 4137 5470 10
3521 3213 3522 10
1993 4620 5199 10
5842 6076 6095 10
4796 2400 4882 10
2564 4605 4976 10
4601 1964 5182 10
6055 5734 6288 10
4080 4081 4082 10
4972 2562 5172 10
2017 4537 5164 10
2557 4531 4968 10
3310 2893 6331 10
1931 4512 5140 10
5426 4066 5519 10
4507 2081 5139 10
3926 3619 6165 10
4460 5278 6063 10
4947 2553 5136 10
4477 2548 5124 10
4972 2077 5338 10
131 132 6166 10
3753 3754 6168 10
4466 2384 5116 10
2547 4463 4909 10
4455 2057 5114 10
4449 2545 5109 10
2382 4446 5106 10
4903 2002 4905 10
4897 2380 4899 10
1656 1657 5447 10
5121 1928 5122 10
4091 4092 4093 10
4776 4777 5400 10
4404 5621 5622 10
4592 1905 4944 10
2377 4428 4878 10
1655 1656 1925 10
4998 2518 5321 10
2539 4416 4871 10
2034 4413 5087 10
4868 2538 4870 10
2435 4629 4725 10
4583 2413 4925 10
266 6153 6180 10
4035 4033 4037 10
4773 4772 5400 10
1948 4436 5073 10
4691 2423 4698 10
1877 4681 4705 10
2417 4671 4672 10
2433 4675 4712 10
4701 1884 4702 10
2536 4440 5067 10
2416 4715 4716 10
2415 4667 4719 10
1868 4661 4732 10
4657 1883 4731 10
2003 4842 5066 10
4653 1880 4685 10
4839 2381 5065 10
3555 3554 3591 10
2058 4832 5057 10
4459 2533 5056 10
2422 4688 4735 10
4757 2446 4759 10
4572 2442 4913 10
4141 4139 4143 10
3292 4303 5525 10
4328 5716 5891 10
1972 4480 5042 10
2389 4488 5038 10
3723 3747 6172 10
4492 2040 5037 10
2524 4501 4803 10
4504 1985 5023 10
4785 2523 4789 10
3329 3330 4258 10
274 275 6339 10
4657 2451 4658 10
4691 1865 4738 10
716 717 5437 10
1996 4527 5010 10
4684 2016 5007 10
1917 4560 4561 10
3976 3978 3980 10
2341 3453 6442 10
4572 1913 4781 10
4564 2485 4908 10
2397 4546 5000 10
1909 4579 4804 10
4550 1961 4640 10
4592 2463 4593 10
2494 4567 4912 10
2483 4575 4576 10
4564 1915 4773 10
4883 4575 4884 10
3994 3996 3998 10
2464 4586 4875 10
6047 3411 6111 10
4596 2411 4597 10
2516 4632 4991 10
3628 5529 6282 10
4961 2047 4983 10
4378 2097 4379 10
2020 4616 4982 10
1904 4589 4820 10
4177 4176 4178 10
3527 2343 6189 10
4515 1893 4516 10
5574 5572 5930 10
4608 1992 4610 10
3278 5071 5487 10
4596 1902 4598 10
263 264 6178 10
1657 1658 5499 10
265 266 6180 10
2457 4799 4919 10
4805 4292 4806 10
4778 1916 4907 10
2424 4802 4881 10
367 368 2660 10
4399 5564 5933 10
5507 2201 5987 10
3523 3215 3524 10
6179 5152 6417 10
3531 4389 4390 10
1989 4541 4969 10
4557 6207 6420 10
128 129 6188 10
3618 3946 6190 10
4744 2503 4965 10
1876 4750 6268 10
3974 3976 5468 10
1970 5298 6012 10
1991 5186 5985 10
5552 2194 6027 10
3567 3566 6129 10
3769 3851 6197 10
263 6178 6210 10
3820 3897 6199 10
1987 5137 6011 10
4639 6057 6183 10
2013 4496 4498 10
3227 3737 3738 10
3227 3736 3737 10
5429 2225 6098 10
3992 3994 5466 10
4193 4194 4308 10
4601 2608 4602 10
2515 4620 5158 10
2045 4531 4532 10
5554 2115 6051 10
4644 2521 5314 10
4507 2498 4508 10
4477 1943 5126 10
4466 2084 4467 10
5028 2526 5231 10
4449 2029 5290 10
4903 2488 4904 10
4813 2094 4814 10
4897 1974 4898 10
260 261 6206 10
1952 4428 4429 10
5060 2008 5061 10
4868 2005 4869 10
5431 2250 6095 10
1976 4440 4441 10
4839 2036 5257 10
2582 4832 4833 10
4459 1981 4460 10
6115 5708 6315 10
6039 3520 6387 10
262 263 6210 10
4888 1946 5281 10
2092 4850 4851 10
2489 4452 4906 10
5938 5997 6211 10
2578 4480 4481 10
2000 4488 4489 10
4492 2576 5035 10
4785 1957 4786 10
6116 4553 6240 10
4934 2551 4935 10
6199 3897 6242 10
5013 2570 5014 10
4648 2508 4649 10
4684 2419 5006 10
4550 2412 4551 10
4955 2392 4958 10
2556 4988 4989 10
5167 2049 5188 10
125 126 6214 10
4950 1986 4952 10
4961 2407 5196 10
4608 2406 5185 10
2393 4519 4520 10
2396 4541 4542 10
4940 2041 4941 10
3827 3828 6218 10
2391 4496 4497 10
3870 3542 6219 10
4484 2528 5040 10
2480 4432 4879 10
4862 2479 4877 10
4472 1954 4473 10
2473 4423 4874 10
3559 4372 4647 10
4018 4019 4020 10
4862 2088 4863 10
1979 4423 4424 10
5377 3427 6445 10
4845 4267 4846 10
4153 4151 4155 10
2061 4419 4420 10
260 6206 6247 10
702 703 2168 10
647 648 5689 10
592 593 5682 10
537 538 2223 10
482 483 5696 10
427 428 5671 10
372 373 2351 10
420 421 2262 10
475 476 5708 10
530 531 5643 10
585 586 2207 10
640 641 5714 10
709 710 5717 10
695 696 5893 10
654 655 2184 10
599 600 5722 10
544 545 5637 10
489 490 2239 10
434 435 5731 10
379 380 5634 10
413 414 5632 10
468 469 2246 10
523 524 5746 10
578 579 5630 10
633 634 2191 10
661 662 5625 10
606 607 2200 10
551 552 5762 10
496 497 5621 10
441 442 2255 10
2206 6193 6308 10
386 387 5774 10
406 407 5782 10
461 462 5617 10
516 517 2230 10
571 572 5797 10
626 627 5615 10
681 682 2175 10
668 669 5805 10
613 614 5611 10
558 559 2216 10
503 504 5811 10
448 449 5608 10
393 394 2271 10
4708 3569 6125 10
399 400 2269 10
454 455 5821 10
509 510 5603 10
564 565 2214 10
619 620 5828 10
674 675 6143 10
675 676 2177 10
620 621 5838 10
565 566 5600 10
510 511 2232 10
455 456 5841 10
400 401 5596 10
392 393 5593 10
447 448 2253 10
502 503 5850 10
557 558 6144 10
612 613 2198 10
667 668 5806 10
682 683 5584 10
627 628 2193 10
572 573 5855 10
3524 3215 3525 10
517 518 5583 10
462 463 2248 10
407 408 5783 10
3897 3767 6242 10
385 386 5775 10
440 441 5580 10
495 496 2237 10
550 551 5763 10
605 606 5579 10
660 661 2182 10
715 716 2099 10
634 635 5576 10
579 580 2209 10
524 525 5865 10
469 470 5573 10
414 415 2264 10
378 379 2276 10
433 434 5870 10
488 489 5569 10
543 544 2221 10
598 599 5872 10
653 654 5567 10
696 697 2170 10
708 709 2614 10
641 642 5876 10
531 532 2225 10
3784 3786 6243 10
476 477 5877 10
421 422 5564 10
1695 1696 5808 10
1778 1779 2142 10
1856 1857 5809 10
1773 1774 5799 10
1700 1701 2116 10
1690 1691 5813 10
1783 1784 5796 10
1851 1852 5814 10
1768 1769 5789 10
1705 1706 5817 10
1685 1686 2111 10
1788 1789 5785 10
1846 1847 5781 10
1763 1764 2137 10
1710 1711 5779 10
1680 1681 5777 10
1793 1794 2147 10
1841 1842 2163 10
1758 1759 5771 10
1715 1716 2121 10
1675 1676 5824 10
1798 1799 5769 10
1836 1837 5830 10
1753 1754 5765 10
1720 1721 5832 10
1670 1671 2106 10
1803 1804 5836 10
1831 1832 5758 10
1748 1749 2132 10
1725 1726 5839 10
1665 1666 5755 10
1808 1809 2152 10
1826 1827 2158 10
1743 1744 5751 10
371 372 5561 10
1730 1731 2126 10
1660 1661 5844 10
1813 1814 5845 10
1821 1822 5738 10
1738 1739 5847 10
1735 1736 5848 10
426 427 2260 10
1818 1819 5740 10
1816 1817 5744 10
1733 1734 2127 10
1740 1741 5750 10
481 482 5880 10
1823 1824 2157 10
1811 1812 2153 10
1662 1663 5754 10
1728 1729 5843 10
536 537 5559 10
1745 1746 2131 10
1828 1829 5729 10
1806 1807 5726 10
591 592 2205 10
1667 1668 2105 10
1723 1724 5840 10
1750 1751 5724 10
1833 1834 5767 10
646 647 5882 10
1801 1802 5835 10
1672 1673 5834 10
1718 1719 2122 10
1755 1756 5831 10
703 704 5558 10
701 702 5937 10
1838 1839 2162 10
1796 1797 2148 10
1677 1678 5826 10
648 649 2186 10
1713 1714 5713 10
1760 1761 2136 10
1843 1844 5823 10
593 594 5683 10
1791 1792 5820 10
1682 1683 2110 10
1708 1709 5788 10
1765 1766 5819 10
538 539 5560 10
1848 1849 5793 10
1786 1787 5818 10
483 484 2241 10
1703 1704 2117 10
1770 1771 5801 10
1853 1854 2167 10
428 429 5886 10
1781 1782 2143 10
1692 1693 5812 10
1698 1699 5706 10
373 374 5562 10
1775 1776 2141 10
1776 1777 5705 10
1697 1698 2115 10
1693 1694 6145 10
1780 1781 5804 10
1854 1855 5803 10
1771 1772 5800 10
1702 1703 5699 10
1688 1689 2112 10
419 420 5563 10
1785 1786 5795 10
1849 1850 5790 10
474 475 2244 10
1766 1767 2138 10
1707 1708 5787 10
1683 1684 5692 10
529 530 5890 10
1790 1791 2146 10
1844 1845 2164 10
584 585 5565 10
1761 1762 5780 10
1712 1713 2120 10
1678 1679 5778 10
639 640 2189 10
710 711 2101 10
1839 1840 5776 10
694 695 5892 10
1756 1757 5772 10
655 656 5566 10
1717 1718 5686 10
1673 1674 2107 10
1800 1801 5768 10
600 601 2202 10
1834 1835 5766 10
1751 1752 2133 10
545 546 5638 10
1722 1723 5761 10
1668 1669 5760 10
1805 1806 2151 10
490 491 5568 10
1829 1830 2159 10
435 436 2257 10
1746 1747 5681 10
1727 1728 2125 10
1663 1664 5753 10
380 381 5894 10
1810 1811 5678 10
1824 1825 5676 10
6242 3767 6248 10
1741 1742 5748 10
1732 1733 5747 10
1658 1659 2100 10
1815 1816 5743 10
1819 1820 5739 10
412 413 5895 10
1736 1737 2128 10
4092 5429 6098 10
1737 1738 5734 10
467 468 5570 10
1820 1821 2156 10
1814 1815 2154 10
522 523 2228 10
1659 1660 5733 10
1731 1732 5670 10
1742 1743 2130 10
577 578 5898 10
1825 1826 5666 10
632 633 5577 10
1809 1810 5664 10
1664 1665 2104 10
2119 5779 6066 10
1726 1727 5732 10
687 688 2173 10
1747 1748 5660 10
662 663 5899 10
1830 1831 5728 10
1804 1805 5725 10
607 608 5578 10
1669 1670 5659 10
1721 1722 2123 10
552 553 2218 10
1752 1753 5723 10
1835 1836 2161 10
497 498 5622 10
1799 1800 2149 10
1674 1675 5718 10
442 443 5581 10
1716 1717 5657 10
1757 1758 2135 10
387 388 2273 10
1840 1841 5654 10
1679 1680 2109 10
1711 1712 5712 10
1762 1763 5652 10
1845 1846 5711 10
405 406 2267 10
1789 1790 5710 10
1684 1685 5648 10
1706 1707 2118 10
460 461 5618 10
1767 1768 5709 10
1850 1851 2166 10
515 516 5582 10
1784 1785 2144 10
570 571 2212 10
1689 1690 5707 10
1701 1702 5646 10
1772 1773 2140 10
625 626 5905 10
1855 1856 2613 10
680 681 6152 10
1779 1780 5645 10
669 670 2179 10
1694 1695 2114 10
1696 1697 6142 10
1777 1778 5644 10
614 615 5907 10
1857 1858 2661 10
559 560 5587 10
1774 1775 5704 10
1699 1700 5647 10
504 505 2234 10
1691 1692 2113 10
1782 1783 5702 10
449 450 5609 10
1852 1853 5701 10
394 395 5594 10
1769 1770 2139 10
1704 1705 5698 10
1787 1788 2145 10
1847 1848 2165 10
1764 1765 5651 10
1709 1710 2119 10
398 399 5597 10
1681 1682 5693 10
1792 1793 5653 10
453 454 2251 10
1842 1843 5655 10
508 509 5604 10
1759 1760 5691 10
1714 1715 5656 10
1676 1677 2108 10
563 564 5599 10
1797 1798 5688 10
618 619 2196 10
1837 1838 5687 10
673 674 5910 10
1754 1755 2134 10
1719 1720 5685 10
676 677 5601 10
1671 1672 5658 10
1802 1803 2150 10
621 622 2195 10
1832 1833 2160 10
566 567 5602 10
1749 1750 5661 10
1724 1725 2124 10
1666 1667 5756 10
3767 3766 6248 10
5665 5664 6221 10
511 512 5605 10
1807 1808 5663 10
5719 5824 5825 10
456 457 2250 10
1827 1828 5668 10
401 402 5606 10
1744 1745 5680 10
1729 1730 5669 10
1661 1662 2103 10
1812 1813 5677 10
1822 1823 5674 10
1739 1740 2129 10
391 392 5607 10
1734 1735 5673 10
1817 1818 2155 10
446 447 5610 10
501 502 2235 10
556 557 5913 10
4472 2465 4827 10
611 612 5612 10
666 667 2180 10
683 684 5613 10
628 629 5616 10
573 574 2211 10
3460 3461 3463 10
259 260 6247 10
518 519 5918 10
463 464 5619 10
5825 2108 5973 10
408 409 2266 10
4766 4700 5983 10
384 385 2274 10
439 440 5620 10
4375 5728 5758 10
494 495 5623 10
5677 5846 6221 10
549 550 2219 10
604 605 5924 10
5674 5675 5979 10
659 660 5624 10
690 691 2172 10
714 715 5926 10
635 636 5927 10
580 581 5629 10
525 526 2227 10
470 471 5930 10
6248 3766 6257 10
415 416 5631 10
3812 3813 6250 10
377 378 5633 10
432 433 2258 10
487 488 5635 10
542 543 5636 10
597 598 2203 10
3985 5595 5816 10
652 653 5639 10
697 698 5640 10
707 708 5641 10
642 643 2188 10
532 533 5642 10
477 478 2243 10
422 423 5933 10
425 426 5672 10
480 481 2242 10
3731 3229 3732 10
535 536 5679 10
3969 3967 4273 10
590 591 5684 10
645 646 2187 10
704 705 5935 10
700 701 5936 10
649 650 5690 10
594 595 2204 10
3766 3765 6257 10
539 540 5695 10
484 485 5697 10
429 430 2259 10
374 375 5703 10
418 419 5939 10
473 474 5940 10
528 529 2226 10
3552 3535 6258 10
583 584 5941 10
638 639 5715 10
5365 4145 6173 10
711 712 5716 10
693 694 2171 10
3285 4285 6184 10
656 657 5942 10
601 602 5721 10
546 547 2220 10
491 492 5727 10
436 437 5730 10
4484 2068 4485 10
381 382 2275 10
411 412 2265 10
466 467 5735 10
6257 3765 6263 10
521 522 5745 10
576 577 2210 10
4386 5714 5876 10
631 632 5752 10
686 687 5757 10
663 664 2181 10
608 609 5759 10
553 554 5764 10
5585 5613 5614 10
498 499 2236 10
443 444 5770 10
388 389 5773 10
6258 3535 6264 10
96 97 6260 10
2376 4858 4859 10
404 405 5784 10
459 460 2249 10
514 515 5794 10
569 570 5798 10
624 625 2194 10
679 680 5949 10
5735 5571 5736 10
670 671 5807 10
615 616 2197 10
3765 3844 6263 10
505 506 5810 10
450 451 2252 10
395 396 5815 10
4904 5286 5454 10
2178 5477 5968 10
397 398 5950 10
452 453 5822 10
3357 3355 6136 10
507 508 2233 10
5012 6187 6426 10
562 563 5827 10
617 618 5829 10
3467 3466 5482 10
672 673 2178 10
3535 3534 6264 10
677 678 5833 10
4026 4025 5415 10
622 623 5837 10
2379 4850 4852 10
3752 3755 6265 10
567 568 2213 10
512 513 5948 10
457 458 5842 10
2064 4845 4847 10
402 403 2268 10
390 391 2272 10
445 446 5946 10
500 501 5849 10
555 556 2217 10
610 611 5851 10
665 666 5853 10
684 685 2174 10
629 630 5945 10
3342 4424 5513 10
574 575 5854 10
519 520 2229 10
464 465 5944 10
6264 3534 6270 10
409 410 5857 10
383 384 5858 10
3800 3801 6266 10
438 439 2256 10
5645 5514 5992 10
493 494 5943 10
548 549 5859 10
603 604 2201 10
3284 5520 6330 10
658 659 5861 10
1968 4519 4521 10
691 692 5862 10
713 714 2612 10
3398 4798 6335 10
636 637 2190 10
581 582 5863 10
526 527 5864 10
471 472 2245 10
416 417 5866 10
4869 5086 5453 10
4408 4544 6316 10
3534 3536 6270 10
376 377 5868 10
431 432 5869 10
5661 5540 5963 10
486 487 2240 10
541 542 5938 10
596 597 5871 10
2577 5107 6311 10
651 652 2185 10
698 699 5873 10
706 707 5874 10
643 644 5875 10
588 589 2206 10
533 534 5934 10
478 479 5878 10
423 424 2261 10
6270 3536 6278 10
424 425 5879 10
5700 2117 6411 10
6265 3755 6289 10
253 254 6272 10
479 480 5932 10
534 535 2224 10
589 590 5881 10
644 645 5883 10
705 706 2102 10
699 700 2169 10
650 651 5884 10
5698 6086 6411 10
5761 5471 6049 10
595 596 5931 10
540 541 2222 10
485 486 5885 10
430 431 5887 10
375 376 2277 10
2895 3311 6331 10
2394 4708 4709 10
118 119 6274 10
3536 3537 6278 10
417 418 2263 10
472 473 5929 10
4648 2051 4650 10
527 528 5889 10
582 583 2208 10
637 638 5928 10
5557 5667 5668 10
712 713 5891 10
692 693 5925 10
657 658 2183 10
3729 3734 3735 10
602 603 5923 10
547 548 5921 10
492 493 2238 10
4467 5227 6276 10
437 438 5920 10
3899 3214 6283 10
382 383 5919 10
5165 5166 5430 10
6278 3537 6285 10
1874 4671 4718 10
5521 5663 5665 10
2414 4681 4751 10
1887 4675 4711 10
2455 5021 6017 10
410 411 5896 10
2450 4661 5546 10
2525 5024 6297 10
465 466 2247 10
520 521 5897 10
4006 4008 4010 10
575 576 5917 10
630 631 2192 10
6207 3833 6420 10
1866 4688 4775 10
685 686 5916 10
4757 1873 5551 10
664 665 5915 10
609 610 2199 10
554 555 5914 10
4625 1965 4626 10
499 500 5900 10
444 445 2254 10
389 390 5901 10
3537 3539 6285 10
5763 5592 5860 10
403 404 5902 10
1878 4629 4729 10
458 459 5903 10
513 514 2231 10
3755 3745 6289 10
568 569 5904 10
623 624 5912 10
3334 4841 6279 10
4377 2598 4378 10
678 679 2176 10
671 672 5911 10
616 617 5906 10
561 562 2215 10
506 507 5908 10
451 452 5909 10
253 6272 6312 10
3574 3573 6255 10
396 397 2270 10
6289 3745 6299 10
4074 4075 4288 10
5486 4865 5487 10
3745 3744 6299 10
2474 4589 4639 10
4159 4160 5441 10
1906 4586 6185 10
250 251 6298 10
4829 4469 5141 10
6299 3744 6314 10
4081 5431 6095 10
5308 5307 5444 10
2313 5488 6117 10
3744 3742 6314 10
4487 4937 6069 10
1910 4799 4918 10
4791 4506 5953 10
4817 4812 6019 10
252 253 6312 10
6314 3742 6322 10
3742 3743 6322 10
3950 3624 6324 10
2970 3165 6328 10
4015 4014 5458 10
3850 3759 6329 10
5134 4497 5444 10
2087 5249 6021 10
4431 4430 6341 10
2217 5913 6342 10
3507 3508 5352 10
6329 3759 6446 10
4184 4185 4186 10
247 248 6338 10
3625 3623 6416 10
3292 5525 5534 10
4303 5463 5525 10
5450 4350 6315 10
5236 5237 5454 10
3139 3928 6437 10
3220 3627 3629 10
4649 4538 5430 10
111 112 6353 10
244 245 6356 10
3759 3758 6446 10
6446 3758 6486 10
5273 5408 5453 10
3758 3760 6486 10
1951 4858 6464 10
5448 5447 5499 10
2299 249 6348 10
5593 5376 5607 10
3565 3564 4402 10
2281 246 6475 10
3736 5121 6138 10
1795 1796 6300 10
4214 4213 5493 10
1687 1688 6302 10
2098 4376 4377 10
3573 6088 6255 10
3356 3357 4312 10
3327 6309 6468 10
5957 3939 6249 10
3521 3522 6108 10
4019 4017 4022 10
4842 3340 5259 10
3327 4272 6309 10
3372 5006 5309 10
2190 5928 6092 10
3730 3229 3731 10
2408 4613 6290 10
3466 3463 6399 10
4319 3590 5290 10
4532 3568 6129 10
4163 4165 4167 10
4244 5084 6246 10
2609 3449 6136 10
688 689 6304 10
689 690 6305 10
4403 3993 5364 10
5452 4353 6318 10
4084 4082 6076 10
4095 4093 6073 10
4276 3557 4315 10
3373 5416 6151 10
3393 3394 4298 10
4398 3975 5356 10
3508 4657 4658 10
1962 4554 5504 10
5092 5988 6470 10
365 366 2373 10
5792 5791 5814 10
1794 1795 6347 10
4185 5420 5495 10
586 587 6307 10
5081 1977 6120 10
560 561 6281 10
2486 4845 4846 10
1899 4432 5097 10
5649 2110 5692 10
4105 4104 5997 10
1686 1687 6398 10
5019 3731 6052 10
2010 4452 5111 10
5117 5118 6421 10
2302 5506 6140 10
2038 4446 5108 10
2476 4413 5461 10
2466 4842 5259 10
2499 4512 5318 10
2506 4537 5332 10
5242 6067 6471 10
2055 4501 5025 10
587 588 6308 10
3729 3730 3734 10
4029 4031 4033 10
2076 4605 5335 10
5123 5016 6085 10
2434 4527 5213 10
4135 4137 4139 10
4241 5981 6220 10
3525 3526 6080 10
4069 4071 4073 10
2565 4616 5194 10
4479 4929 6463 10
4466 4467 5962 10
5921 5860 5922 10
4072 4387 5342 10
4201 4202 6066 10
3559 3558 4372 10
3410 6202 6280 10
4208 4209 5667 10
5772 4347 5831 10
2157 5676 6293 10
2121 5657 6292 10
5805 5628 5806 10
5676 5666 6293 10
5657 5686 6292 10
4442 3344 5535 10
2198 5611 6427 10
3974 3972 3976 10
2250 5842 6095 10
3992 3990 3994 10
2177 5601 6401 10
4032 4385 5323 10
2225 5642 6098 10
5248 4429 5423 10
4340 4290 5040 10
4893 4851 6071 10
4303 3320 5463 10
4473 5050 5404 10
4218 5494 5521 10
4138 4374 5322 10
4508 5206 5531 10
3565 4961 5196 10
2201 5924 5987 10
2100 5448 5499 10
3470 4589 6128 10
3727 4392 6451 10
5838 2195 6415 10
4615 3378 6310 10
5701 2167 5792 10
3243 4299 4300 10
3476 4612 6345 10
4189 5749 6212 10
4923 4921 6332 10
6187 4283 6426 10
1861 1862 2610 10
4838 4247 6460 10
4208 4207 4209 10
4350 4001 6115 10
5443 4939 6088 10
5162 2559 6005 10
4352 3478 6337 10
4300 4560 5072 10
2015 5310 6229 10
3436 3435 4326 10
368 363 6343 10
4867 4868 6320 10
5261 6141 6253 10
4501 3591 5025 10
5126 5216 5995 10
6143 2177 6401 10
3556 4946 4947 10
6309 3446 6468 10
4678 6108 6375 10
4304 3292 5534 10
3500 4691 4738 10
5612 2198 6427 10
2195 5837 6415 10
5653 5510 5820 10
4037 5464 5465 10
2291 5539 6172 10
2128 5734 6055 10
4180 4177 5419 10
4060 4062 5425 10
4609 3311 4621 10
2372 3410 6280 10
4155 4159 5514 10
3361 5061 5988 10
5451 3980 5452 10
4569 3432 6231 10
4143 5455 5456 10
5449 3998 5450 10
2127 5673 6087 10
4045 4047 5421 10
4282 6056 6494 10
2350 3446 6309 10
4192 4191 4193 10
4761 2445 6269 10
4175 4177 4180 10
4101 4104 4105 10
4060 4058 4062 10
3510 3511 5983 10
4082 4081 6095 10
4178 4181 5967 10
4045 4043 4047 10
5719 4254 5720 10
2469 4853 6194 10
4093 4092 6098 10
3303 4541 6245 10
3462 3458 3465 10
3435 3427 5377 10
4267 3719 4281 10
4214 5493 5494 10
4003 5572 5574 10
5036 2577 6311 10
4825 3739 6158 10
3220 3629 6004 10
4201 4200 4202 10
5318 3733 5319 10
5749 5751 6048 10
4253 5825 5973 10
4990 6132 6244 10
2335 5989 5999 10
4781 3395 5414 10
4014 4010 5507 10
4053 4054 4055 10
2660 5561 5982 10
3354 3356 6401 10
2613 5809 5993 10
4962 2408 6290 10
718 719 2098 10
4166 4346 5017 10
2287 5786 6199 10
4624 6081 6423 10
4273 5375 5376 10
3985 5816 6182 10
3558 4276 4372 10
5029 3367 6254 10
3963 3966 3967 10
3965 3964 3968 10
4402 3563 4962 10
4081 4079 4086 10
6134 3299 6236 10
5233 5234 6317 10
4092 4090 4097 10
6081 4987 6422 10
4557 4241 6207 10
5178 4280 6441 10
4024 5458 5459 10
4327 3257 4328 10
4212 4213 4214 10
4077 5476 5478 10
4653 3503 4654 10
4520 3530 6085 10
2307 6002 6013 10
4348 4288 4349 10
3515 6388 6389 10
2194 5905 6027 10
4670 3487 6287 10
5998 4301 6179 10
3562 3561 5972 10
4331 5152 6179 10
2445 4763 6269 10
5684 5480 5881 10
2602 5133 6204 10
1977 5271 6120 10
4460 3341 6273 10
4044 4046 4048 10
5064 3587 5255 10
5147 2525 6297 10
4059 4061 4063 10
4104 4096 5402 10
5012 4307 6187 10
3385 5361 5362 10
4536 4535 6151 10
3312 5158 6034 10
5989 3681 5999 10
3341 4460 6063 10
6129 5197 6239 10
2294 6015 6033 10
5441 4170 5442 10
4074 4348 4387 10
5710 5511 5785 10
3833 5956 6419 10
5206 5208 6205 10
3692 5141 5435 10
3991 3993 3995 10
3973 3975 3977 10
5080 5535 6195 10
2101 4328 6261 10
4085 5737 6038 10
4138 4136 4140 10
4072 4070 4074 10
4282 6494 6495 10
4032 4030 4034 10
5574 2245 5575 10
4209 4210 6148 10
4073 5475 5476 10
3485 4763 6268 10
4605 4395 5335 10
4763 1876 6268 10
4896 4897 6060 10
4009 5480 5481 10
4166 4164 4168 10
3430 4884 6001 10
4753 6044 6385 10
3590 4449 5290 10
4152 4154 4157 10
4009 4007 4012 10
3739 5100 6170 10
3237 4290 4340 10
3965 3968 5394 10
5520 4601 6330 10
3967 3966 5390 10
4055 4054 5359 10
3432 4568 5662 10
2279 6026 6045 10
4081 4086 5388 10
5408 5259 6271 10
5486 5071 6070 10
1537 1859 6440 10
4857 4856 6333 10
5123 4931 6012 10
4092 4097 5385 10
6078 3918 6131 10
4054 5415 5457 10
4639 3470 6057 10
5691 4346 5771 10
5988 5061 6470 10
5694 5777 6301 10
4439 6061 6062 10
4359 6424 6425 10
3571 3570 5522 10
5157 5158 6286 10
3275 4787 4788 10
4690 4242 6371 10
4301 5998 6444 10
4178 5967 6295 10
3311 4609 6331 10
4296 3400 6326 10
4353 3983 6182 10
4182 4201 5396 10
6002 3711 6013 10
3379 4616 6310 10
4849 5069 6225 10
5481 5682 5683 10
5425 4062 5426 10
5421 4047 5422 10
4180 5419 5420 10
4024 4015 5458 10
3510 5983 6259 10
5571 4003 5737 10
4054 4026 5415 10
3485 4336 4763 10
2115 5706 6051 10
2325 5960 6265 10
4037 4033 5464 10
5510 4154 5511 10
3516 5976 6215 10
2660 368 6343 10
4160 4170 5441 10
2317 6054 6079 10
4040 5627 5628 10
2222 5938 6211 10
3296 6175 6273 10
3734 5223 5224 10
3516 3517 5976 10
4741 4365 6137 10
4143 4139 5455 10
3462 3465 5649 10
6108 4516 6375 10
4550 4551 6046 10
3280 4390 6019 10
6060 3392 6061 10
5237 4489 6325 10
6050 3359 6130 10
6094 3862 6166 10
4514 3524 6341 10
4683 4684 6150 10
3523 4516 6108 10
4259 5175 6198 10
4518 6132 6209 10
5394 3968 5395 10
5388 4086 5389 10
5385 4097 5386 10
3976 3980 5451 10
4868 3337 6320 10
2563 5175 5176 10
3994 3998 5449 10
2244 5708 6115 10
2569 5308 5310 10
4435 6008 6451 10
4308 5749 6048 10
5648 2111 5650 10
1900 5099 5100 10
5009 3571 5522 10
5223 1929 5224 10
2020 4615 4616 10
4960 2047 4961 10
2516 4631 4632 10
5012 2070 5013 10
4607 1992 4608 10
4548 1961 4550 10
2397 4544 4546 10
4683 2016 4684 10
1996 4526 4527 10
2517 4993 4994 10
1966 4987 4988 10
4980 2514 4981 10
4784 2523 4785 10
4503 1985 4504 10
2524 4500 4501 10
4491 2040 4492 10
2389 4487 4488 10
1972 4479 4480 10
5166 2509 5167 10
5161 2022 5162 10
2606 5152 5153 10
5145 2504 5146 10
4458 2533 4459 10
2058 4831 4832 10
4838 2381 4839 10
2003 4841 4842 10
2536 4439 4440 10
1948 4435 4436 10
4933 1998 4934 10
5652 5017 5780 10
4867 2538 4868 10
2034 4412 4413 10
2539 4415 4416 10
2377 4427 4428 10
4896 2380 4897 10
4902 2002 4903 10
2382 4445 4446 10
4448 2545 4449 10
4887 2484 4888 10
4454 2057 4455 10
2547 4462 4463 10
4465 2384 4466 10
6015 3849 6033 10
4476 2548 4477 10
2062 5083 5084 10
5080 2472 5081 10
4946 2553 4947 10
4506 2081 4507 10
1931 4511 4512 10
2557 4530 4531 10
5059 2584 5060 10
2017 4536 4537 10
4971 2562 4972 10
4824 1926 4825 10
4812 2579 4813 10
4600 1964 4601 10
2564 4604 4605 10
5027 2012 5028 10
1993 4619 4620 10
2571 4740 4741 10
4997 1933 4998 10
4643 1988 4644 10
1989 4540 4541 10
5766 4374 5767 10
5188 3562 5972 10
4743 2503 4744 10
2063 5261 5262 10
2013 4495 4496 10
4245 3575 5035 10
4048 4046 5348 10
5176 4259 5177 10
4998 4250 6220 10
5233 2028 5234 10
2489 4451 4452 10
5141 3266 6176 10
4784 6030 6135 10
4514 2436 4515 10
4048 5348 5349 10
2480 4431 4432 10
4063 4061 5343 10
4063 5343 5344 10
4861 2479 4862 10
2473 4422 4423 10
2061 4418 4419 10
4340 5040 6083 10
3359 5988 6130 10
4484 4290 6192 10
4568 3432 4569 10
4795 2400 4796 10
4471 2465 4472 10
4591 1905 4592 10
4582 2413 4583 10
4571 2442 4572 10
4483 2068 4484 10
5120 1928 5121 10
6155 3939 6496 10
1909 4578 4579 10
2464 4585 4586 10
1904 4588 4589 10
3577 4245 5036 10
4863 5528 6074 10
2435 4628 4629 10
2416 4714 4715 10
4700 1884 4701 10
4756 2446 4757 10
2417 4670 4671 10
2422 4687 4688 10
4690 2423 4691 10
1877 4680 4681 10
2433 4674 4675 10
2415 4666 4667 10
4652 1880 4653 10
4656 1883 4657 10
1868 4660 4661 10
1968 4518 4519 10
4832 3627 4833 10
2424 4801 4802 10
4770 5352 6393 10
3568 3567 6129 10
4202 4271 6086 10
4777 1916 4778 10
2457 4798 4799 10
1917 4559 4560 10
4563 2485 4564 10
2494 4566 4567 10
2483 4574 4575 10
4595 1902 4596 10
4624 1965 4625 10
4224 5741 6294 10
4647 2051 4648 10
2394 4707 4708 10
4729 4357 6374 10
4385 5875 5883 10
4257 3232 6162 10
4954 2392 4955 10
4949 1986 4950 10
4939 2041 4940 10
3977 4398 4399 10
3995 4403 4404 10
2064 4844 4845 10
2379 4849 4850 10
5673 5848 6087 10
3940 4419 6249 10
4385 4034 4386 10
2376 4857 4858 10
3228 4244 6246 10
5798 4387 5904 10
6169 4801 6351 10
6056 4340 6083 10
3577 5036 6311 10
2014 5134 5444 10
4374 4140 4375 10
4753 4569 4754 10
6110 3725 6188 10
2096 5977 6196 10
5557 4208 5667 10
4538 2050 5430 10
1858 1537 6440 10
4346 4168 4347 10
4085 5143 5737 10
5756 2105 6096 10
4363 3249 6344 10
6128 4588 6323 10
5977 2495 6147 10
5563 4398 5939 10
4301 4524 6181 10
4532 6129 6239 10
4055 5359 5360 10
4923 6169 6352 10
3629 4454 4456 10
6030 4955 6135 10
3519 3520 6039 10
3284 5409 5520 10
1889 4715 6104 10
4743 4744 5533 10
4653 2421 6105 10
5956 3833 6198 10
4314 4632 6201 10
5623 4403 5943 10
4824 4825 6158 10
5086 2585 5453 10
4355 4743 5533 10
6026 3691 6045 10
365 2373 5371 10
5286 2001 5454 10
2105 5760 6096 10
5336 4406 5338 10
5687 5322 5830 10
5689 5323 5882 10
3432 3431 6231 10
4336 4762 6269 10
6050 4415 6319 10
4293 5447 5448 10
4772 2491 5400 10
5599 4349 5827 10
3523 4515 4516 10
5342 5797 5855 10
2318 5974 6329 10
2610 1862 5365 10
1859 1860 5986 10
4973 1962 5503 10
3313 5159 6286 10
4391 6453 6454 10
4193 4308 5963 10
3522 3523 6108 10
363 370 6343 10
3628 3225 6155 10
4586 4332 6185 10
6195 4422 6489 10
4348 5600 5602 10
5146 4333 5996 10
3733 4512 6113 10
3995 3993 4403 10
5509 4157 5512 10
6119 3821 6214 10
4188 4186 6055 10
3977 3975 4398 10
3511 4766 5983 10
4371 3251 6425 10
4744 1940 6124 10
4701 2429 6103 10
5356 5631 5866 10
5364 5568 5727 10
1921 4802 6109 10
6175 4462 6455 10
4796 1912 6112 10
5080 6195 6490 10
4025 4020 6415 10
2044 4708 6125 10
4072 4074 4387 10
4138 4140 4374 10
4032 4034 4385 10
4962 3563 5190 10
4458 6175 6456 10
4271 4203 6040 10
2248 5619 6139 10
4807 4806 4809 10
3517 4715 5976 10
4319 5233 6317 10
2249 6024 6076 10
3736 3735 6028 10
5680 2131 6048 10
4749 4668 6039 10
3401 4579 6327 10
4293 1925 5447 10
2375 4419 6122 10
4489 3318 6325 10
1860 1861 5368 10
5534 5717 6261 10
2079 4546 6126 10
1938 4632 6127 10
2007 4416 6130 10
5965 4283 6181 10
4625 2409 6123 10
4456 3593 6004 10
2155 5741 5742 10
2216 5588 5589 10
5571 2246 5572 10
3739 3738 6158 10
2175 5585 5586 10
4166 4168 4346 10
2468 5262 6157 10
3288 4931 5123 10
4960 4402 6290 10
1942 4741 6137 10
2224 6032 6073 10
5649 5648 5650 10
4681 3484 6275 10
4993 6127 6203 10
4940 2461 6133 10
4950 2458 6134 10
4955 1958 6135 10
6067 5242 6485 10
5577 5359 5752 10
4319 6235 6474 10
1920 4884 6402 10
4658 4771 6393 10
6175 4458 6273 10
4442 6120 6228 10
2537 5084 6141 10
5590 5914 6342 10
5779 5712 6066 10
4552 3281 4553 10
4915 4268 6366 10
4309 6382 6383 10
5121 2385 6138 10
4255 4924 6380 10
3512 5355 6208 10
3356 5477 6401 10
5234 2459 6146 10
4516 4727 6375 10
4009 4012 5480 10
3732 3733 6113 10
4481 6036 6485 10
4793 4792 6321 10
2073 5153 6159 10
5224 2572 6164 10
4981 2018 6163 10
4754 6404 6405 10
5061 5276 6470 10
5580 5343 5620 10
3456 4930 4931 10
5076 5075 6306 10
5252 4833 6487 10
4157 4154 5510 10
4359 3727 6451 10
5043 4481 6484 10
3968 3964 6101 10
5582 5348 5794 10
5503 1962 5504 10
6054 3905 6079 10
3435 6096 6097 10
3526 3224 6170 10
3297 6063 6093 10
5352 4658 6393 10
4273 3967 5375 10
4379 4389 6461 10
4352 4995 6409 10
5227 5538 6276 10
5216 4365 5995 10
4504 5221 6313 10
3940 3228 6246 10
366 367 4916 10
3566 5196 6233 10
6167 4462 6175 10
3524 6080 6341 10
5513 4422 6195 10
3509 4701 6103 10
3225 3939 6155 10
6194 4396 6413 10
5145 5146 5996 10
4257 5262 6253 10
5401 5605 5948 10
5399 5730 5920 10
4406 4972 5338 10
6089 4801 6169 10
5552 4025 6415 10
5497 4987 6081 10
6168 3754 6274 10
4270 6395 6396 10
5592 4111 5860 10
5120 5121 6028 10
4940 3574 6255 10
4858 5975 6464 10
4799 4296 4918 10
4624 5409 6081 10
3390 5234 6146 10
3368 4496 6254 10
4788 5295 6421 10
4333 4994 6203 10
4425 3297 6093 10
3627 3626 6282 10
3485 6268 6275 10
4250 4998 5321 10
4266 6476 6477 10
2661 1858 6440 10
3232 4267 6162 10
5084 4244 6141 10
3575 4492 5035 10
5463 5558 5935 10
4880 4808 6349 10
4809 3434 6350 10
4597 4959 6183 10
5587 560 6281 10
4574 4573 6109 10
4655 4656 6103 10
3734 5224 6164 10
3356 4312 5968 10
5071 5486 5487 10
4621 3311 6034 10
4593 4819 6185 10
5474 4282 6495 10
4570 4571 6112 10
3626 3628 6282 10
6252 4937 6480 10
3224 3739 6170 10
5537 4793 5538 10
4419 3940 6122 10
5953 3258 6321 10
4814 5243 6237 10
4602 5183 6240 10
5330 4532 6239 10
5092 5091 6130 10
3939 3938 6249 10
6040 4203 6277 10
5216 5215 6137 10
5290 5289 6235 10
4077 5478 5479 10
4898 5284 6234 10
4341 5145 5996 10
5208 5207 6126 10
4711 3514 6389 10
3833 3832 6198 10
5264 4441 6228 10
4993 4992 6127 10
4295 5407 6191 10
5261 5260 6141 10
5150 4989 6244 10
5643 5429 5890 10
3392 6060 6296 10
5035 5034 6226 10
4786 5020 6227 10
5774 5390 5775 10
5083 5082 6122 10
5459 5578 5759 10
3562 5188 5469 10
5006 5005 6229 10
5431 5821 5841 10
5433 5634 5894 10
5196 5195 6233 10
4933 6252 6481 10
5385 5864 5889 10
5633 5394 5868 10
5202 5201 6159 10
5190 3563 5469 10
5822 5388 5909 10
5331 5332 6163 10
4914 5393 6478 10
4873 4424 6222 10
6193 5492 6308 10
4599 4600 6123 10
4667 3518 4668 10
5704 5442 5799 10
3251 4359 6425 10
4816 4817 6147 10
3560 4649 5430 10
4971 4972 6037 10
6326 4578 6363 10
5858 5434 5919 10
5119 5120 6164 10
2207 586 6307 10
4264 5378 6429 10
5405 4188 6288 10
6061 3392 6062 10
3231 3833 6207 10
5220 3298 5221 10
4271 6040 6411 10
3832 4259 6198 10
6046 3720 6216 10
6323 4588 6359 10
4609 3310 6331 10
6037 4408 6316 10
4744 4341 5533 10
5737 4003 6038 10
4458 4459 6273 10
3455 6189 6291 10
4355 3750 5970 10
4784 4785 6031 10
3938 3940 6249 10
4283 3239 6181 10
5365 1863 6171 10
3506 5352 6238 10
5355 3512 5856 10
4918 6326 6364 10
5371 2373 6101 10
4594 1902 4595 10
2457 4797 4798 10
2483 4573 4574 10
2494 4565 4566 10
4562 2485 4563 10
1917 4558 4559 10
4776 1916 4777 10
2424 4800 4801 10
4920 1923 4921 10
4819 1906 6185 10
4638 2474 4639 10
4633 2471 4995 10
2435 4627 4628 10
1895 4617 5403 10
4710 1887 4711 10
2422 4686 4687 10
2443 4746 4747 10
4750 2414 4751 10
2416 4713 4714 10
1875 4761 4762 10
4699 1884 4700 10
4728 1878 4729 10
4723 2448 4724 10
4696 1881 4697 10
4733 2450 5546 10
4755 2446 4756 10
1873 4760 5551 10
4704 1869 4924 10
2427 4736 5326 10
4767 1885 4768 10
1886 4676 5355 10
4721 1871 4722 10
4765 2428 4766 10
2430 4745 5142 10
2417 4669 4670 10
4717 1874 4718 10
4651 1880 4652 10
2418 4663 4915 10
1882 4769 4770 10
4748 2444 4749 10
1888 4758 5952 10
4774 1866 4775 10
1892 4662 6023 10
4655 1883 4656 10
1868 4659 4660 10
2437 4677 4678 10
4695 2420 5424 10
2415 4665 4666 10
1897 4611 4612 10
4689 2423 4690 10
2433 4673 4674 10
1877 4679 4680 10
4636 2502 4637 10
4959 1903 6183 10
1904 4587 4588 10
2464 4584 4585 10
1909 4577 4578 10
4894 1918 6044 10
2441 4889 4890 10
4570 2442 4571 10
4917 1910 4918 10
4581 2413 4582 10
2117 5698 6411 10
4513 2436 4514 10
4590 1905 4591 10
1901 4822 5077 10
4963 1898 4964 10
4490 4491 6133 10
1879 4854 4885 10
2410 4634 4635 10
4436 4392 4437 10
4502 4503 6134 10
4922 2425 4923 10
4794 2400 4795 10
4783 4784 6135 10
5079 2472 5080 10
2062 5082 5083 10
5058 2584 5059 10
4823 1926 4824 10
4886 2484 4887 10
4811 2579 4812 10
5026 2012 5027 10
5128 2599 6018 10
2069 5130 5407 10
4932 1998 4933 10
2571 4739 4740 10
5368 2610 5369 10
6337 4635 6406 10
4642 1988 4643 10
4806 4292 6059 10
4996 1933 4997 10
5144 2504 5145 10
2606 5151 5152 10
2173 688 6304 10
5160 2022 5161 10
5165 2509 5166 10
1935 4974 5956 10
1993 4618 4619 10
2564 4603 4604 10
4599 1964 4600 10
4975 2402 5178 10
4979 2514 4980 10
1966 4986 4987 10
2517 4992 4993 10
4970 2562 4971 10
2017 4535 4536 10
2557 4529 4530 10
2072 4522 5998 10
2519 5207 5208 10
5011 2070 5012 10
6319 4415 6465 10
1931 4510 4511 10
4505 2081 4506 10
4945 2553 4946 10
4475 2548 4476 10
5222 1929 5223 10
2083 5022 5537 10
2529 5244 5489 10
4464 2384 4465 10
2547 4461 4462 10
4453 2057 4454 10
4447 2545 4448 10
2382 4444 4445 10
4901 2002 4902 10
4895 2380 4896 10
3488 4671 6287 10
2377 4426 4427 10
2539 4414 4415 10
4410 2033 5378 10
2034 4411 4412 10
4866 2538 4867 10
5267 2586 6100 10
2583 5091 5092 10
1900 5098 5099 10
1948 4434 4435 10
2536 4438 4439 10
2003 4840 4841 10
4837 2381 4838 10
2383 4835 4836 10
2058 4830 4831 10
4457 2533 4458 10
4474 2386 6043 10
1956 5294 5295 10
4816 2095 4817 10
1972 4478 4479 10
2389 4486 4487 10
4490 2040 4491 10
2524 4499 4500 10
4787 6227 6447 10
4502 1985 4503 10
4783 2523 4784 10
4591 6323 6360 10
2569 5307 5308 10
5031 5032 6146 10
6197 3851 6353 10
1996 4525 4526 10
4682 2016 4683 10
2397 4543 4544 10
4547 1961 4548 10
4555 2398 5981 10
5156 1994 5157 10
2563 5174 5175 10
2516 4630 4631 10
4613 2047 4960 10
2020 4614 4615 10
4606 1992 4607 10
2075 4622 6016 10
2559 5192 6005 10
1989 4539 4540 10
2439 4523 4524 10
4742 2503 4743 10
2080 5205 5206 10
2025 5306 5361 10
5303 2042 5304 10
2549 5215 5216 10
4790 2456 4791 10
2013 4494 4495 10
4074 4288 4348 10
4818 1944 6022 10
2574 5226 5227 10
5228 2546 6090 10
6303 4451 6492 10
4468 2085 4469 10
2489 4450 4451 10
6279 4841 6472 10
5247 2542 5248 10
2032 5253 5254 10
5265 2090 6070 10
2480 4430 4431 10
4860 2479 4861 10
2473 4421 4422 10
2061 4417 4418 10
2063 5260 5261 10
5273 2004 5408 10
2534 5275 5412 10
5251 2059 5529 10
2532 5277 5278 10
2470 4433 6008 10
4443 2486 4846 10
4470 2465 4471 10
4910 1927 4911 10
5241 1973 5242 10
2594 5239 5240 10
5236 2527 5237 10
5232 2028 5233 10
4241 3231 6207 10
2462 4928 4929 10
4482 2068 4483 10
6335 4798 6357 10
1999 4936 4937 10
2460 4942 4943 10
4910 4911 6138 10
5312 2052 5980 10
1968 4517 4518 10
2023 4533 4534 10
4556 1934 4557 10
2605 5201 5202 10
5334 2076 5335 10
2513 4978 5393 10
2404 4984 4985 10
4623 1965 4624 10
5339 2511 6116 10
5168 1990 5169 10
5331 2506 5332 10
4646 2051 4647 10
4692 2395 4693 10
2394 4706 4707 10
2071 4730 5965 10
5317 2499 5318 10
5302 2600 5443 10
4995 6337 6407 10
1930 5018 5019 10
5121 3736 6028 10
5031 2027 5032 10
5045 2387 5046 10
5119 1928 5120 10
5112 2595 5113 10
5107 2038 5108 10
5285 2487 5474 10
3239 4301 6181 10
4828 2530 4829 10
2064 4843 4844 10
2379 4848 4849 10
2478 5279 5528 10
2060 5093 5094 10
6060 4897 6296 10
2591 5089 5090 10
5274 2476 5461 10
5078 2588 5486 10
2376 4856 4857 10
4864 2089 4865 10
3365 5231 5460 10
2540 4872 5957 10
4221 5665 6221 10
5096 1899 5097 10
2091 5068 5069 10
5258 2466 5259 10
5063 2031 5064 10
5052 2086 5053 10
2581 5049 5050 10
4892 2378 4893 10
4900 2065 6082 10
4867 6319 6466 10
5110 2010 5111 10
5117 1955 5118 10
6345 4612 6354 10
3829 4241 6220 10
5024 2055 5025 10
4927 2096 6196 10
4938 2041 4939 10
2026 5132 5347 10
4948 1986 4949 10
4953 2392 4954 10
5015 1969 5016 10
5212 2434 5213 10
2043 5008 5009 10
5209 2024 5210 10
2555 5149 6132 10
1995 5154 5155 10
2074 5200 6010 10
5193 2565 5194 10
5189 2048 5190 10
5529 3628 5530 10
4902 6279 6473 10
4376 2598 4377 10
4379 5127 6346 10
4039 5626 6084 10
2477 4873 6222 10
5059 6303 6493 10
5471 5761 5840 10
4244 3543 6253 10
5603 5472 5604 10
5195 2046 6233 10
4579 4578 6327 10
5005 2015 6229 10
5457 5616 5945 10
4808 4809 6350 10
5020 2597 6227 10
5034 2039 6226 10
4250 3829 6220 10
4242 6370 6371 10
5731 5473 5870 10
5979 4224 6294 10
4750 4751 6268 10
5197 3566 6233 10
5107 5108 6311 10
4795 6335 6358 10
2535 5264 6228 10
5732 5419 5839 10
5881 5480 6193 10
5565 5478 5941 10
4290 3855 6192 10
5284 2543 6234 10
5289 2544 6235 10
4964 6345 6355 10
3316 4935 6336 10
675 2177 6143 10
5828 620 5838 10
2214 565 5600 10
510 2232 5603 10
5821 455 5841 10
2269 400 5596 10
393 2271 5593 10
2253 448 5608 10
503 5811 5850 10
558 2216 6144 10
2198 613 5611 10
668 5805 5806 10
2175 682 5584 10
627 2193 5615 10
5797 572 5855 10
2230 517 5583 10
462 2248 5617 10
5782 407 5783 10
386 5774 5775 10
441 2255 5580 10
2237 496 5621 10
551 5762 5763 10
606 2200 5579 10
2182 661 5625 10
2191 634 5576 10
579 2209 5630 10
5746 524 5865 10
2246 469 5573 10
414 2264 5632 10
2276 379 5634 10
434 5731 5870 10
489 2239 5569 10
2221 544 5637 10
599 5722 5872 10
654 2184 5567 10
696 2170 5893 10
2614 709 5717 10
5714 641 5876 10
531 2225 5643 10
5708 476 5877 10
2262 421 5564 10
372 2351 5561 10
2260 427 5671 10
482 5696 5880 10
537 2223 5559 10
2205 592 5682 10
647 5689 5882 10
2168 703 5558 10
702 2168 5937 10
648 2186 5689 10
5682 593 5683 10
2223 538 5560 10
483 2241 5696 10
5671 428 5886 10
2351 373 5562 10
420 2262 5563 10
2244 475 5708 10
530 5643 5890 10
585 2207 5565 10
2189 640 5714 10
710 2101 5717 10
5892 695 5893 10
2184 655 5566 10
600 2202 5722 10
5637 545 5638 10
2239 490 5568 10
435 2257 5731 10
5634 380 5894 10
1654 1655 4291 10
413 5632 5895 10
468 2246 5570 10
2228 523 5746 10
578 5630 5898 10
633 2191 5577 10
5625 662 5899 10
2200 607 5578 10
552 2218 5762 10
5621 497 5622 10
2255 442 5581 10
387 2273 5774 10
2267 406 5782 10
461 5617 5618 10
516 2230 5582 10
2212 571 5797 10
626 5615 5905 10
681 2175 6152 10
669 2179 5805 10
5611 614 5907 10
2216 559 5587 10
504 2234 5811 10
5608 449 5609 10
2271 394 5594 10
2141 1776 5705 10
2115 1698 5706 10
5812 1693 6145 10
1781 2143 5804 10
2167 1854 5803 10
1771 5800 5801 10
1703 2117 5699 10
5795 1786 5818 10
1849 5790 5793 10
1766 2138 5819 10
5787 1708 5788 10
2110 1683 5692 10
2146 1791 5820 10
1844 2164 5823 10
2136 1761 5780 10
2120 1713 5713 10
1678 5778 5826 10
2162 1839 5776 10
1756 5772 5831 10
1718 2122 5686 10
1673 2107 5834 10
5768 1801 5835 10
1834 5766 5767 10
1751 2133 5724 10
5761 1723 5840 10
2105 1668 5760 10
2151 1806 5726 10
1829 2159 5729 10
2131 1746 5681 10
399 2269 5597 10
2125 1728 5843 10
1663 5753 5754 10
1811 2153 5678 10
2157 1824 5676 10
1741 5748 5750 10
1733 2127 5747 10
2251 454 5821 10
5743 1816 5744 10
1819 5739 5740 10
1736 2128 5848 10
5734 1738 5847 10
509 5603 5604 10
2156 1821 5738 10
1814 2154 5845 10
5733 1660 5844 10
2126 1731 5670 10
2130 1743 5751 10
564 2214 5599 10
1826 2158 5666 10
2152 1809 5664 10
2104 1665 5755 10
1726 5732 5839 10
2196 619 5828 10
1748 2132 5660 10
5728 1831 5758 10
1804 5725 5836 10
5910 674 6143 10
1670 2106 5659 10
1721 2123 5832 10
5723 1753 5765 10
2161 1836 5830 10
2177 676 5601 10
1799 2149 5769 10
5718 1675 5824 10
2121 1716 5657 10
2135 1758 5771 10
621 2195 5838 10
1841 2163 5654 10
5600 566 5602 10
2109 1680 5777 10
1711 5712 5779 10
1763 2137 5652 10
5711 1846 5781 10
2232 511 5605 10
1789 5710 5785 10
1685 2111 5648 10
1706 2118 5817 10
456 2250 5841 10
5709 1768 5789 10
2166 1851 5814 10
1784 2144 5796 10
5596 401 5606 10
5707 1690 5813 10
2116 1701 5646 10
2140 1773 5799 10
2613 1856 5809 10
4333 3728 5996 10
2142 1779 5645 10
2114 1695 5808 10
5808 1696 6142 10
1778 2142 5644 10
1857 2661 5809 10
1774 5704 5799 10
392 5593 5607 10
1700 2116 5647 10
1691 2113 5813 10
5702 1783 5796 10
447 2253 5610 10
1852 5701 5814 10
1769 2139 5789 10
2235 502 5850 10
5698 1705 5817 10
2145 1788 5785 10
2128 1737 5734 10
1820 2156 5739 10
2154 1815 5743 10
2100 1659 5733 10
5670 1732 5747 10
1742 2130 5748 10
1825 5666 5676 10
5664 1810 5678 10
1664 2104 5753 10
1727 2125 5732 10
1747 5660 5681 10
2159 1830 5728 10
1805 2151 5725 10
5913 557 6144 10
1669 5659 5760 10
2123 1722 5761 10
1847 2165 5781 10
2133 1752 5723 10
1835 2161 5766 10
2149 1800 5768 10
2107 1674 5718 10
5657 1717 5686 10
1757 2135 5772 10
2137 1764 5651 10
1840 5654 5776 10
1679 2109 5778 10
1712 2120 5712 10
1762 5652 5780 10
612 2198 5612 10
2119 1710 5779 10
2164 1845 5711 10
1681 5693 5777 10
1790 2146 5710 10
1684 5648 5692 10
2118 1707 5787 10
1793 2147 5653 10
2138 1767 5709 10
1850 2166 5790 10
2144 1785 5795 10
2180 667 5806 10
2112 1689 5707 10
2163 1842 5655 10
5646 1702 5699 10
1772 2140 5800 10
1855 2613 5803 10
1759 5691 5771 10
5645 1780 5804 10
5584 683 5613 10
1694 2114 6145 10
1697 2115 6142 10
1777 5644 5705 10
1715 2121 5656 10
1676 2108 5824 10
1775 2141 5704 10
5688 1798 5769 10
1699 5647 5706 10
2113 1692 5812 10
2193 628 5616 10
2143 1782 5702 10
1853 2167 5701 10
1837 5687 5830 10
2139 1770 5801 10
2117 1704 5698 10
1754 2134 5765 10
573 2211 5855 10
1787 2145 5818 10
2165 1848 5793 10
5685 1720 5832 10
2106 1671 5658 10
5651 1765 5819 10
1709 2119 5788 10
1682 2110 5693 10
2150 1803 5836 10
5583 518 5918 10
1792 5653 5820 10
5655 1843 5823 10
1832 2160 5758 10
1760 2136 5691 10
2248 463 5619 10
1714 5656 5713 10
2108 1677 5826 10
2132 1749 5661 10
2148 1797 5688 10
2124 1725 5839 10
1838 2162 5687 10
5755 1666 5756 10
408 2266 5783 10
2134 1755 5831 10
1808 2152 5663 10
2122 1719 5685 10
5658 1672 5834 10
1802 2150 5835 10
2158 1827 5668 10
2160 1833 5767 10
5661 1750 5724 10
1744 5680 5751 10
1724 2124 5840 10
1667 2105 5756 10
1730 2126 5669 10
1807 5663 5726 10
1661 2103 5844 10
5668 1828 5729 10
5677 1813 5845 10
1745 2131 5680 10
1729 5669 5843 10
1822 5674 5738 10
2103 1662 5754 10
2153 1812 5677 10
2274 385 5775 10
1739 2129 5847 10
1823 2157 5674 10
5673 1735 5848 10
2129 1740 5750 10
2127 1734 5673 10
440 5580 5620 10
2155 1818 5740 10
1817 2155 5744 10
495 2237 5623 10
2219 550 5763 10
605 5579 5924 10
660 2182 5624 10
715 2099 5926 10
5576 635 5927 10
2209 580 5629 10
525 2227 5865 10
5243 2580 6237 10
5573 470 5930 10
2264 415 5631 10
378 2276 5633 10
2258 433 5870 10
488 5569 5635 10
543 2221 5636 10
2203 598 5872 10
653 5567 5639 10
2170 697 5640 10
6200 2147 6347 10
708 2614 5641 10
642 2188 5876 10
2225 532 5642 10
477 2243 5877 10
5564 422 5933 10
2099 716 5437 10
2566 5330 6239 10
426 2260 5672 10
2242 481 5880 10
536 5559 5679 10
591 2205 5684 10
2187 646 5882 10
5558 704 5935 10
5936 701 5937 10
2186 649 5690 10
594 2204 5683 10
5560 539 5695 10
2241 484 5697 10
429 2259 5886 10
5562 374 5703 10
419 5563 5939 10
474 2244 5940 10
2226 529 5890 10
584 5565 5941 10
639 2189 5715 10
2101 711 5716 10
2171 694 5892 10
5566 656 5942 10
2202 601 5721 10
546 2220 5638 10
5568 491 5727 10
5183 1963 6240 10
2257 436 5730 10
3676 4283 6187 10
381 2275 5894 10
5461 4266 6477 10
5024 5025 6297 10
2265 412 5895 10
467 5570 5735 10
522 2228 5745 10
2210 577 5898 10
632 5577 5752 10
1796 2148 6300 10
687 2173 5757 10
663 2181 5899 10
5578 608 5759 10
2218 553 5764 10
1688 2112 6302 10
498 2236 5622 10
5581 443 5770 10
2273 388 5773 10
405 2267 5784 10
2249 460 5618 10
5421 5810 5908 10
515 5582 5794 10
570 2212 5798 10
2194 625 5905 10
5949 680 6152 10
2179 670 5807 10
1967 5150 6244 10
615 2197 5907 10
2234 505 5810 10
450 2252 5609 10
1658 2100 5499 10
5594 395 5815 10
398 5597 5950 10
453 2251 5822 10
2233 508 5604 10
4298 4564 4773 10
563 5599 5827 10
618 2196 5829 10
2178 673 5910 10
5601 677 5833 10
2195 622 5837 10
567 2213 5602 10
5605 512 5948 10
2250 457 5842 10
402 2268 5606 10
5143 4084 6139 10
2272 391 5607 10
446 5610 5946 10
3249 4395 6344 10
4247 6459 6460 10
501 2235 5849 10
2217 556 5913 10
611 5612 5851 10
666 2180 5853 10
684 2174 5613 10
5616 629 5945 10
2211 574 5854 10
519 2229 5918 10
3855 4295 6192 10
5619 464 5944 10
2266 409 5857 10
5869 5425 5887 10
384 2274 5858 10
2256 439 5620 10
494 5623 5943 10
690 2172 6305 10
549 2219 5859 10
2201 604 5924 10
659 5624 5861 10
2172 691 5862 10
2612 714 5926 10
3750 4365 5970 10
636 2190 5927 10
2147 1794 6347 10
5629 581 5863 10
2227 526 5864 10
471 2245 5930 10
5631 416 5866 10
5375 5773 5901 10
4751 4681 6275 10
6043 3737 6491 10
364 5371 6241 10
377 5633 5868 10
3543 4257 6253 10
432 2258 5869 10
2240 487 5635 10
2111 1686 6398 10
542 5636 5938 10
597 2203 5871 10
2185 652 5639 10
5640 698 5873 10
707 5641 5874 10
2188 643 5875 10
5642 533 5934 10
2243 478 5878 10
423 2261 5933 10
425 5672 5879 10
480 2242 5932 10
2224 535 5679 10
590 5684 5881 10
645 2187 5883 10
705 2102 5935 10
2169 700 5936 10
5690 650 5884 10
2204 595 5931 10
540 2222 5695 10
5697 485 5885 10
6057 4597 6183 10
2259 430 5887 10
375 2277 5703 10
2263 418 5939 10
5929 473 5940 10
528 2226 5889 10
2208 583 5941 10
638 5715 5928 10
5716 712 5891 10
693 2171 5925 10
657 2183 5942 10
5721 602 5923 10
2220 547 5921 10
492 2238 5727 10
5730 437 5920 10
2275 382 5919 10
411 2265 5896 10
2247 466 5735 10
521 5745 5897 10
576 2210 5917 10
2192 631 5752 10
686 5757 5916 10
2181 664 5915 10
609 2199 5759 10
5234 3390 6317 10
5764 554 5914 10
4355 5970 6284 10
2236 499 5900 10
444 2254 5770 10
5773 389 5901 10
404 5784 5902 10
1795 6300 6347 10
2098 4377 6184 10
459 2249 5903 10
2231 514 5794 10
569 5798 5904 10
624 2194 5912 10
2176 679 5949 10
5807 671 5911 10
2197 616 5906 10
2261 424 5879 10
5878 479 5932 10
534 2224 5934 10
2206 589 5881 10
5875 644 5883 10
2102 706 5874 10
699 2169 5873 10
651 2185 5884 10
596 5871 5931 10
2222 541 5938 10
486 2240 5885 10
431 5869 5887 10
2277 376 5868 10
417 2263 5866 10
2245 472 5929 10
5864 527 5889 10
582 2208 5863 10
2190 637 5928 10
713 2612 5891 10
5862 692 5925 10
2183 658 5861 10
603 2201 5923 10
548 5859 5921 10
2238 493 5943 10
438 2256 5920 10
5810 506 5908 10
383 5858 5919 10
5857 410 5896 10
465 2247 5944 10
2229 520 5897 10
5854 575 5917 10
630 2192 5945 10
2174 685 5916 10
665 5853 5915 10
2252 451 5909 10
2199 610 5851 10
1687 6302 6398 10
555 2217 5914 10
500 5849 5900 10
2254 445 5946 10
390 2272 5901 10
2268 403 5902 10
396 2270 5815 10
5842 458 5903 10
513 2231 5948 10
2213 568 5904 10
5837 623 5912 10
678 2176 5833 10
672 2178 5911 10
617 5829 5906 10
2215 562 5827 10
507 2233 5908 10
452 5822 5909 10
2270 397 5950 10
5054 5053 6176 10
4956 4954 6029 10
4914 6478 6479 10
5975 4427 6464 10
3339 5408 6271 10
588 2206 6308 10
4301 3615 6179 10
4291 1925 4292 10
4280 3845 6201 10
4331 3247 6160 10
5913 5589 6342 10
4307 3676 6187 10
4314 3241 6203 10
717 5436 5437 10
4897 4898 6296 10
4601 4602 6330 10
4613 4960 6290 10
5447 1657 5499 10
4357 6373 6374 10
5143 5736 5737 10
4762 4761 6269 10
4632 4314 6127 10
3247 4344 6160 10
5749 4308 6212 10
5508 4213 5509 10
4290 4484 5040 10
6191 4483 6192 10
4307 5013 5014 10
5589 4109 6342 10
5569 5502 5635 10
5632 5501 5895 10
3872 5497 6081 10
5654 5505 5776 10
4292 1925 4293 10
1859 5986 6440 10
4365 4741 5970 10
4326 3435 6097 10
4181 5396 6262 10
3728 4341 5996 10
4159 5441 5992 10
3241 4333 6203 10
5355 5856 6372 10
5856 4674 6372 10
4369 5489 6223 10
5495 5670 5747 10
6304 689 6305 10
4304 5534 6261 10
4389 6346 6452 10
3845 4314 6201 10
5760 5659 6097 10
5517 5690 5884 10
6223 5046 6224 10
5515 5854 5917 10
5028 5231 6174 10
5396 4201 6177 10
5762 5592 5763 10
5470 5655 5823 10
5672 5519 5879 10
6141 4244 6253 10
5466 5697 5885 10
3615 4331 6179 10
3253 4408 6037 10
5524 5651 5819 10
5849 5518 5900 10
6319 4867 6320 10
5630 5475 5898 10
5468 5857 5896 10
4858 5964 5975 10
5567 5483 5639 10
5508 5688 5769 10
5153 4331 6159 10
4341 3245 5533 10
4950 6134 6236 10
4808 4807 4809 10
4884 4575 6001 10
4481 4480 6036 10
5141 4469 5435 10
4988 4987 5497 10
5166 5167 5972 10
5546 4270 6396 10
6307 587 6308 10
6030 4784 6031 10
2139 5801 6438 10
4741 4740 5970 10
4620 4619 6034 10
4537 4536 5416 10
4264 6429 6430 10
4512 4511 6113 10
1940 5144 6124 10
4463 4462 6167 10
4454 4455 4456 10
4428 4427 5532 10
4416 4415 6050 10
4607 4608 4609 10
4774 4775 6105 10
4666 4665 6104 10
4571 4572 5414 10
3245 4355 5533 10
4858 4857 5964 10
4850 4849 5440 10
4845 4844 6162 10
4432 4431 6080 10
4861 4862 5340 10
4423 4422 5513 10
4471 4472 5438 10
4624 4625 5409 10
4519 4518 5958 10
4589 4588 6128 10
5736 5571 5737 10
2104 5755 6445 10
4715 4714 5976 10
4802 4801 6089 10
4652 4653 4654 10
4560 4559 5072 10
4567 4566 5662 10
5491 5709 5789 10
3756 4369 6224 10
4931 6433 6434 10
5543 3462 5650 10
5829 5536 5906 10
5127 2496 6346 10
5202 6159 6160 10
2500 6052 6449 10
4370 4477 5126 10
4309 5551 6382 10
4529 2044 6125 10
5144 5145 6124 10
3749 4370 5995 10
4344 3947 6186 10
5542 5707 5813 10
4365 3749 5995 10
4366 3756 6224 10
5547 5795 5818 10
5753 2104 6445 10
4671 4670 6287 10
4616 4615 6310 10
2421 4774 6105 10
4843 2468 6157 10
4665 1889 6104 10
1925 1656 5447 10
4406 3253 6037 10
5871 5541 5931 10
5610 5550 5946 10
5663 5521 5726 10
5094 5530 6155 10
5498 5611 5907 10
5510 5653 6200 10
5789 2139 6438 10
4530 4529 6125 10
5745 5549 5897 10
4550 6046 6216 10
5548 5723 5765 10
561 2215 6281 10
5979 5675 6148 10
5964 3263 5975 10
718 2098 5436 10
3273 6029 6030 10
3467 5482 6040 10
5055 5528 6021 10
4793 5537 6017 10
5722 5516 5872 10
5679 5559 6032 10
3572 5443 6088 10
4255 6380 6381 10
3287 6036 6463 10
4972 4406 6037 10
6262 2121 6292 10
5675 2157 6293 10
5686 5967 6292 10
5666 5667 6293 10
5833 2176 6161 10
2114 5808 6399 10
3947 4363 6186 10
5618 5617 6024 10
4371 4888 5281 10
5137 2604 6334 10
5527 5702 5796 10
4815 6237 6488 10
5298 2522 6340 10
5696 5449 5880 10
5512 6200 6347 10
4844 4843 6157 10
5611 5498 6427 10
5451 5782 5783 10
5601 5266 6401 10
5455 5711 5781 10
5557 5668 5729 10
5540 4193 5963 10
4268 6365 6366 10
5555 5838 6415 10
4540 4645 6245 10
5477 6143 6401 10
5266 5833 6161 10
5266 5601 5833 10
5415 4025 6027 10
5852 5612 6427 10
6145 2114 6399 10
5186 2560 6408 10
6049 4178 6295 10
5837 5552 6415 10
4578 6326 6327 10
5493 5768 5835 10
3566 5197 6129 10
6189 2343 6291 10
4644 5314 6428 10
4282 3654 6056 10
5753 4381 5754 10
4210 4224 6148 10
5464 5566 5942 10
6127 4314 6203 10
5627 4039 6084 10
3644 5440 6225 10
5545 5812 6145 10
6055 4186 6087 10
4224 4223 6213 10
719 720 4376 10
5409 3872 6081 10
4267 4845 6162 10
5555 5828 5838 10
5477 3356 5968 10
4352 6409 6410 10
5986 5368 5993 10
4382 5733 5844 10
5482 3466 6051 10
4104 5402 6211 10
4549 4548 6216 10
5949 5586 6161 10
3295 5513 6195 10
5532 4427 5975 10
5458 4014 5987 10
5741 4224 6213 10
5316 4957 5867 10
3692 5435 5962 10
6012 4931 6434 10
5540 5661 5724 10
4181 6262 6292 10
4495 5029 6254 10
2110 5649 6301 10
6067 4898 6234 10
5003 2568 5004 10
5479 5492 6193 10
3467 6040 6277 10
3391 4319 6317 10
4611 2501 6354 10
4587 2497 6359 10
4584 1907 6361 10
4577 2482 6363 10
1923 4880 6349 10
4800 1922 6351 10
1918 4779 6385 10
4797 1911 6357 10
2431 4704 6367 10
1871 4664 6365 10
4679 2438 6373 10
4673 1886 6372 10
4727 2437 6375 10
4686 1864 6370 10
2420 4651 6369 10
4662 2443 6376 10
4677 1892 6368 10
4663 1872 6377 10
4669 1875 6379 10
1869 4703 6380 10
4760 2447 6382 10
4746 1891 6386 10
2432 4710 6388 10
2444 4720 6391 10
4713 1888 6390 10
1870 4723 6392 10
4771 1882 6393 10
4634 1896 6406 10
1885 4765 6394 10
4736 1867 6395 10
6067 6234 6471 10
4627 1879 6400 10
2403 4594 6397 10
3259 5531 6205 10
4565 1920 6402 10
4541 4540 6245 10
1914 4562 6403 10
4558 2454 6404 10
5986 2661 6440 10
5507 5721 5923 10
5514 5645 5804 10
4209 5675 6293 10
2471 4855 6409 10
4854 2469 6413 10
4617 2410 6412 10
6012 5298 6340 10
1970 6012 6434 10
4833 3627 6282 10
5667 4209 6293 10
6011 5137 6334 10
3317 6069 6252 10
5377 5756 6096 10
6096 5760 6097 10
5985 5186 6408 10
1896 4633 6407 10
2482 4917 6364 10
1907 4581 6362 10
2497 4590 6360 10
1864 4689 6371 10
2438 4728 6374 10
4664 2418 6366 10
2447 4717 6383 10
1872 4755 6378 10
4703 2430 6381 10
1867 4733 6396 10
2501 4963 6355 10
1891 4748 6387 10
4872 2060 6496 10
6081 6422 6423 10
4793 3697 5538 10
4978 2019 6478 10
1922 4922 6352 10
5098 2593 6435 10
5192 2021 6453 10
4157 5510 6200 10
2033 5088 6429 10
2599 5129 6433 10
1911 4794 6358 10
4936 2388 6480 10
4928 1971 6482 10
4603 2075 6439 10
1937 4975 6441 10
2601 5303 6462 10
1973 5043 6484 10
1947 4886 6424 10
4319 5290 6235 10
4522 2439 6444 10
4510 2500 6449 10
2054 4945 6450 10
2440 5011 6426 10
2059 5252 6487 10
4461 1982 6455 10
2490 4453 6457 10
5103 5936 5937 10
5151 2072 6417 10
2030 4447 6458 10
4444 2037 6459 10
2558 5160 6418 10
4421 1978 6489 10
4974 2399 6419 10
4986 2567 6422 10
4855 1897 6410 10
2454 4894 6405 10
4426 1951 6464 10
4414 2006 6465 10
2475 4410 6467 10
2586 5268 6469 10
4450 2009 6492 10
5276 2583 6470 10
5275 2035 6476 10
4840 2467 6472 10
2597 5296 6447 10
3463 5545 6399 10
5377 5755 5756 10
1927 4474 6491 10
5239 2066 6494 10
5742 5741 6213 10
4525 2505 6497 10
2580 5104 6488 10
5259 3340 6271 10
2543 5241 6471 10
2544 5232 6474 10
2496 4927 6452 10
4308 4194 6212 10
5712 2120 6177 10
5514 4159 5992 10
2604 4948 6432 10
4528 6498 6499 10
4701 3509 6259 10
5158 3312 6286 10
4506 4507 6251 10
4812 4813 6256 10
2522 5015 6431 10
5088 2591 6430 10
2593 5096 6436 10
2567 4623 6423 10
2021 5193 6454 10
2399 4556 6420 10
4605 4604 6344 10
4967 1995 6499 10
2009 5058 6493 10
1978 5079 6490 10
5742 5743 5744 10
5589 5913 6144 10
2505 4967 6498 10
5572 5573 5930 10
1971 5128 6483 10
2388 4932 6481 10
2467 4901 6473 10
5314 3301 6428 10
2019 4979 6479 10
1655 1925 4291 10
2035 5274 6477 10
6150 3373 6151 10
2006 4866 6466 10
4916 2660 5982 10
5586 5949 6152 10
4700 4701 6259 10
2066 5285 6495 10
5135 2552 5380 10
2037 4837 6460 10
1982 4457 6456 10
2560 5168 6443 10
5296 1956 6448 10
5129 1970 6434 10
5552 5837 5912 10
5436 2098 6184 10
6067 3291 6296 10
4939 4940 6255 10
5554 5808 6142 10
6348 3625 6416 10
5952 3515 6215 10
4084 6024 6139 10
5083 6122 6246 10
5740 5739 6294 10
5491 5789 6438 10
5739 2156 6294 10
5685 5832 6295 10
2122 5685 6295 10
4391 6005 6453 10
5036 4245 6226 10
2299 6348 6416 10
5462 3314 6336 10
5528 5055 6074 10
4381 5753 6445 10
4935 5462 6336 10
5477 5910 6143 10
5545 6145 6399 10
5755 5377 6445 10
5934 2224 6073 10
5911 2178 5968 10
5815 2270 5816 10
5903 2249 6076 10
2247 5735 5736 10
5859 2219 5860 10
5542 3461 5543 10
5613 2174 5614 10
5851 5612 5852 10
5606 2268 6318 10
5801 5800 5802 10
5826 5778 5973 10
5686 2122 5967 10
5678 2153 6221 10
2156 5738 5979 10
5666 2158 5667 10
2152 5664 5665 10
5660 2132 5963 10
5832 2123 6049 10
5817 2118 6086 10
5644 2142 5992 10
5656 2121 6262 10
5824 2108 5825 10
5677 5845 5846 10
5847 2129 6288 10
2155 5740 5741 10
5674 2157 5675 10
5899 2181 6084 10
5693 2110 6301 10
5646 5699 5700 10
5715 2189 6041 10
2107 5718 5719 10
5877 2243 6315 10
5636 2221 5997 10
5597 2269 5598 10
2216 5587 5588 10
5570 2246 5571 10
5561 2351 5982 10
2175 5584 5585 10
5801 5802 6438 10
5531 5206 6205 10
5808 5554 6399 10
2452 1654 4291 10
4787 6447 6448 10
5741 5740 6294 10
5832 6049 6295 10
5967 2122 6295 10
2156 5979 6294 10
5530 3628 6155 10
2469 6194 6413 10
5221 3298 6313 10
4930 6482 6483 10
4167 5491 6438 10
6102 4815 6488 10
5675 4209 6148 10
2373 366 4916 10
6066 5712 6177 10
1861 2610 5368 10
5717 2101 6261 10
5242 6484 6485 10
4370 5126 5995 10
6159 4331 6160 10
6424 4887 6425 10
6388 4711 6389 10
720 2598 4376 10
3697 4793 6321 10
5967 4181 6292 10
4223 4249 6213 10
3286 5958 6209 10
4546 4545 6126 10
4292 4293 6059 10
5997 4104 6211 10
4395 4605 6344 10
1860 5368 5986 10
4990 3286 6209 10
367 2660 4916 10
6041 4261 6092 10
5231 3365 6174 10
3288 5123 6085 10
6215 4714 6390 10
5952 6215 6390 10
3427 4381 6445 10
6100 5076 6333 10
6044 4754 6405 10
3315 4528 6267 10
6036 3409 6485 10
4249 5742 6213 10
5953 4506 6251 10
5123 6340 6431 10
6019 4812 6256 10
5983 4700 6259 10
6484 4481 6485 10
3338 6050 6319 10
2176 5949 6161 10
5102 5640 5873 10
5440 4849 6225 10
5958 4518 6209 10
5976 4714 6215 10
4683 6150 6151 10
6122 3940 6246 10
6008 4359 6451 10
4496 4495 6254 10
6332 4921 6350 10
6088 4939 6255 10
4951 6334 6432 10
4224 5979 6148 10
3407 6128 6323 10
6073 4093 6098 10
6076 4082 6095 10
5653 2147 6200 10
6326 3400 6327 10
6169 6351 6352 10
4896 6060 6061 10
3748 5076 6306 10
6195 6489 6490 10
4012 5479 6193 10
5535 3295 6195 10
3466 5554 6051 10
6018 4930 6483 10
6175 6455 6456 10
4528 6497 6498 10
4245 5035 6226 10
3433 6089 6169 10
4025 5552 6027 10
4109 5590 6342 10
5266 3354 6401 10
2075 6016 6439 10
6005 5192 6453 10
3465 5694 6301 10
2439 4524 6444 10
5303 5304 6462 10
5412 5275 6476 10
4911 1927 6491 10
5240 5239 6494 10
5241 5242 6471 10
5232 5233 6474 10
5099 5098 6435 10
3592 5147 6297 10
1879 4885 6400 10
4585 4584 6361 10
4588 4587 6359 10
4578 4577 6363 10
4612 4611 6354 10
6044 1918 6385 10
5378 2033 6429 10
4921 1923 6349 10
4801 4800 6351 10
4798 4797 6357 10
4635 4634 6406 10
4594 4595 6397 10
1888 5952 6390 10
4749 2444 6391 10
5551 4760 6382 10
1882 4770 6393 10
4765 4766 6394 10
4768 1885 6394 10
5326 4736 6395 10
1875 4762 6379 10
4687 4686 6370 10
4723 4724 6392 10
4714 4713 6390 10
2443 4747 6376 10
4710 4711 6388 10
4747 4746 6386 10
4924 1869 6380 10
4670 4669 6379 10
4704 4924 6367 10
4566 4565 6402 10
4915 4663 6377 10
6023 4662 6376 10
4722 1871 6365 10
1886 5355 6372 10
2437 4678 6375 10
4651 4652 6369 10
1892 6023 6368 10
4678 4677 6368 10
5424 2420 6369 10
4674 4673 6372 10
4680 4679 6373 10
4562 4563 6403 10
4559 4558 6404 10
4628 4627 6400 10
4633 4995 6407 10
4917 4918 6364 10
4581 4582 6362 10
4590 4591 6360 10
4963 4964 6355 10
4995 2471 6409 10
5403 4617 6412 10
5168 5169 6443 10
2430 5142 6381 10
4755 4756 6378 10
4748 4749 6387 10
4733 5546 6396 10
4728 4729 6374 10
4717 4718 6383 10
2418 4915 6366 10
4689 4690 6371 10
4922 4923 6352 10
2410 4635 6412 10
4885 4854 6413 10
2098 719 4376 10
1897 4612 6410 10
5011 5012 6426 10
4794 4795 6358 10
4894 6044 6405 10
2072 5998 6417 10
5285 5474 6495 10
4987 4986 6422 10
5274 5461 6477 10
5956 4974 6419 10
5160 5161 6418 10
5152 5151 6417 10
4886 4887 6424 10
4979 4980 6479 10
6018 2599 6433 10
4932 4933 6481 10
5128 6018 6483 10
4604 4603 6439 10
4975 5178 6441 10
5079 5080 6490 10
5998 4522 6444 10
5058 5059 6493 10
4511 4510 6449 10
4945 4946 6450 10
5015 5016 6431 10
4462 4461 6455 10
4453 4454 6457 10
4447 4448 6458 10
4445 4444 6459 10
5957 4872 6496 10
2060 5094 6496 10
4427 4426 6464 10
5393 4978 6478 10
4415 4414 6465 10
4410 5378 6467 10
6100 2586 6469 10
1995 5155 6499 10
2583 5092 6470 10
4937 4936 6480 10
4929 4928 6482 10
5242 1973 6484 10
4841 4840 6472 10
4927 6196 6452 10
5529 2059 6487 10
4474 6043 6491 10
4948 4949 6432 10
4901 4902 6473 10
4422 4421 6489 10
5193 5194 6454 10
5096 5097 6436 10
2591 5090 6430 10
4451 4450 6492 10
4623 4624 6423 10
4866 4867 6466 10
4556 4557 6420 10
4526 4525 6497 10
4837 4838 6460 10
4457 4458 6456 10
1956 5295 6448 10
6086 4271 6411 10
6227 2597 6447 10
6234 2543 6471 10
6235 2544 6474 10
6237 2580 6488 10
3296 6167 6175 10
4369 6223 6224 10
4552 5503 5504 10
6132 4990 6209 10
5101 5892 5893 10
4763 4336 6269 10
4014 5507 5987 10
6346 2496 6452 10
4402 4962 6290 10
4389 3531 6461 10
4295 6191 6192 10
6334 2604 6432 10
4188 6055 6288 10
6340 2522 6431 10
2452 4291 4292 10
6408 2560 6443 10
6363 2482 6364 10
6361 1907 6362 10
6359 2497 6360 10
6354 2501 6355 10
6406 1896 6407 10
6351 1922 6352 10
6382 2447 6383 10
6377 1872 6378 10
6380 4703 6381 10
6370 1864 6371 10
6373 2438 6374 10
6386 1891 6387 10
6365 4664 6366 10
6395 1867 6396 10
6357 1911 6358 10
5649 3465 6301 10
6404 2454 6405 10
6409 4855 6410 10
6465 2006 6466 10
6472 2467 6473 10
4548 4550 6216 10
6459 2037 6460 10
6455 1982 6456 10
6497 2505 6498 10
6447 5296 6448 10
6433 5129 6434 10
6492 2009 6493 10
3338 6319 6320 10
6489 1978 6490 10
4350 6115 6315 10
6482 1971 6483 10
6480 2388 6481 10
5170 6408 6443 10
6419 2399 6420 10
6429 5088 6430 10
6422 2567 6423 10
6435 2593 6436 10
6478 2019 6479 10
6453 2021 6454 10
6476 2035 6477 10
4020 5555 6415 10
6494 2066 6495 10
6498 4967 6499 10
4390 5977 6147 10
4600 5520 6123 10
5498 4022 6427 10
5445 5862 5925 10
5480 4012 6193 10
3435 5377 6096 10
4921 6349 6350 10
6196 4389 6452 10
4201 6066 6177 10
6252 6480 6481 10
5575 5929 5940 10
6302 5544 6398 10
6300 5512 6347 10
6349 4808 6350 10
5410 6304 6305 10
5492 6307 6308 10
6319 6465 6466 10
5123 6012 6340 10
6279 6472 6473 10
4951 6011 6334 10
2215 5591 6281 10
6303 6492 6493 10
3434 6332 6350 10
5170 5985 6408 10
6326 6363 6364 10
6323 6359 6360 10
6337 6406 6407 10
6335 6357 6358 10
6345 6354 6355 10
370 371 5561 10
4745 1870 6392 10
1881 4695 5424 10
4853 1895 5403 10
1898 4636 4637 10
4821 1901 5077 10
1903 4638 4639 10
4889 1914 6403 10
5174 1935 5956 10
4630 1937 6441 10
1944 4475 4476 10
4433 1947 6424 10
4999 1960 5867 10
5149 1967 6244 10
1984 5228 6090 10
5313 1987 6011 10
5169 1990 5171 10
5184 1991 5985 10
4835 2030 6458 10
2053 5135 5380 10
4499 2054 6450 10
5039 2067 6083 10
5299 2069 5407 10
5226 2083 5537 10
2085 4464 4465 10
2095 4811 4812 10
5788 2119 6066 10
4834 2383 4836 10
2386 4823 4824 10
2398 4996 4997 10
5178 2402 5181 10
4822 2403 6397 10
2425 4920 4921 10
4737 2427 5326 10
2428 4699 4700 10
4659 2431 6367 10
4758 2432 6388 10
4730 2440 6426 10
4780 2441 4890 10
2448 4721 4722 10
2456 4505 4506 10
4434 2470 6008 10
4411 2475 6467 10
5095 2477 6222 10
4876 2478 5528 10
4830 2490 6457 10
4637 2502 4821 10
5205 2519 5208 10
5237 2527 5238 10
5282 2529 5489 10
5250 2532 5278 10
5256 2534 5412 10
5271 2535 6228 10
5248 2542 5280 10
5204 2554 5316 10
4533 2558 6418 10
2568 4646 4647 10
2588 4864 4865 10
5041 2594 5240 10
5008 2601 6462 10
5118 4471 5438 10
4488 4487 6069 10
4675 4674 5856 10
4865 4861 5340 10
5574 5575 6115 10

Edges
1863
1537 1859 1
1859 1860 1
1860 1861 1
1861 1862 1
1862 1863 1
1863 1 1
2 364 2
364 365 2
365 366 2
366 367 2
367 368 2
368 363 2
363 370 3
370 371 3
371 372 3
372 373 3
373 374 3
374 375 3
375 376 3
376 377 3
377 378 3
378 379 3
379 380 3
380 381 3
381 382 3
382 383 3
383 384 3
384 385 3
385 386 3
386 387 3
387 388 3
388 389 3
389 390 3
390 391 3
391 392 3
392 393 3
393 394 3
394 395 3
395 396 3
396 397 3
397 398 3
398 399 3
399 400 3
400 401 3
401 402 3
402 403 3
403 404 3
404 405 3
405 406 3
406 407 3
407 408 3
408 409 3
409 410 3
410 411 3
411 412 3
412 413 3
413 414 3
414 415 3
415 416 3
416 417 3
417 418 3
418 419 3
419 420 3
420 421 3
421 422 3
422 423 3
423 424 3
424 425 3
425 426 3
426 427 3
427 428 3
428 429 3
429 430 3
430 431 3
431 432 3
432 433 3
433 434 3
434 435 3
435 436 3
436 437 3
437 438 3
438 439 3
439 440 3
440 441 3
441 442 3
442 443 3
443 444 3
444 445 3
445 446 3
446 447 3
447 448 3
448 449 3
449 450 3
450 451 3
451 452 3
452 453 3
453 454 3
454 455 3
455 456 3
456 457 3
457 458 3
458 459 3
459 460 3
460 461 3
461 462 3
462 463 3
463 464 3
464 465 3
465 466 3
466 467 3
467 468 3
468 469 3
469 470 3
470 471 3
471 472 3
472 473 3
473 474 3
474 475 3
475 476 3
476 477 3
477 478 3
478 479 3
479 480 3
480 481 3
481 482 3
482 483 3
483 484 3
484 485 3
485 486 3
486 487 3
487 488 3
488 489 3
489 490 3
490 491 3
491 492 3
492 493 3
493 494 3
494 495 3
495 496 3
496 497 3
497 498 3
498 499 3
499 500 3
500 501 3
501 502 3
502 503 3
503 504 3
504 505 3
505 506 3
506 507 3
507 508 3
508 509 3
509 510 3
510 511 3
511 512 3
512 513 3
513 514 3
514 515 3
515 516 3
516 517 3
517 518 3
518 519 3
519 520 3
520 521 3
521 522 3
522 523 3
523 524 3
524 525 3
525 526 3
526 527 3
527 528 3
528 529 3
529 530 3
530 531 3
531 532 3
532 533 3
533 534 3
534 535 3
535 536 3
536 537 3
537 538 3
538 539 3
539 540 3
540 541 3
541 542 3
542 543 3
543 544 3
544 545 3
545 546 3
546 547 3
547 548 3
548 549 3
549 550 3
550 551 3
551 552 3
552 553 3
553 554 3
554 555 3
555 556 3
556 557 3
557 558 3
558 559 3
559 560 3
560 561 3
561 562 3
562 563 3
563 564 3
564 565 3
565 566 3
566 567 3
567 568 3
568 569 3
569 570 3
570 571 3
571 572 3
572 573 3
573 574 3
574 575 3
575 576 3
576 577 3
577 578 3
578 579 3
579 580 3
580 581 3
581 582 3
582 583 3
583 584 3
584 585 3
585 586 3
586 587 3
587 588 3
588 589 3
589 590 3
590 591 3
591 592 3
592 593 3
593 594 3
594 595 3
595 596 3
596 597 3
597 598 3
598 599 3
599 600 3
600 601 3
601 602 3
602 603 3
603 604 3
604 605 3
605 606 3
606 607 3
607 608 3
608 609 3
609 610 3
610 611 3
611 612 3
612 613 3
613 614 3
614 615 3
615 616 3
616 617 3
617 618 3
618 619 3
619 620 3
620 621 3
621 622 3
622 623 3
623 624 3
624 625 3
625 626 3
626 627 3
627 628 3
628 629 3
629 630 3
630 631 3
631 632 3
632 633 3
633 634 3
634 635 3
635 636 3
636 637 3
637 638 3
638 639 3
639 640 3
640 641 3
641 642 3
642 643 3
643 644 3
644 645 3
645 646 3
646 647 3
647 648 3
648 649 3
649 650 3
650 651 3
651 652 3
652 653 3
653 654 3
654 655 3
655 656 3
656 657 3
657 658 3
658 659 3
659 660 3
660 661 3
661 662 3
662 663 3
663 664 3
664 665 3
665 666 3
666 667 3
667 668 3
668 669 3
669 670 3
670 671 3
671 672 3
672 673 3
673 674 3
674 675 3
675 676 3
676 677 3
677 678 3
678 679 3
679 680 3
680 681 3
681 682 3
682 683 3
683 684 3
684 685 3
685 686 3
686 687 3
687 688 3
688 689 3
689 690 3
690 691 3
691 692 3
692 693 3
693 694 3
694 695 3
695 696 3
696 697 3
697 698 3
698 699 3
699 700 3
700 701 3
701 702 3
702 703 3
703 704 3
704 705 3
705 706 3
706 707 3
707 708 3
708 709 3
709 710 3
710 711 3
711 712 3
712 713 3
713 714 3
714 715 3
715 716 3
716 717 3
717 718 3
718 719 3
719 720 3
720 721 3
721 722 3
722 723 3
723 724 3
724 725 3
725 726 3
726 727 3
727 728 3
728 729 3
729 730 3
730 731 3
731 732 3
732 733 3
733 734 3
734 735 3
735 736 3
736 737 3
737 738 3
738 739 3
739 740 3
740 741 3
741 742 3
742 743 3
743 744 3
744 745 3
745 746 3
746 747 3
747 748 3
748 749 3
749 750 3
750 751 3
751 752 3
752 753 3
753 754 3
754 755 3
755 756 3
756 757 3
757 758 3
758 759 3
759 760 3
760 761 3
761 762 3
762 763 3
763 764 3
764 765 3
765 766 3
766 767 3
767 768 3
768 769 3
769 770 3
770 771 3
771 772 3
772 773 3
773 774 3
774 775 3
775 776 3
776 777 3
777 778 3
778 779 3
779 780 3
780 781 3
781 782 3
782 783 3
783 784 3
784 785 3
785 786 3
786 787 3
787 788 3
788 789 3
789 790 3
790 791 3
791 792 3
792 793 3
793 794 3
794 795 3
795 796 3
796 797 3
797 798 3
798 799 3
799 800 3
800 801 3
801 802 3
802 803 3
803 804 3
804 805 3
805 806 3
806 807 3
807 808 3
808 809 3
809 810 3
810 811 3
811 812 3
812 813 3
813 814 3
814 815 3
815 816 3
816 817 3
817 818 3
818 819 3
819 820 3
820 821 3
821 822 3
822 823 3
823 824 3
824 825 3
825 826 3
826 827 3
827 828 3
828 829 3
829 830 3
830 831 3
831 832 3
832 833 3
833 834 3
834 835 3
835 836 3
836 837 3
837 838 3
838 839 3
839 840 3
840 841 3
841 842 3
842 843 3
843 844 3
844 845 3
845 846 3
846 847 3
847 848 3
848 849 3
849 850 3
850 851 3
851 852 3
852 853 3
853 854 3
854 855 3
855 856 3
856 857 3
857 858 3
858 859 3
859 860 3
860 861 3
861 862 3
862 863 3
863 864 3
864 865 3
865 866 3
866 867 3
867 868 3
868 869 3
869 870 3
870 871 3
871 872 3
872 873 3
873 874 3
874 875 3
875 876 3
876 877 3
877 878 3
878 879 3
879 880 3
880 881 3
881 882 3
882 883 3
883 884 3
884 885 3
885 886 3
886 887 3
887 888 3
888 889 3
889 890 3
890 891 3
891 892 3
892 893 3
893 894 3
894 895 3
895 896 3
896 897 3
897 898 3
898 899 3
899 900 3
900 901 3
901 902 3
902 903 3
903 904 3
904 905 3
905 906 3
906 907 3
907 908 3
908 909 3
909 910 3
910 911 3
911 912 3
912 913 3
913 914 3
914 915 3
915 916 3
916 917 3
917 918 3
918 919 3
919 920 3
920 921 3
921 922 3
922 923 3
923 924 3
924 925 3
925 926 3
926 927 3
927 928 3
928 929 3
929 930 3
930 931 3
931 932 3
932 933 3
933 934 3
934 935 3
935 936 3
936 937 3
937 938 3
938 939 3
939 940 3
940 941 3
941 942 3
942 943 3
943 944 3
944 945 3
945 946 3
946 947 3
947 948 3
948 949 3
949 950 3
950 951 3
951 952 3
952 953 3
953 954 3
954 955 3
955 956 3
956 957 3
957 958 3
958 959 3
959 960 3
960 961 3
961 962 3
962 963 3
963 964 3
964 965 3
965 966 3
966 967 3
967 968 3
968 969 3
969 970 3
970 971 3
971 972 3
972 973 3
973 974 3
974 975 3
975 976 3
976 977 3
977 978 3
978 979 3
979 980 3
980 981 3
981 982 3
982 983 3
983 984 3
984 985 3
985 986 3
986 987 3
987 988 3
988 989 3
989 990 3
990 991 3
991 992 3
992 993 3
993 994 3
994 995 3
995 996 3
996 997 3
997 998 3
998 999 3
999 1000 3
1000 1001 3
1001 1002 3
1002 1003 3
1003 1004 3
1004 1005 3
1005 1006 3
1006 1007 3
1007 1008 3
1008 1009 3
1009 1010 3
1010 1011 3
1011 1012 3
1012 1013 3
1013 1014 3
1014 1015 3
1015 1016 3
1016 1017 3
1017 1018 3
1018 1019 3
1019 1020 3
1020 1021 3
1021 1022 3
1022 1023 3
1023 1024 3
1024 1025 3
1025 1026 3
1026 1027 3
1027 1028 3
1028 1029 3
1029 1030 3
1030 1031 3
1031 1032 3
1032 1033 3
1033 1034 3
1034 1035 3
1035 1036 3
1036 1037 3
1037 1038 3
1038 1039 3
1039 1040 3
1040 1041 3
1041 1042 3
1042 1043 3
1043 1044 3
1044 1045 3
1045 1046 3
1046 1047 3
1047 1048 3
1048 1049 3
1049 1050 3
1050 1051 3
1051 1052 3
1052 1053 3
1053 1054 3
1054 1055 3
1055 1056 3
1056 1057 3
1057 1058 3
1058 1059 3
1059 1060 3
1060 1061 3
1061 1062 3
1062 1063 3
1063 1064 3
1064 1065 3
1065 1066 3
1066 1067 3
1067 1068 3
1068 1069 3
1069 1070 3
1070 1071 3
1071 1072 3
1072 1073 3
1073 1074 3
1074 1075 3
1075 1076 3
1076 1077 3
1077 1078 3
1078 1079 3
1079 1080 3
1080 1081 3
1081 1082 3
1082 1083 3
1083 1084 3
1084 1085 3
1085 1086 3
1086 1087 3
1087 1088 3
1088 1089 3
1089 1090 3
1090 1091 3
1091 1092 3
1092 1093 3
1093 1094 3
1094 1095 3
1095 1096 3
1096 1097 3
1097 1098 3
1098 1099 3
1099 1100 3
1100 1101 3
1101 1102 3
1102 1103 3
1103 1104 3
1104 1105 3
1105 1106 3
1106 1107 3
1107 1108 3
1108 1109 3
1109 1110 3
1110 1111 3
1111 1112 3
1112 1113 3
1113 1114 3
1114 1115 3
1115 1116 3
1116 1117 3
1117 1118 3
1118 1119 3
1119 1120 3
1120 1121 3
1121 1122 3
1122 1123 3
1123 1124 3
1124 1125 3
1125 1126 3
1126 1127 3
1127 1128 3
1128 1129 3
1129 1130 3
1130 1131 3
1131 1132 3
1132 1133 3
1133 1134 3
1134 1135 3
1135 1136 3
1136 1137 3
1137 1138 3
1138 1139 3
1139 1140 3
1140 1141 3
1141 1142 3
1142 1143 3
1143 1144 3
1144 1145 3
1145 1146 3
1146 1147 3
1147 1148 3
1148 1149 3
1149 1150 3
1150 1151 3
1151 1152 3
1152 1153 3
1153 1154 3
1154 1155 3
1155 1156 3
1156 1157 3
1157 1158 3
1158 1159 3
1159 1160 3
1160 1161 3
1161 1162 3
1162 1163 3
1163 1164 3
1164 1165 3
1165 1166 3
1166 1167 3
1167 1168 3
1168 1169 3
1169 1170 3
1170 1171 3
1171 1172 3
1172 1173 3
1173 1174 3
1174 1175 3
1175 1176 3
1176 1177 3
1177 1178 3
1178 1179 3
1179 1180 3
1180 1181 3
1181 1182 3
1182 1183 3
1183 1184 3
1184 1185 3
1185 1186 3
1186 1187 3
1187 1188 3
1188 1189 3
1189 1190 3
1190 1191 3
1191 1192 3
1192 1193 3
1193 1194 3
1194 1195 3
1195 1196 3
1196 1197 3
1197 1198 3
1198 1199 3
1199 1200 3
1200 1201 3
1201 1202 3
1202 1203 3
1203 1204 3
1204 1205 3
1205 1206 3
1206 1207 3
1207 1208 3
1208 1209 3
1209 1210 3
1210 1211 3
1211 1212 3
1212 1213 3
1213 1214 3
1214 1215 3
1215 1216 3
1216 1217 3
1217 1218 3
1218 1219 3
1219 1220 3
1220 1221 3
1221 1222 3
1222 1223 3
1223 1224 3
1224 1225 3
1225 1226 3
1226 1227 3
1227 1228 3
1228 1229 3
1229 1230 3
1230 1231 3
1231 1232 3
1232 1233 3
1233 1234 3
1234 1235 3
1235 1236 3
1236 1237 3
1237 1238 3
1238 1239 3
1239 1240 3
1240 1241 3
1241 1242 3
1242 1243 3
1243 1244 3
1244 1245 3
1245 1246 3
1246 1247 3
1247 1248 3
1248 1249 3
1249 1250 3
1250 1251 3
1251 1252 3
1252 1253 3
1253 1254 3
1254 1255 3
1255 1256 3
1256 1257 3
1257 1258 3
1258 1259 3
1259 1260 3
1260 1261 3
1261 1262 3
1262 1263 3
1263 1264 3
1264 1265 3
1265 1266 3
1266 1267 3
1267 1268 3
1268 1269 3
1269 1270 3
1270 1271 3
1271 1272 3
1272 1273 3
1273 1274 3
1274 1275 3
1275 1276 3
1276 1277 3
1277 1278 3
1278 1279 3
1279 1280 3
1280 1281 3
1281 1282 3
1282 1283 3
1283 1284 3
1284 1285 3
1285 1286 3
1286 1287 3
1287 1288 3
1288 1289 3
1289 1290 3
1290 1291 3
1291 1292 3
1292 1293 3
1293 1294 3
1294 1295 3
1295 1296 3
1296 1297 3
1297 1298 3
1298 1299 3
1299 1300 3
1300 1301 3
1301 1302 3
1302 1303 3
1303 1304 3
1304 1305 3
1305 1306 3
1306 1307 3
1307 1308 3
1308 1309 3
1309 1310 3
1310 1311 3
1311 1312 3
1312 1313 3
1313 1314 3
1314 1315 3
1315 1316 3
1316 1317 3
1317 1318 3
1318 1319 3
1319 1320 3
1320 1321 3
1321 1322 3
1322 1323 3
1323 1324 3
1324 1325 3
1325 1326 3
1326 1327 3
1327 1328 3
1328 1329 3
1329 1330 3
1330 1331 3
1331 1332 3
1332 1333 3
1333 1334 3
1334 1335 3
1335 1336 3
1336 1337 3
1337 1338 3
1338 1339 3
1339 1340 3
1340 1341 3
1341 1342 3
1342 1343 3
1343 1344 3
1344 1345 3
1345 1346 3
1346 1347 3
1347 1348 3
1348 1349 3
1349 1350 3
1350 1351 3
1351 1352 3
1352 1353 3
1353 1354 3
1354 1355 3
1355 1356 3
1356 1357 3
1357 1358 3
1358 1359 3
1359 1360 3
1360 1361 3
1361 1362 3
1362 1363 3
1363 1364 3
1364 1365 3
1365 1366 3
1366 1367 3
1367 1368 3
1368 1369 3
1369 1370 3
1370 1371 3
1371 1372 3
1372 1373 3
1373 1374 3
1374 1375 3
1375 1376 3
1376 1377 3
1377 1378 3
1378 1379 3
1379 1380 3
1380 1381 3
1381 1382 3
1382 1383 3
1383 1384 3
1384 1385 3
1385 1386 3
1386 1387 3
1387 1388 3
1388 1389 3
1389 1390 3
1390 1391 3
1391 1392 3
1392 1393 3
1393 1394 3
1394 1395 3
1395 1396 3
1396 1397 3
1397 1398 3
1398 1399 3
1399 1400 3
1400 1401 3
1401 1402 3
1402 1403 3
1403 1404 3
1404 1405 3
1405 1406 3
1406 1407 3
1407 1408 3
1408 1409 3
1409 1410 3
1410 1411 3
1411 1412 3
1412 1413 3
1413 1414 3
1414 1415 3
1415 1416 3
1416 1417 3
1417 1418 3
1418 1419 3
1419 369 3
1420 1538 3
1538 1539 3
1539 1540 3
1540 1541 3
1541 1542 3
1542 1543 3
1543 1544 3
1544 1545 3
1545 1546 3
1546 1547 3
1547 1548 3
1548 1549 3
1549 1550 3
1550 1551 3
1551 1552 3
1552 1553 3
1553 1554 3
1554 1555 3
1555 1556 3
1556 1557 3
1557 1558 3
1558 1559 3
1559 1560 3
1560 1561 3
1561 1562 3
1562 1563 3
1563 1564 3
1564 1565 3
1565 1566 3
1566 1567 3
1567 1568 3
1568 1569 3
1569 1570 3
1570 1571 3
1571 1572 3
1572 1573 3
1573 1574 3
1574 1575 3
1575 1576 3
1576 1577 3
1577 1578 3
1578 1579 3
1579 1580 3
1580 1581 3
1581 1582 3
1582 1583 3
1583 1584 3
1584 1585 3
1585 1586 3
1586 1587 3
1587 1588 3
1588 1589 3
1589 1590 3
1590 1591 3
1591 1592 3
1592 1593 3
1593 1594 3
1594 1595 3
1595 1596 3
1596 1597 3
1597 1598 3
1598 1599 3
1599 1600 3
1600 1601 3
1601 1602 3
1602 1603 3
1603 1604 3
1604 1605 3
1605 1606 3
1606 1607 3
1607 1608 3
1608 1609 3
1609 1610 3
1610 1611 3
1611 1612 3
1612 1613 3
1613 1614 3
1614 1615 3
1615 1616 3
1616 1617 3
1617 1618 3
1618 1619 3
1619 1620 3
1620 1621 3
1621 1622 3
1622 1623 3
1623 1624 3
1624 1625 3
1625 1626 3
1626 1627 3
1627 1628 3
1628 1629 3
1629 1630 3
1630 1631 3
1631 1632 3
1632 1633 3
1633 1634 3
1634 1635 3
1635 1636 3
1636 1637 3
1637 1638 3
1638 1639 3
1639 1640 3
1640 1641 3
1641 1642 3
1642 1643 3
1643 1644 3
1644 1645 3
1645 1646 3
1646 1647 3
1647 1648 3
1648 1649 3
1649 1650 3
1650 1651 3
1651 1652 3
1652 1653 3
1653 1654 3
1654 1655 3
1655 1656 3
1656 1657 3
1657 1658 3
1658 1659 3
1659 1660 3
1660 1661 3
1661 1662 3
1662 1663 3
1663 1664 3
1664 1665 3
1665 1666 3
1666 1667 3
1667 1668 3
1668 1669 3
1669 1670 3
1670 1671 3
1671 1672 3
1672 1673 3
1673 1674 3
1674 1675 3
1675 1676 3
1676 1677 3
1677 1678 3
1678 1679 3
1679 1680 3
1680 1681 3
1681 1682 3
1682 1683 3
1683 1684 3
1684 1685 3
1685 1686 3
1686 1687 3
1687 1688 3
1688 1689 3
1689 1690 3
1690 1691 3
1691 1692 3
1692 1693 3
1693 1694 3
1694 1695 3
1695 1696 3
1696 1697 3
1697 1698 3
1698 1699 3
1699 1700 3
1700 1701 3
1701 1702 3
1702 1703 3
1703 1704 3
1704 1705 3
1705 1706 3
1706 1707 3
1707 1708 3
1708 1709 3
1709 1710 3
1710 1711 3
1711 1712 3
1712 1713 3
1713 1714 3
1714 1715 3
1715 1716 3
1716 1717 3
1717 1718 3
1718 1719 3
1719 1720 3
1720 1721 3
1721 1722 3
1722 1723 3
1723 1724 3
1724 1725 3
1725 1726 3
1726 1727 3
1727 1728 3
1728 1729 3
1729 1730 3
1730 1731 3
1731 1732 3
1732 1733 3
1733 1734 3
1734 1735 3
1735 1736 3
1736 1737 3
1737 1738 3
1738 1739 3
1739 1740 3
1740 1741 3
1741 1742 3
1742 1743 3
1743 1744 3
1744 1745 3
1745 1746 3
1746 1747 3
1747 1748 3
1748 1749 3
1749 1750 3
1750 1751 3
1751 1752 3
1752 1753 3
1753 1754 3
1754 1755 3
1755 1756 3
1756 1757 3
1757 1758 3
1758 1759 3
1759 1760 3
1760 1761 3
1761 1762 3
1762 1763 3
1763 1764 3
1764 1765 3
1765 1766 3
1766 1767 3
1767 1768 3
1768 1769 3
1769 1770 3
1770 1771 3
1771 1772 3
1772 1773 3
1773 1774 3
1774 1775 3
1775 1776 3
1776 1777 3
1777 1778 3
1778 1779 3
1779 1780 3
1780 1781 3
1781 1782 3
1782 1783 3
1783 1784 3
1784 1785 3
1785 1786 3
1786 1787 3
1787 1788 3
1788 1789 3
1789 1790 3
1790 1791 3
1791 1792 3
1792 1793 3
1793 1794 3
1794 1795 3
1795 1796 3
1796 1797 3
1797 1798 3
1798 1799 3
1799 1800 3
1800 1801 3
1801 1802 3
1802 1803 3
1803 1804 3
1804 1805 3
1805 1806 3
1806 1807 3
1807 1808 3
1808 1809 3
1809 1810 3
1810 1811 3
1811 1812 3
1812 1813 3
1813 1814 3
1814 1815 3
1815 1816 3
1816 1817 3
1817 1818 3
1818 1819 3
1819 1820 3
1820 1821 3
1821 1822 3
1822 1823 3
1823 1824 3
1824 1825 3
1825 1826 3
1826 1827 3
1827 1828 3
1828 1829 3
1829 1830 3
1830 1831 3
1831 1832 3
1832 1833 3
1833 1834 3
1834 1835 3
1835 1836 3
1836 1837 3
1837 1838 3
1838 1839 3
1839 1840 3
1840 1841 3
1841 1842 3
1842 1843 3
1843 1844 3
1844 1845 3
1845 1846 3
1846 1847 3
1847 1848 3
1848 1849 3
1849 1850 3
1850 1851 3
1851 1852 3
1852 1853 3
1853 1854 3
1854 1855 3
1855 1856 3
1856 1857 3
1857 1858 3
1858 1537 3
1 3 4
3 4 4
4 5 4
5 6 4
6 7 4
7 8 4
8 9 4
9 10 4
10 11 4
11 12 4
12 13 4
13 14 4
14 15 4
15 16 4
16 17 4
17 18 4
18 19 4
19 20 4
20 21 4
21 22 4
22 23 4
23 24 4
24 25 4
25 26 4
26 27 4
27 28 4
28 29 4
29 30 4
30 31 4
31 32 4
32 33 4
33 34 4
34 35 4
35 36 4
36 37 4
37 38 4
38 39 4
39 40 4
40 41 4
41 42 4
42 43 4
43 44 4
44 45 4
45 46 4
46 47 4
47 48 4
48 49 4
49 50 4
50 51 4
51 52 4
52 53 4
53 54 4
54 55 4
55 56 4
56 57 4
57 58 4
58 59 4
59 60 4
60 61 4
61 62 4
62 63 4
63 64 4
64 65 4
65 66 4
66 67 4
67 68 4
68 69 4
69 70 4
70 71 4
71 72 4
72 73 4
73 74 4
74 75 4
75 76 4
76 77 4
77 78 4
78 79 4
79 80 4
80 81 4
81 82 4
82 83 4
83 84 4
84 85 4
85 86 4
86 87 4
87 88 4
88 89 4
89 90 4
90 91 4
91 92 4
92 93 4
93 94 4
94 95 4
95 96 4
96 97 4
97 98 4
98 99 4
99 100 4
100 101 4
101 102 4
102 103 4
103 104 4
104 105 4
105 106 4
106 107 4
107 108 4
108 109 4
109 110 4
110 111 4
111 112 4
112 113 4
113 114 4
114 115 4
115 116 4
116 117 4
117 118 4
118 119 4
119 120 4
120 121 4
121 122 4
122 123 4
123 124 4
124 125 4
125 126 4
126 127 4
127 128 4
128 129 4
129 130 4
130 131 4
131 132 4
132 133 4
133 134 4
134 135 4
135 136 4
136 137 4
137 138 4
138 139 4
139 140 4
140 141 4
141 142 4
142 143 4
143 144 4
144 145 4
145 146 4
146 147 4
147 148 4
148 149 4
149 150 4
150 151 4
151 152 4
152 153 4
153 154 4
154 155 4
155 156 4
156 157 4
157 158 4
158 159 4
159 160 4
160 161 4
161 162 4
162 163 4
163 164 4
164 165 4
165 166 4
166 167 4
167 168 4
168 169 4
169 170 4
170 171 4
171 172 4
172 173 4
173 174 4
174 175 4
175 176 4
176 177 4
177 178 4
178 179 4
179 180 4
180 181 4
181 182 4
182 183 4
183 184 4
184 185 4
185 186 4
186 187 4
187 188 4
188 189 4
189 190 4
190 191 4
191 192 4
192 193 4
193 194 4
194 195 4
195 196 4
196 197 4
197 198 4
198 199 4
199 200 4
200 201 4
201 202 4
202 203 4
203 204 4
204 205 4
205 206 4
206 207 4
207 208 4
208 209 4
209 210 4
210 211 4
211 212 4
212 213 4
213 214 4
214 215 4
215 216 4
216 217 4
217 218 4
218 219 4
219 220 4
220 221 4
221 222 4
222 223 4
223 224 4
224 225 4
225 226 4
226 227 4
227 228 4
228 229 4
229 230 4
230 231 4
231 232 4
232 233 4
233 234 4
234 235 4
235 236 4
236 237 4
237 238 4
238 239 4
239 240 4
240 241 4
241 242 4
242 243 4
243 244 4
244 245 4
245 246 4
246 247 4
247 248 4
248 249 4
249 250 4
250 251 4
251 252 4
252 253 4
253 254 4
254 255 4
255 256 4
256 257 4
257 258 4
258 259 4
259 260 4
260 261 4
261 262 4
262 263 4
263 264 4
264 265 4
265 266 4
266 267 4
267 268 4
268 269 4
269 270 4
270 271 4
271 272 4
272 273 4
273 274 4
274 275 4
275 276 4
276 277 4
277 278 4
278 279 4
279 280 4
280 281 4
281 282 4
282 283 4
283 284 4
284 285 4
285 286 4
286 287 4
287 288 4
288 289 4
289 290 4
290 291 4
291 292 4
292 293 4
293 294 4
294 295 4
295 296 4
296 297 4
297 298 4
298 299 4
299 300 4
300 301 4
301 302 4
302 303 4
303 304 4
304 305 4
305 306 4
306 307 4
307 308 4
308 309 4
309 310 4
310 311 4
311 312 4
312 313 4
313 314 4
314 315 4
315 316 4
316 317 4
317 318 4
318 319 4
319 320 4
320 321 4
321 322 4
322 323 4
323 324 4
324 325 4
325 326 4
326 327 4
327 328 4
328 329 4
329 330 4
330 331 4
331 332 4
332 333 4
333 334 4
334 335 4
335 336 4
336 337 4
337 338 4
338 339 4
339 340 4
340 341 4
341 342 4
342 343 4
343 344 4
344 345 4
345 346 4
346 347 4
347 348 4
348 349 4
349 350 4
350 351 4
351 352 4
352 353 4
353 354 4
354 355 4
355 356 4
356 357 4
357 358 4
358 359 4
359 360 4
360 361 4
361 362 4
362 2 4
369 1421 5
1421 1422 5
1422 1423 5
1423 1424 5
1424 1425 5
1425 1426 5
1426 1427 5
1427 1428 5
1428 1429 5
1429 1430 5
1430 1431 5
1431 1432 5
1432 1433 5
1433 1434 5
1434 1435 5
1435 1436 5
1436 1437 5
1437 1438 5
1438 1439 5
1439 1440 5
1440 1441 5
1441 1442 5
1442 1443 5
1443 1444 5
1444 1445 5
1445 1446 5
1446 1447 5
1447 1448 5
1448 1449 5
1449 1450 5
1450 1451 5
1451 1452 5
1452 1453 5
1453 1454 5
1454 1455 5
1455 1456 5
1456 1457 5
1457 1458 5
1458 1459 5
1459 1460 5
1460 1461 5
1461 1462 5
1462 1463 5
1463 1464 5
1464 1465 5
1465 1466 5
1466 1467 5
1467 1468 5
1468 1469 5
1469 1470 5
1470 1471 5
1471 1472 5
1472 1473 5
1473 1474 5
1474 1475 5
1475 1476 5
1476 1477 5
1477 1478 5
1478 1479 5
1479 1480 5
1480 1481 5
1481 1482 5
1482 1483 5
1483 1484 5
1484 1485 5
1485 1486 5
1486 1487 5
1487 1488 5
1488 1489 5
1489 1490 5
1490 1491 5
1491 1492 5
1492 1493 5
1493 1494 5
1494 1495 5
1495 1496 5
1496 1497 5
1497 1498 5
1498 1499 5
1499 1500 5
1500 1501 5
1501 1502 5
1502 1503 5
1503 1504 5
1504 1505 5
1505 1506 5
1506 1507 5
1507 1508 5
1508 1509 5
1509 1510 5
1510 1511 5
1511 1512 5
1512 1513 5
1513 1514 5
1514 1515 5
1515 1516 5
1516 1517 5
1517 1518 5
1518 1519 5
1519 1520 5
1520 1521 5
1521 1522 5
1522 1523 5
1523 1524 5
1524 1525 5
1525 1526 5
1526 1527 5
1527 1528 5
1528 1529 5
1529 1530 5
1530 1531 5
1531 1532 5
1532 1533 5
1533 1534 5
1534 1535 5
1535 1536 5
1536 1420 5

End
