 MeshVersionFormatted 2
 Dimension
 3
 Vertices
 4848
    0.023482775902472         0.012526697805346                         0      1
    0.015249892980421         0.019289423062745                         0      2
  1.7145055188063E-18                     0.023                         0      3
  -0.0095765640131187         0.021612930278076                         0      4
   -0.018735656978048          0.01709233098598                         0      5
    -0.02472253260005         0.010797845944075                         0      6
   -0.027846613070312         0.002404154655156                         0      7
   -0.027846613070312        -0.002404154655156                         0      8
    -0.02472253260005        -0.010797845944075                         0      9
   -0.018735656978048         -0.01709233098598                         0      10
  -0.0095765640131187        -0.021612930278076                         0      11
    0.023482775902472        -0.012526697805346                         0      12
    0.022342504005682          0.04843894911111                         0      13
   0.0070926110252613         0.052149526048366                         0      14
   0.0090434686952626         0.026974616741045                         0      15
    0.011525882554104         0.037176950857973                         0      16
     0.01386644419244         0.046796294453934                         0      17
    0.023213052031541         0.012861436779827                         0      18
    0.022936257240092         0.013192258036074                         0      19
    0.022652475842499         0.013519060802727                         0      20
    0.022361794281324         0.013841745532497                         0      21
    0.022064301100988          0.01416021393249                         0      22
    0.021760086920795         0.014474368994146                         0      23
    0.021449244407331          0.01478411502279                         0      24
    0.021131868246238         0.015089357666782                         0      25
    0.020808055113367         0.015390003946254                         0      26
    0.020477903645337         0.015685962281437                         0      27
    0.020141514409482         0.015977142520557                         0      28
    0.019798989873223         0.016263455967291                         0      29
    0.019450434372852         0.016544815407789                         0      30
     0.01909595408175         0.016821135137241                         0      31
    0.018735656978048          0.01709233098598                         0      32
    0.018369652811734         0.017358320345124                         0      33
    0.017998053071223         0.017619022191736                         0      34
    0.017620970949395          0.01787435711351                         0      35
    0.017238521309118         0.018124247332955                         0      36
    0.016850820648257         0.018368616731088                         0      37
    0.016457987064189         0.018607390870624                         0      38
    0.016060140217829         0.018840497018647                         0      39
    0.015657401297181         0.019067864168766                         0      40
 -0.00040722913424431         0.022997567334323                         0      41
 -0.00081437212480712         0.022990269851891                         0      42
  -0.0012213428462294         0.022978109096383                         0      43
  -0.0016280552094933         0.022961087640239                         0      44
  -0.0020344231802331         0.022939209084113                         0      45
  -0.0024403607969344          0.02291247805611                         0      46
  -0.0028457821891184         0.022880900210809                         0      47
  -0.0032506015955064         0.022844482228065                         0      48
  -0.0036547333821614         0.022803231811598                         0      49
  -0.0040580920606029         0.022757157687362                         0      50
  -0.0044605923058906           0.0227062696017                         0      51
   -0.004862148974674         0.022650578319281                         0      52
  -0.0052626771232031         0.022590095620825                         0      53
  -0.0056620920252971         0.022524834300608                         0      54
  -0.0060603091902669         0.022454808163758                         0      55
  -0.0064572443807883         0.022380032023336                         0      56
  -0.0068528136307211         0.022300521697197                         0      57
  -0.0072469332628706         0.022216294004649                         0      58
  -0.0076395199066889         0.022127366762893                         0      59
  -0.0080304905159105         0.022033758783256                         0      60
  -0.0084197623861196         0.021935489867209                         0      61
  -0.0088072531722452          0.02183258080218                         0      62
  -0.0091928809059797         0.021725053357155                         0      63
  -0.0099962725320918         0.021484315270174                         0      64
   -0.010413422427251         0.021350201184441                         0      65
   -0.010827906925831          0.02121062234842                         0      66
   -0.011239619937296         0.021065614488404                         0      67
   -0.011648456080495         0.020915214720282                         0      68
   -0.012054310710632         0.020759461540047                         0      69
   -0.012457079946054         0.020598394813938                         0      70
   -0.012856660694836         0.020432055768239                         0      71
   -0.013252950681176         0.020260486978724                         0      72
   -0.013645848471563         0.020083732359761                         0      73
   -0.014035253500748          0.01990183715307                         0      74
   -0.014421066097482         0.019714847916149                         0      75
   -0.014803187510024         0.019522812510347                         0      76
   -0.015181519931423         0.019325780088622                         0      77
   -0.015555966524549         0.019123801082959                         0      78
    -0.01592643144688         0.018916927191455                         0      79
   -0.016292819875033         0.018705211365096                         0      80
   -0.016655038029038         0.018488707794196                         0      81
   -0.017012993196335          0.01826747189453                         0      82
   -0.017366593755511          0.01804156029315                         0      83
    -0.01771574919975          0.01781103081389                         0      84
   -0.018060370159997         0.017575942462566                         0      85
   -0.018400368427831         0.017336355411872                         0      86
   -0.019036305567612         0.016866692520819                         0      87
   -0.019332927290467         0.016637486140529                         0      88
   -0.019625459400396         0.016404760330546                         0      89
   -0.019913840016284          0.01616856432079                         0      90
   -0.020198008135207         0.015928948075255                         0      91
   -0.020477903645337         0.015685962281437                         0      92
   -0.020753467338656         0.015439658339616                         0      93
   -0.021024640923482         0.015190088351977                         0      94
   -0.021291367036801         0.014937305111594                         0      95
   -0.021553589256398          0.01468136209126                         0      96
   -0.021811252112797         0.014422313432173                         0      97
   -0.022064301100988          0.01416021393249                         0      98
   -0.022312682691965         0.013895119035728                         0      99
   -0.022556344344044          0.01362708481904                         0      100
   -0.022795234513977         0.013356167981352                         0      101
   -0.023029302667859         0.013082425831366                         0      102
   -0.023258499291814         0.012805916275442                         0      103
   -0.023482775902472         0.012526697805346                         0      104
   -0.023702085057223         0.012244829485876                         0      105
   -0.023916380364255         0.011960370942372                         0      106
   -0.024125616492363         0.011673382348096                         0      107
   -0.024329749180543          0.01138392441151                         0      108
   -0.024528735247354          0.01109205836343                         0      109
   -0.024929667828469         0.010471576517786                         0      110
   -0.025130422114234         0.010142626809926                         0      111
   -0.025324744072722        0.0098110810177335                         0      112
   -0.025512583965714         0.009477024002938                         0      113
   -0.025693893714126        0.0091405412700337                         0      114
   -0.025868626910316        0.0088017189443971                         0      115
   -0.026036738829961        0.0084606437502413                         0      116
   -0.026198186443507         0.008117402988419                         0      117
   -0.026352928427178        0.0077720845140765                         0      118
    -0.02650092517356        0.0074247767141671                         0      119
   -0.026642138801731        0.0070755684848271                         0      120
   -0.026776533166965         0.006724549208623                         0      121
   -0.026904073869976        0.0063718087316723                         0      122
   -0.027024728265728        0.0060174373406477                         0      123
   -0.027138465471789        0.0056615257396668                         0      124
   -0.027245256376235        0.0053041650270761                         0      125
   -0.027345073645102        0.0049454466721334                         0      126
   -0.027437891729383        0.0045854624915955                         0      127
   -0.027523686871566        0.0042243046262175                         0      128
   -0.027602437111717        0.0038620655171679                         0      129
   -0.027674122293097        0.0034988378823681                         0      130
   -0.027738724067327        0.0031347146927604                         0      131
   -0.027796225899079        0.0027697891485112                         0      132
   -0.027871093554281        0.0022044523079651                         0      133
   -0.027893451546569        0.0020045820831961                         0      134
   -0.027913685344528        0.0018045592017404                         0      135
   -0.027931793407275        0.0016043988961149                         0      136
   -0.027947774355812        0.0014041164093017                         0      137
   -0.027961626973128        0.0012037269935877                         0      138
   -0.027973350204292        0.0010032459094027                         0      139
   -0.027982943156535       0.00080268842415752                         0      140
   -0.027990405099316       0.00060206981108109                         0      141
   -0.027995735464379       0.00040140534805752                         0      142
   -0.027998933845797       0.00020071031646261                         0      143
               -0.028       2.8166876380389E-18                         0      144
   -0.027998933845797       -0.0002007103164626                         0      145
   -0.027995735464379      -0.00040140534805751                         0      146
   -0.027990405099316      -0.00060206981108108                         0      147
   -0.027982943156535      -0.00080268842415752                         0      148
   -0.027973350204292       -0.0010032459094027                         0      149
   -0.027961626973128       -0.0012037269935877                         0      150
   -0.027947774355812       -0.0014041164093017                         0      151
   -0.027931793407275       -0.0016043988961149                         0      152
   -0.027913685344528       -0.0018045592017404                         0      153
   -0.027893451546569       -0.0020045820831961                         0      154
   -0.027871093554281       -0.0022044523079652                         0      155
   -0.027796225899079       -0.0027697891485112                         0      156
   -0.027738724067327       -0.0031347146927604                         0      157
   -0.027674122293097       -0.0034988378823681                         0      158
   -0.027602437111717       -0.0038620655171679                         0      159
   -0.027523686871566       -0.0042243046262175                         0      160
   -0.027437891729383       -0.0045854624915955                         0      161
   -0.027345073645102       -0.0049454466721334                         0      162
   -0.027245256376235       -0.0053041650270761                         0      163
   -0.027138465471789       -0.0056615257396668                         0      164
   -0.027024728265728       -0.0060174373406477                         0      165
   -0.026904073869976       -0.0063718087316723                         0      166
   -0.026776533166965       -0.0067245492086229                         0      167
   -0.026642138801731       -0.0070755684848271                         0      168
    -0.02650092517356       -0.0074247767141671                         0      169
   -0.026352928427178       -0.0077720845140765                         0      170
   -0.026198186443507        -0.008117402988419                         0      171
   -0.026036738829961       -0.0084606437502413                         0      172
   -0.025868626910316       -0.0088017189443971                         0      173
   -0.025693893714126       -0.0091405412700337                         0      174
   -0.025512583965714        -0.009477024002938                         0      175
   -0.025324744072722       -0.0098110810177335                         0      176
   -0.025130422114234        -0.010142626809926                         0      177
   -0.024929667828469        -0.010471576517786                         0      178
   -0.024528735247354         -0.01109205836343                         0      179
   -0.024329749180543         -0.01138392441151                         0      180
   -0.024125616492363        -0.011673382348096                         0      181
   -0.023916380364255        -0.011960370942372                         0      182
   -0.023702085057223        -0.012244829485876                         0      183
   -0.023482775902472        -0.012526697805346                         0      184
   -0.023258499291814        -0.012805916275442                         0      185
   -0.023029302667859        -0.013082425831366                         0      186
   -0.022795234513977        -0.013356167981352                         0      187
   -0.022556344344044         -0.01362708481904                         0      188
   -0.022312682691965        -0.013895119035728                         0      189
   -0.022064301100988         -0.01416021393249                         0      190
   -0.021811252112797        -0.014422313432173                         0      191
   -0.021553589256398         -0.01468136209126                         0      192
   -0.021291367036801        -0.014937305111594                         0      193
   -0.021024640923482        -0.015190088351977                         0      194
   -0.020753467338656        -0.015439658339616                         0      195
   -0.020477903645337        -0.015685962281437                         0      196
   -0.020198008135207        -0.015928948075255                         0      197
   -0.019913840016284         -0.01616856432079                         0      198
   -0.019625459400396        -0.016404760330546                         0      199
   -0.019332927290467        -0.016637486140529                         0      200
   -0.019036305567612        -0.016866692520819                         0      201
   -0.018400368427831        -0.017336355411872                         0      202
   -0.018060370159997        -0.017575942462566                         0      203
    -0.01771574919975         -0.01781103081389                         0      204
   -0.017366593755511         -0.01804156029315                         0      205
   -0.017012993196335         -0.01826747189453                         0      206
   -0.016655038029038        -0.018488707794196                         0      207
   -0.016292819875033        -0.018705211365096                         0      208
    -0.01592643144688        -0.018916927191455                         0      209
   -0.015555966524549        -0.019123801082959                         0      210
   -0.015181519931423        -0.019325780088622                         0      211
   -0.014803187510024        -0.019522812510347                         0      212
   -0.014421066097482        -0.019714847916149                         0      213
   -0.014035253500748         -0.01990183715307                         0      214
   -0.013645848471563         -0.02008373235976                         0      215
   -0.013252950681176        -0.020260486978724                         0      216
   -0.012856660694836        -0.020432055768239                         0      217
   -0.012457079946054        -0.020598394813938                         0      218
   -0.012054310710632        -0.020759461540047                         0      219
   -0.011648456080495        -0.020915214720282                         0      220
   -0.011239619937296        -0.021065614488404                         0      221
   -0.010827906925831         -0.02121062234842                         0      222
   -0.010413422427251        -0.021350201184441                         0      223
  -0.0099962725320918        -0.021484315270174                         0      224
  -0.0080889916075079        -0.022019315083675                         0      225
  -0.0065760623925875        -0.022356675269051                         0      226
  -0.0050425189938248        -0.022623953300914                         0      227
  -0.0034931686565992        -0.022820311334648                         0      228
  -0.0019328681767836        -0.022945133840719                         0      229
 -0.00036650867599765        -0.022998029534202                         0      230
   0.0012009997307408        -0.022978832601349                         0      231
   0.0027647433269033        -0.022887603219373                         0      232
    0.004319820197628        -0.022724627367806                         0      233
   0.0058613555959026        -0.022490415932034                         0      234
   0.0073845172235822        -0.022185703101804                         0      235
   0.0088845303793426        -0.021811444069743                         0      236
    0.010356692926082         -0.02136881203708                         0      237
    0.011796390030855        -0.020859194535983                         0      238
    0.013199108631128        -0.020284189080012                         0      239
    0.014560451582018        -0.019645598156352                         0      240
    0.015876151440154        -0.018945423575495                         0      241
    0.017142083840965        -0.018185860196108                         0      242
    0.018354280427447         -0.01736928904474                         0      243
    0.019508941289898        -0.016498269851944                         0      244
    0.020602446877611        -0.015575533028215                         0      245
    0.021631369345185        -0.014603971104888                         0      246
    0.022592483297903        -0.013586629666828                         0      247
    0.022941625370266         0.013185958325146                         0      1
    0.022376963742114         0.013825194212467                         0      1
    0.021789977509466         0.014443995882488                         0      1
    0.021181830277342         0.015042016174564                         0      1
    0.020553656670615         0.015618966858372                         0      1
    0.019906559486328         0.016174612459918                         0      1
    0.019241607595954         0.016708764444153                         0      1
    0.018560122107304         0.017221066611838                         0      1
    0.017878616749283         0.017700881558744                         0      1
    0.017206594992936         0.018144706169192                         0      1
     0.01654439167919          0.01855561693503                         0      1
    0.015892158591351         0.018936365831469                         0      1
    0.015418989208299         0.019984382208491                         0      2
    0.015578173019601         0.020638602866791                         0      2
    0.015728173108774         0.021255079858275                         0      2
    0.015875158239816          0.02185916584167                         0      2
    0.016022143370858         0.022463251825065                         0      2
    0.016169128501901         0.023067337808461                         0      2
    0.016316113632943         0.023671423791855                         0      2
    0.016463098763985         0.024275509775249                         0      2
    0.016610083895027         0.024879595758644                         0      2
    0.016757069026068         0.025483681742039                         0      2
     0.01690405415711         0.026087767725433                         0      2
    0.017051039288152         0.026691853708828                         0      2
    0.017198024419194         0.027295939692221                         0      2
    0.017345009550236         0.027900025675616                         0      2
    0.017491994681278         0.028504111659011                         0      2
     0.01763897981232         0.029108197642405                         0      2
    0.017785964943362         0.029712283625798                         0      2
    0.017932950074404         0.030316369609193                         0      2
    0.018079935205445         0.030920455592586                         0      2
    0.018226920336487         0.031524541575981                         0      2
     0.01837390546753         0.032128627559378                         0      2
    0.018520890598571         0.032732713542771                         0      2
    0.018667875729613         0.033336799526163                         0      2
    0.018814860860655          0.03394088550956                         0      2
    0.018961845991698         0.034544971492958                         0      2
    0.019108831122741         0.035149057476356                         0      2
    0.019255816253783         0.035753143459753                         0      2
    0.019402801384827         0.036357229443154                         0      2
     0.01954978651587         0.036961315426551                         0      2
    0.019696771646912         0.037565401409949                         0      2
    0.019843756777956          0.03816948739335                         0      2
    0.019990741908998         0.038773573376747                         0      2
    0.020137727040042         0.039377659360147                         0      2
    0.020284712171084         0.039981745343545                         0      2
    0.020431697302127         0.040585831326942                         0      2
     0.02057868243317         0.041189917310342                         0      2
    0.020725667564213         0.041794003293738                         0      2
    0.020872652695255         0.042398089277136                         0      2
    0.021019637826298         0.043002175260534                         0      2
    0.021166622957341         0.043606261243931                         0      2
    0.021313608088384         0.044210347227331                         0      2
    0.021460593219426         0.044814433210727                         0      2
    0.021607578350469         0.045418519194124                         0      2
    0.021754563481512         0.046022605177524                         0      2
    0.021901548612555          0.04662669116092                         0      2
    0.022048533743597         0.047230777144317                         0      2
    0.022195518874639         0.047834863127713                         0      2
    0.021755969660283         0.048581663608697                         0      3
    0.021169435314883         0.048724378106283                         0      3
    0.020582900969484         0.048867092603869                         0      3
    0.019996366624084         0.049009807101456                         0      3
    0.019409832278685         0.049152521599042                         0      3
    0.018823297933285         0.049295236096629                         0      3
    0.018236763587884         0.049437950594216                         0      3
    0.017650229242485         0.049580665091802                         0      3
    0.017063694897085         0.049723379589388                         0      3
    0.016477160551686         0.049866094086975                         0      3
    0.015890626206288         0.050008808584561                         0      3
    0.015304091860887         0.050151523082148                         0      3
    0.014717557515488         0.050294237579734                         0      3
    0.014131023170086         0.050436952077321                         0      3
    0.013544488824683         0.050579666574908                         0      3
    0.012957954479282         0.050722381072495                         0      3
     0.01237142013388         0.050865095570082                         0      3
    0.011784885788477         0.051007810067669                         0      3
    0.011198351443077         0.051150524565256                         0      3
    0.010611817097673         0.051293239062844                         0      3
    0.010025282752272          0.05143595356043                         0      3
   0.0094387484068698         0.051578668058017                         0      3
   0.0088522140614668         0.051721382555605                         0      3
   0.0082656797160662         0.051864097053191                         0      3
   0.0076791453706622         0.052006811550779                         0      3
   0.0069448482955686         0.051542244255692                         0      4
   0.0067970855658764         0.050934962463021                         0      4
   0.0066493228361835         0.050327680670347                         0      4
   0.0065015601064911         0.049720398877675                         0      4
   0.0063537973767987         0.049113117085003                         0      4
   0.0062060346471058         0.048505835292329                         0      4
   0.0060582719174137         0.047898553499658                         0      4
   0.0059105091877209         0.047291271706985                         0      4
   0.0057627464580284         0.046683989914312                         0      4
   0.0056149837283361          0.04607670812164                         0      4
   0.0054672209986432         0.045469426328966                         0      4
   0.0053194582689509         0.044862144536295                         0      4
   0.0051716955392584         0.044254862743622                         0      4
   0.0050239328095656         0.043647580950948                         0      4
   0.0048761700798735         0.043040299158278                         0      4
   0.0047284073501806         0.042433017365604                         0      4
   0.0045806446204882         0.041825735572931                         0      4
   0.0044328818907958         0.041218453780259                         0      4
   0.0042851191611029         0.040611171987585                         0      4
   0.0041373564314107         0.040003890194914                         0      4
   0.0039895937017181         0.039396608402241                         0      4
   0.0038418309720254         0.038789326609568                         0      4
   0.0036940682423332         0.038182044816897                         0      4
   0.0035463055126403         0.037574763024223                         0      4
   0.0033985427829468         0.036967481231546                         0      4
   0.0032507800532535          0.03636019943887                         0      4
     0.00310301732356         0.035752917646194                         0      4
    0.002955254593867         0.035145635853519                         0      4
   0.0028074918641738         0.034538354060844                         0      4
   0.0026597291344799         0.033931072268166                         0      4
   0.0025119664047871         0.033323790475492                         0      4
   0.0023642036750939         0.032716508682816                         0      4
   0.0022164409453999         0.032109226890138                         0      4
   0.0020686782157066         0.031501945097462                         0      4
   0.0019209154860133         0.030894663304786                         0      4
     0.00177315275632         0.030287381512111                         0      4
   0.0016253900266267         0.029680099719435                         0      4
    0.001477627296933         0.029072817926757                         0      4
     0.00132986456724         0.028465536134083                         0      4
   0.0011821018375463         0.027858254341406                         0      4
   0.0010343391078528         0.027250972548729                         0      4
  0.00088657637815992         0.026643690756055                         0      4
  0.00073881364846631         0.026036408963378                         0      4
  0.00059105091877312         0.025429127170703                         0      4
  0.00044328818908004         0.024821845378028                         0      4
  0.00029552545938638         0.024214563585351                         0      4
   0.0001477627296934         0.023607281792676                         0      4
 -0.00059326675357504         0.022994836638283                         0      5
  -0.0011863522552828         0.022979345999164                         0      5
  -0.0017790778873572         0.022953525910476                         0      5
  -0.0023712630786725         0.022917372979004                         0      5
  -0.0029627264461699         0.022870882330513                         0      5
  -0.0035688690437503         0.022812406514286                         0      5
  -0.0042105131610211         0.022738466028862                         0      5
  -0.0048893816990359         0.022646622537757                         0      5
  -0.0056070888259508          0.02253411623676                         0      5
  -0.0063651749069401         0.022397821438315                         0      5
  -0.0071640945539117         0.022234415287028                         0      5
  -0.0079734353460224         0.022047735483156                         0      5
  -0.0087777805569805         0.021840588112784                         0      5
   -0.010392766668775         0.021356991222195                         0      6
   -0.011201792150532         0.021079205643849                         0      6
   -0.012002965184172         0.020779526236483                         0      6
   -0.012795585579665         0.020457908854176                         0      6
   -0.013578928329849         0.020114313639961                         0      6
   -0.014352241900715          0.01974870691942                         0      6
   -0.015114746426341         0.019361063406803                         0      6
   -0.015865632048047         0.018951368661986                         0      6
   -0.016604057349194         0.018519621853458                         0      6
   -0.017329147942578         0.018065838842018                         0      6
   -0.018039995130469         0.017590055692995                         0      6
   -0.019429247758679         0.016561603872743                         0      7
   -0.020104901483011         0.016008227422883                         0      7
   -0.020761498707163         0.015432371005209                         0      7
   -0.021397880252066         0.014834252217179                         0      7
   -0.022012850328946         0.014214142498379                         0      7
   -0.022605179081449         0.013572373532241                         0      7
   -0.023173606383621         0.012909344319505                         0      7
   -0.023716846405159         0.012225528604978                         0      7
   -0.024233593789463         0.011521481721365                         0      7
   -0.025155636472933         0.010100363780505                         0      8
   -0.025561903968913        0.0093869220014887                         0      8
   -0.025940260824803        0.0086582961382005                         0      8
   -0.026289655898543        0.0079153494126065                         0      8
   -0.026609073535195        0.0071590317839326                         0      8
   -0.026897545078441        0.0063903800388377                         0      8
   -0.027154160826798        0.0056105164480644                         0      8
   -0.027378082276054        0.0048206457184498                         0      8
   -0.027568554161602        0.0040220500823853                         0      8
   -0.027724915982569        0.0032160824831064                         0      8
   -0.027931727046326        0.0016051782463519                         0      9
   -0.027982916537575       0.00080331432792697                         0      9
               -0.028      -6.9943896965851E-12                         0      9
    -0.02798291653717      -0.00080331433744228                         0      9
   -0.027931727045923       -0.0016051782510922                         0      9
   -0.027724915981747         -0.00321608248789                         0      10
   -0.027568554159788       -0.0040220500907749                         0      10
    -0.02737808227227       -0.0048206457329533                         0      10
   -0.027154160820891       -0.0056105164673523                         0      10
   -0.026897545070226       -0.0063903800621681                         0      10
   -0.026609073525936       -0.0071590318071513                         0      10
   -0.026289655890544       -0.0079153494305322                         0      10
    -0.02594026081792       -0.0086582961521139                         0      10
    -0.02556190396383       -0.0093869220108285                         0      10
   -0.025155636470242        -0.010100363785028                         0      10
   -0.024233593788317        -0.011521481722992                         0      11
   -0.023716846432096        -0.012225528569718                         0      11
   -0.023173606375183        -0.012909344329726                         0      11
   -0.022605179069166        -0.013572373546044                         0      11
   -0.022012850312865        -0.014214142515183                         0      11
   -0.021397880214213        -0.014834252254022                         0      11
   -0.020761498697323        -0.015432371014142                         0      11
   -0.020104901475265        -0.016008227429447                         0      11
   -0.019429247754592        -0.016561603875979                         0      11
   -0.018039995126739        -0.017590055695576                         0      12
   -0.017329147935677        -0.018065838846484                         0      12
   -0.016604057336789        -0.018519621860963                         0      12
   -0.015865632030567         -0.01895136867186                         0      12
   -0.015114746404499        -0.019361063418308                         0      12
   -0.014352241875123         -0.01974870693197                         0      12
   -0.013578928308848        -0.020114313649526                         0      12
   -0.012795585563506        -0.020457908860995                         0      12
   -0.012002965171928        -0.020779526241255                         0      12
   -0.011201792142667        -0.021079205646669                         0      12
   -0.010392766664957        -0.021356991223448                         0      12
  -0.0087443774927772        -0.021845516617434                         0      13
  -0.0079083105737177        -0.022063555513148                         0      13
   -0.007065869775602        -0.022255609457318                         0      13
  -0.0062186942991265        -0.022425566497975                         0      13
  -0.0053673900395237        -0.022573463402719                         0      13
  -0.0045125516723568        -0.022699336748922                         0      13
  -0.0036547638553751        -0.022803227774329                         0      13
  -0.0027945998928523        -0.022885151221833                         0      13
  -0.0019326287456353        -0.022945147449048                         0      13
  -0.0010694109553035        -0.022983213358938                         0      13
 -0.00020550549311399        -0.022999379789497                         0      13
  0.00065853218118869        -0.022993633623357                         0      13
   0.0015221464362531        -0.022965987019837                         0      13
   0.0023847804436234        -0.022916423664246                         0      13
   0.0032458742202386         -0.02284493188782                         0      13
   0.0041048638223177        -0.022751495677414                         0      13
   0.0049611768650141        -0.022636079339951                         0      13
   0.0058142363266134        -0.022498666918484                         0      13
    0.006663449842486        -0.022339203854161                         0      13
   0.0075082201288286        -0.022157669880052                         0      13
   0.0083479286825877          -0.0219540025777                         0      13
    0.009181948856193        -0.021728170247005                         0      13
    0.010009631088377        -0.021480115200964                         0      13
    0.010830309156854        -0.021209790339897                         0      13
    0.011643297392209        -0.020917151927914                         0      13
    0.012447880529138        -0.020602141143424                         0      13
    0.013243329594965        -0.020264731354328                         0      13
    0.014028874187892        -0.019904866216599                         0      13
    0.014803730576817        -0.019522532437596                         0      13
    0.015567072004258        -0.019117699210119                         0      13
    0.016318045805135        -0.018690362800152                         0      13
    0.017055767866241        -0.018240537844015                         0      13
    0.017779307099392        -0.017768240124659                         0      13
    0.018487715028593        -0.017273538110285                         0      13
    0.019179985303487        -0.016756496945994                         0      13
     0.01985508982499        -0.016217237410184                         0      13
    0.020511958140725        -0.015655910068398                         0      13
    0.021149472981748        -0.015072697985175                         0      13
    0.021766502592976        -0.014467856772087                         0      13
    0.022361857667857        -0.013841671570739                         0      13
    0.022931617621791        -0.013192169988633                         0      13
    0.023482775902472        -0.011662787611876                         0      14
    0.023482775902472        -0.010798877418405                         0      14
    0.023482775902472       -0.0099349672249327                         0      14
    0.023482775902472       -0.0090710570314626                         0      14
    0.023482775902472       -0.0082071468379925                         0      14
    0.023482775902472       -0.0073432366445234                         0      14
    0.023482775902472       -0.0064793264510538                         0      14
    0.023482775902472       -0.0056154162575843                         0      14
    0.023482775902472       -0.0047515060641149                         0      14
    0.023482775902472       -0.0038875958706455                         0      14
    0.023482775902472       -0.0030236856771756                         0      14
    0.023482775902472       -0.0021597754837067                         0      14
    0.023482775902472       -0.0012958652902366                         0      14
    0.023482775902472      -0.00043195509676721                         0      14
    0.023482775902472       0.00043195509670477                         0      14
    0.023482775902472        0.0012958652901793                         0      14
    0.023482775902472        0.0021597754836536                         0      14
    0.023482775902472        0.0030236856771281                         0      14
    0.023482775902472        0.0038875958706021                         0      14
    0.023482775902472         0.004751506064076                         0      14
    0.023482775902472        0.0056154162575507                         0      14
    0.023482775902472        0.0064793264510253                         0      14
    0.023482775902472        0.0073432366444991                         0      14
    0.023482775902472        0.0082071468379735                         0      14
    0.023482775902472        0.0090710570314482                         0      14
    0.023482775902472        0.0099349672249224                         0      14
    0.023482775902472         0.010798877418396                         0      14
    0.023482775902472         0.011662787611871                         0      14
  -0.0002937610096987         0.022475299869486                        -0      1
    0.001175574677138         -0.02229136357786                         0      1
  -0.0082067709545498         0.021224921973331                        -0      1
    0.022736437404755       0.00093622129881632                         0      1
  -0.0097818176854231        -0.020740099878823                         0      1
   -0.017918088558996         0.016692021216499                        -0      1
   -0.027183563212672        0.0019364095928609                        -0      1
   -0.019241700353372        -0.015708301270201                         0      1
    0.009328473614131        -0.020808015280236                         0      1
    0.015196458721138         0.018636513658661                         0      1
    0.022722915710488       -0.0043871811596163                         0      1
   -0.025123621681199       -0.0088088373181843                         0      1
   -0.023862123562365         0.010669992093262                        -0      1
    0.022657705146603        0.0060751892069171                         0      1
    0.015543233633129        -0.018217442408795                         0      1
  -0.0037961590293266         0.022191801879518                        -0      1
   -0.003987270697403        -0.022054292117608                         0      1
   -0.012902830635597         0.019695019843493                        -0      1
   -0.014409470170516        -0.018876862382878                         0      1
  0.00031562006086674         0.022478140851664                         0      1
  1.0342567681071E-05         0.021941712615019                         0      1
   -0.027001069787365       -0.0034943857283567                         0      1
  0.00063273444524178         0.021946188467015                         0      1
  0.00032532072185713         0.021402930295859                         0      1
  0.00095243766213785         0.021408648120104                         0      1
  0.00063859883023533         0.020858002967502                         0      1
   0.0012736940487086         0.020865671142345                         0      1
  0.00095895554774042         0.020304117798171                         0      1
    0.022765222277332       -0.0086278988503947                         0      1
    0.019071135285585         0.015873174531003                         0      1
   0.0016178623813526         0.020301528026309                         0      1
   0.0012858140668713         0.019712371042658                         0      1
   -0.026101941098317        0.0065707941093607                        -0      1
   0.0053211349003549        -0.021721116669113                         0      1
    0.001952062103968         0.019694155938424                         0      1
   0.0016235431463488          0.01908803854077                         0      1
    0.002329967398977         0.019078874533818                         0      1
   0.0019829060383632         0.018433975316732                         0      1
    0.019081843553273        -0.015930468955579                         0      1
   0.0027188713379053         0.018411480215963                         0      1
   0.0023681766291885           0.0177584219019                         0      1
   -0.021168335137305         0.013991618259938                        -0      1
   -0.022260670209117        -0.012737989122811                         0      1
   0.0015652361473569         0.017755613654318                         0      1
   0.0019753960287117         0.017016115805889                         0      1
   0.0011117233637008         0.017032762294913                         0      1
   0.0015319973006944         0.016280391888497                         0      1
  0.00065877027507094         0.016292089390287                         0      1
   0.0010835263356006         0.015529333991842                         0      1
  0.00020890534474145         0.015543189998312                         0      1
  0.00063410020347303         0.014778733020125                         0      1
   0.0015089476216909         0.014764928446841                         0      1
    0.001059418181777         0.014014130313895                         0      1
   0.0001844575611405         0.014028168992103                         0      1
  0.00060984660688681         0.013263451503875                         0      1
 -0.00026512242943571         0.013277499942204                        -0      1
   0.0001602784088464         0.012512775093846                         0      1
 -0.00071461028671439         0.012526770699429                        -0      1
 -0.00028926765474006         0.011762084835421                        -0      1
  -0.0011641588843662         0.011776082392383                        -0      1
 -0.00073883259721247         0.011011407608022                        -0      1
  -0.0016137207513107          0.01102540307942                        -0      1
  -0.0011883964852465         0.010260729665561                        -0      1
  -0.0020632846540051         0.010274725146902                        -0      1
   -0.001637960917626        0.0095100520922274                        -0      1
 -0.00076307283714794        0.0094960566707509                        -0      1
  -0.0012126372529156        0.0087453790861521                        -0      1
   -0.002087525319234        0.0087593744980268                        -0      1
  -0.0016622016648862        0.0079947014989786                        -0      1
  -0.0025370897316925         0.008008696911184                        -0      1
  -0.0021117660802738         0.007244023914122                        -0      1
  -0.0029866541465288        0.0072580193259537                        -0      1
  -0.0025613304954723        0.0064933463291374                        -0      1
  -0.0016864424292487        0.0064793509173271                        -0      1
  -0.0021360068445287        0.0057286733323976                        -0      1
  -0.0030108949107658         0.005742668744217                        -0      1
  -0.0025855712598196        0.0049779957474755                        -0      1
  -0.0017106831935803        0.0049640003356546                        -0      1
  -0.0021602476088728        0.0042133227507336                        -0      1
  -0.0012853595426336        0.0041993273389127                        -0      1
  -0.0017349239579266         0.003448649753992                        -0      1
  -0.0030351356751122        0.0042273181625546                        -0      1
 -0.00086003589168726        0.0034346543421711                        -0      1
  -0.0013096003069803        0.0026839767572505                        -0      1
 -0.00043471224074098        0.0026699813454295                        -0      1
 -0.00088427665603401        0.0019193037605089                        -0      1
 -9.3885897947033E-06        0.0019053083486879                        -0      1
 -0.00045895300508774        0.0011546307637673                        -0      1
  0.00041593506115157        0.0011406353519464                         0      1
 -3.3629354141476E-05       0.00038995776702576                        -0      1
 -0.00090851742038079       0.00040395317884673                        -0      1
  0.00084125871209783       0.00037596235520478                         0      1
   0.0012908231273909        0.0011266399401254                         0      1
   0.0017161467783371       0.00036196694338381                         0      1
   0.0014847455175849         0.013249448804363                         0      1
 -0.00048319376943452      -0.00036071981789484                         0      1
  -0.0013580818356738      -0.00034672440607387                         0      1
   0.0021657111936302        0.0011126445283044                         0      1
   0.0025910348445765       0.00034797153156284                         0      1
 -0.00093275818472756       -0.0011113974028154                         0      1
  -0.0018076462509669       -0.0010974019909945                         0      1
   0.0030405992598695        0.0010986491164834                         0      1
   0.0034659229108158       0.00033397611974186                         0      1
  -0.0013823226000206        -0.001862074987736                         0      1
  -0.0022572106662599       -0.0018480795759151                         0      1
   0.0039154873261088        0.0010846537046625                         0      1
   0.0043408109770551       0.00031998070792089                         0      1
  -0.0018318870153136       -0.0026127525726566                         0      1
   -0.002706775081553       -0.0025987571608357                         0      1
   0.0047903753923481        0.0010706582928415                         0      1
   0.0052156990432944       0.00030598529609992                         0      1
  -0.0022814514306067       -0.0033634301575772                         0      1
   -0.003156339496846       -0.0033494347457563                         0      1
   0.0056652634585874        0.0010566628810205                         0      1
  -0.0027310158458997       -0.0041141077424978                         0      1
   -0.003605903912139       -0.0041001123306769                         0      1
   0.0060905871095337       0.00029198988427895                         0      1
   0.0056410226942407      -0.00045868770064165                         0      1
     0.00651591076048      -0.00047268311246262                         0      1
   0.0060663463451869       -0.0012233606973832                         0      1
   0.0065401515248267        0.0010426674691996                         0      1
  -0.0031805802611928       -0.0048647853274185                         0      1
  -0.0040554683274321       -0.0048507899155975                         0      1
  -0.0044807919783783       -0.0040861169188559                         0      1
  -0.0049303563936714       -0.0048367945037765                         0      1
  -0.0053556800446177        -0.004072121507035                         0      1
  -0.0058052444599107       -0.0048227990919556                         0      1
   -0.006230568110857        -0.004058126095214                         0      1
   0.0069412344114262       -0.0012373561092042                         0      1
   0.0064916699961332       -0.0019880336941248                         0      1
    -0.00668013252615       -0.0048088036801346                         0      1
  -0.0071054561770963        -0.004044130683393                         0      1
   0.0073665580623725       -0.0020020291059458                         0      1
   0.0069169936470795       -0.0027527066908664                         0      1
  -0.0075550205923893       -0.0047948082683136                         0      1
  -0.0079803442433356        -0.004030135271572                         0      1
  -0.0045050327427251       -0.0056014675005181                         0      1
   0.0077918817133188       -0.0027667021026873                         0      1
   0.0073423172980258       -0.0035173796876079                         0      1
  -0.0084299086586286       -0.0047808128564926                         0      1
  -0.0088552323095749       -0.0040161398597511                         0      1
   0.0082172053642651       -0.0035313750994289                         0      1
    0.007767640948972       -0.0042820526843495                         0      1
   0.0082414461286119       -0.0020160245177667                         0      1
   0.0031805573303848         0.017752031470952                         0      1
  -0.0080045850076824       -0.0055454858532342                         0      1
  -0.0093047967248679       -0.0047668174446717                         0      1
  -0.0097301203758142       -0.0040021444479301                         0      1
   0.0086425290152114       -0.0042960480961705                         0      1
   0.0081929645999183       -0.0050467256810911                         0      1
    0.017367908573018         0.030082612939334                         0      1
    0.014749996241937         0.019786444645534                         0      1
   0.0090678526661576        -0.005060721092912                         0      1
   0.0086182882508646       -0.0058113986778326                         0      1
   0.0031117692293456         0.033499465094183                         0      1
   -0.010179684791107       -0.0047528220328507                         0      1
   -0.010605008442054       -0.0039881490361091                         0      1
   0.0055903860097184         0.043773443522444                         0      1
    0.019811911982559         0.040458302515085                         0      1
   0.0094931763171039       -0.0058253940896536                         0      1
   0.0090436119018109       -0.0065760716745742                         0      1
   0.0081687238355716       -0.0065620762627532                         0      1
   0.0099427407323969        -0.005074716504733                         0      1
   -0.011054572857347       -0.0047388266210297                         0      1
   -0.011479896508293       -0.0039741536242881                         0      1
      -0.011030332093       -0.0032234760393675                         0      1
   -0.011905220159239       -0.0032094806275466                         0      1
   -0.011455655743946        -0.002458803042626                         0      1
   -0.012330543810185        -0.002444807630805                         0      1
   -0.011880979394892       -0.0016941300458844                         0      1
   -0.012755867461132       -0.0016801346340634                         0      1
   -0.012306303045839      -0.00092945704914282                         0      1
   -0.013181191112078      -0.00091546163732184                         0      1
   -0.012731626696785      -0.00016478405240124                         0      1
   -0.013606514763024      -0.00015078864058026                         0      1
   -0.013156950347731       0.00059988894434033                        -0      1
   0.0085940474865178       -0.0073267492594948                         0      1
   0.0077191594202785       -0.0073127538476738                         0      1
   -0.014056079178317      -0.00090146622550086                         0      1
   -0.012354784574532       -0.0039601582124672                         0      1
    -0.01403183841397       0.00061388435616131                        -0      1
   -0.013582273998677        0.0013645619410819                        -0      1
   0.0099184999680503       -0.0065900670863953                         0      1
   0.0061148278738805        0.0018073404659411                         0      1
   0.0069897159401198        0.0017933450541202                         0      1
  -0.0024886083220348         0.011039398155232                        -0      1
   0.0065643922891735        0.0025580180508617                         0      1
   0.0074392803554128        0.0025440226390408                         0      1
    0.001580388041817          0.02141716877943                         0      1
    0.022780587308989        0.0095163476510171                         0      1
   0.0035030423492279         0.018567616941957                         0      1
   0.0039896332422709         0.017776354269329                         0      1
   0.0081444830712248       -0.0080774268444154                         0      1
   0.0072695950049855       -0.0080634314325945                         0      1
   0.0070139567044665        0.0033086956357823                         0      1
   0.0078888447707059        0.0032947002239614                         0      1
   0.0074635211197596        0.0040593732207029                         0      1
   0.0083384091859989         0.004045377808882                         0      1
   0.0079130855350526        0.0048100508056235                         0      1
   0.0087879736012919        0.0047960553938026                         0      1
   0.0083626499503456        0.0055607283905441                         0      1
   0.0092375380165849        0.0055467329787232                         0      1
   0.0096628616675313        0.0047820599819816                         0      1
   0.0088122143656387        0.0063114059754648                         0      1
    0.009687102431878        0.0062974105636438                         0      1
   0.0092617787809317        0.0070620835603854                         0      1
    0.010136666847171        0.0070480881485644                         0      1
   0.0097113431962247         0.007812761145306                         0      1
   0.0043850656738615         0.018512868860784                         0      1
   0.0048040190215733         0.017790385325069                         0      1
   -0.014457162064917        0.0013785573529029                        -0      1
   -0.014007597649624        0.0021292349378235                        -0      1
   0.0076949186559318        -0.008828104429336                         0      1
   0.0068200305896924       -0.0088141090175151                         0      1
   -0.014882485715863        0.0021432303496445                        -0      1
    -0.01443292130057        0.0028939079345651                        -0      1
    0.010586231262464         0.007798765733485                         0      1
    0.010160907611518        0.0085634387302266                         0      1
    0.012621653528188        -0.019652866947784                         0      1
   0.0012179241951046         0.025553646705906                         0      1
    0.015429935871764          0.02227626200027                         0      1
    0.003702820148119         0.035928592264885                         0      1
    0.017844551609489         0.032497872014776                         0      1
   0.0072453542406388       -0.0095787820142567                         0      1
   0.0063704661743994       -0.0095647866024357                         0      1
   0.0081202423068782       -0.0095927774260778                         0      1
   0.0051890418255088         0.018501045374356                         0      1
   0.0056208443101328         0.017804625332249                         0      1
   -0.015307809366809         0.002907903346386                        -0      1
   -0.014858244951516        0.0036585809313066                        -0      1
   -0.015757373782102        0.0021572257614655                        -0      1
   -0.013983356885277        0.0036445855194857                        -0      1
   -0.014408680536223        0.0044092585162272                        -0      1
    0.019252731600224         0.037999218318203                         0      1
    0.016747464422115         0.027723237012472                         0      1
   0.0050020976219016         0.041401720446451                         0      1
   0.0025207183105731         0.031070337923478                         0      1
     0.02046899845125         0.042861625060988                         0      1
   -0.013533792469984        0.0043952631044063                        -0      1
    -0.01395911612093        0.0051599361011478                        -0      1
   0.0062147865528915          0.04625238274033                         0      1
   0.0067957898253457        -0.010329459599177                         0      1
   0.0059209017591064        -0.010315464187356                         0      1
    0.011035795677757        0.0085494433184056                         0      1
    0.011461119328703        0.0077847703216641                         0      1
    0.010610472026811        0.0093141163151472                         0      1
   -0.015733133017756        0.0036725763431275                        -0      1
   -0.013084228054691        0.0051459406893269                        -0      1
   -0.013509551705637        0.0059106136860684                        -0      1
   0.0063462254100527        -0.011080137184098                         0      1
   0.0054713373438133        -0.011066141772277                         0      1
    0.006000084126985         0.018513028016327                         0      1
   0.0064275527806375         0.017827546553942                         0      1
    0.011910683743996        0.0085354479065847                         0      1
    0.012336007394943        0.0077707749098431                         0      1
     0.01829025781223         0.048823214300418                         0      1
    0.010811982100708         0.050761676721699                         0      1
   -0.012634663639398        0.0058966182742474                        -0      1
   -0.013059987290344         0.006661291270989                        -0      1
   -0.013934875356583          0.00667528668281                        -0      1
    -0.01348531094129        0.0074259642677306                        -0      1
   -0.012610422875051        0.0074119688559096                        -0      1
   -0.013035746525997        0.0081766418526512                        -0      1
    0.016067561065079         0.024764064594792                         0      1
    0.001781904662106         0.028033928960098                         0      1
    0.018560694157658          0.03496590099349                         0      1
   -0.012160858459758        0.0081626464408302                        -0      1
   -0.012586182110704        0.0089273194375718                        -0      1
   0.0042938710668905         0.038357719435586                         0      1
    0.012785571810236        0.0085214524947637                         0      1
    0.013210895461182        0.0077567794980222                         0      1
   0.0058966609947596        -0.011830814769018                         0      1
   0.0050217729285203        -0.011816819357197                         0      1
    0.004596449277574        -0.011052146360456                         0      1
    0.004146884862281        -0.011802823945377                         0      1
   -0.012282062281492       0.00058589353251934                        -0      1
  -0.0014065633643674       -0.0033774255693982                         0      1
   -0.011711294044465        0.0089133240257508                        -0      1
   -0.012136617695411        0.0096779970224924                        -0      1
    0.013660459876475        0.0085074570829428                         0      1
   0.0068089044246524         0.018530942858059                         0      1
   0.0063864968299143         0.019204365041195                         0      1
   0.0072450075750396         0.017839953824965                         0      1
   0.0071612386416579         0.019214579501779                         0      1
   0.0067616798274838         0.019849742698188                         0      1
   0.0074871480039415          0.01987349425364                         0      1
   0.0068512774358141         0.017112694404501                         0      1
   0.0077013557971441         0.017128438449265                         0      1
   -0.014360199007529        0.0074399596795516                        -0      1
   0.0083868907146924        0.0070760789722063                         0      1
   0.0037215612113347        -0.011038150948635                         0      1
   0.0032719967960417        -0.011788828533556                         0      1
    0.003697320446988        -0.012553501530297                         0      1
   0.0028224323807486        -0.012539506118476                         0      1
   -0.011261729629172        0.0096640016106714                        -0      1
   0.0023971087298024        -0.011774833121735                         0      1
   0.0019475443145093        -0.012525510706655                         0      1
   -0.011687053280118         0.010428674607413                        -0      1
    0.014085783527421        0.0077427840862012                         0      1
  0.00033332644162185         0.020324879401851                         0      1
   0.0071307385892737         0.020466205775498                         0      1
   0.0078033733463678         0.020491086644993                         0      1
   0.0023728679654556        -0.013290183703397                         0      1
   0.0014979798992163        -0.013276188291576                         0      1
     0.00107265624827        -0.012511515294834                         0      1
  0.00062309183297699        -0.013262192879755                         0      1
   0.0063947069387462       -0.0080494360207735                         0      1
   -0.010812165213879         0.010414679195592                        -0      1
  0.00019776818203071        -0.012497519883013                         0      1
 -0.00025179623326232        -0.013248197467934                         0      1
  -0.0066558917618032       -0.0032934530984724                         0      1
  -0.0011399149526013         0.013291430830281                        -0      1
   0.0066693027939518         0.048052996434343                         0      1
 -0.00033774918438225        0.0087313836727755                        -0      1
     -0.0106292492064       -0.0055034996177713                         0      1
   0.0097355839605714        0.0093281117269682                         0      1
  -0.0006771198842086        -0.012483524471192                         0      1
  -0.0011266842995016        -0.013234202056113                         0      1
  -0.0015520079504479        -0.012469529059371                         0      1
  -0.0020015723657409        -0.013220206644292                         0      1
  -0.0024268960166872         -0.01245553364755                         0      1
  -0.0028764604319803        -0.013206211232471                         0      1
  -0.0033017840829265        -0.012441538235729                         0      1
  -0.0037513484982196         -0.01319221582065                         0      1
  -0.0041766721491658        -0.012427542823908                         0      1
  -0.0046262365644589        -0.013178220408829                         0      1
  -0.0050515602154052        -0.012413547412087                         0      1
  -0.0055011246306982        -0.013164224997008                         0      1
  -0.0059264482816445        -0.012399552000266                         0      1
  -0.0063760126969375        -0.013150229585187                         0      1
  -0.0068013363478838        -0.012385556588446                         0      1
  -0.0072509007631768        -0.013136234173366                         0      1
  -0.0076762244141231        -0.012371561176625                         0      1
    0.013235136225529        0.0092721300796843                         0      1
    0.014110024291768        0.0092581346678634                         0      1
    0.013684700640822         0.010022807664605                         0      1
   0.0067715490609989        -0.011844810180839                         0      1
   0.0063219846457059         -0.01259548776576                         0      1
   0.0071968727119452        -0.012609483177581                         0      1
   -0.011285970393518        0.0081486510290092                        -0      1
    -0.01301150576165        0.0096919924343134                        -0      1
    0.020863946846214          0.04463968307649                         0      1
    0.022765500968753        0.0034925847249031                         0      1
    0.022697188414656       -0.0016347808197674                         0      1
   -0.011237488864825         0.011179352192334                        -0      1
   -0.010362600798586         0.011165356780513                        -0      1
  -0.0081257888294161        -0.013122238761545                         0      1
  -0.0085511124803624        -0.012357565764804                         0      1
  -0.0015762487147947        -0.013984879641034                         0      1
    0.021521146618349        -0.013654435709864                         0      1
  -0.0059506890459913        -0.013914902581929                         0      1
   0.0074662389384178         0.021051233736972                         0      1
   0.0081198323894306         0.021075071181021                         0      1
   0.0084621712706109         0.020524189894786                         0      1
   0.0087695463689817         0.021103955609953                         0      1
   0.0067473082966522        -0.013360160762502                         0      1
   0.0076221963628915        -0.013374156174323                         0      1
   0.0065886330535203        0.0040733686325239                         0      1
  -0.0058932930889748          0.02184965589995                        -0      1
   0.0019233035501626        -0.014040861288317                         0      1
  -0.0090006768956555        -0.013108243349724                         0      1
  -0.0094260005466017        -0.012343570352983                         0      1
   -0.010787924449532         0.011930029777254                        -0      1
  -0.0099130363832926         0.011916034365433                        -0      1
 -0.00022755546891557        -0.011732846886272                         0      1
   0.0060421055808402       -0.0027387112790454                         0      1
  -0.0002163357214975         0.016307832018672                        -0      1
   -0.011662812515771         0.011944025189075                        -0      1
    0.014559588707061         0.010008812252784                         0      1
    0.014134265056115         0.010773485249526                         0      1
    0.010185148375864         0.010078789311889                         0      1
   0.0093102603096252          0.01009278472371                         0      1
   0.0077822346368254         0.021617146071528                         0      1
   0.0071475947748979          0.02160474406725                         0      1
  -0.0098755649618948        -0.013094247937903                         0      1
   -0.010300888612841        -0.012329574941162                         0      1
   -0.010338360034239         0.012680707362175                        -0      1
  -0.0094634719679995         0.012666711950354                        -0      1
   0.0091110336535122         0.020563581710274                         0      1
   0.0094094882977384         0.021132728751196                         0      1
  -0.0099372771476394         0.010400683783771                        -0      1
   -0.010750453028134        -0.013080252526082                         0      1
    -0.01117577667908        -0.012315579529341                         0      1
     0.01712863304415         0.017360214095773                         0      1
   -0.011625341094373        -0.013066257114261                         0      1
    -0.01205066474532         -0.01230158411752                         0      1
  -0.0014108043467296        -0.022262909744262                         0      1
  -0.0072834448627405        -0.021428221921486                         0      1
  -0.0098887956189458         0.013431384947095                        -0      1
  -0.0090139075527065         0.013417389535274                        -0      1
   0.0071726319475985        -0.014124833759243                         0      1
   0.0080475200138378        -0.014138829171064                         0      1
   0.0074587730975991         0.022155003168284                         0      1
   0.0068329869101751         0.022150495518635                         0      1
    0.021547823354422         0.013538175317267                         0      1
   -0.010570973803989         0.020540664607042                        -0      1
   -0.015101268016593          0.01853713427596                        -0      1
  -0.0026825343172062       -0.0010834065791735                         0      1
   0.0083141684216522        0.0025300272272198                         0      1
   -0.012209339988451        0.0051319452775059                        -0      1
 -0.00041047147639421        0.0041853319270917                        -0      1
    0.013636219112128        0.0069921065012806                         0      1
    0.014511107178368        0.0069781110894596                         0      1
    0.014061542763075         0.006227433504539                         0      1
    0.014936430829314        0.0062134380927181                         0      1
    0.014486866414021        0.0054627605077975                         0      1
     0.01536175448026        0.0054487650959765                         0      1
    0.014912190064967        0.0046980875110559                         0      1
    0.015811318895553        0.0061994426808971                         0      1
    0.015787078131206         0.004684092099235                         0      1
    0.015337513715913        0.0039334145143143                         0      1
   -0.012500229160613        -0.013052261702441                         0      1
   -0.012925552811559        -0.012287588705699                         0      1
   -0.012111379037083        -0.019942285679562                         0      1
    0.016212401782153        0.0039194191024934                         0      1
     0.01576283736686        0.0031687415175728                         0      1
  -0.0085753532447092        -0.013872916346466                         0      1
     0.01488794930062        0.0031827369293937                         0      1
    0.015313272951567        0.0024180639326522                         0      1
   0.0071426781707811         0.022694512756597                         0      1
   0.0065176075593507         0.022690979362515                         0      1
    0.016188161017806        0.0024040685208312                         0      1
    0.015738596602513        0.0016533909359106                         0      1
    0.014863708536274        0.0016673863477316                         0      1
     0.01528903218722          0.00090271335099                         0      1
    0.016163920253459       0.00088871793916906                         0      1
    0.015714355838166       0.00013804035424844                         0      1
    0.014839467771927       0.00015203576606939                         0      1
    0.015264791422873      -0.00061263723067217                         0      1
    0.016139679489113      -0.00062663264249312                         0      1
    0.015690115073819       -0.0013773102274137                         0      1
    0.015009153122354         0.010759489837705                         0      1
   0.0097598247249182          0.01084346230863                         0      1
   0.0088849366586789         0.010857457720451                         0      1
    0.009754313022212         0.020594500098546                         0      1
    0.010042510595139          0.02116445802109                         0      1
   -0.023859079223319         -0.01082380856152                         0      1
   0.0068270435109871         0.023234131808902                         0      1
   0.0062020559149613         0.023230590603501                         0      1
   0.0065114744484369         0.023773648358961                         0      1
   0.0058864857251828         0.023770097296509                         0      1
   0.0061959006708415         0.024313137679893                         0      1
  -0.0034119777974777         0.008022692322697                        -0      1
   0.0084970844291308        -0.013388151586143                         0      1
   0.0089224080800771        -0.014152824582885                         0      1
   0.0093719724953701        -0.013402146997964                         0      1
   0.0097972961463164        -0.014166819994706                         0      1
    0.010246860561609        -0.013416142409785                         0      1
    0.014583829471408         0.011524162834446                         0      1
    -0.02515268666298        0.0086250021253582                        -0      1
   -0.026140269926489       -0.0065469036849311                         0      1
   0.0097005726204649         0.021693968856822                         0      1
    0.010325303800972         0.021728471189544                         0      1
    0.016565003140059       -0.0013913056392347                         0      1
    0.016115438724766       -0.0021419832241553                         0      1
     0.00998323417163          0.02225235947816                         0      1
    0.010606777740896          0.02228751027993                         0      1
   -0.026781714556723        0.0042563945152201                        -0      1
    -0.02724116497601       -0.0011595464697239                         0      1
   -0.017299776842159        -0.017240244575436                         0      1
   0.0055709111847439         0.024309581976243                         0      1
   0.0058708434527458         0.024842403521748                         0      1
  -0.0094392312036528         0.014182062532016                        -0      1
  -0.0085643431374135         0.014168067120195                        -0      1
   -0.010314119269892         0.014196057943837                        -0      1
  -0.0085885839017602         0.012652716538533                        -0      1
    0.014389903356634      -0.00059864181885122                         0      1
  -0.0028522196676335        -0.011690860650809                         0      1
   -0.012475988396266        -0.011536911120778                         0      1
   -0.013350876462505        -0.011522915708957                         0      1
  -0.0063517719325907        -0.011634879003525                         0      1
   0.0075979555985448        -0.014889506755985                         0      1
   -0.013800440877798        -0.012273593293878                         0      1
   -0.014225764528745        -0.011508920297136                         0      1
   -0.013776200113452        -0.010758242712216                         0      1
   -0.014651088179691        -0.010744247300395                         0      1
   -0.014201523764398       -0.0099935697154741                         0      1
   -0.015076411830637       -0.0099795743036531                         0      1
    -0.01552597624593        -0.010730251888574                         0      1
   -0.015951299896876       -0.0099655788918321                         0      1
   -0.015501735481583       -0.0092149013069115                         0      1
   -0.016376623547823       -0.0092009058950906                         0      1
    -0.01592705913253       -0.0084502283101699                         0      1
   -0.016801947198769        -0.008436232898349                         0      1
   -0.016352382783476       -0.0076855553134284                         0      1
   -0.017227270849715       -0.0076715599016074                         0      1
   -0.016777706434422       -0.0069208823166868                         0      1
   -0.017652594500662       -0.0069068869048658                         0      1
   -0.017203030085368       -0.0061562093199452                         0      1
   -0.018077918151608       -0.0061422139081243                         0      1
   -0.017628353736315       -0.0053915363232037                         0      1
   -0.018503241802554       -0.0053775409113827                         0      1
   -0.018053677387261       -0.0046268633264621                         0      1
     -0.0189285654535       -0.0046128679146412                         0      1
   -0.018479001038207       -0.0038621903297206                         0      1
   -0.019353889104447       -0.0038481949178996                         0      1
   -0.018904324689154        -0.003097517332979                         0      1
   -0.019779212755393        -0.003083521921158                         0      1
     -0.0193296483401       -0.0023328443362374                         0      1
   -0.020204536406339       -0.0023188489244165                         0      1
   -0.019754971991046       -0.0015681713394958                         0      1
   -0.020629860057285       -0.0015541759276749                         0      1
   -0.020180295641992      -0.00080349834275427                         0      1
   -0.021055183708232      -0.00078950293093332                         0      1
   -0.020605619292939      -3.8825346012704E-05                         0      1
   -0.018952806217847       -0.0061282184963033                         0      1
   -0.017676835265008        -0.008422237486528                         0      1
   -0.020228777170686       -0.0038341995060787                         0      1
   0.0058926393682511         0.022687864365282                         0      1
    0.010672184212556        -0.014180815406527                         0      1
    0.011121748627849        -0.013430137821606                         0      1
   -0.016400864312169        -0.010716256476753                         0      1
   0.0021414704292834      -0.00040270605335777                         0      1
   -0.011006091328653       -0.0017081254577054                         0      1
    0.016990326791005       -0.0021559786359762                         0      1
    0.016540762375712       -0.0029066562208969                         0      1
   -0.011200017443427        -0.013830930111003                         0      1
    0.010263995851919         0.022810240298405                         0      1
    0.010887910774461         0.022845780190423                         0      1
    0.015665874309473       -0.0028926608090759                         0      1
    0.016091197960419       -0.0036573338058175                         0      1
    0.016966086026658       -0.0036713292176384                         0      1
    0.016516521611365        -0.004422006802559                         0      1
   -0.009851324197548        -0.011578897356241                         0      1
    0.016702550556113         0.049281787713293                         0      1
    0.012541092926183         0.050285784677979                         0      1
   -0.021480507359178      -2.4829934191745E-05                         0      1
   -0.021030942943885       0.00072584765072886                        -0      1
    0.015641633545126       -0.0044080113907381                         0      1
    0.016066957196072       -0.0051726843874796                         0      1
    0.016941845262312       -0.0051866797993006                         0      1
    0.016492280847019       -0.0059373573842212                         0      1
    0.015617392780779       -0.0059233619724003                         0      1
    0.016042716431726       -0.0066880349691418                         0      1
    0.016917604497965       -0.0067020303809628                         0      1
    0.016468040082672       -0.0074527079658834                         0      1
    0.015593152016433       -0.0074387125540624                         0      1
    0.016018475667379        -0.008203385550804                         0      1
     0.01514358760114       -0.0081893901389831                         0      1
    0.015568911252086       -0.0089540631357246                         0      1
    0.016443799318325       -0.0089680585475455                         0      1
    0.015994234903032       -0.0097187361324662                         0      1
    0.016869122969272       -0.0097327315442871                         0      1
    0.016419558553979        -0.010483409129208                         0      1
    0.014694023185847       -0.0089400677239037                         0      1
   0.0052537553434067         0.024847359302884                         0      1
   0.0055410678798369         0.025386936663114                         0      1
   0.0049456582519302          0.02430574232324                         0      1
    0.010392091728964          0.02062932017235                         0      1
  -0.0089896667883597         0.014932740116937                        -0      1
  -0.0081147787221204         0.014918744705116                        -0      1
    0.015458717537647         0.011510167422625                         0      1
    0.015884041188593         0.010745494425884                         0      1
   0.0093345010739719         0.011608135305372                         0      1
   0.0084482212119809          0.01162895301494                         0      1
   0.0080081499598143         0.010872590181897                         0      1
   0.0075654726054702         0.011641134882359                         0      1
   0.0071316353647589         0.010886472844588                         0      1
    0.011547072278795        -0.014194810818348                         0      1
    0.015033393886701         0.012274840419367                         0      1
   -0.021504748123525       -0.0015401805158539                         0      1
   0.0067230675323054        -0.014875511344164                         0      1
   0.0071483911832517        -0.015640184340905                         0      1
   0.0062735031170124        -0.015626188929084                         0      1
    0.014158505820461         0.012288835831188                         0      1
    0.011230740730514         0.022323197251207                         0      1
    0.011511876251509         0.022881394730202                         0      1
    0.011169052796023           0.0234039698528                         0      1
    0.011793023417978          0.02343958750171                         0      1
     0.01145019812941         0.023962163824113                         0      1
     0.01207417321552         0.023997780202498                         0      1
    0.011731339852658         0.024520360845184                         0      1
    0.010222619797263        -0.014931492991448                         0      1
    0.017439891206298       -0.0014053010510556                         0      1
   0.0066988267679587        -0.016390861925826                         0      1
   0.0058239387017194        -0.016376866514005                         0      1
   0.0071305297577585         0.023773750705671                         0      1
    0.012355322828637         0.024555973456073                         0      1
    0.012012489435523         0.025078554190971                         0      1
    0.012636473721419          0.02511416618921                         0      1
    0.012293640541527         0.025636746837561                         0      1
    0.012917625081325         0.025672358719298                         0      1
    0.012574791979289         0.026194939333809                         0      1
   0.0049355495587435         0.025387396620005                         0      1
   0.0052321691030434         0.025937566013727                         0      1
    0.016333605603886         0.011496172010804                         0      1
    0.016758929254833         0.010731499014063                         0      1
   -0.021905831010124       0.00073984306254984                        -0      1
   -0.021456266594831        0.0014905206474704                        -0      1
  -0.0020897057922285         0.022389280684536                        -0      1
    0.006709836875254         0.011650121540835                         0      1
    0.006259684933054         0.010899614672663                         0      1
    0.014608070235754         0.013039513416108                         0      1
    0.013733182169515         0.013053508827929                         0      1
  -0.0085401043173653         0.015683296158905                        -0      1
   -0.007665217053771         0.015669250571745                        -0      1
   -0.007239891113705         0.014904720673579                        -0      1
  -0.0067903272533112         0.015655363570368                        -0      1
   -0.006365002834733         0.014890738560213                        -0      1
  -0.0059165829559921         0.015640781731837                        -0      1
  -0.0063408489079596         0.016405893204637                        -0      1
  -0.0054687561921204         0.016390485598392                        -0      1
    0.010071729153209         0.020032229703727                         0      1
    0.013193143657921          0.02622685577958                         0      1
    0.012856713612543         0.026722572189756                         0      1
   0.0071183141650886         0.049822630547155                         0      1
    0.021301387402993         0.046475220965193                         0      1
    0.011854706645219         0.022358814855444                         0      1
    0.010772415975398         0.020074449241455                         0      1
    0.010425303273787         0.019443091562977                         0      1
    0.011996636694088        -0.013444133233427                         0      1
    0.011571313043142        -0.012679460236686                         0      1
    0.012421960345034        -0.014208806230169                         0      1
   0.0026152756089232         0.001863322113225                         0      1
   0.0044478515973627          0.01704039756895                         0      1
    0.017294446620218        -0.010497404541029                         0      1
    0.016844882204925        -0.011248082125949                         0      1
    0.017744011035511        -0.009746726956108                         0      1
   -0.022331154661071        0.0015045160592914                        -0      1
   -0.021881590245777         0.002255193644212                        -0      1
   -0.021006702179538         0.002241198232391                        -0      1
   -0.021432025830484        0.0030058712291326                        -0      1
    0.014182746584808          0.01380418641285                         0      1
    0.013307858518569         0.013818181824671                         0      1
   -0.015477494717237       -0.0076995507252493                         0      1
   -0.018880083924807       -0.0015821667513168                         0      1
   -0.020557137764245        0.0029918758173116                        -0      1
   -0.020982461415191        0.0037565488140532                        -0      1
   -0.017178789321022       -0.0046408587382831                         0      1
  0.00077641060463945         0.023786094343182                         0      1
   -0.021857349481431        0.0037705442258742                        -0      1
   -0.021407785066138        0.0045212218107948                        -0      1
   -0.020532896999898        0.0045072263989738                        -0      1
   -0.020958220650845        0.0052718993957154                        -0      1
   -0.020083332584605        0.0052579039838944                        -0      1
   -0.020508656235551         0.006022576980636                        -0      1
   -0.019633768169312         0.006008581568815                        -0      1
   -0.020059091820258        0.0067732545655566                        -0      1
   -0.019184203754019        0.0067592591537356                        -0      1
   -0.019609527404965        0.0075239321504772                        -0      1
   0.0088958869946487         0.012380767649485                         0      1
   0.0046206482494303         0.025928826637069                         0      1
   0.0049301747201411         0.026472187772892                         0      1
   0.0055506124046992         0.026478960865333                         0      1
   0.0052411123833092         0.027015004343755                         0      1
   0.0058514778240367         0.027027002778271                         0      1
   0.0055493555981673         0.027558837997346                         0      1
   0.0061741503339692         0.027562528463731                         0      1
   0.0058607842534062         0.028100755126813                         0      1
   0.0064861098959383         0.028104126172511                         0      1
   0.0061709583240481         0.028643364839479                         0      1
   0.0067960748691473          0.02864685131571                         0      1
    0.006480590865797         0.029186277888415                         0      1
   0.0071056171560808         0.029189814920691                         0      1
   0.0067900627050179         0.029729281237026                         0      1
    0.007415062211547         0.029732833319248                         0      1
   0.0070994915552396         0.030272308767846                         0      1
   0.0076926348722786         0.030257234323668                         0      1
    0.007403601174839         0.030812237430011                         0      1
   0.0080798560637155         0.030734185992456                         0      1
   0.0077250990111188         0.031343741391461                         0      1
   0.0083455886007946         0.031360013792068                         0      1
   0.0080292467744524         0.031898653924596                         0      1
   0.0086533589350002         0.031904190870905                         0      1
   0.0083375091584827         0.032443859432883                         0      1
   0.0089684367510958         0.031373069264422                         0      1
   0.0092778455703211         0.031909661274478                         0      1
   0.0095932688549637         0.031382565070098                         0      1
    0.009902725277032         0.031914527309814                         0      1
     0.01021818097366          0.03139314544597                         0      1
    0.010527683831446          0.03191947337881                         0      1
    0.010843152669358          0.03139810485391                         0      1
    0.011152665456644         0.031923495958762                         0      1
     0.01146823990524         0.031384095113227                         0      1
     0.01177767018367         0.031924203099101                         0      1
    0.012093248482571         0.031384249680298                         0      1
    0.012402665651242         0.031926718384132                         0      1
    0.010212122686086         0.032455868458797                         0      1
    0.012718242406901         0.031387066322776                         0      1
    0.013027657133405         0.031929978705845                         0      1
    0.012712081422271         0.032469436485195                         0      1
    0.013337071584101         0.032472941026158                         0      1
   0.0077121628780789         0.032440891895211                         0      1
   0.0080216363305954         0.032983829427479                         0      1
     0.01115884984998         0.030836686821748                         0      1
    0.013021495826999         0.033012407128382                         0      1
    0.013646485761112           0.0330159537597                         0      1
   0.0073965969546132         0.032980353866094                         0      1
   0.0077060011061312         0.033523406113394                         0      1
   0.0067830349872648         0.030811267387251                         0      1
    0.013330909958396         0.033555428264129                         0      1
    0.013955899846954         0.033558983310873                         0      1
    0.013640324029043          0.03409846061824                         0      1
    0.014265313907476         0.034102017534712                         0      1
    0.013949738085345         0.034641495620857                         0      1
    0.014574727961388         0.034645052978746                         0      1
    0.014259152138154         0.035184531268257                         0      1
    0.013343233224829          0.03139045081727                         0      1
   0.0070810128808859         0.033519845881391                         0      1
   0.0073904255575268          0.03406288401692                         0      1
   0.0080154152036259         0.034066441896961                         0      1
   0.0076998393876566         0.034605920243061                         0      1
    0.014884142013615          0.03518808873361                         0      1
    0.014568566190101         0.035727567074926                         0      1
    0.015193556065418         0.035731124566824                         0      1
    0.014877980241833         0.036270602921198                         0      1
   0.0083248292260038         0.034609477804871                         0      1
    0.008009253397515         0.035148956171694                         0      1
    0.015502970117114         0.036274160419696                         0      1
    0.015187394293512         0.036813638777347                         0      1
    0.013033819217804         0.030847406702861                         0      1
    0.013015334154723         0.034094902942318                         0      1
   0.0055460391573987         0.028639767390157                         0      1
    0.014271475672778         0.033019504543137                         0      1
   0.0073842635214325         0.035145398672348                         0      1
   0.0076936775622359         0.035688434549758                         0      1
    0.013658809326735         0.030850921293708                         0      1
    0.015812384168784         0.036817196277491                         0      1
    0.015496808345177         0.037356674635962                         0      1
    0.014871818469908         0.037353117135224                         0      1
     0.01518123252157         0.037896152994455                         0      1
    0.014556242646301         0.037892595493782                         0      1
    0.014865656697962         0.038435631353189                         0      1
    0.015490646573231         0.038439188853876                         0      1
    0.015175070749622         0.038978667212618                         0      1
    0.014550080874353         0.038975109711925                         0      1
    0.014859494926014          0.03951814557136                         0      1
    0.014234505050745         0.039514588070668                         0      1
    0.014543919102406         0.040057623930105                         0      1
    0.013918929227137         0.040054066429413                         0      1
    0.014228343278798          0.04059710228885                         0      1
    0.013603353403529         0.040593544788157                         0      1
    0.014853333154067         0.040600659789542                         0      1
    0.014537757330458         0.041140138148287                         0      1
    0.015162747205728          0.04114369564898                         0      1
    0.014847171382119         0.041683174007725                         0      1
    0.015472161257388         0.041686731508417                         0      1
     0.01515658543378         0.042226209867162                         0      1
    0.014531595558511         0.042222652366469                         0      1
    0.015781575309049         0.042229767367854                         0      1
    0.015465999485441         0.042769245726599                         0      1
     0.01609098936071         0.042772803227292                         0      1
    0.015775413537102         0.043312281586036                         0      1
    0.016400403412371         0.043315839086729                         0      1
    0.015800060624892         0.038982224713309                         0      1
    0.016084827588762         0.043855317445474                         0      1
    0.016709817464031         0.043858874946166                         0      1
    0.016394241640423         0.044398353304911                         0      1
    0.017019231515692         0.044401910805604                         0      1
    0.016703655692084         0.044941389164349                         0      1
    0.017328645567353         0.044944946665041                         0      1
    0.016097151132657          0.04169028900911                         0      1
    0.017013069743745         0.045484425023786                         0      1
    0.017638059619014         0.045487982524478                         0      1
    0.015459837713493         0.043851759944781                         0      1
    0.013293939351868          0.04005050892872                         0      1
     0.01297836352826         0.040589987287465                         0      1
    0.012668949476599         0.040046951428027                         0      1
    0.012353373652991         0.040586429786772                         0      1
     0.01204395960133         0.040043393927335                         0      1
    0.011728383777721         0.040582872286079                         0      1
    0.012037797829382         0.041125908145517                         0      1
    0.011412807954113         0.041122350644824                         0      1
    0.011103393902452         0.040579314785387                         0      1
    0.011722222005774         0.041665386504262                         0      1
    0.011097232130505         0.041661829003569                         0      1
    0.011406646182166         0.042204864863006                         0      1
    0.010781656306897         0.042201307362314                         0      1
    0.011091070358557         0.042744343221751                         0      1
    0.010466080483288         0.042740785721059                         0      1
    0.010775494534949         0.043283821580496                         0      1
    0.010156666431627         0.042197749861621                         0      1
     0.01015050465968         0.043280264079803                         0      1
    0.010459918711341         0.043823299939241                         0      1
   0.0098349288360718         0.043819742438548                         0      1
    0.010144342887733         0.044362778297986                         0      1
    0.011400484410218         0.043287379081189                         0      1
   0.0095193530124636         0.044359220797293                         0      1
   0.0098287670641245          0.04490225665673                         0      1
   0.0092099389608028         0.043816184937856                         0      1
    0.010453756939393         0.044905814157423                         0      1
    0.010138181115785         0.045445292516168                         0      1
   0.0070686876887764          0.03568487704607                         0      1
   0.0073781017389292         0.036227912908003                         0      1
   0.0080030916139469         0.036231470409112                         0      1
   0.0076955743413636         0.036766357120943                         0      1
    0.013363691000181         0.030332550372562                         0      1
    0.013976767787408         0.030315550778552                         0      1
     0.01702539328764         0.043319396587422                         0      1
   0.0079462429731738          0.02968432556019                         0      1
    0.011162708885245         0.019481230152315                         0      1
    0.010841380247445         0.018837285157963                         0      1
    0.013479928098501         0.026788743647856                         0      1
   -0.022780719076364       0.00075383847437084                        -0      1
   0.0095131912405163         0.045441735015475                         0      1
   0.0098226052921771         0.045984770874912                         0      1
    0.010447595167446         0.045988328375605                         0      1
    0.010132019343838          0.04652780673435                         0      1
   0.0062492623526657        -0.017141539510747                         0      1
   0.0053743742864264        -0.017127544098926                         0      1
    0.017208493670126         0.011482176598983                         0      1
    0.017633817321072         0.010717503602242                         0      1
    0.015199717837255         0.034648610368975                         0      1
   -0.018734639338726        0.0075099367386562                        -0      1
   -0.019159962989672        0.0082746097353978                        -0      1
   -0.018285074923433        0.0082606143235768                        -0      1
   -0.018710398574379        0.0090252873203183                        -0      1
    -0.01783551050814        0.0090112919084974                        -0      1
   -0.018260834159086        0.0097759649052389                        -0      1
   -0.019135722225326        0.0097899603170599                        -0      1
   -0.018686157810033         0.010540637901981                        -0      1
   -0.017811269743793          0.01052664249016                        -0      1
   -0.018236593394739         0.011291315486901                        -0      1
     -0.0173617053285          0.01127732007508                        -0      1
  -0.0058915879676318         0.017156413762901                        -0      1
  -0.0050199002125866         0.017142517350403                        -0      1
    0.011107376955694         0.024484735102609                         0      1
   0.0083138487574116         0.036773740994119                         0      1
   0.0080065553334539         0.037308500160226                         0      1
    0.007124150418905        -0.017155534922567                         0      1
   -0.020484415471205        0.0075379275622981                        -0      1
    0.012232087234069          0.02671242667919                         0      1
   -0.017787028979446         0.012041993071822                        -0      1
   -0.016912140913207         0.012027997660001                        -0      1
   0.0058348508878635         0.011664145405447                         0      1
   0.0053852701523786         0.010913472562659                         0      1
   0.0058105910832929         0.010148800356272                         0      1
   0.0049357814446423         0.010162772979515                         0      1
   0.0053611368832638        0.0093980907462796                         0      1
    0.004486248016486        0.0094120863907117                         0      1
   0.0049115783459599        0.0086474114534011                         0      1
   0.0040366897453806        0.0086614070204844                         0      1
   0.0044620144203582        0.0078967337261917                         0      1
   0.0035871264357341        0.0079107291142979                         0      1
   0.0040124503834958        0.0071460560313111                         0      1
   0.0062798013155993         0.012412178733072                         0      1
  -0.0054914566497813         0.014875591127027                        -0      1
      0.0142686995349       -0.0081753947271622                         0      1
    0.013819135119607       -0.0089260723120828                         0      1
   0.0031375622677873        0.0071600514575063                         0      1
   0.0035628859599579        0.0063953784487862                         0      1
    0.010757009219107         0.046531364235042                         0      1
    0.010441433395499         0.047070842593787                         0      1
   0.0098164435202298         0.047067285093095                         0      1
    0.018169334686457         -0.01051139995285                         0      1
    0.012979306323217         0.024591585816545                         0      1
    0.013757422933862         0.014568859409591                         0      1
    0.012882534867623         0.014582854821412                         0      1
   0.0067531744893361         0.036213353193765                         0      1
   0.0086237478144447         0.037316500504459                         0      1
   0.0083082528250651         0.037855932805021                         0      1
   0.0076813540183408         0.037853462986122                         0      1
   0.0079910862252442          0.03839631756526                         0      1
   0.0073657606747698         0.038405304785728                         0      1
   0.0076752423522732         0.038938007564398                         0      1
   0.0089319566069928         0.037860223103273                         0      1
    0.012526488778515         0.027275108382394                         0      1
    0.015057634651047         0.013790191001029                         0      1
   0.0036113660053777        0.0094260800431031                         0      1
    0.012871524760328        -0.013458128645248                         0      1
    0.013296848411274         -0.01422280164199                         0      1
    0.012847283995981         -0.01497347922691                         0      1
   -0.021833108717084        0.0052858948075364                        -0      1
    0.011066423270768          0.04707440009448                         0      1
    0.010125857571891         0.047610320952532                         0      1
    0.014284196324396         0.030855160455539                         0      1
  -0.0059399026672739         0.014125883774084                        -0      1
   0.0067715991042292         0.032976809566735                         0      1
    0.006456021951435         0.033516290125702                         0      1
   0.0061466077240774         0.032973254557098                         0      1
    0.011891376922866         0.027239151002991                         0      1
    0.017322483795406         0.046027460883223                         0      1
    0.017947473670675         0.046031018383916                         0      1
    0.011597375402309         0.018871360509447                         0      1
    0.011248580513929         0.018188590749201                         0      1
    0.014887230307789         0.049714926687634                         0      1
   0.0064437082496624         0.035679485845533                         0      1
   0.0070737739816621         0.038948604054783                         0      1
   0.0073635533755212          0.03947849134826                         0      1
    0.007984606298054         0.039479013063742                         0      1
    0.007669686633235         0.040018997386688                         0      1
     0.01861889910175       -0.0097607223679289                         0      1
    0.017953635442622         0.044948504165734                         0      1
    0.006674586003612        -0.017906212507488                         0      1
   -0.019561045876272         0.010554633313801                        -0      1
   0.0089377651997619         0.036777910121525                         0      1
    -0.02320604272731        0.0015185114711124                        -0      1
   0.0046180223614715         0.027010533300838                         0      1
    0.012141117886261         0.027777195419069                         0      1
    0.011541808007627         0.027759006630535                         0      1
   0.0095008676966217         0.047606763451839                         0      1
    0.013331926653404         0.015322740905403                         0      1
    0.016697493920137         0.046023903382531                         0      1
   0.0058310316496552         0.033512733331019                         0      1
   0.0055216175269095          0.03296969758925                         0      1
    0.007289055326085         0.016370867601673                         0      1
   0.0081618724112731         0.016394026218721                         0      1
   0.0047733258567074         0.019179229729496                         0      1
   0.0054088235197585         0.012428358724112                         0      1
   0.0082941297095129         0.040022133250546                         0      1
   0.0079785721125376         0.040561625663852                         0      1
    0.017184252905779        0.0099668260173212                         0      1
    0.018059140972018        0.0099528306055002                         0      1
    0.018508705387311         0.010703508190421                         0      1
  -0.0050650585648645         0.014111438193749                        -0      1
   -0.005514437191247         0.013361267156356                        -0      1
    0.013611978347782        0.0054767559196184                         0      1
    -0.01830931568778        0.0067452637419146                        -0      1
    0.019044222752697         -0.01052539536467                         0      1
    0.014599838335069         0.030315795706984                         0      1
    0.014908862263432         0.030858158175465                         0      1
    0.014290435314586         0.029772778782578                         0      1
     0.01372217206222        -0.014987474638731                         0      1
    0.014171736477513        -0.014236797053811                         0      1
    0.013272607646927        -0.015738152223652                         0      1
  -0.0054269785606474         0.017907467503184                        -0      1
  -0.0045667449284696         0.017893464221156                        -0      1
  -0.0041530542336616         0.017128710244289                        -0      1
  -0.0037248646278058         0.017874177610125                        -0      1
  -0.0063165210609482         0.017921455044798                        -0      1
  -0.0041062010379958         0.018601943188441                        -0      1
  -0.0033076093708227         0.018587619967437                        -0      1
    0.014597060128459        -0.015001470050552                         0      1
   -0.023655607142603       0.00076783388619183                        -0      1
    0.018934029038258        0.0099388351936793                         0      1
    0.018484464622965        0.0091881576087587                         0      1
   -0.017337464564153         0.012792670656742                        -0      1
   -0.016462576497914         0.012778675244921                        -0      1
      0.0120380666836         0.018228104659502                         0      1
   0.0098102817482825         0.048149799311277                         0      1
    0.011381999094376         0.046534921735735                         0      1
     0.01491510714045         0.029775787343732                         0      1
    0.014605641919084          0.02923266315021                         0      1
   0.0089561103407902         0.051200350771119                         0      1
    0.020164768313207         0.048496971080403                         0      1
    0.013943576314847         0.035724009571329                         0      1
   0.0061281967910389         0.036207656374174                         0      1
    0.019359352689204        0.0091741621969377                         0      1
    0.018909788273911        0.0084234846120171                         0      1
    0.006423841436993         0.026997005874141                         0      1
    0.019383593453551           0.0106895127786                         0      1
    0.017006907971798         0.046566939241968                         0      1
   0.0091852918730134         0.048146241810584                         0      1
  0.00058561735259381         0.011748091538843                         0      1
   0.0014757821375015         0.026823998076129                         0      1
   0.0028162437699594         0.032284901508831                         0      1
   0.0021475396782895          0.02924887321117                         0      1
   0.0058998328292207         0.045089550058149                         0      1
   0.0033934715855986         0.034717392092495                         0      1
    0.010435271623552         0.048153356811969                         0      1
    0.016078665816815         0.044937831663656                         0      1
   0.0053548274859545         0.042596634934493                         0      1
    0.013393811468661       -0.0081613993153413                         0      1
    0.012944247053368       -0.0089120769002619                         0      1
    0.015818545940724         0.035734682060586                         0      1
   0.0091976154169079          0.04598121337422                         0      1
    0.012396505962814         0.033008847584936                         0      1
   -0.019658008933659        0.0044932309871528                        -0      1
    0.018594658337404        -0.011276072949591                         0      1
    0.015046624543752        -0.014250792465632                         0      1
      0.0161156364485         0.038442746354564                         0      1
    0.016425050500161         0.038985782214001                         0      1
   0.0049490506354801        -0.016362871102184                         0      1
   0.0044994862201871        -0.017113548687105                         0      1
   0.0049248098711333        -0.017878221683846                         0      1
    0.004049921804894        -0.017864226272025                         0      1
   0.0036245981539477        -0.017099553275284                         0      1
   0.0031750337386547        -0.017850230860204                         0      1
    0.003600357389601        -0.018614903856946                         0      1
   0.0027254693233617        -0.018600908445125                         0      1
   0.0023001456724154        -0.017836235448383                         0      1
   0.0018505812571224        -0.018586913033304                         0      1
   0.0014252576061761        -0.017822240036562                         0      1
  0.00097569319088308        -0.018572917621483                         0      1
  0.00055036953993678        -0.017808244624741                         0      1
  0.00010080512464377        -0.018558922209662                         0      1
 -0.00032451852630253        -0.017794249212921                         0      1
 -0.00077408294159555        -0.018544926797841                         0      1
  -0.0011994065925418          -0.0177802538011                         0      1
  -0.0016489710078349         -0.01853093138602                         0      1
  -0.0020742946587812        -0.017766258389279                         0      1
  -0.0025238590740742        -0.018516935974199                         0      1
  -0.0029491827250205        -0.017752262977458                         0      1
  -0.0033987471403135        -0.018502940562378                         0      1
  -0.0038240707912598        -0.017738267565637                         0      1
  -0.0042736352065528        -0.018488945150557                         0      1
  -0.0046989588574991        -0.017724272153816                         0      1
  -0.0051485232727921        -0.018474949738736                         0      1
  -0.0055738469237384        -0.017710276741995                         0      1
  -0.0042493944422061        -0.016973594568895                         0      1
  0.00012504588899048           -0.017043571628                         0      1
   -0.013326635698158        -0.010007565127295                         0      1
    -0.01490672648021        0.0006278797679823                        -0      1
   0.0051914582789476       -0.0012093652855623                         0      1
   -0.015975540661223        -0.011480929473494                         0      1
   -0.016850428727462        -0.011466934061673                         0      1
   -0.016425105076516        -0.012231607058415                         0      1
   -0.017299993142756        -0.012217611646594                         0      1
   -0.017725316793702        -0.011452938649852                         0      1
   -0.016874669491809        -0.012982284643335                         0      1
   -0.018174881208995        -0.012203616234773                         0      1
   -0.018600204859941        -0.011438943238031                         0      1
  -0.0046019958001121        -0.011662869827167                         0      1
  -0.0035816631477923       -0.0025847617490147                         0      1
  -0.0081015480650694        -0.011606888179883                         0      1
   -0.013132709583384        0.0021152395260025                        -0      1
   -0.019730731226699      -5.2820757833682E-05                         0      1
   0.0072938357693322       -0.0065480808509323                         0      1
   0.0074150395910661        0.0010286720573786                         0      1
    0.015544670487739        -0.010469413717387                         0      1
    0.013925090999084         0.038971552211231                         0      1
  -0.0038615422126951        0.0072720147377251                        -0      1
  -0.0042868658636292        0.0080366877344584                        -0      1
  -0.0047364302789076        0.0072860101495279                        -0      1
  -0.0051617539298494        0.0080506831462664                        -0      1
  -0.0056113183451392        0.0073000055613437                        -0      1
  -0.0060366419960842        0.0080646785580844                        -0      1
  -0.0064862064113765        0.0073140009731633                        -0      1
  -0.0060608827604301        0.0065493279764216                        -0      1
  -0.0069357708266691        0.0065633233882424                        -0      1
  -0.0065104471757228        0.0057986503915007                        -0      1
   -0.007385335241962        0.0058126458033217                        -0      1
  -0.0069600115910157        0.0050479728065801                        -0      1
   -0.007834899657255         0.005061968218401                        -0      1
  -0.0074095760063087        0.0042972952216595                        -0      1
   -0.008284464072548        0.0043112906334804                        -0      1
  -0.0078591404216018        0.0035466176367389                        -0      1
  -0.0069842523553625        0.0035326222249179                        -0      1
  -0.0074338167706555        0.0027819446399973                        -0      1
  -0.0065589287044162        0.0027679492281763                        -0      1
  -0.0070084931197092        0.0020172716432557                        -0      1
  -0.0061336050534699        0.0020032762314347                        -0      1
  -0.0078833811859486        0.0020312670550767                        -0      1
  -0.0074580575350023        0.0012665940583351                        -0      1
   -0.005587077580791        0.0088153561430048                        -0      1
  -0.0083329456012416        0.0012805894701561                        -0      1
  -0.0079076219502953       0.00051591647341452                        -0      1
  -0.0073610944776153        0.0073279963849839                        -0      1
    0.012031636057435         0.042208422363699                         0      1
   0.0090193711374642       -0.0080914222562364                         0      1
   0.0068927528827327       -0.0042680572725285                         0      1
  -0.0087582692521879        0.0020452624668977                        -0      1
  -0.0017834054866201        0.0004179485906677                        -0      1
   0.0048873383866633        0.0071320606378168                         0      1
   0.0054955781081601       -0.0095507911906147                         0      1
   -0.018029436622914          -0.0031115127448                         0      1
 -0.00050743453378129        -0.001876070399557                         0      1
   -0.016936381677554         0.010512647078339                        -0      1
   0.0090920934305044       -0.0035453705112499                         0      1
    0.017865214857244       -0.0021699740477972                         0      1
    0.018314779272537       -0.0014192964628766                         0      1
    0.018740102923484       -0.0021839694596181                         0      1
    0.019189667338777       -0.0014332918746975                         0      1
     0.01876434368783      -0.00066861887795598                         0      1
   -0.007032733884056       0.00050192106159354                        -0      1
   -0.013205431876425        -0.002430812218984                         0      1
  -0.0021844883732196        0.0026979721690714                        -0      1
  -0.0062548088752038       -0.0055734766768762                         0      1
    0.013369570704314       -0.0096767498970034                         0      1
    0.018958269802604         0.011454185775341                         0      1
   0.0088943631371947         0.044355663296601                         0      1
   0.0085849490855337         0.043812627437163                         0      1
   0.0045104708649608          0.01092744217816                         0      1
    -0.01150413727264       -0.0054895042059503                         0      1
   -0.011078813621693       -0.0062541772026919                         0      1
   -0.011953701687933       -0.0062401817908709                         0      1
   -0.011528378036986       -0.0070048547876125                         0      1
   -0.010653489970747       -0.0070188501994335                         0      1
    0.013283617754222         0.012302831243009                         0      1
  -0.0084056678942819       -0.0032654622748305                         0      1
   0.0043650517414019        0.0018353312895831                         0      1
  -0.0094149907633557         0.015697392856519                        -0      1
  -0.0089654260240129         0.016448090698599                        -0      1
  -0.0098403141442605         0.016462082734227                        -0      1
    0.013964579705688       0.00016603117789034                         0      1
    0.013515015290395      -0.00058464640703027                         0      1
    0.013089691639448       0.00018002658971129                         0      1
    0.012640127224155      -0.00057065099520932                         0      1
    0.012214803573209       0.00019402200153224                         0      1
    0.013065450875102       -0.0013353239919509                         0      1
    0.011765239157916      -0.00055665558338837                         0      1
     0.01133991550697       0.00020801741335318                         0      1
    0.011789479922263        0.0009586949982738                         0      1
    0.016661966197446         0.004670096687414                         0      1
    0.017087289848392        0.0039054236906725                         0      1
    0.017536854263685        0.0046561012755931                         0      1
    0.017962177914631        0.0038914282788515                         0      1
    0.018411742329924        0.0046421058637721                         0      1
    0.018837065980871        0.0038774328670306                         0      1
    0.018387501565578          0.00312675528211                         0      1
    0.019262389631817         0.003112759870289                         0      1
  -0.0023056921949534       -0.0048787807392394                         0      1
  -0.0027552566102465         -0.00562945832416                         0      1
  -0.0018803685440072        -0.005643453735981                         0      1
  -0.0023299329593002       -0.0063941313209016                         0      1
  -0.0014550448930609       -0.0064081267327225                         0      1
  -0.0019046093083539       -0.0071588043176432                         0      1
  -0.0010297212421146       -0.0071727997294641                         0      1
 -0.00058015682682158       -0.0064221221445435                         0      1
 -0.00015483317587531       -0.0071867951412851                         0      1
  0.00029473123941773       -0.0064361175563645                         0      1
    0.000720054890364        -0.007200790553106                         0      1
    0.001169619305657       -0.0064501129681854                         0      1
   0.0015949429566033        -0.007214785964927                         0      1
   0.0020445073718964       -0.0064641083800064                         0      1
   0.0016191837209501       -0.0056994353832648                         0      1
   0.0024940717871894       -0.0057134307950858                         0      1
   0.0020687481362431       -0.0049487577983442                         0      1
   0.0011453785413103       -0.0079654635498476                         0      1
  -0.0014792856574077       -0.0079234773143847                         0      1
   -0.002354173723647       -0.0079094819025638                         0      1
   0.0024698310228426        -0.007228781376748                         0      1
   0.0029436362024824       -0.0049627532101652                         0      1
   0.0033689598534287       -0.0057274262069068                         0      1
   0.0025183125515361       -0.0041980802134236                         0      1
   -0.014834004187169        0.0051739315129688                        -0      1
   -0.016328142019129       -0.0061702047317662                         0      1
   0.0098215369106633        -0.012651469413044                         0      1
   0.0097818504178688         0.012360139448188                         0      1
   0.0026879978923445        0.0064093738610065                         0      1
   0.0031133215513907        0.0056447008619113                         0      1
    -0.01110305438604       -0.0077695277843541                         0      1
   -0.010228166319801        -0.007783523196175                         0      1
  -0.0087097877234943         0.005075963630222                        -0      1
     0.00616507639184         0.029725721729265                         0      1
  -0.0064619656470293        0.0088293515548252                        -0      1
  -0.0060124012317363        0.0095800291397457                        -0      1
   -0.016037252846968          0.01201400224818                        -0      1
   -0.015587688431675           0.0127646798331                        -0      1
   -0.016013012082621         0.013529352829842                        -0      1
   -0.015138124016382         0.013515357418021                        -0      1
   -0.015563447667328         0.014280030414763                        -0      1
   -0.014688559601089         0.014266035002942                        -0      1
  -0.0091593521387873        0.0043252860453014                        -0      1
    0.012494682638075       -0.0096627544851825                         0      1
   0.0099869244252374         0.030885204471354                         0      1
    0.011608370842119          0.02668090096439                         0      1
   0.0043134790347092         0.025384927131694                         0      1
   0.0064614861446358         0.024837559479473                         0      1
    0.012417004443676         0.023475200654722                         0      1
    0.022740258946245        -0.011132448766119                         0      1
    0.015116341411489         0.021079227155916                         0      1
     0.01876685004168         0.036242082185627                         0      1
    0.019548670388282         0.039190897361281                         0      1
    0.020144841243081         0.041528875227757                         0      1
    0.016336484234463         0.025893325599917                         0      1
    0.015733902020796         0.023439722333008                         0      1
    0.017719002290769         0.031409971301076                         0      1
    0.018218214487444         0.033766135375323                         0      1
    0.022751712810623        0.0078063545341592                         0      1
    0.022708475781316       -0.0060357145963876                         0      1
   0.0088758778213524         0.047603205951147                         0      1
   0.0096407289906919         0.022775173945139                         0      1
    0.013701309302624         0.050040761680868                         0      1
   0.0039983897696434         0.025924586825781                         0      1
     0.00368943095056         0.025381437247912                         0      1
   0.0047124721908063         0.040153709026329                         0      1
   0.0075494740698513        -0.017920207919309                         0      1
   0.0023317278304529         0.020256088400794                         0      1
    0.016381918096529         0.046563381741276                         0      1
    0.019286630396164        0.0046281104519512                         0      1
    0.015471948194699        -0.015015465462373                         0      1
    0.015921512609992        -0.014264787877453                         0      1
     0.01353503709014         0.025703659958358                         0      1
   0.0066447365433071           0.0384706041218                         0      1
   0.0064520182591274         0.020476232987506                         0      1
  -0.0060234113390314        -0.018460954326916                         0      1
  -0.0064487349899777        -0.017696281330174                         0      1
  -0.0068982994052707        -0.018446958915095                         0      1
   -0.007323623056217        -0.017682285918353                         0      1
    0.011830114426888         0.019555160057284                         0      1
    0.016740626323769         0.038446303855256                         0      1
     0.01705004037543         0.038989339714693                         0      1
    0.011821836907251         0.028316744918462                         0      1
    0.011201777643924         0.028283961219156                         0      1
   0.0058510029604295         0.013174917288625                         0      1
   0.0049828034652485         0.013192632700976                         0      1
    0.019614990989723       -0.0021979648714391                         0      1
     0.01916542657443       -0.0029486424563597                         0      1
  -0.0093905410091696         0.017212638161865                        -0      1
   0.0093864711854559         0.013093437651988                         0      1
    0.012457009815579         0.015334937733736                         0      1
     0.01420695857757         0.015317738411024                         0      1
    0.012359535424938          0.03950391556859                         0      1
    0.011734545549669         0.039500358067897                         0      1
   -0.010265602972568         0.017226737622217                        -0      1
   -0.010715196370721         0.016476077378718                        -0      1
   0.0087454628490094         0.019962025510337                         0      1
   0.0070999096545582         -0.01867088550423                         0      1
  0.00075632643943548         0.017767883177034                         0      1
 -0.00028229223410764         0.021437689002503                        -0      1
   0.0094947059246742         0.048689277670022                         0      1
    0.011691413146037         0.047077957595172                         0      1
    0.003150792974308        -0.019365581441866                         0      1
   0.0082693732619256         0.044352105795908                         0      1
   0.0079599592102646         0.043809069936471                         0      1
   0.0082755350338728         0.043269591577726                         0      1
   0.0073535852750407         0.040558070505586                         0      1
  -0.0036926089751452         0.019274682917796                        -0      1
  -0.0029185919222857         0.019259071198269                        -0      1
  -0.0025288243969396          0.01859545913698                        -0      1
   -0.015113883252035         0.015030707999683                        -0      1
   -0.014238995185796         0.015016712587862                        -0      1
     0.01949378716799       -0.0097747177797498                         0      1
    0.019068463517043       -0.0090100447830082                         0      1
  -0.0044606584263163         0.019305196172784                        -0      1
     0.01963923175407      -0.00068261428977694                         0      1
     0.01098337108531        -0.020359402973814                         0      1
    0.022721629999941         0.011268683874862                         0      1
   0.0076505451586038         0.043266034077033                         0      1
    0.010074380651734         0.018755929152677                         0      1
    0.014109266714453        -0.019018012068907                         0      1
   -0.019049769275234        -0.012189620822952                         0      1
    -0.01947509292618         -0.01142494782621                         0      1
   -0.019196439914677         0.015714885409405                        -0      1
   -0.022875966379026         0.012133110093855                        -0      1
   -0.015860941212606        -0.018096000594639                         0      1
   0.0058187221432477         0.035675266175049                         0      1
   0.0054090557216695         0.013930341736331                         0      1
    0.020325639601014        -0.014812200547196                         0      1
    0.020423137348153         0.014725710845653                         0      1
  -0.0056703591159417         -0.02179370233231                         0      1
   0.0073727466525268         0.028615265693607                         0      1
  -0.0032966453564933          0.01712033554734                        -0      1
   -0.024080930793549        0.0015325068829334                        -0      1
   -0.024530495208842       0.00078182929801282                        -0      1
   -0.024105171557896       1.7156301271247E-05                        -0      1
   0.0039983456075057         0.037143155850238                         0      1
    0.013697909227578         0.016202156127782                         0      1
     0.01245142888252         0.028356485451448                         0      1
   0.0077459769727942         0.015625978888183                         0      1
 -0.00034875929064925        -0.019309599794583                         0      1
     0.01704233343911         0.028933447508168                         0      1
   0.0045545931510221          0.01395569777065                         0      1
   0.0086034344013754         0.040565084782616                         0      1
   0.0089190284516168         0.040025620478433                         0      1
    0.012069358987129        -0.008898081488441                         0      1
    0.011619794571836       -0.0096487590733616                         0      1
   -0.006874058640924        -0.016931608333432                         0      1
  -0.0077489467071633        -0.016917612921611                         0      1
  -0.0081985111224563        -0.017668290506532                         0      1
  -0.0086238347734026        -0.016903617509791                         0      1
  -0.0090733991886956        -0.017654295094711                         0      1
   -0.009498722839642         -0.01688962209797                         0      1
   -0.009948287254935         -0.01764029968289                         0      1
   -0.010373610905881        -0.016875626686149                         0      1
  -0.0033260248472733        -0.013956888817392                         0      1
  -0.0024996183097275        -0.017001585392537                         0      1
  -0.0046395254874944         0.013347281141037                        -0      1
  -0.0041899638491978         0.014097540421758                        -0      1
    0.014621300892806         -0.01348611946889                         0      1
   -0.010677730735094       -0.0085342007810956                         0      1
  -0.0098028426688546       -0.0085481961929166                         0      1
    0.008640405033061         0.034069999473524                         0      1
   0.0089498190874802         0.034613035328395                         0      1
    0.017986418678978        0.0054067788605137                         0      1
    0.018034900207671         0.008437480023838                         0      1
  -0.0019288500727007       -0.0086741548993053                         0      1
    -0.00280373813894       -0.0086601594874844                         0      1
   0.0027981916164019        -0.014054856700138                         0      1
   -0.005089031636803         0.012596734891249                        -0      1
   0.0058481794660661        -0.014861515932343                         0      1
  -0.0060851235247764        0.0050339773947591                        -0      1
   0.0062360110776999        0.0093840993651662                         0      1
    0.014960671593661        0.0077287886743803                         0      1
  -0.0074822982993491      -0.00024875652332705                         0      1
  -0.0066074102331098      -0.00026275193514803                         0      1
    0.010561990498117        0.0062834151518228                         0      1
   -0.017410186857194        0.0082466189117558                        -0      1
   0.0079990384851443        -0.017169530334388                         0      1
   0.0084243621360906         -0.01793420333113                         0      1
  -0.0087825100165346        0.0005299118852355                        -0      1
   -0.014712800365435         0.012750684421279                        -0      1
   0.0016434244852968       -0.0041840848016027                         0      1
   0.0038185242687217       -0.0049767486219862                         0      1
    0.004243847919668       -0.0057414216187277                         0      1
   -0.012403266103226       -0.0069908593757915                         0      1
   -0.012828589754172       -0.0062261863790499                         0      1
   0.0027122386085961        0.0079247244566435                         0      1
  -0.0068872892979753        0.0095940245515666                        -0      1
   -0.013813671534849         0.014252039591121                        -0      1
    0.016734464551821         0.039528818073438                         0      1
     0.01735945442709         0.039532375574131                         0      1
  -0.0021618611836837         0.019258266130483                        -0      1
   -0.002528678685171         0.019892927744362                        -0      1
   -0.026582073945963       -0.0050216595825282                         0      1
    0.019469546403643        -0.011290068361412                         0      1
     0.01901998198835        -0.012040745946333                         0      1
   -0.018212352630393         0.012806666068563                        -0      1
   0.0086221928151694         0.015652131302444                         0      1
    0.012107661250009         0.028878377938648                         0      1
     0.01978467634015        0.0084094892001962                         0      1
   -0.011140519048371         0.017240750247571                        -0      1
   -0.016441190110432         0.014290943861485                        -0      1
    0.016691332148189         0.047106417600713                         0      1
     0.01606634227292          0.04710286010002                         0      1
    0.017316322023458         0.047109975101405                         0      1
   -0.016502301478588         0.017717850636405                        -0      1
  -0.0020985354231279        -0.019281608970941                         0      1
   0.0052060416496512         0.033509176036802                         0      1
   0.0048966275772014         0.032966140211777                         0      1
    0.005212203397345         0.032426661858768                         0      1
   -0.005137513165497        0.0095660337279247                        -0      1
   0.0076629117376038         0.041101038825049                         0      1
   -0.011590090222731         0.016490076934062                        -0      1
  0.00017352741768394        -0.014012870464675                         0      1
    0.010890351091677      -0.00054266017156742                         0      1
    0.011315674742623        -0.001307333168309                         0      1
     0.01046502744073       0.00022201282517414                         0      1
   0.0018748220214691        -0.017071562451642                         0      1
  -0.0056840406381769        0.0027539538163553                        -0      1
  -0.0052587169872306        0.0019892808196138                        -0      1
    0.019213908103123       8.2058706964628E-05                         0      1
   0.0074877618841063        0.0055747238023651                         0      1
   0.0039882096175218        0.0056307054501218                         0      1
    0.003538645203856        0.0048800278647283                         0      1
   0.0026637571373636        0.0048940232766229                         0      1
   0.0020929889005899       -0.0034334072166821                         0      1
   0.0029678769668292        -0.003447402628503                         0      1
    0.010634712791157         0.010829466896809                         0      1
     0.01243297045233         0.013832177236492                         0      1
    0.020040314640669       -0.0029626378681807                         0      1
    0.019590750225376       -0.0037133154531013                         0      1
    0.015756928221259         0.046559824240583                         0      1
   0.0040256810405473        -0.019379576853687                         0      1
   0.0088697160494051         0.048685720169329                         0      1
    0.017705086864721        -0.016907390302009                         0      1
   0.0067731998484486         0.039494983516473                         0      1
    0.012006988969645         0.046538479236427                         0      1
   -0.027252467914688       0.00039753798569161                        -0      1
   0.0070379077704472         0.041097470458098                         0      1
   0.0090355150878391         0.016423157260559                         0      1
    0.009460526491674         0.015699611263196                         0      1
   0.0070407994378755        -0.021582586426029                         0      1
   0.0033740120921415         0.025920926876144                         0      1
    0.003064790331216         0.025377868221842                         0      1
   0.0033803079455003         0.024838391783992                         0      1
   0.0027552226473408         0.024835397093686                         0      1
   0.0030709167962352         0.024295448445689                         0      1
    0.019943351583282       -0.0090240401948291                         0      1
    0.019518027932336       -0.0082593671980876                         0      1
   0.0014010168418294        -0.019337590618225                         0      1
    0.019833157868844         0.011440190363521                         0      1
  -0.0017058072232912         0.018598677439364                        -0      1
   -0.010823175321174        -0.017626304271069                         0      1
   -0.011248498972121        -0.016861631274328                         0      1
   -0.011698063387414        -0.017612308859248                         0      1
    -0.01212338703836        -0.016847635862507                         0      1
    0.010921280328564         0.027726240127237                         0      1
    0.010579023412086         0.028249294952719                         0      1
    0.010860270978171         0.028807566440302                         0      1
    0.010236507433719         0.028772125361288                         0      1
   -0.018624445624288        -0.012954293819694                         0      1
    0.002743635650615         -0.02215749140721                         0      1
   -0.012015412747166         0.017254749218901                        -0      1
    0.019407834217897         0.012204863360262                         0      1
    0.014642587890745         0.016089572504939                         0      1
 -0.00066600612795746         0.015557651579258                        -0      1
   0.0041084329812382         0.013206913629565                         0      1
  0.00011181523129311        0.0094820612574369                         0      1
   0.0092284273144166         0.040568644625736                         0      1
   0.0089128489593315         0.041108121032458                         0      1
   0.0095440036443204         0.040029166657396                         0      1
  -0.0099240464905883        -0.016124949101228                         0      1
    0.011697574917984          0.04599544337699                         0      1
    0.012322564793253         0.045999000877682                         0      1
    0.012013150741592         0.045455965018245                         0      1
    0.012638140616861         0.045459522518938                         0      1
    0.012920006289021        -0.010427427481924                         0      1
  -0.0072993822918703        -0.016166935336691                         0      1
   0.0092653949087898         0.034073556973455                         0      1
   0.0095748089605271         0.034616592832766                         0      1
   0.0098903847836838         0.034077114474769                         0      1
    0.010199798835363         0.034620150334175                         0      1
    0.010515374658891         0.034080671975564                         0      1
     0.01082478871055         0.034623707835004                         0      1
    0.010509212886941         0.035163186193749                         0      1
    0.011134202762196         0.035166743694465                         0      1
    0.019335111924857        0.0076588116152756                         0      1
  -0.0064377248826823         0.010344702136487                        -0      1
   -0.006424494225631        -0.016180930748512                         0      1
    0.013843375883954       -0.0074107217304206                         0      1
    0.012968487817715       -0.0073967263185997                         0      1
    0.013418052233008       -0.0066460487336791                         0      1
    0.012543164166768       -0.0066320533218582                         0      1
    0.012992728582061       -0.0058813757369376                         0      1
     0.01328777757992         0.041133023146902                         0      1
    0.012397719580688        -0.015724156811831                         0      1
    0.012823043231634        -0.016488829808573                         0      1
    0.011948155165395        -0.016474834396752                         0      1
    -0.01599978142557        -0.012996280055156                         0      1
   -0.016449345840863        -0.013746957640077                         0      1
   -0.015574457774624        -0.013760953051898                         0      1
   -0.016024022189917        -0.014511630636819                         0      1
   -0.015149134123677         -0.01452562604864                         0      1
    -0.01559869853897         -0.01527630363356                         0      1
   -0.014723810472731        -0.015290299045381                         0      1
  -0.0093532782535615        -0.007797518607996                         0      1
  -0.0089279546026153       -0.0085621916047376                         0      1
  -0.0084783901873222        -0.007811514019817                         0      1
   -0.008053066536376       -0.0085761870165586                         0      1
  -0.0076035021210829        -0.007825509431638                         0      1
  -0.0071781784701366       -0.0085901824283796                         0      1
  -0.0067286140548436        -0.007839504843459                         0      1
  -0.0063032904038973       -0.0086041778402006                         0      1
  -0.0058537259886043         -0.00785350025528                         0      1
   -0.005428402337658       -0.0086181732520215                         0      1
   0.0084788389467917         0.013290363779527                         0      1
    0.016783170019179         0.012246849595725                         0      1
   -0.011759775573158        0.0058826228624265                        -0      1
  0.00044017582549834        0.0026559859336085                         0      1
  -0.0032290617898863       -0.0078954864907428                         0      1
   -0.013751959349105       -0.0092428921305534                         0      1
   -0.020010610291565        0.0098039557288809                        -0      1
   -0.020435933942511         0.010568628725622                        -0      1
   -0.020885498357804        0.0098179511407019                        -0      1
   -0.019986369527218         0.011319306310543                        -0      1
 -0.00013059241152855       -0.0056714445596229                         0      1
   0.0088606958943321        0.0093421071387891                         0      1
   0.0076464371272383         -0.01185880559266                         0      1
  -0.0010539620064614       -0.0086881503111263                         0      1
  -0.0015035264217544       -0.0094388278960469                         0      1
  -0.0006286383555151       -0.0094528233078679                         0      1
   -0.023631366378256         0.002283184467854                        -0      1
   -0.024506254444495         0.002297179879675                        -0      1
   -0.024056690029202        0.0030478574645956                        -0      1
   -0.019025528510887         -0.01067427024129                         0      1
   -0.019900416577127        -0.010660274829469                         0      1
   -0.019450852161834       -0.0099095972445482                         0      1
   -0.020325740228073       -0.0098956018327273                         0      1
    -0.01987617581278       -0.0091449242478067                         0      1
   -0.020751063879019       -0.0091309288359857                         0      1
   -0.021200628294312       -0.0098816064209063                         0      1
   -0.021625951945259       -0.0091169334241648                         0      1
   -0.021176387529966       -0.0083662558392442                         0      1
   -0.022051275596205       -0.0083522604274232                         0      1
   -0.021601711180912       -0.0076015828425026                         0      1
   -0.022476599247151       -0.0075875874306817                         0      1
   -0.022027034831858        -0.006836909845761                         0      1
   -0.022901922898097       -0.0068229144339401                         0      1
   -0.022452358482804       -0.0060722368490195                         0      1
   -0.023327246549044       -0.0060582414371986                         0      1
   -0.022877682133751        -0.005307563852278                         0      1
    -0.02375257019999        -0.005293568440457                         0      1
   -0.023303005784697       -0.0045428908555364                         0      1
   -0.024177893850936       -0.0045288954437155                         0      1
   -0.023728329435643       -0.0037782178587948                         0      1
   -0.022853441369404       -0.0037922132706158                         0      1
    -0.02327876502035       -0.0030275402738742                         0      1
    -0.02415365308659       -0.0030135448620532                         0      1
   -0.021577470416565       -0.0060862322608405                         0      1
   0.0088739265513836        -0.017183525746209                         0      1
   0.0092992502023299        -0.017948198742951                         0      1
     0.01424682859464         0.037349559634348                         0      1
   -0.020131814113299          0.00222720282057                        -0      1
  -0.0059639333536253         0.012610706847797                        -0      1
  -0.0073126129489216         0.010358697548308                        -0      1
    0.017043878603482         0.040071853932875                         0      1
    0.017668868478751         0.040075411433568                         0      1
  -0.0077621773642146        0.0096080199633876                        -0      1
  -0.0037645990400977         0.013333303568604                        -0      1
  -0.0033150424579949          0.01408419096513                        -0      1
    0.017353292655143         0.040614889792313                         0      1
    0.017978282530412         0.040618447293005                         0      1
    0.017662706706804          0.04115792565175                         0      1
    0.012328726565201           0.0449164866595                         0      1
     0.01295371644047         0.044920044160193                         0      1
    0.012644302388809         0.044377008300756                         0      1
    0.013269292264078         0.044380565801448                         0      1
    0.013578706315739         0.044923601660885                         0      1
    0.012959878212417         0.043837529942011                         0      1
    0.013584868087686         0.043841087442703                         0      1
    0.013275454036025         0.043298051583266                         0      1
   0.0099212596683964         0.023332899283518                         0      1
   0.0092972826863978         0.023297356111992                         0      1
   0.0095783788876621          0.02385544852554                         0      1
    0.020088796169363       6.8063295143666E-05                         0      1
   -0.014664318836742         0.015781385584604                        -0      1
   -0.021251903967245        -0.013902955344725                         0      1
    0.020209999991096        0.0076448162034546                         0      1
  -0.0047231996218458        -0.019239622735478                         0      1
  -0.0040587262603418         0.019949809388016                        -0      1
   -0.001811254040599         0.019897108844425                        -0      1
    0.020368675234229       -0.0097887131915707                         0      1
    0.017365616199038         0.038449861355949                         0      1
    0.017056202147377         0.037906825496511                         0      1
    0.011573567238776         0.021800629827651                         0      1
    0.012197538717361         0.021836236997822                         0      1
     0.02025848151979         0.010675517366779                         0      1
  -0.0086480755377493        -0.018418968091453                         0      1
   0.0089543741542956         0.023819887721962                         0      1
   0.0092355598583084         0.024378038382594                         0      1
    0.018287696582073         0.041161483152443                         0      1
    0.017972120758464         0.041700961511188                         0      1
  -0.0098160327535022         0.017977412189012                        -0      1
  -0.0089409350451764         0.017963291303394                        -0      1
   0.0091791301010659         0.049228756028766                         0      1
   -0.016898910256156        -0.014497635224998                         0      1
    0.012050121373277         0.038960879709153                         0      1
    0.011425131498008          0.03895732220846                         0      1
    0.020392915998575       -0.0082733626099085                         0      1
    0.019967592347629        -0.007508689613167                         0      1
    0.015230570257835         0.029236114438632                         0      1
    0.014921137421804         0.028693046154803                         0      1
    0.014296144415806         0.028689483250045                         0      1
    0.014611698593828         0.028149967530102                         0      1
   0.0086115654243879         0.024342484322697                         0      1
   0.0088927677706832         0.024900645865878                         0      1
   0.0095167395054469         0.024936185036312                         0      1
    0.015539940748811         0.029779075108413                         0      1
   0.0024086847834517         0.016257408502852                         0      1
    0.009804119976335         0.049232313529459                         0      1
   0.0045935469054128         0.032419495701094                         0      1
   0.0049038448960125         0.031883024578949                         0      1
   0.0082687778147758         0.024865094750213                         0      1
   0.0076443833866564         0.044348548295215                         0      1
   0.0079537974383173         0.044891584154653                         0      1
    0.013696828433974        -0.016528967400066                         0      1
  0.00093767729025008           0.0224916598503                         0      1
   -0.024980059624135       3.1151713092231E-05                        -0      1
  -0.0048069068154885         0.019979663743441                        -0      1
   0.0064317808166603         0.016370007402393                         0      1
    0.015441352397651         0.047099302599328                         0      1
    0.015750766449312         0.047642338458765                         0      1
    0.015125776574043         0.047638780958073                         0      1
   -0.010397851670228        -0.018390977267811                         0      1
   0.0024456480559135         0.024292389611605                         0      1
   0.0027614798050105         0.023752432736002                         0      1
   0.0033865123345282         0.023755910483881                         0      1
   0.0030771015686456         0.023212864690602                         0      1
   0.0037021037503675         0.023216397286167                         0      1
   0.0033951175219633          0.02267478696842                         0      1
    0.004018084211189         0.022677156517702                         0      1
   0.0037111674733899         0.022135581647481                         0      1
   0.0043338074898052         0.022137763845192                         0      1
   0.0040244170197986          0.02159474168524                         0      1
   0.0046497996006401         0.021598122649991                         0      1
    0.012373478816341        -0.017239507393493                         0      1
  -0.0021536348739401         0.020499839047764                        -0      1
   0.0043370099810902         0.021052155449503                         0      1
    0.012316403021306         0.047081515095865                         0      1
    0.012000827197698          0.04762099345461                         0      1
    0.012625817072967         0.047624550955302                         0      1
    0.012310241249358         0.048164029314047                         0      1
    0.012935231124628          0.04816758681474                         0      1
   0.0042465501663459         0.031805956553282                         0      1
   0.0046175262818971         0.031311509712115                         0      1
   0.0054802523207347         0.036236384927125                         0      1
   0.0058256415990558         0.036746015643779                         0      1
    0.011670422380895         0.017516445134413                         0      1
   0.0027788330575441         0.022647232712545                         0      1
    0.020514119820309      -0.00069660970159791                         0      1
  -0.0064729757543244        -0.019211631911836                         0      1
   0.0049804803622076         0.014693205320389                         0      1
   -0.023776810964337       -0.0068089190221192                         0      1
    0.020842480413868       -0.0075226850249879                         0      1
    0.020417156762922       -0.0067580120282463                         0      1
    0.019542268696683       -0.0067440166164255                         0      1
    0.016346836260938        -0.015029460874194                         0      1
    0.016796400676231        -0.014278783289274                         0      1
    0.015897271845645        -0.015780138459115                         0      1
    0.010818626938586         0.035706222053213                         0      1
    0.011443616813852         0.035709779553911                         0      1
    0.012692156167279         0.030305528756019                         0      1
    0.020460856795251       -0.0037299704115514                         0      1
   0.0080879519659697         0.017889625770755                         0      1
    -0.02034998099242        -0.011410952414389                         0      1
   0.0051899071302819         0.035676979321665                         0      1
    0.017681192022646         0.037910382997204                         0      1
    0.017371777970986         0.037367347137766                         0      1
     0.01700074619985          0.04764945346015                         0      1
  -0.0010896567004746         0.016321678826681                        -0      1
   0.0090185706371141         0.022740872528294                         0      1
   0.0085499836806284         0.025423258597883                         0      1
   0.0079259950576788         0.025387708356905                         0      1
    0.020659564406389        0.0083954937883753                         0      1
   0.0041282464381098         0.014719801210766                         0      1
  -0.0093664604461303         0.018728085197013                        -0      1
  -0.0084906725019409         0.018714529731196                        -0      1
    0.015435190625704          0.04818181681751                         0      1
    0.014810200750435         0.048178259316818                         0      1
   -0.011565848144121         0.018005426685172                        -0      1
  -0.0015392526673512         0.015571094373952                        -0      1
    0.007347304875277          0.04164049324983                         0      1
   0.0067223078773832          0.04163693025688                         0      1
    0.011759192637459         0.035170301195169                         0      1
     0.01206860668912         0.035713337054606                         0      1
   -0.011673822623067        -0.016096958277586                         0      1
    0.011140364534137         0.034084229476294                         0      1
    0.011194470920889       -0.0088840860766201                         0      1
    0.010744906505596       -0.0096347636615407                         0      1
   0.0092345896770423         0.039486130863026                         0      1
   0.0098595771192809         0.039489686487608                         0      1
  -0.0029381726547452         0.010288720514309                        -0      1
   -0.012548710689306        -0.016082962865765                         0      1
   -0.012998275104599        -0.016833640450686                         0      1
   0.0055154556567156          0.03405221197006                         0      1
   -0.013364107119556         0.015002717176041                        -0      1
    -0.01293878346861           0.0142380441793                        -0      1
    0.012117840515822       -0.0058673803251167                         0      1
    0.012567404931115        -0.005116702740196                         0      1
    0.014593291654637         0.031397645597963                         0      1
    0.015218203153255          0.03140106768534                         0      1
    0.013442292997354       -0.0051306981520169                         0      1
    0.013016969346408       -0.0043660251552754                         0      1
    0.012142081280169       -0.0043520297434545                         0      1
    0.012591645695462       -0.0036013521585338                         0      1
    0.011716757629222       -0.0035873567467129                         0      1
    0.013466533761701       -0.0036153475703547                         0      1
    0.016371077025285        -0.013514110292532                         0      1
    0.017245965091524        -0.013528105704353                         0      1
   -0.010252407084148       -0.0092988737778372                         0      1
   -0.024554735973189      -0.00073352128364936                         0      1
    0.010440786676384        -0.001293337756488                         0      1
   -0.008502630951669       -0.0093268646014792                         0      1
    0.019760435575803         0.006894138618534                         0      1
   -0.014274246057438        -0.014539621460461                         0      1
   0.0023486272011088        -0.014805534285059                         0      1
  -0.0070569746484028       -0.0010134295200686                         0      1
  -0.0061820865821635       -0.0010274249318896                         0      1
  -0.0079318627146421      -0.00099943410824765                         0      1
  -0.0057325221668705      -0.00027674734696901                         0      1
  -0.0053071985159242       -0.0010414203437106                         0      1
  -0.0048576341006311      -0.00029074275878999                         0      1
   0.0032235152673481         -0.01481952969688                         0      1
    0.019663472518416       0.00083273629188524                         0      1
    0.018788584452177        0.0008467317037062                         0      1
    -0.02367984790695      -0.00074751669547034                         0      1
    0.011498590750102        -0.017225511981672                         0      1
  -0.0067528548191903       -0.0093548554251211                         0      1
  -0.0048091525719376        0.0027399584045344                        -0      1
  -0.0043838289209913        0.0019752854077928                        -0      1
   -0.020726823114673       -0.0076155782543235                         0      1
    0.004693412334961       -0.0049907440338071                         0      1
   0.0051187359859073       -0.0057554170305487                         0      1
   0.0046691715706143       -0.0065060946154693                         0      1
   0.0044135332698241        0.0048660324529862                         0      1
    0.012809812574582         0.010036803076426                         0      1
   0.0012181008343506       -0.0034194118048611                         0      1
   0.0016676652496436       -0.0026687342199405                         0      1
   -0.013278154169465       -0.0069768639639705                         0      1
   -0.013703477820411       -0.0062121909672289                         0      1
   0.0039639688547571        0.0041153548679999                         0      1
    0.018643139866097       -0.0082453717862667                         0      1
   -0.011552618801333       -0.0085202053692747                         0      1
  0.00053713888260635        0.0087173882604465                         0      1
  8.7574467374495E-05        0.0079667106754844                         0      1
  0.00098670329802426        0.0094680658452824                         0      1
    0.016418888728213         0.040068296432183                         0      1
    0.010237882283848         0.013104703529021                         0      1
   0.0064621835184029         0.032433776246826                         0      1
   -0.011334451922212        0.0051179498656849                        -0      1
   -0.011784016337505        0.0043672722807643                        -0      1
   -0.010884887506919        0.0058686274506055                        -0      1
    0.020015276960262       -0.0044784317076144                         0      1
     0.01914105299074       -0.0044640669143171                         0      1
   0.0092592331369315         0.035156071191489                         0      1
    0.011170230156543        -0.010399436658282                         0      1
    0.010295342090303        -0.010385441246461                         0      1
  -0.0033634962947738         0.011053393503649                        -0      1
   0.0052225662454318         0.031339200688341                         0      1
   0.0049136764480732         0.030795440573593                         0      1
   0.0043179572422458         0.030775134141079                         0      1
   0.0046059906074646         0.030253394053004                         0      1
   0.0039879981407246         0.030246178537319                         0      1
   0.0042934404160025         0.029712869792654                         0      1
   0.0036746372241204         0.029705907987009                         0      1
    0.003982845863551         0.029170713417919                         0      1
   -0.003741526192584         0.014849186239063                        -0      1
    0.018597110633733          0.04170451901188                         0      1
    0.018281534810125         0.042243997370625                         0      1
    0.010517711822822         0.029330359446053                         0      1
   0.0098937728634372         0.029294782997806                         0      1
   0.0096126289320678         0.028736596447731                         0      1
    0.020538360584656       0.00081874088006428                         0      1
    0.003420488966395         0.021569915410073                         0      1
    0.012761973316884         0.028989069876643                         0      1
    0.019894870054589        -0.012054741358153                         0      1
   0.0062045617927573         0.013918136162032                         0      1
    0.019445305639296        -0.012805418943074                         0      1
    0.018906524685394         0.042247554871317                         0      1
    0.018590948861786         0.042787033230062                         0      1
   0.0088496857870369        -0.018698876327872                         0      1
   -0.022926163662444       -0.0083382650156023                         0      1
   0.0048904657888792         0.034048654457064                         0      1
   -0.015539206902981         0.015795380996425                        -0      1
     0.01798444430236         0.039535933074823                         0      1
    0.020635323642043        0.0068801432067131                         0      1
    0.013986712326157         0.028146416256275                         0      1
    0.011916387749549         0.021278044473748                         0      1
     0.01254037007519          0.02131365642131                         0      1
    0.012821520368403          0.02187184916517                         0      1
    0.013165778364363         0.021348551455041                         0      1
    0.013445741728516         0.021907342251143                         0      1
     0.01287958184648         0.020783288833546                         0      1
    0.014285910930934         0.016850957968208                         0      1
     0.01511269079513         0.016813552035236                         0      1
    0.015530208287635         0.016058222133677                         0      1
   0.0085541402257969         0.049225198528074                         0      1
    0.008244726174136         0.048682162668637                         0      1
   0.0064128945881234          0.04109389498533                         0      1
   0.0035761166252543        -0.020130254438608                         0      1
    0.015236692598483         0.028153532158338                         0      1
    0.014927275105667         0.027610490359281                         0      1
   -0.015173374888024        -0.016040976630302                         0      1
    0.012619655301019         0.048707065173484                         0      1
     0.01199466542575         0.048703507672792                         0      1
    0.020875750928276       -0.0029883702703782                         0      1
    0.020668270080586         0.011404070969649                         0      1
   -0.024931578095442        0.0030618528764166                        -0      1
   -0.024482013680148        0.0038125304613372                        -0      1
    -0.02131082200875         0.010582624137443                        -0      1
   -0.021760386424043        0.0098319465525228                        -0      1
   0.0027493212106158         0.025917431544447                         0      1
   0.0030586285592749         0.026460382440024                         0      1
     0.01767128874247        -0.014292778701095                         0      1
  -0.0044394849233251         0.020583726285342                        -0      1
    0.010925704010852         0.017365724539522                         0      1
   0.0049645329270309         0.021057428939749                         0      1
   0.0097245738532762        -0.018712871739692                         0      1
    0.013244645176288         0.048710622674177                         0      1
    0.013577386255248         0.020721802976934                         0      1
    0.013197009563839         0.020137417953662                         0      1
   -0.025405383275081       0.00079582470983384                        -0      1
    0.017625736075119         0.047653010960843                         0      1
    0.017996767846255         0.037370904638459                         0      1
    0.017708283786154         0.036809667806789                         0      1
   0.0082072017323175         0.025945872734636                         0      1
   0.0075832134662773         0.025910322727808                         0      1
   0.0078644203351966         0.026468487232908                         0      1
   0.0021364861064813         0.023748878593604                         0      1
   0.0094885441527266         0.049771791888204                         0      1
   0.0073288075630481          0.04488802665396                         0      1
    0.007638221614709         0.045431062513398                         0      1
   0.0070193935113874         0.044344990794523                         0      1
   -0.003682232279896         0.020581499656772                        -0      1
    0.010298147384043         0.027691316486645                         0      1
    0.011401496855103         0.016728774564662                         0      1
    0.020890961942562       -0.0044919838616638                         0      1
   0.0044510046914936        -0.020144249850429                         0      1
     0.01513193834599         0.046556266739891                         0      1
   -0.022075516360552       -0.0098676110090854                         0      1
   0.0018134453864601         0.024293815741294                         0      1
    0.021095254446224         0.010640321689632                         0      1
  -0.0014722213359346          0.02050174045145                        -0      1
  -0.0011127598937171         0.019922692029397                        -0      1
   -0.019499333690527        -0.012940298407873                         0      1
   -0.019074010039581        -0.013704971404614                         0      1
  -0.0089167783608337         0.019478855492927                        -0      1
  -0.0080420564290801         0.019464796450102                        -0      1
   -0.015089642487688         0.016546058581345                        -0      1
   -0.014214754421449         0.016532063169524                        -0      1
  -0.0057600227823578         0.018654448767885                        -0      1
   0.0073771565436635         0.051089971100182                         0      1
    0.021568465707299         0.047633281199683                         0      1
   -0.024627458266229       -0.0052795730286361                         0      1
    0.012490954285817         0.017564668184761                         0      1
    0.012853892154067          0.01824203143522                         0      1
   0.0033576592381504          0.02916730249801                         0      1
   0.0036719744060406         0.028628562534338                         0      1
   0.0029719458721757         0.028571337160262                         0      1
   0.0033618808389884         0.028085932517633                         0      1
 -0.00055010764890101          0.01720071494412                        -0      1
   -0.025429624039428      -0.00071952587182836                         0      1
    0.011924365547694        -0.017990996077579                         0      1
    0.017310160251511         0.048192489319587                         0      1
  -0.0018150215080205         0.021073214775638                        -0      1
   -0.002463695074798         0.021075257982442                        -0      1
   0.0040001535886144        -0.020894156866248                         0      1
   0.0092698135451591         0.029259190871502                         0      1
   0.0089886662206407         0.028701001708417                         0      1
   0.0098311169464529         0.013779165792771                         0      1
   0.0065140481364626         0.021604233127284                         0      1
   -0.025049736229924       -0.0045132059707376                         0      1
  -0.0028896910890313         0.013319421652528                        -0      1
  -0.0024402164116652         0.014070596918393                        -0      1
   0.0043271610651766          0.02321999438523                         0      1
   0.0070317198669733         0.042179964526254                         0      1
   0.0079661209822119         0.042726555718289                         0      1
   0.0085911108574809         0.042730113218981                         0      1
   0.0098534147115939         0.040572200215571                         0      1
    0.009550162676179          0.03894665032633                         0      1
    0.016685171232951         0.048188781310357                         0      1
    0.012384182512728         0.035173858695862                         0      1
    0.012693596564388         0.035716894555299                         0      1
     0.01237802074078         0.036256372914044                         0      1
    0.013003010616049         0.036259930414737                         0      1
    0.012687434792441         0.036799408773481                         0      1
   -0.012099146274013        -0.015332285280845                         0      1
   0.0098700184393571       -0.0096207682497198                         0      1
   0.0094204540240641         -0.01037144583464                         0      1
    0.014902640392422         0.031940568612971                         0      1
    0.015527619382045         0.031944107306259                         0      1
    0.015843193391379         0.031404625812946                         0      1
    0.016176807960723         0.031935842674577                         0      1
    0.015841065099521         0.032485170302646                         0      1
      0.0164909273763         0.032476579890538                         0      1
    0.016151935322804         0.033027494244329                         0      1
    0.016767195672993         0.033025099694672                         0      1
     0.01644609555689           0.0335654920442                         0      1
    0.015830869484629         0.033569653622397                         0      1
  -0.0068498178765773         -0.01541625775177                         0      1
   -0.005974929810338        -0.015430253163591                         0      1
  -0.0077247059428166        -0.015402262339949                         0      1
    0.011668276100529       -0.0066180579100373                         0      1
    0.013560220999897         0.048171144315432                         0      1
    0.013869635051557          0.04871418017487                         0      1
   0.0061342858556819         0.035137915527756                         0      1
    0.011462097064523         0.032463193478919                         0      1
   -0.022403876954111       -0.0030415356856953                         0      1
   -0.021978553303165       -0.0038062086824368                         0      1
   -0.012489219053317          0.01498872176422                        -0      1
    0.012675111248546         0.038964437209845                         0      1
    0.012365697196885         0.038421401350408                         0      1
    0.012990687072155           0.0384249588511                         0      1
    0.010175152080703         0.038950207464031                         0      1
   0.0098657378853444         0.038407171493788                         0      1
   -0.025381142510735        0.0023111752914961                        -0      1
    0.010193637063316         0.035702664552521                         0      1
    0.010503051114973         0.036245700411966                         0      1
   -0.022829200605057       -0.0022768626889536                         0      1
   0.0095809707320292         0.033534078615321                         0      1
   0.0097488146176229         -0.01719752115803                         0      1
     0.02018575922675        0.0061294656217925                         0      1
     0.01083095048248         0.033541193616851                         0      1
  -0.0036786262051793       -0.0086461640756634                         0      1
   -0.003253302554233        -0.009410837072405                         0      1
  -0.0041039498561256       -0.0078814910789219                         0      1
  -0.0055385983271932         0.011846053397116                        -0      1
  -0.0010782027708081        -0.010203500892788                         0      1
 -0.00020331470456882        -0.010217496304609                         0      1
    0.018885547509564        0.0069081340303549                         0      1
  -0.0068630485336285         0.011109375133229                        -0      1
   -0.012063895402371         0.014224048767479                        -0      1
    0.002701228559015        -0.020116259026787                         0      1
     0.01086611032733       -0.0020580107532296                         0      1
   -0.012464978101218         0.016504072227232                        -0      1
   -0.012890301720873         0.017268745204199                        -0      1
     0.01814509392211        -0.012026750534512                         0      1
     0.02011303693371        0.0015834138768058                         0      1
    0.020987924999949        0.0015694184649849                         0      1
    0.020562601349003        0.0023340914617264                         0      1
   0.0099912222610906       -0.0020440153414086                         0      1
   0.0095658986101443       -0.0012793423446671                         0      1
   -0.013388347883903         0.013487366594379                        -0      1
   -0.025004300388482       -0.0014841988685699                         0      1
   0.0036730796826412        -0.014068852111959                         0      1
   0.0082816968058198         0.042187077359544                         0      1
    0.008906686681089         0.042190634860236                         0      1
   -0.019682249698006        0.0029778804054906                        -0      1
    -0.01925692604706         0.002213207408749                        -0      1
   -0.018807361631766        0.0029638849936696                        -0      1
    -0.01838203798082        0.0021992119969281                        -0      1
   -0.017932473565527        0.0029498895818486                        -0      1
   -0.017507149914581         0.002185216585107                        -0      1
   -0.017956714329874        0.0014345390001865                        -0      1
   -0.017081826263635        0.0014205435883655                        -0      1
   -0.017531390678928       0.00066986600344489                        -0      1
   -0.016656502612688       0.00065587059162391                        -0      1
   -0.017106067027981      -9.4806993296688E-05                         0      1
   -0.016231178961742      -0.00010880240511765                         0      1
   -0.016680743377035      -0.00085947999003826                         0      1
   -0.015805855310796      -0.00087347540185922                         0      1
   -0.016255419726089       -0.0016241529867798                         0      1
    -0.01538053165985       -0.0016381483986008                         0      1
   -0.015830096075143       -0.0023888259835214                         0      1
   -0.014955208008903       -0.0024028213953424                         0      1
   -0.015404772424196        -0.003153498980263                         0      1
   -0.014529884357957        -0.003167494392084                         0      1
    -0.01497944877325       -0.0039181719770046                         0      1
   -0.014104560707011       -0.0039321673888255                         0      1
  -0.0071539377057899       -0.0070748318467174                         0      1
    0.016138656235789         0.034111402968686                         0      1
    0.016765273411559         0.034116246982527                         0      1
  -0.0089037138382685       -0.0070468410230754                         0      1
   -0.018357797216473        0.0037145625785902                        -0      1
  -0.0039342645056983        0.0027259629927134                        -0      1
   -0.003508940854752        0.0019612899959718                        -0      1
  -0.0043595881566445        0.0034906359894549                        -0      1
  -0.0044323104496849       -0.0010554157555316                         0      1
  -0.0048818748649779       -0.0018060933404522                         0      1
  -0.0039827460343918      -0.00030473817061097                         0      1
    0.014984912358007        0.0092441392560424                         0      1
   0.0055440596368536       -0.0065200900272903                         0      1
   0.0050944952215606       -0.0072707676122109                         0      1
    0.010640955925988         0.027168715162436                         0      1
    0.015447514169599         0.046016788381146                         0      1
    0.014822524294329         0.046013230880454                         0      1
    0.015138100117938         0.045473752521709                         0      1
    0.018532946151658         0.012218858772083                         0      1
    0.018982510566951         0.012969536357004                         0      1
    0.018107622500712         0.012983531768825                         0      1
    0.018557186916005         0.013734209353745                         0      1
    0.017682298849765         0.013748204765566                         0      1
    0.003891246561762      -0.00043069687699971                         0      1
   0.0058724202304129        -0.013346165350681                         0      1
  -0.0036543854408326       -0.0071308134940012                         0      1
  -0.0045292735070719       -0.0071168180821803                         0      1
   0.0040984033335875        -0.014833525108701                         0      1
   0.0027739508520551          -0.0155702072818                         0      1
   0.0018990627858158         -0.01555621186998                         0      1
  -0.0041281906204723        -0.009396841660584                         0      1
  -0.0037028669695261        -0.010161514657326                         0      1
  -0.0045777550357654        -0.010147519245505                         0      1
   -0.014809763422823         0.006689282094631                        -0      1
   -0.015235087073769        0.0074539550913725                        -0      1
   -0.014785522658476        0.0082046326762931                        -0      1
   -0.015684651489062        0.0067032775064518                        -0      1
   -0.015660410724715        0.0082186280881141                        -0      1
   -0.015210846309422        0.0089693056730347                        -0      1
  0.00024624971072422       -0.0094668187196888                         0      1
  0.00067157336167049         -0.01023149171643                         0      1
   0.0011211377769635       -0.0094808141315098                         0      1
   0.0015464614279098        -0.010245487128251                         0      1
   0.0019960258432028       -0.0094948095433308                         0      1
   0.0042680886840148       -0.0042260710370656                         0      1
    0.004863097685072        0.0056167100379199                         0      1
  0.00076853641905753       -0.0041700893897817                         0      1
   0.0042196071553212       -0.0072567722003899                         0      1
   0.0046449308062675       -0.0080214451971315                         0      1
   0.0037700427400282       -0.0080074497853105                         0      1
   0.0041953663909745       -0.0087721227820521                         0      1
   0.0073907988267193      -0.00048667852428359                         0      1
  -0.0043111066279589        0.0065213371527847                        -0      1
   0.0062250215883189        -0.018656890092409                         0      1
   0.0066503452392652         -0.01942156308915                         0      1
   0.0075252333055045        -0.019435558500971                         0      1
     0.01188644297965        0.0070200973249225                         0      1
    0.011740998393569       -0.0020720061650506                         0      1
   0.0093234909666766        -0.016432848161289                         0      1
   0.0075595802114688         0.010121135772372                         0      1
  -0.0028279789032867        -0.010175510069147                         0      1
    0.013794894355261        -0.010441422893745                         0      1
    0.013345329939968        -0.011192100478666                         0      1
  -0.0080645680826686         0.017949983124212                        -0      1
   0.0048388569209889        0.0041013594561811                         0      1
    -0.01116476560749         0.015725403246733                        -0      1
   -0.021335062773097        0.0090672735557813                        -0      1
   -0.022209950839337        0.0090812689676022                        -0      1
    0.017941311898728         0.047113532602098                         0      1
    0.018250725950388         0.047656568461535                         0      1
    0.018566301773997         0.047117090102791                         0      1
    0.018875715825657         0.047660125962228                         0      1
    0.019191291649266         0.047120647603484                         0      1
    0.018881877597605         0.046577611744046                         0      1
    0.019506867472874         0.046581169244739                         0      1
    0.019197453421214         0.046038133385302                         0      1
    0.019822443296483         0.046041690885995                         0      1
    0.019513029244822         0.045498655026557                         0      1
    0.019816281524535         0.047124205104177                         0      1
  -0.0038373014483343        0.0087873653193779                        -0      1
   -0.013108468819038        0.0036305901076647                        -0      1
  -0.0014308041287141       -0.0048927761510604                         0      1
   -0.012852830518519       -0.0077415369607121                         0      1
    0.013539256054741       0.00093070417463189                         0      1
   0.0056895042229342        0.0025720134626827                         0      1
  0.00034321276811125       -0.0034054163930401                         0      1
    0.012470441873728        -0.011178105066845                         0      1
    -0.02178462718839        0.0083165959708607                        -0      1
    -0.02265951525463        0.0083305913826817                        -0      1
   -0.022234191603683        0.0075659183859401                        -0      1
   -0.023109079669923         0.007579913797761                        -0      1
   -0.023084838905576        0.0090952643794233                        -0      1
  -0.0075065390636959       -0.0017641071049892                         0      1
  -0.0083814271299352       -0.0017501116931682                         0      1
  -0.0088067507808814      -0.00098543869642666                         0      1
   -0.010241382137371         0.018742100758314                        -0      1
    0.020344434469882        -0.011304063773233                         0      1
    0.020769766281527        -0.012068226624391                         0      1
   -0.017762837377435         0.013554270393429                        -0      1
   -0.018637684475061         0.013570826855296                        -0      1
   -0.018195744971173         0.014319257210903                        -0      1
   -0.019087242062252         0.012820576112049                        -0      1
   -0.011224258207774        -0.015346280692666                         0      1
     0.01065929310682         0.012344240747089                         0      1
   -0.018575964095594       -0.0099235926563692                         0      1
    0.014220218006207        -0.011206095890487                         0      1
   -0.022683756018976        0.0068152408010195                        -0      1
   -0.023558644085216        0.0068292362128405                        -0      1
      0.0164494263712         0.034655510922414                         0      1
    0.017074586900306         0.034668972898572                         0      1
   -0.017482909150234        0.0037005671667692                        -0      1
    -0.01790823280118        0.0044652401635108                        -0      1
   0.0059936240521466       -0.0057694124423697                         0      1
  -0.0073334066218184        -0.019189595169173                         0      1
    0.017990606074307         0.038453418856641                         0      1
   0.0051429767502541       -0.0042400664488865                         0      1
   0.0047176530993078        -0.003475393452145                         0      1
   -0.021650192709605        -0.010632284005827                         0      1
    0.011703736689932         0.044912929158808                         0      1
   -0.017980955094221      -8.0811581475691E-05                         0      1
    0.017347130883195         0.041697404010495                         0      1
   -0.010909128271266        0.0043532768689433                        -0      1
   -0.011358692686559        0.0036025992840227                        -0      1
    -0.01048380462032        0.0035886038722017                        -0      1
   -0.010933369035613        0.0028379262872811                        -0      1
  -0.0077379365998678          0.01112337054505                        -0      1
   -0.023133320434269        0.0060645632160989                        -0      1
   -0.024008208500509        0.0060785586279199                        -0      1
   -0.024431348138888        0.0068444464082392                        -0      1
    0.011141705243136         0.029365978234151                         0      1
    0.011073267099155        -0.016460838984931                         0      1
    0.017065852251251         0.036821277782957                         0      1
    0.017428332085556         0.036242616971748                         0      1
   -0.023582884849562        0.0053138856311783                        -0      1
   -0.016279660490436        -0.003139503568442                         0      1
   -0.013727718584758       -0.0077275415488911                         0      1
   -0.017130307792328       -0.0016101575749588                         0      1
    0.010687704831873         0.013843537289238                         0      1
  -0.0092563151961745       -0.0017361162813473                         0      1
  -0.0096816388471207      -0.00097144328460571                         0      1
   -0.023607125613909        0.0037985350495162                        -0      1
  0.00096246253374886        0.0079527152635718                         0      1
  0.00051289811848856         0.007202037678629                         0      1
   -0.024457772915802        0.0053278810429993                        -0      1
    0.012074768461067         0.034630822836424                         0      1
    0.010416545912037       -0.0028086883381502                         0      1
  -0.0072883721845748          0.01187404812997                        -0      1
   -0.013253913405118       -0.0054615133823084                         0      1
   -0.014554125122304       -0.0046828449737461                         0      1
   -0.015429013188543       -0.0046688495619251                         0      1
   -0.015003689537597       -0.0054335225586666                         0      1
   -0.016085734375661        0.0089833010848556                        -0      1
   -0.015636169960368        0.0097339786697763                        -0      1
   -0.014761281894129        0.0097199832579553                        -0      1
   -0.015186605545075         0.010484656254697                        -0      1
   -0.014311717478836         0.010470660842876                        -0      1
    0.010484566053906          0.03949324326297                         0      1
   -0.017033344734941        0.0044512447516899                        -0      1
   -0.017458668385887        0.0052159177484314                        -0      1
   -0.016583780319648        0.0052019223366105                        -0      1
   -0.017009103970594         0.005966595333352                        -0      1
    0.013770653590914        -0.011956773475407                         0      1
    0.014645541657153        -0.011970768887228                         0      1
    0.016759049676334         0.035200340473668                         0      1
     0.01072066574125        -0.011150114243203                         0      1
    0.012650464160756         0.043294494082573                         0      1
    0.010490727658206         0.038410728915515                         0      1
    0.010181313565528         0.037867693024449                         0      1
    0.013900443911294         0.043301609083958                         0      1
    0.013591029859633         0.042758573224521                         0      1
    0.014209857962955         0.043844644943395                         0      1
   0.0055339409725596         0.030804669315514                         0      1
   0.0058440552069667         0.031346880677298                         0      1
   0.0049167413665493          0.02971745556236                         0      1
   0.0039869839668221         0.028089422377871                         0      1
    0.011669655911432         0.025601134996447                         0      1
   0.0036774755380246         0.027546442885481                         0      1
    0.003039907550402         0.027542171108317                         0      1
    0.013102709962526         0.022430021814625                         0      1
    0.013726700997765         0.022465631419639                         0      1
    0.014151882469394         0.021889259874995                         0      1
    0.013383824602953         0.022988232761961                         0      1
    0.014007813758913         0.023023843366516                         0      1
    0.013664973574396         0.023546426056548                         0      1
     0.01428895782388         0.023582039500998                         0      1
    0.013946123002096         0.024104619481631                         0      1
    0.014570107182194          0.02414023302183                         0      1
    0.014227273388608         0.024662812493327                         0      1
  -0.0015160722305276         0.017087467432417                        -0      1
   0.0052707373853534          0.02160536049429                         0      1
   0.0077652152592946         0.022697465338207                         0      1
     0.01985739863319         0.012955540945183                         0      1
    0.004837356891637          0.03622471904925                         0      1
    0.015548771868858         0.027612004643426                         0      1
    0.015242268285109         0.027070670672495                         0      1
    0.018126852856199         0.014496095478977                         0      1
    0.017256140130676         0.014512413283723                         0      1
    0.017700554959086         0.015260226584036                         0      1
    0.016807271605502          0.01376212276429                         0      1
    0.016381924758219         0.014526782858848                         0      1
   0.0042716376781253         0.032962582750492                         0      1
    0.018603272405681         0.040622004793698                         0      1
   0.0083371694163433         0.023788124315814                         0      1
   0.0082089607197348         0.014880977991575                         0      1
     0.01738410151488         0.035202318701402                         0      1
    0.019212498471936         0.042788578296927                         0      1
    0.018899789535927         0.043329733683862                         0      1
    0.018275277475258         0.043326455687867                         0      1
    0.018584675599765         0.043869482230481                         0      1
    0.019209662820508          0.04387303817837                         0      1
    0.018894201141499         0.044412583307682                         0      1
    0.019519171992669         0.044416129679947                         0      1
    0.019834719214218         0.043881117308822                         0      1
   0.0093314999952418         0.028178421655073                         0      1
   0.0087075170534747         0.028142849489315                         0      1
    0.015863667826233         0.027072127870647                         0      1
   0.0078792528141198         0.019274230759064                         0      1
   -0.022167884489257         0.010585944195173                        -0      1
    0.021054612319589        0.0061190844237731                         0      1
    0.020610077048796        0.0053653949940178                         0      1
   0.0030583405887169         0.029694282743703                         0      1
    0.021437489415242        0.0023200960499055                         0      1
    0.021012165764296        0.0030847690466471                         0      1
    0.015855523832533         0.029239609281278                         0      1
   -0.019512480065856         0.013585183452105                        -0      1
   -0.019962029068575         0.012834566064683                        -0      1
    0.016164931834099         0.029782634697707                         0      1
   -0.016048262954264        -0.016026981218481                         0      1
    0.014844058639428         0.024702052002707                         0      1
    0.014507224392711         0.025221609893827                         0      1
    0.015123809492519         0.025260949993841                         0      1
    0.014789574198282         0.025779199203194                         0      1
  0.00094556602851483         0.019129702547861                         0      1
    0.012947554668522         0.046002558378375                         0      1
    0.021442134785097        0.0053818104430409                         0      1
   0.0076528151585681         0.024834445105044                         0      1
   0.0046837636783217         0.020474120322282                         0      1
   0.0040117650953131         0.020490436294723                         0      1
    0.016472569292486         0.031399704611856                         0      1
   0.0061092914581448         0.041627022981723                         0      1
    0.014621081940287         0.027069337997604                         0      1
   0.0036646939398867         0.030827575713339                         0      1
    0.010106301809687         0.049771118796117                         0      1
    0.010427904481886         0.049235165931355                         0      1
     0.01281227281529        -0.018065055120905                         0      1
   0.0098251243008467         0.050333863742861                         0      1
  -0.0051569550776375         0.020632064305968                        -0      1
  -0.0047187593719522         0.021307691318165                        -0      1
  -0.0055709661673567         0.020013800048713                        -0      1
   0.0070367995184037         0.045414076429949                         0      1
   0.0073315673459611         0.045965457498018                         0      1
   0.0079491225921798         0.045973251143814                         0      1
   0.0076337945895397         0.046512588297722                         0      1
   0.0082575866634617         0.046516828288459                         0      1
   0.0079418525097904         0.047056396861405                         0      1
   0.0073179562422802         0.047050225762649                         0      1
   0.0076235825404656         0.047591899483677                         0      1
    0.021292044829161       -0.0067720074400672                         0      1
    0.020129950298936         0.045506810025928                         0      1
   0.0045776167111699         0.015468906701081                         0      1
    0.015842705607956         0.028149697575191                         0      1
    0.012929211993325         0.049225041597414                         0      1
    0.014615827921732         0.023087691444456                         0      1
    0.021200924796365        -0.011328208041632                         0      1
    0.021764205663333         -0.01211808325332                         0      1
   0.0052981478618973         0.020506234289124                         0      1
   -0.025792087753323         0.003067237373411                        -0      1
   0.0088321136289274         0.025964705702628                         0      1
   -0.021704355110745         0.011345897597681                        -0      1
   0.0095518246592498         0.029802375966767                         0      1
  -0.0069199055856145        -0.019946900783744                         0      1
  -0.0077777305149197        -0.019854448303201                         0      1
  -0.0060472130060443        -0.019973736789742                         0      1
    0.021453693656643         0.006844033136512                         0      1
    0.021252841576925       -0.0082783973144234                         0      1
  -0.0067248463623163         0.018764001801999                        -0      1
   -0.025856355475411       -0.0014808976087461                         0      1
   -0.025450059307223       -0.0022366588121568                         0      1
   0.0037064719782487         0.015484740176893                         0      1
   0.0032584506350891         0.014736555082889                         0      1
  -0.0037342850872571         0.016369685328638                        -0      1
  -0.0028604468955027         0.016361625003514                        -0      1
  -0.0011155153793239          0.01480709175589                        -0      1
  0.00056137964709935         0.010232738842208                         0      1
   0.0014362677134258         0.010218743430351                         0      1
   0.0018615913643844        0.0094540704334164                         0      1
   0.0023111557796976          0.01020474801833                         0      1
   0.0018858321288384         0.010969421015303                         0      1
   0.0027607201950139         0.010955425603254                         0      1
   0.0023353965440575          0.01172009859994                         0      1
   0.0032102846102985         0.011706103188128                         0      1
   0.0027849609494544         0.012470776290889                         0      1
    0.018888039369553         0.045495097525864                         0      1
  -0.0038130606944846          0.01030271590816                        -0      1
    0.013009172387997         0.035177416196554                         0      1
    0.014513110242669         0.045470195021016                         0      1
    0.014828686066277         0.044930716662271                         0      1
     0.01331242466771         0.036802966274174                         0      1
    0.018120853157763        -0.013542101116174                         0      1
    0.018546234933605        -0.014303140580839                         0      1
   0.0089251727356696         0.038943092775331                         0      1
    0.005199879834346         0.034591690326754                         0      1
   0.0045156901623126         0.034587535377605                         0      1
   0.0042644947340855         0.033922146359483                         0      1
   -0.014298486821785        -0.016054972042123                         0      1
   -0.014746486323939        -0.016804779196713                         0      1
  -0.0072751415275236        -0.014651584755029                         0      1
   -0.012974034340252        -0.015318289869024                         0      1
   -0.012524469924959        -0.014567612284103                         0      1
    0.011455940357746          0.03354475111755                         0      1
     0.00921610073275         0.042733670719673                         0      1
    0.014277637454378         0.031936988543393                         0      1
    0.011242952449583       -0.0058533849132957                         0      1
   -0.021528988887872       -0.0030555310975162                         0      1
    0.013931252771032         0.037889037993063                         0      1
    0.013041210110755       -0.0028506745736132                         0      1
    0.013916098176994       -0.0028646699854341                         0      1
     0.01434142182794       -0.0036293429821757                         0      1
   0.0088882013652473         0.045438177514783                         0      1
     0.01615949997739         0.030863733919295                         0      1
    0.021028932864019        0.0046053888947723                         0      1
  -0.0046637083650389         0.011832061242973                        -0      1
   0.0041711256266278        -0.010287473363714                         0      1
   0.0010968970126168        -0.010996164713172                         0      1
   -0.018333556452127        0.0052299131602524                        -0      1
   0.0032962375603884        -0.010273477951893                         0      1
    0.014292940299247          -0.0066600441455                         0      1
  -0.0003619899477453        0.0072160330904463                        -0      1
  6.3333703239909E-05        0.0064513600936784                         0      1
  0.00093822176947564        0.0064373646818598                         0      1
  0.00048865735418942        0.0056866870969346                         0      1
 -0.00038623071204876        0.0057006825087548                        -0      1
    0.018812825216524        0.0023620822853684                         0      1
    0.017937937150285        0.0023760776971893                         0      1
   0.0045479677488805         -0.01408284752378                         0      1
   -0.015124893359331        -0.013010275466977                         0      1
    0.016121798220447         0.037360232136518                         0      1
    0.014525433786563         0.043305166584651                         0      1
  -0.0055496061593917        -0.016194926160333                         0      1
  -0.0051000417440987        -0.015444248575412                         0      1
   -0.011310211157865         0.006633300447347                        -0      1
   -0.010435323091626        0.0066193050355261                        -0      1
  -0.0049061156293246       -0.0033214439221143                         0      1
 -0.00010635164718179       -0.0041560939779607                         0      1
   -0.003958505270045        0.0012106124110512                        -0      1
  -0.0030836172038057        0.0011966169992302                        -0      1
  -0.0057082814025237        0.0012386032346932                        -0      1
   0.0033204783247352       -0.0087581273702311                         0      1
    0.011049101525916        -0.017976324749787                         0      1
    0.011475047620905         -0.01871581770992                         0      1
   -0.018199121973342        -0.013718966816435                         0      1
   0.0086466361060071          0.03298737054031                         0      1
    0.011644035336182       -0.0081334084916995                         0      1
    0.010769147269943       -0.0081194130798785                         0      1
    0.016820641440578        -0.012763432707611                         0      1
   0.0013635454204292        0.0056726916851133                         0      1
  0.00091398100513803        0.0049220141001915                         0      1
    0.016761929980089         0.036273733845024                         0      1
   0.0043892925057486        0.0033506818712452                         0      1
   0.0035144044395018        0.0033646772830684                         0      1
    0.008023279249491        -0.015654179752726                         0      1
  -0.0051132724011498         0.011081384309587                        -0      1
   -0.021808867952737        0.0068012453891985                        -0      1
   -0.012877071282865       -0.0092568875423744                         0      1
   -0.012451747631919        -0.010021560539116                         0      1
    0.017342928148911       -0.0074667033777043                         0      1
    0.017792492564204       -0.0067160257927837                         0      1
    0.020677452647435        0.0099073109924831                         0      1
   -0.011808257101852        0.0028519216991021                        -0      1
   -0.011382933450906        0.0020872487023605                        -0      1
   -0.010508045384666        0.0020732532905395                        -0      1
   -0.010957609799959        0.0013225757056189                        -0      1
   -0.019706490462353        0.0014625298238285                        -0      1
   0.0049005691067866        -0.019393572265508                         0      1
   0.0053258927577329         -0.02015824526225                         0      1
    0.011267193213929       -0.0043380343316336                         0      1
    -0.01008272173372         0.001308580293798                        -0      1
   -0.010532286149013       0.00055790270887739                        -0      1
    0.015478323029336         0.040604217290235                         0      1
   0.0098780612397039         0.036242142911273                         0      1
    0.010187475291365         0.036785178770711                         0      1
  -0.0095846757897336         0.005089959042043                        -0      1
  -0.0091351113744405        0.0058406366269636                        -0      1
    0.019566354505129       -0.0052287522237745                         0      1
    0.018691608909747       -0.0052146775673279                         0      1
    0.018266273526446       -0.0044500110963144                         0      1
   -0.014737041129782         0.011235333839617                        -0      1
   -0.013862153063543         0.011221338427796                        -0      1
    0.020877608226251       -0.0060012788888099                         0      1
    0.017959762705737         0.043865969761101                         0      1
    0.015945753374338         -0.01274943729579                         0      1
    0.012681273020494         0.037881922991663                         0      1
  -0.0029139318776057         0.011804071087365                        -0      1
    0.010202324095753         0.023890982123415                         0      1
    0.015507748203739         0.026462052070574                         0      1
    0.014515414741739         0.047643780346886                         0      1
   0.0079293098334214         0.049193622707113                         0      1
    0.008211729255818         0.049769492086326                         0      1
    0.007615092667676         0.048671203538692                         0      1
    0.010738523903265         0.049778906889589                         0      1
     0.01105389883192         0.049239311014378                         0      1
    0.011375910205013         0.049775362420178                         0      1
    0.011292548904713         0.021243807678228                         0      1
    0.011649731148482         0.020717758319493                         0      1
   -0.026387901313103       -0.0022654780796119                         0      1
    0.016752027495182        -0.015782077006144                         0      1
    0.016299107677105          -0.0165307451136                         0      1
    0.015443792793771        -0.016528471653659                         0      1
    0.010800111026207         0.029867714032528                         0      1
     0.01142364156838         0.029911675124094                         0      1
    0.015119699400367          0.04870643275805                         0      1
    0.015745666345379         0.048749159958054                         0      1
   0.0092385483413415        -0.019441852854252                         0      1
   -0.005905789263333         0.020659723651382                        -0      1
  -0.0063612794006081         0.020030284439968                        -0      1
  -0.0067559002722983         0.020835641267643                        -0      1
     0.02195907133574         0.004672890468976                         0      1
   0.0024393743452434         0.026450343044273                         0      1
    -0.01864814923465        -0.014436065567295                         0      1
   -0.019520384851447        -0.014411785789415                         0      1
   0.0099096708153206         0.016451649323287                         0      1
    0.010313713064759         0.015644916541234                         0      1
   0.0094092236815496         0.017183103283854                         0      1
    0.010036685156179         0.027146057164475                         0      1
    0.010363223794139         0.026612789481139                         0      1
    0.010791101351608         0.037879912425681                         0      1
    0.018952836688929         0.014457403919111                         0      1
    0.014603693999443         0.019082603802524                         0      1
    0.014454620804833         0.018252834871867                         0      1
    0.018069335717489        -0.015036758825665                         0      1
 -0.00080102908951842         0.020511941223377                        -0      1
   0.0073570453757054          0.01481115273481                         0      1
   0.0021503788125408         0.025899166761605                         0      1
   -0.022494301341482        -0.010601168568253                         0      1
   -0.022914495086702       -0.0098336422338857                         0      1
   -0.022048771277336        -0.011354602426864                         0      1
    0.021378732067567       0.00078554677899748                         0      1
    0.013680139368703         0.028680759143775                         0      1
    0.013372454424522         0.028136736016815                         0      1
    0.012924939656188         0.047094447417175                         0      1
   0.0046171657068217          0.03562095503565                         0      1
   0.0083787373382295         0.028658319697327                         0      1
    0.008102141259244         0.028097863700756                         0      1
   0.0070815986087563        -0.020162006931446                         0      1
   0.0079569604811295        -0.020192923687872                         0      1
   0.0072582007948143         0.026423985332952                         0      1
   0.0075323200670347         0.026985699402982                         0      1
   0.0069614750276241          0.02588577167551                         0      1
   -0.014640702983769         0.017257671399147                        -0      1
    0.020407163657103         0.046071362317255                         0      1
     0.01239613016115         0.029420810981055                         0      1
    0.005363772512008         0.015528429352318                         0      1
    0.017684633754768         0.034615365243448                         0      1
     0.01404663552967          0.01959894956551                         0      1
    0.015991721831974         0.016717619599933                         0      1
    0.016406644861116         0.016032524650666                         0      1
   0.0081195154629355         0.027039755591447                         0      1
    0.013013731962851         0.029472870351852                         0      1
   -0.025854488362566       -0.0030010226154495                         0      1
    0.016783758727402         0.030868704327981                         0      1
     0.01919576491151         0.041723082158667                         0      1
   -0.015965280754956         0.016513157057566                        -0      1
   -0.016419765419045         0.015798592860774                        -0      1
    0.022644997497159         0.012367299751516                         0      1
    0.021942682998478         0.011728409018913                         0      1
   0.0089581268079508         0.029763663753364                         0      1
   0.0091455703167489         0.030321973331494                         0      1
   0.0092040419764485         0.050305420988005                         0      1
     0.01208433893344         0.037894777138129                         0      1
     0.02151522850652        0.0099045613319851                         0      1
    0.013912432145207         0.018910096244868                         0      1
    0.014197732518835         0.045974870757348                         0      1
   0.0096579987886975         0.026630988857563                         0      1
    0.010066434518701         0.026062157017062                         0      1
      0.0107013047393         0.026090065492091                         0      1
    0.010419400703049          0.02553183830832                         0      1
    0.013281746994338         0.017550943008133                         0      1
    0.007885566765571         0.014020983368798                         0      1
     0.01519409131793         0.024175846185324                         0      1
    0.010155130067703        -0.019521695534872                         0      1
   0.0058163115720567         0.041075186873619                         0      1
   0.0061082112555542         0.040548331126692                         0      1
    0.014223273464332         0.020354168553157                         0      1
    0.017161128008075          0.03248792800967                         0      1
    0.020676280303462         0.045623383952001                         0      1
    0.012957007241449         0.016851409703218                         0      1
    0.013621973434181         0.027497978452259                         0      1
    0.012611410686376         0.020211722905273                         0      1
     0.01293050239363         0.019639938414365                         0      1
   0.0055065656308065         0.040587589984482                         0      1
   0.0057464681333738         0.039988090170013                         0      1
    0.018346324680473         0.036810322405789                         0      1
    0.018613938241226         0.037369629097124                         0      1
   -0.025623718238578       -0.0052974880141515                         0      1
   -0.025066605020988       -0.0060259116291027                         0      1
   -0.022949889852493        -0.011339452052486                         0      1
   -0.016868898462816         0.016535488097683                        -0      1
   -0.017351564228859         0.015832225593301                        -0      1
   -0.018242996272563         0.015824178118051                        -0      1
    0.010901454771281         0.036833493684318                         0      1
  -0.0011854262890627         0.017938039497738                        -0      1
  -0.0065073029362877        -0.020745371445829                         0      1
    -0.02642214819428       -0.0007464450413792                         0      1
  -0.0021256144697317         0.021715942328201                        -0      1
  -0.0014633933509012           0.0215711551496                        -0      1
  -0.0027638123987615          0.02164152670734                        -0      1
   -0.002069995086764         0.017882765767083                        -0      1
 -0.00089864481189913         0.018691222503977                        -0      1
 -0.00035125525233616         0.018148535194497                        -0      1
 -0.00017410474711539         0.018958398041848                        -0      1
 -0.00057030698958521         0.020003887615485                        -0      1
   0.0086797818856713          0.01418213780905                         0      1
   0.0075271612225997         0.013183754093426                         0      1
    0.015643768670311          0.01748878578423                         0      1
   0.0014853161427816         0.023756894457525                         0      1
   0.0018243390550689          0.02320862248545                         0      1
    0.010257870668905         0.014624841056875                         0      1
    0.011165342502941         0.014589010350667                         0      1
   0.0012021442492912         0.023202167283411                         0      1
  -0.0056056180112985        -0.020668380099242                         0      1
    0.017396472446823         0.033054187296404                         0      1
   0.0043880676182846         0.019853632449534                         0      1
   0.0036745975306908         0.019901474112712                         0      1
    0.003375044923145         0.020489323636715                         0      1
   0.0049188998120499         0.016297179068966                         0      1
   0.0030045891993415         0.020008891045332                         0      1
   0.0085841581459136         0.030304360460216                         0      1
   -0.008435745895755          0.02029530797637                        -0      1
  -0.0093213490400437         0.020220680195948                        -0      1
    0.020250258902298         0.044418793839545                         0      1
    0.020473268457518          0.04384228090101                         0      1
     0.01539011745504         0.025822055110724                         0      1
    0.021704023316071         0.012644553849446                         0      1
  -0.0030913028184437         0.021106552252644                        -0      1
     0.02270503524602        -0.012387315531125                         0      1
   -0.026377158591071        0.0022981578054031                        -0      1
   -0.026532712728868        0.0030601605374339                        -0      1
  -0.0071342397235161         0.020064226498556                        -0      1
   0.0032848996523431         0.019368910549186                         0      1
    0.015391191298554         0.049257018507491                         0      1
   0.0073198666769478          0.04921628363578                         0      1
    0.015873031081298        -0.017295489040777                         0      1
    0.015030399603298        -0.017355931660277                         0      1
    0.014594212236834        -0.018169377898082                         0      1
    0.014125281864771         -0.01740288638985                         0      1
    0.016835065252086        -0.017308466122459                         0      1
    0.021780773988937       -0.0060153610219984                         0      1
   0.0055684727987135         0.019179702338048                         0      1
   0.0059257079424754         0.019942700563872                         0      1
    0.017437747057547         0.031922463029479                         0      1
   0.0012090865017232         0.024354275397219                         0      1
   0.0015193008721497         0.024885011858515                         0      1
    0.022166932895401       -0.0067860028518881                         0      1
    0.022234219282723       -0.0052224035342952                         0      1
   0.0068939929116775         0.048714566810127                         0      1
  -0.0033914782850464         0.021658033558016                        -0      1
  -0.0030912768767963         0.022267345543959                        -0      1
  -0.0040678177278707         0.021600864461638                        -0      1
   -0.003284017417207         0.019909498132504                        -0      1
    0.018589628412212         0.048214530365058                         0      1
    0.019217961898082         0.048168751475666                         0      1
  -0.0049207527744765         0.018620017037647                        -0      1
    0.016827367293793         0.031915492520762                         0      1
    0.021955129104022         0.010739964230837                         0      1
    0.021999293751152        0.0030989856129473                         0      1
    0.022181921985644        0.0022798674953744                         0      1
   0.0090747188987102          0.02166981242706                         0      1
   0.0084365069270956         0.021643914273527                         0      1
     0.01200994414617         0.036846234881093                         0      1
    0.016989503467528         0.048723061792477                         0      1
    0.017605187379686         0.048716194101089                         0      1
  -0.0011638154208695         0.021021759965898                        -0      1
   0.0085565040847034         0.017159594193625                         0      1
   0.0089359645165229          0.01791946279421                         0      1
   0.0084383028115696         0.018717357192201                         0      1
   0.0097328758533625         0.017978075127854                         0      1
   0.0092758674887443         0.018673792774891                         0      1
   0.0096991558708006         0.019367045353813                         0      1
 -0.00056629785222625         0.021971858683524                        -0      1
   0.0090424023165628         0.027551086262648                         0      1
  0.00031061171348698         0.017043820984182                         0      1
    0.015780221460947         0.025411352639044                         0      1
    0.014927948448074         0.020458928552865                         0      1
    0.016538220582903         0.029240131129858                         0      1
    0.016793455459086         0.029894362678051                         0      1
   0.0066795541253472         0.026429476779399                         0      1
   0.0063903266404914         0.025924596149676                         0      1
  -0.0023975676253911         0.017093558613811                        -0      1
   0.0028331558168966         0.015499687014738                         0      1
    0.014529014873083            0.020947018057                         0      1
     0.01466659475915         0.021525419845487                         0      1
   0.0069036424498672         0.015615536906885                         0      1
   0.0065712908915124         0.014745633231546                         0      1
    0.016112982959511         0.026513273933777                         0      1
    0.016538914562593         0.027053286486112                         0      1
    0.012393051340847         0.019029473656791                         0      1
   0.0051186906598163         0.019839275138094                         0      1
    0.013684559228536        -0.018137789605101                         0      1
    0.013164879741873        -0.018870560237361                         0      1
    0.012353027683824         -0.01876167120814                         0      1
   0.0079868125589028         0.012422678565825                         0      1
   0.0040231684149194         0.019245069071468                         0      1
    0.021381607881723       -0.0052203235313099                         0      1
    0.021782471321223         -0.00445700022201                         0      1
    0.022112076696586        -0.003694746879632                         0      1
    0.003269068668536         0.016254963482368                         0      1
    0.013037152163248         0.027618389001868                         0      1
    0.002132084054367         0.024842353147432                         0      1
   0.0012522835332465         0.021983175976281                         0      1
   0.0018698059209815         0.022024871499548                         0      1
    0.002208109705185         0.021433009954405                         0      1
   0.0024961148750718         0.022022331022925                         0      1
   0.0019072298989686         0.020873694226753                         0      1
     0.01896499462382         0.036847210738378                         0      1
    0.018094270974062         0.036227793502123                         0      1
     0.01848752093785          0.03561834896685                         0      1
  0.00056326915579014         0.023094224020206                         0      1
   0.0072908185347345         0.048124425787087                         0      1
    -0.01777108167729         0.015071389455709                        -0      1
   -0.016892779976677         0.015044455057196                        -0      1
    0.018037886003455         0.033170455629828                         0      1
    0.017660475729195         0.033645725928132                         0      1
  -0.0019902957355225         0.014821360504843                        -0      1
  -0.0024195531372078         0.015588312801658                        -0      1
   0.0090629361503027         0.014922100038748                         0      1
  -0.0033000985877003         0.015603528875974                        -0      1
  -0.0041770158951603         0.015615209373289                        -0      1
 -0.00024081460732104         0.014792877236689                        -0      1
 -0.00069039626191458         0.014042329495382                        -0      1
   0.0019583640993905         0.015513758819955                         0      1
   0.0049579827477942         0.022141967531026                         0      1
   0.0019343037469672         0.014000147968915                         0      1
   0.0023596372715628         0.013235449777249                         0      1
   0.0019100722642169         0.012484772418257                         0      1
   0.0032343618634428         0.013221363204689                         0      1
  -0.0015894830621419          0.01254075574645                        -0      1
   0.0010351781047395         0.012498772228536                         0      1
  -0.0071870732662223         0.017948955407975                        -0      1
  -0.0076554843926593         0.018692306342964                        -0      1
  -0.0076396521003045         0.017186774307726                        -0      1
  -0.0085146095599739         0.017198018458863                        -0      1
  0.00013605539854523         0.010997412251033                         0      1
   0.0046427965813741         0.022680738983881                         0      1
    0.004952116116343         0.023223563775809                         0      1
   -0.002039045055871         0.011790076519469                        -0      1
   0.0010109434531351         0.010983416848295                         0      1
   0.0032434050053825         0.034110670868645                         0      1
   0.0036786111604426         0.033719345040323                         0      1
   0.0036505839530444         0.033049339307194                         0      1
   0.0026684810402663         0.031677619716154                         0      1
   0.0032521112440065         0.031838756192763                         0      1
    0.003133181149977         0.031245784576015                         0      1
   0.0029766731173553         0.030657767882696                         0      1
   0.0037018454375752         0.031482846078949                         0      1
   0.0034142218716773         0.032445016571886                         0      1
   0.0019296673917996         0.028641210752774                         0      1
   0.0023730036422219         0.028249394881701                         0      1
   0.0023590344817016         0.027608870467456                         0      1
   0.0038475922963017         0.036546084748501                         0      1
   0.0044503857023713         0.036711548676254                         0      1
   0.0045981484320638         0.037318830468928                         0      1
   0.0051422941015308         0.036849142792273                         0      1
   0.0051979512566217         0.037494505087619                         0      1
   0.0022177765677048         0.029906038371838                         0      1
   0.0013153852240497         0.026215639635231                         0      1
   0.0023662179556942         0.030495617923656                         0      1
  -0.0024643682688752         0.012554749219169                        -0      1
   0.0035413258997671         0.035309902370218                         0      1
   0.0039556050897284         0.034907460658308                         0      1
   0.0047459111617562         0.037926112261603                         0      1
   0.0053457139863141         0.038101786880294                         0      1
   0.0057931260949997         0.037693839258183                         0      1
   0.0059455168108721         0.038277461498985                         0      1
   0.0054934767160064         0.038709068672968                         0      1
   0.0060772916543847         0.038881663352049                         0      1
   0.0056200072188329         0.039328729420919                         0      1
   0.0050378979166628         0.039142739006163                         0      1
   0.0064241751412439         0.037833479808258                         0      1
   0.0061569883355619         0.037263807393492                         0      1
   0.0067596388876937         0.037294940601827                         0      1
   0.0016532240423315          0.02742851073121                         0      1
   0.0020908841081209         0.026954522921149                         0      1
  -0.0037888199912019         0.011818066379798                        -0      1
    0.007341131575558         0.042722998578945                         0      1
   0.0070255553614372         0.043262476636566                         0      1
    0.013888153384029         0.045460837083255                         0      1
  -0.0033877370409454        0.0095380429096589                        -0      1
    0.013628000491305          0.03626348791787                         0      1
   0.0068836911187109         0.046505907665464                         0      1
   0.0066736537633096         0.047075680409803                         0      1
   0.0079722919260744         0.041644048572572                         0      1
   0.0095564274897748         0.037864076371112                         0      1
   0.0060706880938128         0.045699737772669                         0      1
   0.0067161417914085         0.042719441148515                         0      1
   0.0064403407350368         0.043265243706198                         0      1
   0.0060151425145985         0.042783687241097                         0      1
   0.0054656663234643         0.043196821572486                         0      1
   0.0057687124936102         0.042129550580663                         0      1
    0.011388160866323         0.045452407517553                         0      1
     0.01168112219073         0.049241782783775                         0      1
    0.012043397874369         0.049867562410702                         0      1
     0.01165325248937         0.050338239276883                         0      1
    0.011109555716862         0.039496800599948                         0      1
   0.0082505651269197         0.047598913917838                         0      1
    0.010744451297767         0.048696255568863                         0      1
    0.012699758335466         0.034634380497775                         0      1
    0.014834847838224         0.043848202444088                         0      1
    0.014519272014616         0.044387680802833                         0      1
     0.01239034428366         0.034091344665113                         0      1
    0.015515022444244         0.034108917567132                         0      1
    0.015205834406564         0.033566060386036                         0      1
   0.0095316765563581         0.042194192360929                         0      1
    0.017037716831535         0.041154368151058                         0      1
   0.0092222625890796         0.041651156566559                         0      1
     0.00984725239403         0.041654714013028                         0      1
     0.01047224225758         0.041658271504684                         0      1
   0.0085729628535124         0.045977463678055                         0      1
   0.0088821853028504         0.046520608709751                         0      1
    0.018256887722336         0.046574054243353                         0      1
    0.018572463545945         0.046034575884609                         0      1
    0.018263049494283         0.045491540025171                         0      1
     0.01449472362481         0.048700398187657                         0      1
    0.015453675941546         0.044934274162964                         0      1
    0.015769251765154         0.044394795804219                         0      1
    0.018995750911486        -0.013555490939315                         0      1
    0.019530391524534        -0.014402027387056                         0      1
    0.012629236638183         0.046543599207223                         0      1
    0.013327361460393         0.046561175765823                         0      1
   0.0089951303731177       -0.0096067728378988                         0      1
   0.0085455659578248         -0.01035745042282                         0      1
   0.0089708896087709        -0.011122123419561                         0      1
   0.0076706778915853        -0.010343455010998                         0      1
   0.0094446947884106       -0.0088560952529781                         0      1
    0.013306262895763         0.037885480492358                         0      1
   0.0029781648173179         0.032886503606733                         0      1
    0.014428184281854         0.046560038981324                         0      1
  -0.0025128489947713        0.0095240475114442                        -0      1
   -0.016206938197395        0.0014065481765445                        -0      1
    0.018280858188769         0.037899083867076                         0      1
    0.018704691107101         0.038397086021743                         0      1
    0.016728302779874          0.04061133229162                         0      1
   -0.016134215904355        0.0059525999215311                        -0      1
  -0.0081500295937629        -0.014637589343208                         0      1
   -0.008599594009056        -0.015388266928128                         0      1
  -0.0090249176600023        -0.014623593931387                         0      1
  -0.0094502413109485        -0.013858920934645                         0      1
  -0.0098998057262416        -0.014609598519566                         0      1
    0.017103803403716         0.035713291454352                         0      1
   -0.015356290895503      -0.00012279781693859                         0      1
   0.0049203454388866         0.040739529156828                         0      1
   0.0061404455319849         0.034055769470753                         0      1
    -0.01450564359361       -0.0016521438104217                         0      1
    0.010119455842083         0.048692694803824                         0      1
    0.011060222435913         0.048156891462238                         0      1
    0.014587051506039          0.03248002440283                         0      1
    0.016395317789632         -0.01199875971087                         0      1
   0.0095255147844109         0.043276706579111                         0      1
   -0.013654996291718       -0.0031814898039049                         0      1
   -0.005525365395045        -0.014679575578671                         0      1
  -0.0046504773288057        -0.014693570990491                         0      1
  -0.0042251536778594        -0.015458243987233                         0      1
    0.009674338893722         0.027655845605225                         0      1
  -0.0037755892625664        -0.014707566402312                         0      1
  -0.0033502656116201        -0.015472239399054                         0      1
   -0.002900701196327        -0.014721561814133                         0      1
  -0.0024753775453808        -0.015486234810875                         0      1
   0.0067300566631907         0.043795346590009                         0      1
   0.0085602481945503         0.048142561887789                         0      1
   0.0095686471881353         0.035699107051683                         0      1
    0.014790986243233        -0.002878665397255                         0      1
    0.014365662592287       -0.0021139924005135                         0      1
    0.015533913085188         0.030861375004676                         0      1
     0.00724812516778         0.050487801143129                         0      1
   0.0078104582339046           0.0506812122113                         0      1
   0.0079293660045099         0.051349955123484                         0      1
   0.0083895392974527          0.05083510227344                         0      1
   0.0058248700578569         0.034595186468959                         0      1
   0.0055086615051522         0.035134701084622                         0      1
    0.016072504044868         0.046020345881838                         0      1
  -0.0020258131300877        -0.014735557225954                         0      1
  -0.0016004894791415        -0.015500230222696                         0      1
  -0.0011509250638484        -0.014749552637775                         0      1
 -0.00072560141290213        -0.015514225634517                         0      1
  -0.0011751658281951        -0.016264903219437                         0      1
    0.013324748209963         0.034637938140921                         0      1
    0.012334888337148         0.043833972441318                         0      1
    0.016134066234336         0.035195431176004                         0      1
     0.01079338803429       -0.0066040624982163                         0      1
   -0.012914542672971         0.015753394741187                        -0      1
    0.017965943059364         0.042783466412546                         0      1
   -0.021103665236925       -0.0038202040942579                         0      1
   -0.021553229652218       -0.0045708816791784                         0      1
   -0.020678341585979       -0.0045848770909994                         0      1
    -0.01980345351974       -0.0045988725028204                         0      1
   -0.020253017935033       -0.0053495500877409                         0      1
   0.0040115264431872          0.02375944555185                         0      1
    0.006723879253802         0.044873038360406                         0      1
    0.015240550658526       -0.0021279878123344                         0      1
    0.014580882196204         0.033562533419579                         0      1
   0.0082635155295921         0.045434446776675                         0      1
   0.0064498599911664         0.034598733743237                         0      1
   0.0063938860003531         0.042179432789189                         0      1
   0.0070741154206011         0.036747210259268                         0      1
   0.0083309909814005         0.033526963614086                         0      1
 -0.00027603699760913        -0.014763548049596                         0      1
  0.00014928665333719        -0.015528221046338                         0      1
  0.00059885106863023        -0.014777543461417                         0      1
   -0.011614330826362         0.014974726237302                        -0      1
    0.010205960607207         0.033537636116164                         0      1
    0.010521536481972         0.032998282184221                         0      1
    0.016449260664086         0.030358159844363                         0      1
    0.009507053753494         0.046524235396455                         0      1
    0.012984525300207         0.039507473069282                         0      1
   0.0095625303592515         0.036781595662051                         0      1
   0.0076567110053191         0.042183523000906                         0      1
   0.0085972742565269         0.041647600255455                         0      1
    0.016715979235979         0.042776360727984                         0      1
    0.013318586439642         0.035720452058839                         0      1
    0.014252990366562         0.036267045420767                         0      1
    0.010841869562983       -0.0035733613348919                         0      1
    0.018908297191093         0.041167541594151                         0      1
    0.019547953229416         0.041173081783379                         0      1
    0.019219886963751         0.040622350210852                         0      1
    0.018889505405794         0.040098295053039                         0      1
    0.017631897847067         0.046570496742661                         0      1
    0.014898648683026         0.023625727858007                         0      1
   -0.013872902351982        -0.016819499967143                         0      1
   -0.014270998980673        -0.017547304265849                         0      1
   0.0091163341948513       -0.0020300199295877                         0      1
    0.008609618165593         0.039482587522679                         0      1
    0.009896546615243         0.032994745421304                         0      1
   -0.013765294121544         0.017276229936854                        -0      1
   -0.014303849016047          0.01809254743886                        -0      1
    0.013300101123815         0.038967994710538                         0      1
    0.011146525470417         0.033001895425837                         0      1
   -0.023527567966107        0.0083404932497789                        -0      1
   -0.023949249273614        0.0091393019059701                        -0      1
   -0.023486298516547        0.0098665847213576                        -0      1
  -0.0088309915452282       -0.0025007892780888                         0      1
  -0.0097058796114675       -0.0024867938662679                         0      1
  -0.0042009129135126        -0.013942893405571                         0      1
    0.021459449865586        0.0038665119895556                         0      1
    0.020585216450245        0.0038554978141305                         0      1
   0.0052266614892202         0.030259717593095                         0      1
   0.0089005249091419         0.043273149078418                         0      1
    0.011522831514448         -0.01571016140001                         0      1
   -0.024602709887341       -0.0037639401034477                         0      1
   -0.025447478748916       -0.0037553345482822                         0      1
   -0.016061493611314         0.010498651666518                        -0      1
    0.008691010543905       -0.0012653469328461                         0      1
    0.009140574959198      -0.00051466934792552                         0      1
   0.0082656868929587      -0.00050067393610457                         0      1
   0.0087152513082517       0.00025000364881604                         0      1
    0.013968302594014         0.031394099625095                         0      1
   0.0050702544572138       -0.0087861181938731                         0      1
    0.017695529506817        -0.012777428119432                         0      1
   0.0059693832877999       -0.0072847630240319                         0      1
   -0.024578342488111       -0.0022491689250893                         0      1
    0.019516693035301         0.042261049331353                         0      1
   0.0019717850788561        -0.011010160124993                         0      1
  -0.0035574223834456       -0.0010694111673525                         0      1
    0.015787737080997         0.041147253149672                         0      1
   -0.013302394933812       -0.0084922145456327                         0      1
   -0.014177283000051       -0.0084782191338118                         0      1
    0.013894282139347         0.044384123302141                         0      1
 -0.00065287911986186         -0.01096817388953                         0      1
  -0.0015277671861012        -0.010954178477709                         0      1
    0.019736027173307        0.0053788884316996                         0      1
   0.0095871565762628         0.032452308686171                         0      1
    0.013912767455189         0.041136580647595                         0      1
    0.013597191631581         0.041676059006339                         0      1
    0.012972201756312         0.041672501505647                         0      1
   0.0031860435973631         0.010190752678706                         0      1
     0.01521630989418       -0.0036433383939966                         0      1
    0.014766745478887       -0.0043940159789172                         0      1
  -0.0049788379223649       -0.0078674956671009                         0      1
  -0.0054041615733112       -0.0071028226703594                         0      1
  -0.0049545971580182       -0.0063521450854387                         0      1
  -0.0058294852242575       -0.0063381496736178                         0      1
    0.004908626138441         0.035119003367755                         0      1
   -0.017883992036833         0.005980590745173                        -0      1
    -0.01743442762154        0.0067312683300936                        -0      1
    0.013652647579109           0.0319334310427                         0      1
    0.020160295510644        0.0046155469212016                         0      1
    0.010647943448209        -0.015696165988189                         0      1
  -0.0011024435351549        -0.011718851474451                         0      1
   0.0083949341728435         -0.01944461350319                         0      1
    0.010837107190679         0.032459885647877                         0      1
   0.0099553576751466         0.028213933418113                         0      1
   0.0078403632420124       0.00026399906063701                         0      1
   0.0082899276573054        0.0010146766455576                         0      1
   0.0091648157235447        0.0010006812337366                         0      1
   -0.025830706926028        0.0015604977065755                        -0      1
    0.013231611501118         0.047639045746715                         0      1
   0.0037458019756815       -0.0095228003669727                         0      1
   -0.016632261848342        0.0021712211732862                        -0      1
   -0.016182697433049        0.0029218987582068                        -0      1
  -0.0032775433185798        -0.010926187654067                         0      1
    0.018861278805526        0.0053928001811641                         0      1
    0.018435978437656        0.0061574592341795                         0      1
    0.017561094251929        0.0061714523220461                         0      1
    0.018010658537872        0.0069221299844319                         0      1
    0.017135771304132        0.0069361248976872                         0      1
    0.017585335629311        0.0076868025365751                         0      1
    0.016710447686802        0.0077007978742963                         0      1
    0.017160012107698        0.0084514754558616                         0      1
    0.016285124072023        0.0084654708493784                         0      1
    0.016734688484335        0.0092161484360841                         0      1
   -0.024853104838694        0.0060775358465044                        -0      1
   -0.025300218647306        0.0053229379818703                        -0      1
   0.0086283502809723         0.036234874756155                         0      1
   -0.023975629153511        0.0075893358713339                        -0      1
   -0.024904063489633        0.0076304703214775                        -0      1
   0.0015222206635631        -0.011760837709914                         0      1
   -0.021954312538818       -0.0022908581007746                         0      1
   -0.022379636189764        -0.001526185104033                         0      1
   -0.021930071774471      -0.00077550751911238                         0      1
   -0.023254524256003        -0.001512189692212                         0      1
   -0.021079424472579       -0.0023048535125955                         0      1
    0.019687713282763        0.0023480868735474                         0      1
   0.0087394920725985        0.0017653542304782                         0      1
   0.0096143801388378        0.0017513588186573                         0      1
   0.0091890564878915        0.0025160318153988                         0      1
    0.010063944554131        0.0025020364035779                         0      1
   0.0096386209031845        0.0032667094003194                         0      1
    0.010513508969424        0.0032527139884985                         0      1
     0.01093883262037        0.0024880409917569                         0      1
    0.011388397035663        0.0032387185766775                         0      1
    0.010963073384717        0.0040033915734191                         0      1
    0.011837961450956        0.0039893961615981                         0      1
    0.012263285101902        0.0032247231648566                         0      1
     0.01141263780001        0.0047540691583397                         0      1
    0.012712849517195        0.0039754007497772                         0      1
    0.013138173168142        0.0032107277530356                         0      1
    0.012688608752849         0.002460050168115                         0      1
    0.013587737583435        0.0039614053379562                         0      1
    0.013563496819088         0.002446054756294                         0      1
   -0.024129306614005       -0.0014982437903539                         0      1
    0.018363260801231        0.0016114047004478                         0      1
    0.017488372734992        0.0016254001122687                         0      1
     0.01923814886747        0.0015974092886268                         0      1
    0.017913696385938       0.00086072711552716                         0      1
    0.019399687676895         0.013702617123313                         0      1
    0.020306963048483         0.013706218530103                         0      1
    0.020818048500356         0.012961554782349                         0      1
   -0.019001287746541       -0.0091589196596276                         0      1
   -0.019426611397487        -0.008394246662886                         0      1
   -0.012440810192476         0.018014852286901                        -0      1
    -0.01196809374121         0.018736252453315                        -0      1
   -0.013315625590863         0.018033418339366                        -0      1
   -0.013745159351559         0.018653537206244                        -0      1
    0.013609515175476         0.039511030569975                         0      1
   -0.005988160846572         0.011095379069872                        -0      1
   -0.016960622441901        0.0089972964966765                        -0      1
   0.0049732913998268        -0.014847520520522                         0      1
  -0.0030593764394589        0.0027119675808924                        -0      1
   0.0083002472870175         0.038939845806277                         0      1
 -0.00031350848755833         0.010246734300665                        -0      1
    0.006750184172805         0.027520792167081                         0      1
    0.007050617728732          0.02805684466281                         0      1
   -0.011189007309345         0.014210053336475                        -0      1
    -0.01163857174696          0.01345937576754                        -0      1
   -0.013399357991199        -0.014553616872282                         0      1
   -0.012949793575906        -0.013802939287361                         0      1
   -0.014675328944038        -0.012259597882057                         0      1
    0.011716060233826         0.042747900722444                         0      1
  -0.0064134868358126         0.011860048048813                        -0      1
  -0.0068388077692817         0.012624725714891                        -0      1
     0.02031956578351        -0.012803507558946                         0      1
    0.019885249802274        -0.013530604990023                         0      1
   0.0027307291917711         0.029164889235122                         0      1
    0.010537749733771        0.0047680645701607                         0      1
    0.010987314149064        0.0055187421550813                         0      1
    0.011862202215303        0.0055047467432603                         0      1
   -0.020301499463726       -0.0083802512510651                         0      1
   -0.019851935048433       -0.0076295736661445                         0      1
   -0.018977046982194       -0.0076435690779654                         0      1
    -0.02027725869938       -0.0068649006694029                         0      1
    0.016375756467366         0.047645870874701                         0      1
   -0.011272739736467         -0.01837698185599                         0      1
   -0.012147627802707        -0.018362986444169                         0      1
   -0.010843259969083        -0.019139343152665                         0      1
  -0.0099899079766516        -0.019144441669649                         0      1
   -0.010391657391326        -0.019907554750713                         0      1
  -0.0094988862933973        -0.019852771637924                         0      1
  -0.0088912867091597        -0.020548217642732                         0      1
  -0.0086187793562911        -0.019839339501697                         0      1
   -0.011707373760921        -0.019135620566455                         0      1
   -0.012568712659799        -0.019106286213759                         0      1
   -0.013007733959891        -0.018342179589247                         0      1
   -0.013529368316875        -0.019176859783911                         0      1
    0.011595553807489        -0.011164109655024                         0      1
    0.021068716004155        0.0076233792319983                         0      1
    0.021486707765415        0.0083499172135376                         0      1
    0.015224364925203         0.030318553467158                         0      1
    0.015845318539129         0.030327255340269                         0      1
  -0.0063892965677651         0.013375343083552                        -0      1
  -0.0072641402891907         0.013389388675589                        -0      1
   0.0098410906080191         0.042737228220366                         0      1
    0.014203701693779         0.044926192422067                         0      1
  -0.0095439329069932        -0.018392281268922                         0      1
  -0.0064002534612843         -0.01466558016685                         0      1
  -0.0068255771122306        -0.013900907170108                         0      1
    0.017719770271164         -0.01126207753777                         0      1
    0.015144261889885         0.044391238303526                         0      1
  -0.0031078579681525      -0.00031873358243194                         0      1
   -0.016535298790954        0.0082326234999349                        -0      1
   -0.016984863206247        0.0074819459150142                        -0      1
   0.0045237269845338        -0.015598198105442                         0      1
  -0.0029734234893672         -0.01926761355912                         0      1
  -0.0025480998384209        -0.020032286555861                         0      1
  -0.0034229879046602         -0.02001829114404                         0      1
  -0.0016732117721816        -0.020046281967682                         0      1
  -0.0029973530920649        -0.020763512650759                         0      1
  -0.0038722561033347        -0.020750451490034                         0      1
   0.0041226440979342        -0.013318174527039                         0      1
      0.0154344767733        0.0099948168409631                         0      1
   -0.017773708796731        -0.014478043340833                         0      1
   -0.018363571566876        -0.015305310441229                         0      1
   -0.017371827888703        -0.015259212238383                         0      1
   -0.017785687581451        -0.016012056914161                         0      1
   -0.010860646742572        0.0073839780322676                        -0      1
  -0.0099857586763329        0.0073699826204467                        -0      1
   -0.010411082327279        0.0081346556171882                        -0      1
  -0.0095361942610399        0.0081206602053672                        -0      1
  -0.0091108706100936        0.0073559872086257                        -0      1
  -0.0086613061948006        0.0081066647935463                        -0      1
  -0.0090866298457469        0.0088713377902879                        -0      1
   -0.010836405978225        0.0088993286139298                        -0      1
    0.018339020036884       9.6054118785593E-05                         0      1
    0.017464131970645       0.00011004953060655                         0      1
   -0.019111481460979         0.011305310898722                        -0      1
    0.014147311902516        -0.015756504665418                         0      1
    0.002324386436762        -0.016320884866721                         0      1
   0.0014494983705228          -0.0163068894549                         0      1
   0.0031992745030014        -0.016334880278542                         0      1
   0.0028709139094422       -0.0095088049551517                         0      1
    0.011837793420428         0.030867901546151                         0      1
   0.0087637328369452        0.0032807048121404                         0      1
    0.015167828365486       -0.0066740395573209                         0      1
     0.01474250471454       -0.0059093665605794                         0      1
    0.015932509634527         0.013776188312362                         0      1
    0.021699912244236       -0.0075262262782851                         0      1
    0.022631952223988       -0.0076293489595534                         0      1
    0.012087089410979         0.032466278631848                         0      1
  -0.0097530815147746         0.019467897844489                        -0      1
   -0.010656524223528         0.019636756536855                        -0      1
   -0.018551723331248        -0.008408242074707                         0      1
     0.01909270428139       -0.0074946942013461                         0      1
   0.0024534915901527         0.023206046273926                         0      1
    0.002158306397114         0.022629561643736                         0      1
   -0.015600745209229        -0.016767885001115                         0      1
   -0.016537834673948        -0.016811135913196                         0      1
   -0.017555631443274      -0.00084548457821728                         0      1
   -0.020460174706858        0.0090532781439603                        -0      1
    0.020957931471714       5.0868101781734E-05                         0      1
    0.021388049092567      -0.00071113841034236                         0      1
    0.020926633937781       -0.0014537959313764                         0      1
     0.02177309525555       -0.0015061871730317                         0      1
    0.022228904543919      -0.00077932402086213                         0      1
    0.022073935420168        -0.002332305555085                         0      1
   0.0095416578457975       -0.0027946929263293                         0      1
   -0.015854336839489       -0.0039041765651836                         0      1
    0.005855576029406         0.029182734363757                         0      1
   -0.013229672640771       -0.0039461628006465                         0      1
   -0.022306913896724        0.0030198666409536                        -0      1
   -0.019585286640619        0.0090392827321393                        -0      1
  -0.0038483115556065        -0.019253618147299                         0      1
   -0.012002183216626       -0.0092708829541953                         0      1
    -0.01157685956568        -0.010035555950937                         0      1
   -0.012026423980973        -0.010786233535858                         0      1
   -0.011151535914734        -0.010800228947678                         0      1
   -0.011601100330027        -0.011550906532599                         0      1
   -0.012039654414015         0.015739399191789                        -0      1
    0.012664367988502       0.00094469958645284                         0      1
   -0.014263235950142           0.0135013620062                        -0      1
   -0.013837912299196         0.012736689009459                        -0      1
   -0.012963024232957         0.012722693597638                        -0      1
    0.014870304372092         0.026555140282675                         0      1
    0.014329826922537         0.026566803341858                         0      1
   0.0054470965794666        -0.012581492353939                         0      1
    0.011078746814662         0.044909371658115                         0      1
     0.01139432263827         0.044369893299371                         0      1
   -0.019232685282713        0.0037285579904112                        -0      1
   -0.019536788723812         0.012069954529487                        -0      1
   -0.020411673831096         0.012083959275035                        -0      1
   -0.020951303236043          0.01300532712001                        -0      1
   -0.011735534808812        0.0073979734440886                        -0      1
    0.014718263950193       -0.0074247171422415                         0      1
   -0.022355395425417      -1.0834522370758E-05                         0      1
   -0.014930967244557      -0.00088747081368017                         0      1
   -0.014153042235704       -0.0069628685521496                         0      1
    0.017367168913258       -0.0059513527960421                         0      1
  -0.0051859946941939        0.0065353325646027                        -0      1
  -0.0047606710432459          0.00577065956786                        -0      1
  -0.0041524313848191        -0.010912192242246                         0      1
  -0.0050273194510584        -0.010898196830425                         0      1
  -0.0054526431020047        -0.010133523833684                         0      1
  -0.0059022075172977        -0.010884201418604                         0      1
   -0.006327531168244        -0.010119528421863                         0      1
   -0.006777095583537        -0.010870206006783                         0      1
   -0.012074905509666        -0.013816934699182                         0      1
   -0.013375117226852         -0.01303826629062                         0      1
   -0.018406278745167       0.00068386141526589                        -0      1
    0.013867616648301       -0.0058953711487584                         0      1
   -0.010058480969373        0.0028239308754601                        -0      1
  -0.0096089165540803        0.0035746084603807                        -0      1
  -0.0021224556634066        -0.020776922794442                         0      1
  -0.0012475660367641        -0.020790820661573                         0      1
  -0.0026229319848366        -0.021472133459902                         0      1
  -0.0088794730739217       -0.0055314904414132                         0      1
  -0.0084541494229754       -0.0062961634381548                         0      1
  -0.0075792613567361       -0.0063101588499758                         0      1
   -0.018758880103073         0.005994586156994                        -0      1
    0.012166322044515       -0.0028366791617922                         0      1
   -0.015902818368183       -0.0069348777285078                         0      1
   0.0086342432663683         0.035152513683007                         0      1
    0.016637725433099        0.0031547461057518                         0      1
     0.01590828195294         0.012260845007546                         0      1
    0.017658058085419         0.012232854183904                         0      1
  -0.0073368537132684         0.008843346966646                        -0      1
    0.016060358468933         0.048189245757633                         0      1
   0.0049975321641736         -0.01333216993886                         0      1
  -0.0034604593260586        0.0049919911592963                        -0      1
  -0.0039100237413515        0.0042413135743756                        -0      1
   -0.012901312047212        -0.010772238124037                         0      1
   -0.017604112971968       -0.0038761857415415                         0      1
  0.00099993395522978        -0.017057567039821                         0      1
 -0.00074984217724884        -0.017029576216179                         0      1
   0.0017403875426839         0.001877317525046                         0      1
    0.002189951957977        0.0026279951099666                         0      1
   0.0013150638917377        0.0026419905217876                         0      1
   0.0017646283070307        0.0033926681067082                         0      1
  0.00088974024079138        0.0034066635185291                         0      1
   -0.002451136781034        -0.013970884229213                         0      1
   0.0057864660554779        0.0086334161452321                         0      1
   0.0066613517061009        0.0086194214353129                         0      1
   0.0062117907201877        0.0078687428539229                         0      1
   0.0070866783555836        0.0078547475672914                         0      1
   0.0066371145452065        0.0071040698066014                         0      1
   0.0075362426990693         0.008605425173077                         0      1
    0.007512002535298        0.0070900744169066                         0      1
   0.0070624382266453        0.0063393968009997                         0      1
    0.006187550159667        0.0063533922130353                         0      1
   0.0066128738170307        0.0055887192144291                         0      1
   0.0031618025401849        0.0086754021821133                         0      1
    0.002286914915503          0.00868939746564                         0      1
   0.0098457776750103        -0.011136118831382                         0      1
    0.010271101325957        -0.011900791828123                         0      1
    0.007318076533679       -0.0050327302692701                         0      1
   0.0093477317310234        -0.014917497579627                         0      1
    0.014240666822693         0.038432073852497                         0      1
    0.012045118222782        -0.010413432070103                         0      1
    0.012020877458435        -0.011928782651765                         0      1
    0.012895765524675        -0.011942778063586                         0      1
    0.013321089175621        -0.012707451060328                         0      1
   -0.012185099224105         0.006647295859168                        -0      1
   -0.015550217010277        -0.012245602470236                         0      1
  -0.0040797090917789       -0.0063661404972597                         0      1
   0.0092860195452784        0.0085774341420475                         0      1
     0.01148536009305        0.0093001209033262                         0      1
   -0.018150640444648        -0.010688265653111                         0      1
   -0.017701076029355       -0.0099375880681902                         0      1
   -0.016826187963116       -0.0099515834800112                         0      1
   0.0076543444541473         0.029146147697981                         0      1
    -0.01333988363476         0.016516982575297                        -0      1
    0.010489268205077        0.0017373634068363                         0      1
   -0.009754361140161       -0.0055174950295923                         0      1
  -0.0093290374892147       -0.0062821680263338                         0      1
  0.00052612877559007        -0.019323595206404                         0      1
  0.00095145242653636        -0.020088268203145                         0      1
  7.6564360297047E-05        -0.020074272791324                         0      1
  0.00050222661114922        -0.020817779064237                         0      1
   0.0013771711107062        -0.020828246688753                         0      1
   0.0018264063316463        -0.020098147863111                         0      1
   0.0022522767635391        -0.020828640220431                         0      1
    0.001868188911956        -0.021622597337081                         0      1
   0.0031269756731346        -0.020840926182687                         0      1
   0.0034319016227514        -0.021546706175904                         0      1
   0.0022759158812138        -0.019350900071403                         0      1
   -0.023351487313391       -0.0075735920188608                         0      1
   -0.024203405706308       -0.0075468204983501                         0      1
   -0.023774253776474       -0.0083093641436433                         0      1
   -0.023365276862354       -0.0090831294632701                         0      1
   -0.024257328447644       -0.0090881204923002                         0      1
   -0.023677815927293       -0.0099131746402074                         0      1
   0.0085698067221712       -0.0088420998411571                         0      1
   0.0098942592037036       -0.0081054176680574                         0      1
    0.011097507863502        -0.014945488403269                         0      1
   -0.017859751272487        0.0074959413268352                        -0      1
  -0.0069115300623225        0.0080786739699047                        -0      1
   0.0015707021922566       -0.0087301365465892                         0      1
 -0.00017907394022206       -0.0087021457229473                         0      1
   -0.025340126936637        0.0038164798058604                        -0      1
  -0.0043353473922981        0.0050059865711174                        -0      1
  -0.0007873135994158         0.007980706087679                        -0      1
  -0.0029624133887425        0.0087733699120648                        -0      1
   0.0045722085132273        -0.012567496942118                         0      1
  -0.0032048210255395       -0.0063801359090806                         0      1
    0.018460223680531        0.0076728071337488                         0      1
   -0.021285056606382         0.012132344420104                        -0      1
   -0.021696695744303         0.012732934882384                        -0      1
  -0.0053799208089644       -0.0055874720886971                         0      1
  -0.0093775190179083       -0.0093128691896582                         0      1
   -0.008952195366962          -0.0100775421864                         0      1
  -0.0080773073007227        -0.010091537598221                         0      1
  -0.0085268717160157        -0.010842215183141                         0      1
  -0.0098270834332013        -0.010063546774579                         0      1
  -0.0031320987324992       -0.0018340841640941                         0      1
   0.0056167819298939       -0.0019740382823038                         0      1
   0.0047418938636546       -0.0019600428704829                         0      1
   0.0043165702127083       -0.0011953698737413                         0      1
   0.0038670057974153       -0.0019460474586619                         0      1
    0.003441682146469       -0.0011813744619203                         0      1
    0.002992117731176       -0.0019320520468409                         0      1
   0.0025667940802297       -0.0011673790500993                         0      1
   -0.014481402829263      -0.00013679322875929                         0      1
    0.010112426082824        0.0055327375669022                         0      1
  -0.0054768838663514        -0.011648874415346                         0      1
   -0.020107573348952        0.0037425534022322                        -0      1
    0.013162413932489        0.0047260783346978                         0      1
  -0.0036301446764858       -0.0056154629123391                         0      1
   0.0077434001846253       -0.0057974032660117                         0      1
   -0.013630755527371       -0.0016661392222424                         0      1
   0.0078646040063591        0.0017793496422992                         0      1
   0.0032477560316949        -0.013304179115218                         0      1
  -0.0072266599988301        -0.011620883591704                         0      1
   -0.014080319942664       -0.0024168168071633                         0      1
   0.0092132972522382         0.004031382397061                         0      1
   0.0088364551299854        0.0078267565571269                         0      1
  -0.0080288257720292       -0.0070608364348964                         0      1
   0.0030163584955227      -0.00041670146517874                         0      1
   0.0016919060139904       -0.0011533836382784                         0      1
   0.0012665823630441      -0.00038871064153679                         0      1
  0.00081701794775106       -0.0011393882264574                         0      1
   0.0086667697795582       -0.0027806975145083                         0      1
   -0.012707385932438        0.0013505665292609                        -0      1
    0.016431212272108         0.037903267995842                         0      1
    0.021794877020212       3.5850617484813E-06                         0      1
  0.00086549947644461         0.001891312936867                         0      1
    -0.01015544402676       -0.0032374714511885                         0      1
   0.0068442713540392       -0.0072987584358529                         0      1
   -0.010203925555454       -0.0062681726145129                         0      1
    0.017014567555352      -0.00064062805431407                         0      1
    0.017889455621591      -0.00065462346613502                         0      1
  -0.0056355591094843        0.0057846549796804                        -0      1
  -0.0052102354585376        0.0050199819829385                        -0      1
  -0.0056597998738302        0.0042693043980176                        -0      1
  -0.0048333933362844        0.0012246078228722                        -0      1
   0.0055683004012004       -0.0050047394456281                         0      1
   0.0060178648164934       -0.0042540618607075                         0      1
  0.00079277718340429       -0.0026547388081195                         0      1
  0.00022200894637746        -0.010982169301351                         0      1
  -0.0035331816190988       0.00044593941430963                        -0      1
  -0.0026582935528595       0.00043194400248865                        -0      1
  -0.0022087291375664        0.0011826215874093                        -0      1
 -0.00081155436300492         0.006465355505503                        -0      1
  -0.0012611187782905        0.0057146779205773                        -0      1
 -0.00053167529812806       -0.0033914209812192                         0      1
    0.011972395929741        -0.014959483815089                         0      1
    0.012858294103276          0.01306750423975                         0      1
    0.012408729687983          0.01231682665483                         0      1
    0.012834053338929         0.011552153658088                         0      1
     0.01195916527269         0.011566149069909                         0      1
    0.011983406037037         0.013081499651571                         0      1
   0.0049598875322211         0.011678052001316                         0      1
   0.0028951546737889       -0.0079934543734896                         0      1
   0.0038427650330685        -0.003461398040324                         0      1
     0.02081574590154       -0.0090365421554324                         0      1
    0.021243147675805       -0.0098024596948553                         0      1
    0.011436878564357        0.0062694197400019                         0      1
    0.012311766630596        0.0062554243281809                         0      1
   -0.015332050131156        0.0013925527647238                        -0      1
   0.0059451425234531       -0.0088001136056941                         0      1
  -0.0065346879400694        0.0042832998098385                        -0      1
    0.003089080788512        0.0041293502798226                         0      1
  -0.0017591647222733        0.0019332991723299                        -0      1
    0.003794283504375       -0.0064920992036483                         0      1
  -0.0038857829770065        0.0057566641560389                        -0      1
  -0.0046747180931524        -0.016208921572154                         0      1
  1.4852174552064E-05        0.0034206589303501                         0      1
  0.00046441658984509        0.0041713365152707                         0      1
   -0.013558033234331        0.0028799125227441                        -0      1
   -0.015283568602462        0.0044232539280482                        -0      1
   -0.014384439771876        0.0059246090978894                        -0      1
   -0.012112376931064         0.011193347604155                        -0      1
   -0.012561941346357         0.010442670019234                        -0      1
    0.014535347942714        0.0084934616711218                         0      1
 -0.00070136064855537        -0.013998875052855                         0      1
   -0.018454760273861       -0.0023468397480584                         0      1
   0.0022626742315502        0.0071740468606095                         0      1
  -0.0078106588929082        0.0065773188000632                        -0      1
  0.00069581412601725       -0.0087161411347682                         0      1
   0.0033932006177755       -0.0042120756252446                         0      1
    0.010174150800421        -0.017962216685304                         0      1
    -0.01878312086742        0.0044792355753318                        -0      1
    0.015119346836793       -0.0097047407206452                         0      1
    0.004437774022232        0.0063813830381174                         0      1
    0.010088185318478          0.00401738698524                         0      1
   0.0047661346280013      -0.00044469228882068                         0      1
  -0.0040312275630853       -0.0033354393339353                         0      1
    0.012360248159289        0.0092861254915053                         0      1
   0.0079615668189446        0.0078407520400795                         0      1
  -0.0022329699019132       -0.0003327289942529                         0      1
    0.012761331045889        0.0070061019131016                         0      1
   -0.019305407575753      -0.00081749375457526                         0      1
   -0.017324218986158        -0.013732029482866                         0      1
  0.00027049047507097       -0.0079514681380266                         0      1
  -0.0066316509974566       -0.0017781025168102                         0      1
  -0.0070812154127496       -0.0025287801017308                         0      1
  -0.0057567629312172       -0.0017920979286312                         0      1
   -0.005331439280271       -0.0025567709253728                         0      1
    0.017232711238135         0.012997514278463                         0      1
  -0.0094744820752953        -0.015374271516307                         0      1
 -5.7870118488252E-05       -0.0011253928146364                         0      1
  -0.0082602233082012        0.0058266412151426                        -0      1
  -0.0026340527885127        0.0019472945841508                        -0      1
   0.0095174170814506       -0.0043100435079915                         0      1
   0.0020202666075496       -0.0079794589616686                         0      1
  -0.0044080696853381        0.0004599348261306                        -0      1
   -0.006583169468763        0.0012525986465141                        -0      1
   -0.012780108225478       -0.0031954852157256                         0      1
   0.0010484154839233        -0.014026865876496                         0      1
   0.0053369027459134        0.0078827382390217                         0      1
  -0.0044565512140316       -0.0025707663371937                         0      1
    0.021939736814603          0.00146074777728                         0      1
  -0.0010054804777679       -0.0056574491478019                         0      1
  -0.0034362185617379        0.0065073417409761                        -0      1
    0.015385995244607        0.0069641156776387                         0      1
  -0.0083087048368948        0.0027959400518183                        -0      1
  0.00031897200376449       -0.0049207669747023                         0      1
   0.0011938600700038       -0.0049347623865233                         0      1
   0.0052884213362279        0.0048520370411174                         0      1
    0.012287525866249        0.0047400737465187                         0      1
    0.018083381736365         0.011468181187162                         0      1
  -0.0097786019045078       -0.0070328456112544                         0      1
  0.00074429565471077       -0.0056854399714439                         0      1
  -0.0052829577515774       0.00047393023795158                        -0      1
   0.0066847370720213         0.010135036828915                         0      1
    0.006868512118386       -0.0057834078541907                         0      1
  -0.0023784144879937       -0.0094248324842259                         0      1
  -0.0071296969414431       -0.0055594812650552                         0      1
   -0.013910634592236        0.0081906372644722                        -0      1
   -0.010386841562932        0.0096500061988504                        -0      1
  -0.0095119534966931        0.0096360107870295                        -0      1
  -0.0090623890814001          0.01038668837195                        -0      1
  -0.0094877127323463         0.011151361368692                        -0      1
  -0.0090381483170533         0.011902038953612                        -0      1
    0.014414144120981       0.00091670876281094                         0      1
   -0.018661914541937         0.012055969361258                        -0      1
 -0.00060439759116834       -0.0079374727262057                         0      1
   0.0061390686382272        0.0033226910476033                         0      1
   0.0033447190890819       -0.0072427767885689                         0      1
   -0.004784911807591        0.0042553089861966                        -0      1
    0.010368064383343       -0.0058393895014746                         0      1
   -0.011431414979599      -0.00094345246096381                         0      1
   -0.011856738630546      -0.00017877946422224                         0      1
   0.0094689355527573       -0.0073407446713158                         0      1
   0.0062977438813592        -0.014110838347422                         0      1
    0.017415650441951       -0.0029206516327178                         0      1
  -0.0033745063759668        -0.016987589980716                         0      1
   0.0029193954381357       -0.0064781037918274                         0      1
  -0.0061578458178167       0.00048792564977256                        -0      1
   0.0071109197618535         0.009370097962431                         0      1
   0.0070381974686739         0.004824046217485                         0      1
   0.0079373262794544        0.0063254013930811                         0      1
   0.0084349051436687         0.010107029681305                         0      1
   0.0089466488444239        -0.012637474001223                         0      1
  -0.0013338410713271        0.0011686261755883                        -0      1
   0.0050460136928671        -0.010301468775535                         0      1
    0.017512613499338        0.0031407506939309                         0      1
    0.010015463025437      -0.00052866475974647                         0      1
   0.0078161224776656       -0.0012513515210252                         0      1
  -0.0037271077338728        -0.011676865238988                         0      1
    0.016613484668752        0.0016393955240897                         0      1
  -0.0061093642891232        0.0035186268130969                        -0      1
  -0.0051699057807276        -0.019977772666246                         0      1
  -0.0055975381291276        -0.019223111361492                         0      1
    0.004534161533432         0.012442474267551                         0      1
   0.0054228558151198        -0.014096842935601                         0      1
    0.018193575450804       -0.0089960493711873                         0      1
   -0.017749555071225        -0.012968133773949                         0      1
    0.015956583989429          0.01529024842848                         0      1
   0.0034901636751625         0.001849326701404                         0      1
    0.006965475175773       0.00027799447245798                         0      1
    0.020137006754206        0.0030997737535917                         0      1
    0.019711434120658        0.0038648536130324                         0      1
   0.0028466731450954        -0.011024155536814                         0      1
 -0.00055591606247482       -0.0049067715628813                         0      1
  0.00039169429680479      -0.00037471522971582                         0      1
   -0.011929460923586       -0.0047248312092088                         0      1
   0.0053986150507731        -0.015612193517263                         0      1
  -0.0026098120241659         0.003462645165813                        -0      1
  -0.0027794973745932       -0.0071448089058222                         0      1
   0.0080717607781845        -0.012623478589402                         0      1
    0.017609576550078        0.0092021530245606                         0      1
  -0.0098645549086073         0.014946732152564                        -0      1
   -0.017251511614062       -0.0091869104832696                         0      1
  -0.0076277428854297       -0.0093408600133002                         0      1
   0.0036488389182944        -0.015584202693621                         0      1
   -0.013461070176943        0.0089413148493928                        -0      1
   0.0046206900419208       -0.0095367957787937                         0      1
   -0.010726212263787         -0.01156490194442                         0      1
  -0.0012236473568886        -0.019295604382762                         0      1
  -0.0047121895145529        0.0088013607311847                        -0      1
   -0.013789433645212         0.015767209305753                        -0      1
    0.003695925233814         0.024298935439073                         0      1
  -0.0012368780140958        0.0072300285023427                        -0      1
     0.01101155491341        0.0070340927367435                         0      1
   0.0053126620868727         0.006367387626761                         0      1
    0.011060036442104         0.010064793900068                         0      1
    0.011934924508343         0.010050798488247                         0      1
  -0.0079561034789889       -0.0025147846899098                         0      1
   0.0057137449872544        0.0040873640443526                         0      1
  -0.0083571863655884      -0.00023476111150607                         0      1
  -0.0081742703581096         -0.01615293992487                         0      1
     0.01031958285465       -0.0088700906647991                         0      1
   0.0057996979373726        -0.017892217095667                         0      1
   -0.012379025338879       -0.0054755087941294                         0      1
   0.0079739331876475         -0.01868405751445                         0      1
    0.017213822811739        -0.015037997996521                         0      1
      0.0176538934947        -0.015915924143009                         0      1
  -0.0019530908370474        -0.010189505480968                         0      1
  -0.0018561277796604       -0.0041281031543188                         0      1
   -0.009049158424349        -0.016138944513049                         0      1
    -0.01599504555475         0.015040018531721                        -0      1
    0.009590139374491       0.00023600823699509                         0      1
   -0.011977942452279       -0.0077555323725331                         0      1
   0.0052399398076412        0.0018213358777621                         0      1
    0.018715835986347       -0.0036993345990151                         0      1
   -0.012658904403744        0.0043812676925853                        -0      1
   -0.021383544301791        0.0060365723924569                        -0      1
   0.0024213494941491        -0.010259482540072                         0      1
  -0.0092805559605212       -0.0032514668630095                         0      1
    0.007573714834198        -0.016404857337647                         0      1
  -0.0047358996919381        -0.020676892261891                         0      1
  -0.0042954267763522        -0.019986108074165                         0      1
    0.017063049084045        0.0023900731090103                         0      1
   0.0057622264963934        0.0071180652133588                         0      1
   0.0036834523046694         0.026463964613826                         0      1
   -0.025857438705886       2.8078228652097E-05                        -0      1
   -0.026407081300215       0.00077732509719785                        -0      1
   0.0024455902584959       -0.0087441319584102                         0      1
   0.0013393046560844        0.0041573411034497                         0      1
    0.010039703789784       0.00098668582191569                         0      1
   0.0084111314374535         0.008591429565952                         0      1
    0.016589243904406       0.00012404494242751                         0      1
    0.017038808319699       0.00087472252734812                         0      1
    0.011692516864876       -0.0051027073283751                         0      1
   -0.017275752378409        -0.010702261064932                         0      1
  -0.0075307798280426       -0.0032794576866514                         0      1
   0.0055198188725069       -0.0080354406089525                         0      1
   -0.016477478808085         -0.01526412479315                         0      1
    0.012518923402422       -0.0081474039035204                         0      1
    0.014632306204837         0.014554564233856                         0      1
   -0.019208444518366        0.0052439085720734                        -0      1
    0.012190562808862       -0.0013213285801299                         0      1
    0.013891857412647       -0.0043800205670963                         0      1
  -0.0052344762228839         0.003504631401276                        -0      1
   0.0070871750388153         0.032437331024287                         0      1
   0.0067777593556271         0.031894297865543                         0      1
   0.0074027488264182         0.031897856035774                         0      1
 -0.00095699894907433       -0.0026267479844776                         0      1
   -0.015100652594984        -0.011494924885315                         0      1
   -0.019924657341473        -0.012175625411131                         0      1
   -0.020799545407713         -0.01216162999931                         0      1
   -0.020341294045009        -0.012907988063209                         0      1
   -0.021252905667319        -0.012962044335775                         0      1
   -0.016704984141382       -0.0023748305717004                         0      1
  -0.0034847000904052         0.003476640577634                        -0      1
  -0.0009812397134211       -0.0041420985661398                         0      1
    0.016236642546499        0.0054347696841556                         0      1
    0.019807858350613        0.0099242508855993                         0      1
   -0.020581378528592        0.0014765252356495                        -0      1
    0.016309364838514        0.0099808214297561                         0      1
   -0.021152146765619        -0.006850905257582                         0      1
    0.012239044337556        0.0017093725831944                         0      1
  -0.0092320744318277      -0.00022076569968511                         0      1
   -0.010739442737874         0.014960730240402                        -0      1
    0.012093599751475       -0.0073827309067788                         0      1
   -0.012427506867572       -0.0085062099574537                         0      1
    0.010176133247134         0.029831992442736                         0      1
    0.010511397436968         0.030424149060839                         0      1
   -0.010276647848494        -0.010814224359499                         0      1
   -0.016753465670075       -0.0054055317350247                         0      1
   -0.014699569708384        -0.013774948463719                         0      1
   -0.022282673132377        0.0045352172226158                        -0      1
    0.013998163775928         0.029219116835484                         0      1
   -0.017385946092847         0.009761969493418                        -0      1
    0.012615886459808       -0.0020860015768716                         0      1
   -0.020654100821632       -0.0030695265093371                         0      1
   -0.020034851055912        0.0082886051472187                        -0      1
   -0.010690945016504         0.017991422100488                        -0      1
   0.0052641805719747        0.0033366864594281                         0      1
    -0.02225843236803        0.0060505678042779                        -0      1
   -0.014335958243183        0.0089553102612137                        -0      1
    0.013259376989875         0.010787480661346                         0      1
    0.013708941405168         0.011538158246267                         0      1
    0.017391405641372       -0.0044360044593989                         0      1
    0.018290534146059       -0.0029346494708279                         0      1
    -0.01940237063314       -0.0068788960812239                         0      1
   -0.022493113252252       -0.0090986402622386                         0      1
  -0.0024026552523405        -0.010940183065888                         0      1
  -0.0076519836497763        -0.010856210594962                         0      1
    0.019310837788101        0.0061434810196208                         0      1
   0.0084728436647841        -0.014903502167806                         0      1
   -0.020156054877646       0.00071185223890789                        -0      1
    0.010209076553531         0.011594264864636                         0      1
  -0.0037998300269131        -0.016222916983975                         0      1
    0.015081875415394         0.015305541582691                         0      1
   0.0070934313757928         0.031351777130947                         0      1
  -0.0051242825084454        -0.016959599157074                         0      1
    0.014438384885327        0.0024320593444731                         0      1
   0.0061633094023891        0.0048380416293192                         0      1
  -0.0020500538944345        -0.016250907807616                         0      1
 -0.00079827002519707        -0.020056921662361                         0      1
   0.0070512567719536         0.040019388576441                         0      1
   0.0097730553819696        -0.015682170576368                         0      1
    0.015095106072446        -0.011220091302307                         0      1
   -0.010289877422051         0.015711403101527                        -0      1
    0.020468519102801       -0.0022050930040453                         0      1
    0.020064555405016       -0.0014472872865185                         0      1
    0.006474352213893         0.030268666149061                         0      1
    0.014244458770554       -0.0096907453088243                         0      1
   -0.018831602396113        0.0014485344120075                        -0      1
 -8.2110882835023E-05       -0.0026407433962986                         0      1
  -0.0029249419606738        -0.016236912395796                         0      1
    0.015496188959045        -0.013500114880711                         0      1
   0.0079855791913077        0.0093562042156542                         0      1
   -0.012570487802144        -0.017597178206911                         0      1
   -0.013436832132051        -0.017578824756988                         0      1
  -0.0059991705746847        -0.016945603745253                         0      1
   0.0057379857478766         0.005602714627097                         0      1
    0.017840964294806       -0.0036853300793187                         0      1
   -0.016888433234395         0.013539249110749                        -0      1
    0.011813720686609         0.002474045579936                         0      1
    0.010914591856023       0.00097269041009475                         0      1
  -0.0050030786867116       -0.0093828462487631                         0      1
    0.015484484801283         0.039521703072054                         0      1
    0.016893363733618       -0.0082173809626249                         0      1
    0.017318687384565       -0.0089820539593664                         0      1
    0.020233005542579        0.0091594797394812                         0      1
      0.0146697824215        -0.010455418305566                         0      1
   0.0048146161566927        0.0025860088745043                         0      1
   -0.010798934556828        -0.016110953689407                         0      1
    0.016830510776949          0.01527507069162                         0      1
    0.019919110818936        -0.010539390776491                         0      1
    0.011264630279505         0.027203385023237                         0      1
  -0.0019773316013942         -0.01170485606263                         0      1
   -0.020933979886498        0.0067872499773775                        -0      1
   -0.023230283491657       3.1608894502352E-06                        -0      1
  -0.0062063273465103       -0.0025427755135518                         0      1
  0.00064733259732374        -0.011746842298093                         0      1
  -0.0077563207396405        -0.018423581950625                         0      1
   0.0084486029004373        -0.016418852749468                         0      1
    -0.01164958185872        -0.014581607695924                         0      1
 -0.00037288099414226        -0.020817507585608                         0      1
 -2.7826155572911E-05        -0.021562060062583                         0      1
 -0.00089668460091655         -0.02153830669688                         0      1
   -0.022756478312017         0.002269189056033                        -0      1
   -0.012233580752798        0.0036165946958437                        -0      1
   0.0067592757942723         0.035141462277638                         0      1
   -0.021359303537444        0.0075519229741191                        -0      1
   -0.020909739122151        0.0083026005590397                        -0      1
    0.020282722284137         0.012190867948441                         0      1
   -0.019035249989782         0.014312103956957                        -0      1
   -0.019804428870041         0.014387580133793                        -0      1
  -0.0099615179119861        0.0088853332021088                        -0      1
  0.00036745353245802        -0.001890065811378                         0      1
   -0.020855701837784         0.011338793411071                        -0      1
  -0.0089764361313087        -0.011592892768062                         0      1
   0.0085213251934777        -0.011872801004481                         0      1
   -0.018126399680301       -0.0091729150714486                         0      1
    0.012426767602343         0.030868564105673                         0      1
   -0.024200398338527        -0.006043522861302                         0      1
   0.0027497100877084        -0.017085557863463                         0      1
  -0.0016247302434882        -0.017015580804358                         0      1
   -0.012683145168091        0.0028659171109231                        -0      1
    0.020790863324438        -0.010555036179653                         0      1
  3.9092938898186E-05        0.0049360095120127                         0      1
   -0.020775304643366        -0.010646279417648                         0      1
    -0.01251345981692         0.013473371182025                        -0      1
   0.0048769646455173        -0.020911481571751                         0      1
   0.0057512164086793        -0.020922918258991                         0      1
   -0.005781003695564       -0.0033074485102934                         0      1
    0.011218711685236       -0.0073687354949579                         0      1
    0.017816726538772       -0.0052006789877078                         0      1
    0.011364156271316        0.0017233679950154                         0      1
   0.0088981673157303        -0.015668175164547                         0      1
    0.015482956121534          0.01302551679148                         0      1
   0.0014737391348695        -0.014791538873238                         0      1
    0.018667380630444       -0.0067300212046046                         0      1
    0.017111530483388        0.0054207743497998                         0      1
  -0.0040069867987386       -0.0018200887522731                         0      1
    0.015022383779406        -0.015766143047294                         0      1
    0.010983989649867         0.026646296251835                         0      1
   -0.024955818859788        0.0015465022947544                        -0      1
    0.021089705738165        0.0091398451683989                         0      1
   -0.019281166811406       0.00069785682708689                        -0      1
   -0.011110733659462         0.018772122771921                        -0      1
    0.013252577398424        -0.017310505952998                         0      1
   0.0079308388730804         0.048135194547287                         0      1
   0.0044752454558403        -0.018628899268767                         0      1
 -0.00030027776195583        -0.016278898631258                         0      1
  -0.0081390209646277          0.01340339245078                        -0      1
    0.014317181063594       -0.0051446935638378                         0      1
   0.0012423415986973        -0.001904061223199                         0      1
    0.011084281700556         0.011580069188347                         0      1
   -0.023703965345019        -0.002262925038756                         0      1
  -0.0045535142714186       -0.0086321686638425                         0      1
   -0.012257821517145        0.0021012441141815                        -0      1
    -0.01388639382789        0.0097059878461343                        -0      1
    0.013113932403795        0.0016953771713734                         0      1
    0.013988820470034        0.0016813817595525                         0      1
   -0.018527482566901       -0.0068928914930449                         0      1
    0.003939728090454        0.0026000042863251                         0      1
    0.015507139108909         0.014540586069544                         0      1
   0.0064189477030929       -0.0065340854391113                         0      1
   -0.021216371417399        -0.011392230475255                         0      1
 -0.00083579512734152         0.004950004923834                        -0      1
   0.0021172296649366       -0.0019180566350199                         0      1
  -0.0092078336674809        0.0012945848819771                        -0      1
   -0.006814614757307         0.014140024412565                        -0      1
    0.012705920094308         0.033551868699687                         0      1
    0.012080930214881          0.03354831196718                         0      1
   0.0030648400242147         0.002613999698146                         0      1
    0.012737090281542        0.0054907513314393                         0      1
    0.011533841621744         0.012330822066651                         0      1
   -0.024621162034698       -0.0067795966130885                         0      1
   -0.025029225424401        -0.007431460951505                         0      1
    0.014462625649674        0.0039474099261353                         0      1
   0.0040741625692407        -0.016348875690363                         0      1
   0.0064431884674397       -0.0050187348574491                         0      1
     0.01635781676197         0.013011506124978                         0      1
    0.014013061234381        0.0031967323412147                         0      1
    0.013621838719371         0.037346002133621                         0      1
    0.012384488923636         0.010801476073167                         0      1
    0.013186654696835          0.00624142891636                         0      1
   0.0051672175146009       -0.0027247158672244                         0      1
  -0.0050758009797519         -0.01392889799375                         0      1
   0.0064674292317864       -0.0035033842757869                         0      1
   -0.022707996783323        0.0052998902193573                        -0      1
     0.01060047369629        -0.018729528286356                         0      1
   -0.016929423971312        -0.015985187943246                         0      1
   0.0052361251088024         0.028097010095345                         0      1
   0.0049211161886776          0.02863617197623                         0      1
   0.0049264870965234         0.027554074152648                         0      1
   -0.010981850564306      -0.00019277487604321                         0      1
    0.016686206798725        0.0061854473667339                         0      1
   0.0040050701538806         0.024841944245453                         0      1
   -0.019909950841532         -0.01366229803779                         0      1
    -0.02048937140011        -0.014426993233739                         0      1
    0.013940338941341       -0.0013493194037718                         0      1
  -0.0072024192344834        -0.010105533010042                         0      1
    0.011128040990242         0.036249257912659                         0      1
   -0.015781614546449         0.000641875179803                        -0      1
    -0.01885584316046      -6.6816169654687E-05                         0      1
  -0.0062790496395506       -0.0070888272585384                         0      1
   -0.011832497866199        0.0013365711174399                        -0      1
   0.0025425533158829       -0.0026827296317615                         0      1
    0.021634520114745       -0.0090508457783753                         0      1
    0.022104814278116       -0.0098857167514534                         0      1
    0.021599286402209        -0.010625148664309                         0      1
  -0.0067043732904968       -0.0063241542617968                         0      1
   0.0034174413821222       -0.0026967250435825                         0      1
   0.0042923294483615       -0.0027107204554034                         0      1
    0.010750840936675          0.04761387464482                         0      1
    0.011509601606414         0.010815458936091                         0      1
    0.018314869318889          0.03898647299348                         0      1
    0.018940153076579         0.039025608956236                         0      1
    0.010198379032916         -0.01644684357311                         0      1
   0.0098842230118691         0.035159628692731                         0      1
   -0.016559539555301        0.0067172729182727                        -0      1
   -0.015027930301944       -0.0069488731403287                         0      1
    0.018217816215151       -0.0074806987895252                         0      1
    0.014037301998728        0.0047120829228768                         0      1
   0.0055925411655471        -0.003489388863966                         0      1
   -0.019378129868793       -0.0053635454995618                         0      1
    0.015168908977675         0.040061181430798                         0      1
   0.0053501335220796        -0.018642894680588                         0      1
   0.0092408692232053         0.038403545069348                         0      1
     0.00263951637326        0.0033786726948901                         0      1
    0.017768251799858       -0.0082313763744458                         0      1
    0.015806222396839         0.037899710495203                         0      1
    0.012347211881043         0.041668944004954                         0      1
    0.014890249792189          0.03410553204253                         0      1
   -0.011407174215253       0.00057189812069836                        -0      1
   -0.014602606650997       -0.0077135461370703                         0      1
    0.011418969733138         0.040039836432099                         0      1
    -0.01055652691336      -0.00095744787278476                         0      1
   -0.025014455313458       -0.0030032783110798                         0      1
   -0.014626847415344       -0.0092288967187325                         0      1
   -0.015259327838116        0.0059386045097103                        -0      1
   0.0086162641505324         0.038399826187418                         0      1
   -0.018430519509514      -0.00083148916639627                         0      1
   -0.015647863873993          0.01728896809461                        -0      1
   -0.018102158915955       -0.0076575644897864                         0      1
    0.014296920434233         0.027591622245508                         0      1
  0.00057461030428347        -0.016292894043079                         0      1
  -0.0076894550711742         0.014154071708374                        -0      1
   -0.013436829412597         0.010456665431055                        -0      1
   0.0057754571730259        -0.019407567677329                         0      1
   -0.010763683679977         0.013445380355186                        -0      1
     0.01481522700758       -0.0013633148155928                         0      1
   0.0022141927222714         0.004143345691644                         0      1
    0.016388079868476         0.045480867523094                         0      1
    0.015763089993207         0.045477310022401                         0      1
   0.0092715722524713          0.03299117187908                         0      1
    0.015192069129833       -0.0051586889756587                         0      1
    -0.02280495984071      -0.00076151210729139                         0      1
    0.010623717304355        -0.017211542855472                         0      1
    0.011483169126837         0.028842379234094                         0      1
  -0.0077004651784699        -0.013886911758287                         0      1
   -0.008734028487841        0.0035606130485598                        -0      1
   0.0040850436379575         0.011692047099928                         0      1
   -0.010325129377188        -0.013844925522824                         0      1
    0.011110035044569          0.01309182932198                         0      1
  -0.0055628368796402         0.010330706616077                        -0      1
   -0.014250005293091        -0.013024270878798                         0      1
   -0.010774693792481        -0.014595603107745                         0      1
     0.01422218150685         0.041679616507032                         0      1
   -0.018005195858567       -0.0015961621631378                         0      1
    -0.01505217106629       -0.0084642237219909                         0      1
   -0.017579872207621       -0.0023608351598794                         0      1
   0.0040609196983455         0.010176760743595                         0      1
    0.016722141007926         0.041693846509802                         0      1
    0.010787818079235         0.041118793144433                         0      1
    0.010478404120528         0.040575757356673                         0      1
   -0.024032449264855        0.0045632080462577                        -0      1
    -0.02273223754767        0.0037845396376952                        -0      1
   -0.023157561198616        0.0045492126344367                        -0      1
   0.0027364790337518        0.0094400751368847                         0      1
    0.015542953685773         0.028695352999861                         0      1
   -0.010131203262414       -0.0017221208695263                         0      1
   -0.016729224905729       -0.0038901811533625                         0      1
   -0.017154548556675        -0.003125508156621                         0      1
    0.016109474676552         0.039525260572746                         0      1
   -0.010034240205027        0.0043392814571223                        -0      1
   -0.011127295150387       -0.0092848783660163                         0      1
   0.0017888690713262        0.0049080186883854                         0      1
    0.006202106925721        -0.020147084803962                         0      1
    0.010800141742339         0.038953764799991                         0      1
   -0.010106962498067      -0.00020677028786416                         0      1
    0.010793979917068         0.040036278977056                         0      1
   -0.022428117718458       -0.0045568862673574                         0      1
   0.0014120269323896        0.0087033928533419                         0      1
    0.001837350567761        0.0079387198610968                         0      1
  -0.0077136975600415         0.012638719175259                        -0      1
    0.011564517611689          0.01383915068053                         0      1
  -0.0096573980827739       0.00054390729705645                        -0      1
   -0.016303901254782       -0.0046548541501042                         0      1
   -0.012987264997304         0.011207343015975                        -0      1
   -0.005877966752951       -0.0093688508369421                         0      1
    0.016260883264953        0.0069501202933021                         0      1
   -0.010580767677707        -0.002472798454447                         0      1
   0.0099669814967436       -0.0035593659230709                         0      1
    0.014577666396289        -0.016556484136094                         0      1
   0.0067654358953189         0.034059314344814                         0      1
   0.0070748500245623          0.03460228554967                         0      1
    -0.02166601029196        -0.012134762045371                         0      1
    0.012656625932704         0.042211979864391                         0      1
    0.007221113476292        -0.011094132595919                         0      1
  -0.0081632605382341         0.011888043216549                        -0      1
   -0.011213248098866         0.012694702772841                        -0      1
   -0.010459563855973        0.0051039544538639                        -0      1
  -0.0086128247140104         0.011137365902664                        -0      1
    0.019116917138913       -0.0059793591419167                         0      1
    0.017279598187705         0.015995448164502                         0      1
     0.01815264782073         0.015939668840709                         0      1
      0.0120141164001         0.014589942342135                         0      1
    0.011745383286319         0.038420579124242                         0      1
  -0.0081875010231447         0.010372692951095                        -0      1
    0.013602885155727         0.029742327271898                         0      1
    0.017677505116186         0.038991233594953                         0      1
    0.018288967883438         0.040081597037275                         0      1
   -0.023181801962963        0.0030338620527746                        -0      1
  -0.0086370654317845        0.0096220153737028                        -0      1
   0.0010241747195765        -0.015542216458159                         0      1
   -0.009401759782255         -0.01082821977132                         0      1
    -0.01000999944068        0.0058546320387845                        -0      1
  -0.0096331573184271        0.0020592578787186                        -0      1
    -0.01341258864825         0.011972016012717                        -0      1
  -0.0095604350253867        0.0066053096237051                        -0      1
   -0.015878577603836       -0.0054195271468457                         0      1
  -0.0082117417797294         0.008857342378216                        -0      1
    0.014816362522383         0.047095745098636                         0      1
  -0.0082359825438544        0.0073419917968048                        -0      1
   -0.015162364780728         0.012000006836359                        -0      1
   -0.010701971499441        -0.010049551362758                         0      1
  -0.0077864181285984        0.0080926693816836                        -0      1
  -0.0091835929031341        0.0028099354636392                        -0      1
    0.010343823618997       -0.0073547400831369                         0      1
  -0.0086855469591475        0.0065913142118842                        -0      1
    0.015835559656065        0.0077147932648561                         0      1
   -0.011588665206418         0.019469740152191                        -0      1
   -0.022624049528421        0.0098427094127182                        -0      1
    0.017656542280331         0.042240438317128                         0      1
    -0.01545325395289       -0.0061842001435872                         0      1
    0.016747369484371         0.037363284054539                         0      1
   -0.024899134473681        0.0045723727013708                        -0      1
    0.019993617142861       -0.0059923467242929                         0      1
     0.01541023600865        0.0084794662594829                         0      1
   0.0086799414003203         0.029206202241838                         0      1
   -0.010349370141535        -0.015360276104486                         0      1
     0.01824204911589       -0.0059653525817305                         0      1
    -0.01253770058201         0.011958020600896                        -0      1
   -0.012088136165581         0.012708698185003                        -0      1
    0.010817628798636        -0.005088711916554                         0      1
    0.015824336835316         0.034651919867089                         0      1
   0.0036595409293039         0.012456612946792                         0      1
    0.009537839028671         0.041111678682798                         0      1
   0.0013877861761247        0.0071880422692999                         0      1
   0.0018131098294325        0.0064233692718633                         0      1
   0.0036355804339899         0.010941421915295                         0      1
   0.0022384334866705        0.0056586962732909                         0      1
    0.011449778585798         0.034627265335732                         0      1
   -0.022002794067511        -0.005321559264099                         0      1
    0.011766536938035         0.029396510102681                         0      1
    0.016103312904605         0.040607774790928                         0      1
  -0.0046879487624896         0.010316711295937                        -0      1
     0.01108490858661         0.043826857439933                         0      1
    0.011709898461879         0.043830414940626                         0      1
    0.018595309134667         0.039552804699638                         0      1
     0.01396206159292          0.03247647388632                         0      1
    0.012662787704651         0.041129465646209                         0      1
    0.016135210153436         0.028694692249171                         0      1
   0.0089437021123912         0.035695524023894                         0      1
   -0.016109975140008        0.0074679505031934                        -0      1
   0.0092037771888556         0.044898699156038                         0      1
   -0.014287476714489         0.011986011424538                        -0      1
    0.020454237776464       -0.0052355194895776                         0      1
    0.015859800422472        0.0092301438452845                         0      1
    0.011624429508599           0.0153312990411                         0      1
    0.011963412025214         0.016056281817187                         0      1
   0.0048930841073686         0.038533737914145                         0      1
   -0.019827694284086       -0.0061142230844824                         0      1
    0.011291433978276       -0.0028226837499712                         0      1
    0.016129456677795         0.036276460989981                         0      1
    0.015793898852944          0.04006473893149                         0      1
   -0.015611929196021         0.011249329251438                        -0      1
     0.01039230514769       -0.0043240389198125                         0      1
   -0.016486817262261         0.011263324663259                        -0      1
   -0.012804348989825       -0.0047108357973879                         0      1
    0.013490774526048       -0.0020999969886925                         0      1
   0.0046068433221301         0.033470337971956                         0      1
   -0.016511058026608        0.0097479740815972                        -0      1
    0.018570419187637        -0.012791322599807                         0      1
    0.017270205855871        -0.012012755122691                         0      1
    0.010168990927783         0.040032722159545                         0      1
   -0.013679237056065       -0.0046968403855669                         0      1
   0.0058371933313191         0.032430219262285                         0      1
    0.010496889343026         0.037328214630148                         0      1
   -0.014128801471357       -0.0054475179704875                         0      1
   -0.017057585499288        0.0029358941700277                        -0      1
   0.0089559808566694         0.033530521114779                         0      1
   -0.021127906001272         -0.00533555467592                         0      1
   0.0055287720254926         0.031886121350005                         0      1
    0.010769332763002         0.044366335798678                         0      1
    0.017334801587828         0.043862429082451                         0      1
    0.019524269490421         0.043334354268779                         0      1
   0.0083187197055716         0.035691962265603                         0      1
   0.0082878888989083            0.041104586522                         0      1
    0.020123646901392         0.046589782194885                         0      1
    0.020435119952335         0.047131330487251                         0      1
    0.020104676580232         0.047623996817313                         0      1
    0.020774759264638         0.047715538940359                         0      1
    0.021066261275073         0.047131320105563                         0      1
   -0.020702582350326       -0.0061002276726615                         0      1
   -0.014578365886651       -0.0061981955554081                         0      1
    0.016439798463789         0.036818697514418                         0      1
   0.0089621426286166         0.032448006896597                         0      1
   0.0067304843975045         0.040554755345541                         0      1
    0.011771514746893         0.033005546367712                         0      1
    0.010162828203575         0.041115235643439                         0      1
    0.011753030865511         0.036252815413351                         0      1
    0.015212716228449         0.032483258108322                         0      1
   -0.025913020992059        0.0045764442342753                        -0      1
    -0.02620754904828        0.0053558718666411                        -0      1
    0.015509060821111         0.035191642795515                         0      1
    0.016412726956266         0.041150810650365                         0      1
    0.015969994138685        -0.011234086714128                         0      1
    0.017340966014301         0.042779916417072                         0      1
    0.014562404418246          0.03681008127601                         0      1
     0.00733831554859          0.04380441105497                         0      1
   -0.016608021083995        0.0036865717549484                        -0      1
   0.0085788379868554         0.044895112782443                         0      1
    0.015070865308099         -0.01273544188397                         0      1
    0.012122399277004         0.029945166109093                         0      1
   -0.016158456668702        0.0044372493398691                        -0      1
   0.0092531247822584         0.036238554973769                         0      1
   0.0098719242735721         0.037324643014539                         0      1
   0.0092473919572996          0.03732082479616                         0      1
    0.017650357355021          0.04332293899141                         0      1
    0.011765354406215         0.034087787566382                         0      1
   -0.013423555285736        -0.016068943275324                         0      1
   0.0064302985406822         0.040018411596511                         0      1
    0.017031554810061         0.042236882223276                         0      1
   -0.015708892253409        0.0051879269247897                        -0      1
    0.010763170991054          0.04544885001686                         0      1
   -0.013824681642145         -0.01378894387554                         0      1
    0.013615676947424         0.038428516351798                         0      1
   0.0080960015425315         -0.01110812800774                         0      1
   -0.013848915161524        -0.015304290427432                         0      1
    0.013746412826567        -0.013472124057069                         0      1
    0.012304079477411         0.049246543532229                         0      1
    0.012446201109381        -0.012693455648507                         0      1
    0.019832820819967           0.0449618354172                         0      1
    0.011072585042715         0.045991885876298                         0      1
    0.016451141985499         0.035732323333269                         0      1
    0.015523147683278            0.033025782821                         0      1
    0.011113963134406         0.038416185910695                         0      1
    0.011145989392196        -0.011914787239944                         0      1
    0.019493106360771         0.047635800663418                         0      1
    0.014216019734902         0.042762130725214                         0      1
    0.010696424976903        -0.012665464824865                         0      1
   0.0093962132597171        -0.011886796416302                         0      1
   0.0088642962318122         0.049761818729911                         0      1
    0.013874854246447         0.047639384885318                         0      1
    0.011458077129903         0.037800849802268                         0      1
     0.01239584059325         0.037366431321961                         0      1
    0.013263135994902         0.045462113280119                         0      1
    0.013554154958187         0.049236840425987                         0      1
    0.014217122234227         0.049269798722538                         0      1
     0.01640656514273          0.04223332484422                         0      1
    0.015520429723392        -0.011984764299049                         0      1
     0.01419597724186        -0.012721446472149                         0      1
    0.012025474285487         0.043290936581881                         0      1
   0.0091914819773732         0.047063711448999                         0      1
    0.011685244863605          0.04816046800495                         0      1
    0.017644214680911         0.044405464381153                         0      1
    0.012341050109095         0.042751458223136                         0      1
    0.013634162263108         0.035180973726457                         0      1
    0.018269185814737         0.044409010918763                         0      1
    0.011045034661853         0.025566171299596                         0      1
   0.0061530513895495         0.031890426346267                         0      1
   0.0064683679668812         0.031350703172031                         0      1
    0.014185210875166         0.048174701816125                         0      1
   -0.004262625104384        0.0095520383153738                        -0      1
    0.011375828641783         0.047617430876045                         0      1
    0.008566555053453         0.047060008737822                         0      1
    0.011369934174281         0.048699702751166                         0      1
     0.01201931251354         0.044373450800063                         0      1
    0.014841009610171         0.042765688225906                         0      1
   0.0041461083371984         0.037750437642912                         0      1
     0.01437069075267         0.022519869332892                         0      1
    0.012966039984364         0.042755015723829                         0      1
    0.014896851282219         0.033022860613484                         0      1
   0.0064474356208876         0.044327663212768                         0      1
  -0.0042141435705642         0.012582739479428                        -0      1
    0.017945282646858         0.048209334584755                         0      1
    0.013584514203463         0.045966981878158                         0      1
    0.013000845781505          0.03734703533121                         0      1
    0.013937414542972         0.036806523776132                         0      1
    0.013281615807972         0.042215537365084                         0      1
    0.015150423661832         0.043308724085343                         0      1
   0.0061588780239555         0.030807896276321                         0      1
    0.018578621075976         0.044952059185055                         0      1
    0.019204313940748         0.044956060023717                         0      1
    0.005230879050686         0.029178974354507                         0      1
   0.0058498353059959         0.030264804360098                         0      1
    0.013906605683241         0.042219094865776                         0      1
   0.0045846922313354         0.039568317582922                         0      1
   0.0044401616660001         0.038964741491771                         0      1
   0.0055407949389496         0.029721567993847                         0      1
   0.0058192642469232         0.044411758658888                         0      1
  -0.0042383844181898          0.01106738877335                        -0      1
   0.0046068846085639         0.029174785163572                         0      1
   0.0042969442705301         0.028632117164825                         0      1
    0.011950894871716         0.026158310743673                         0      1
   0.0085411145469538         0.026568448857549                         0      1
   0.0046118605895253          0.02809304751902                         0      1
   -0.003339258972896         0.012568725231149                        -0      1
   0.0051483962300949         0.039730281652498                         0      1
   0.0043076642660846         0.026467746286895                         0      1
    0.011326541779381         0.026123813291339                         0      1
   0.0043023103397621         0.027550082672668                         0      1
   0.0039928279034919         0.027007031343194                         0      1
   0.0033658907652554         0.027003308864934                         0      1
   0.0073119887796705         0.025372833473774                         0      1
    0.013259361900587         0.025149060096583                         0      1
   0.0027256199683331         0.027003266474359                         0      1
     0.01376345332883         0.021355220132114                         0      1
   0.0046364818795715           0.0237629605309                         0      1
   0.0046290740326689         0.024844973104752                         0      1
   0.0091740774059697         0.025455990635552                         0      1
    0.011388402743111         0.025043047864242                         0      1
   0.0014605066412635         0.011734095441529                         0      1
   0.0043206226658421         0.024302333532545                         0      1
    0.010764397538999         0.025007442097959                         0      1
  -0.0020148569247102         0.013305643763658                        -0      1
    0.012698155265474         0.024033393224277                         0      1
   0.0080013215825308         0.024315065840612                         0      1
    0.012478693978479         0.022394425422673                         0      1
   0.0052614544185298         0.023766502843602                         0      1
   0.0036831329487659         0.013971593106743                         0      1
   0.0023838727380089         0.014750803074959                         0      1
   0.0098595202804358         0.024413571587109                         0      1
   0.0028089598673061          0.01398598536924                         0      1
   0.0067963620820741          0.02430351836018                         0      1
   0.0086770896391936         0.023263886130303                         0      1
    0.012135854379945         0.022917008011201                         0      1
    0.012759845701499         0.022952616989854                         0      1
   0.0055770686694395         0.023227109703545                         0      1
    0.013040990254729         0.023510812604874                         0      1
    0.013322139109454         0.024069005959172                         0      1
    0.013603107311464         0.024627079188448                         0      1
    0.014160644973568         0.025704551359882                         0      1
     0.01388210817618         0.025178128831737                         0      1
   0.0052676375952532         0.022684547798591                         0      1
    0.010545132552031          0.02336840063237                         0      1
    0.010826255376649         0.023926555347655                         0      1
    0.010949773032028         0.021765227383163                         0      1
  -0.0028677887537791         0.014836196050844                        -0      1
   0.0074436405939313         0.023232934273039                         0      1
    0.010483419147985         0.024449160691373                         0      1
    0.010140218445437          0.02497207887021                         0      1
  -0.0072153423742005         0.016420175023984                        -0      1
   0.0097953161553378         0.025495853829646                         0      1
   0.0094550263534228          0.02601687311042                         0      1
  -0.0015651992776229         0.014056408878074                        -0      1
   0.0083961938272214         0.027587837081607                         0      1
   0.0078224245195725         0.027538119231903                         0      1
   0.0062082168201004         0.022148463298198                         0      1
   0.0083919140812417         0.022713980459151                         0      1
   -0.020353553595694         0.013703596799373                        -0      1
    0.015275521176271         0.021685015377051                         0      1
  -0.0080905496235655         0.016433366029064                        -0      1
  -0.0067651709462111         0.017173277792003                        -0      1
     0.01774877964777         0.035685539845112                         0      1
   0.0087962391631677        -0.020158446804981                         0      1
   0.0084216769183612        -0.021046408597507                         0      1
    0.016373924844916         0.048760255704046                         0      1
   0.0024450085759506         0.025374153939844                         0      1
    0.019720529889877         0.039795567511229                         0      1
    0.018322121587022         0.034422693640762                         0      1
    0.020176888115718         0.042203911958469                         0      1
    0.015581620955712         0.022841319826801                         0      1
    0.015793132364385         0.024118891493774                         0      1
    0.017403443478994         0.030767202252281                         0      1
    0.016919716459069         0.028323240369626                         0      1
   0.0055824994436808          0.02214712945549                         0      1
    0.010669699776297         0.021207748072419                         0      1
   0.0068182865946132         0.021044260573846                         0      1
   0.0061860522040768         0.021066549870356                         0      1
    0.005168013876176         0.041997945571936                         0      1
   0.0080877888264495         0.022163629921084                         0      1
  -0.0046170387083402         0.014861189296543                        -0      1
   0.0037222327466832         0.021039294266785                         0      1
    0.021201373645569         -0.01285319389123                         0      1
  -0.0028232663804025         0.020498997889809                        -0      1
     0.01114915100356        -0.019460349935447                         0      1
    0.010114337041383        -0.020473490383423                         0      1
   0.0076023149894533         0.018559682255939                         0      1
     0.02267838892308      -3.9814189877578E-06                         0      1
    0.022743004785911        0.0051552553799259                         0      1
    0.022776904571448        0.0086568457102955                         0      1
    0.022737163694039        0.0070025161920988                         0      1
    0.022767253710052        0.0043079047298475                         0      1
   0.0076979434105709         0.050072532170339                         0      1
    0.019396562760599          0.03859822292174                         0      1
   0.0018182543996232         0.025372706870053                         0      1
    0.021293019891636         0.048182979246909                         0      1
  -0.0051730727254044         0.021957414988594                        -0      1
  -0.0014284555938385         0.019288495064493                        -0      1
    0.009362345669307         0.022219494544016                         0      1
  -0.0050468329814346         0.015624250264012                        -0      1
  2.0148228729856E-05         0.020909867903602                         0      1
   0.0040930728155777         0.016271164159583                         0      1
   0.0043310848322296        -0.021823297194057                         0      1
  -0.0019704248760758         0.016337289508672                        -0      1
  -0.0046000332130789         0.016376927026526                        -0      1
   -0.015158575098955        -0.017624572734086                         0      1
    0.010200570762809         0.050855260011345                         0      1
    0.013099670107934         0.050166801838668                         0      1
   0.0095057563985009         0.050914077573603                         0      1
    0.014266742077033          0.04988006864621                         0      1
    0.016036304003395         0.049403624184278                         0      1
    0.012264625776287         0.020757720772292                         0      1
   0.0058887316170997         0.021607788397561                         0      1
   -0.025295229135382        0.0067385200578104                        -0      1
   0.0015307694825199         0.022647895168772                         0      1
   0.0052557665937161         0.017092690676912                         0      1
   0.0087333166125576         0.022190802668368                         0      1
    0.014829244788734         0.022105899653147                         0      1
     -0.0173253445579         0.014303260848245                        -0      1
   -0.024338186751462        0.0099877372687878                        -0      1
     0.02201163367784        0.0091070152552442                         0      1
   -0.025934999181374       -0.0044627641118835                         0      1
   -0.018626785917051         0.015072936507314                        -0      1
    0.018884919885735        -0.015132408700587                         0      1
   -0.018590823618316        -0.016243912055305                         0      1
  -0.0044751388629761          0.02213959075405                        -0      1
   0.0080580891187098         0.023243470390894                         0      1
   0.0031020197529813         0.022084933500433                         0      1
  -0.0066320262057223         0.021667773395808                        -0      1
  -0.0048345523017656        -0.021963541364194                         0      1
   0.0062031613804792        -0.021645783288564                         0      1
  -0.0064994419444978        -0.021628580853572                         0      1
    0.011010768030625         0.020691516276544                         0      1
   -0.012883701086121         0.018791389653437                        -0      1
   0.0070070247501678         0.047572971754104                         0      1
    0.022801787644277        -0.010347815392553                         0      1
    0.011781392812185        -0.020084851333786                         0      1
    -0.01118152859324        -0.019875152458873                         0      1
   -0.022998374002384         0.010611586279607                        -0      1
  -0.0081738893424706        -0.021217733745388                         0      1
  -0.0073925333510263         0.021453330948208                        -0      1
    0.018402423396628        -0.016437377005711                         0      1
   0.0028067352610619         0.017019956520533                         0      1
    0.014012781205277         0.027075542877528                         0      1
    0.016486681691707         0.017820364047749                         0      1
  -0.0008736827511128         0.022484511843246                        -0      1
  -0.0014645393611154         0.022476618674824                        -0      1
   -0.015157118732129        -0.018522081131695                         0      1
    0.021297477777778       -0.0037416598919359                         0      1
      -0.015798378993         0.018140327347119                        -0      1
    0.019831155687485         0.042792368551157                         0      1
   -0.016597008591205        -0.017689775219755                         0      1
   -0.023369440749233          0.01141238441923                        -0      1
    0.016156294807275         0.027605343685536                         0      1
    0.020963874458151        -0.014270729354345                         0      1
    0.018545931338963         0.015221205110442                         0      1
   0.0090017687235645         0.019367623109707                         0      1
   -0.019868814109589        -0.015167754619809                         0      1
   0.0028207778460146          0.02150917192161                         0      1
   0.0025385107487132         0.020922512815048                         0      1
     0.01981243896682         0.015314595246948                         0      1
     0.02015019007573         0.043363991145037                         0      1
     0.02208087274382        -0.013007811657485                         0      1
    0.021016778103987         0.014187014349157                         0      1
   0.0074891350806383        -0.020890865768342                         0      1
   0.0055708357129239         0.021074994139749                         0      1
   0.0071265926811423         0.012408514248941                         0      1
  -0.0090184059109743         0.021010947879507                        -0      1
      0.0177766430012         0.016773742895556                         0      1
    0.021812998192286        0.0061056326934251                         0      1
  -0.0031373533277398        -0.022151444154733                         0      1
  -0.0029052554262209         0.017879830951695                        -0      1
   -0.019968468352998         0.015197627189426                        -0      1
   0.0081282078776222         0.019930012022647                         0      1
   0.0077303881144689         0.023771880551943                         0      1
    0.019714537844666         -0.01538397542107                         0      1
    0.020713885234938         0.046600872455897                         0      1
    0.021974863488614        0.0075086800295088                         0      1
   -0.024386469863047         0.008414117725313                        -0      1
   0.0066885120876202         0.045890214034119                         0      1
  -0.0052156912995088         0.019350026757543                        -0      1
    0.011402668603047         0.020126994621245                         0      1
   0.0066775893714316         0.013153024034639                         0      1
   -0.027116163692949       -0.0027097543906177                         0      1
   0.0012611625231031         0.018472571008997                         0      1
    0.022776316688126         0.010370428308144                         0      1
   0.0086090207945951         0.050276135431409                         0      1
    0.014756270833592         0.017483758132979                         0      1
    -0.01721038013237         0.017267183731377                        -0      1
   -0.026381826388452        -0.005788529976102                         0      1
    0.013836139079136         0.026276911873912                         0      1
    0.021134961032769         0.012039429749796                         0      1
   -0.026806566387732       -0.0042641974336115                         0      1
    0.018986533036073         0.048710546843123                         0      1
  0.00065572429149016         0.019757696425375                         0      1
   0.0040002240043891         0.032397894820213                         0      1
   -0.017989077475557        -0.016783868844282                         0      1
   -0.027229901018777       -0.0019344353315915                         0      1
   -0.027223071575771        0.0011699075967002                        -0      1
   -0.027254307230536      -0.00038568735488481                         0      1
    0.012796665224311         0.016086787797851                         0      1
    0.019588028806164         0.048609279186222                         0      1
   0.0033898135352145         0.030228023525199                         0      1
    0.015449955160222         0.024747154364459                         0      1
   0.0073995157748297         0.024301882751192                         0      1
    0.015801785755279         0.018238613128979                         0      1
   -0.013837192039055        -0.018301504777249                         0      1
    0.010501791895256         0.018044185197921                         0      1
   -0.025840786045612       -0.0073005429690883                         0      1
    0.009397243878718         0.019981167581067                         0      1
    0.010467503381012         0.050296712434413                         0      1
 -0.00075666366467028         0.019350257517311                        -0      1
   0.0060455285505176         0.017123540773588                         0      1
   -0.011365423623406           0.0202868688884                        -0      1
   0.0086973198312848         0.030854294908077                         0      1
   0.0074095071911829         0.037291444642011                         0      1
     0.02046768570741          0.04504185520614                         0      1
    0.021205730172008         0.045827719942204                         0      1
   -0.025634852354017         0.008025810970365                        -0      1
     0.01735088668453         0.034125288179699                         0      1
    0.013188674012737         0.018915239547355                         0      1
   -0.022993662217505        -0.012130219516966                         0      1
  -0.0074774935590453        -0.020622196119302                         0      1
    0.021296780604558       -0.0022622732733827                         0      1
    0.022775580549168        0.0017391067961023                         0      1
   0.0042569358299029         0.036076178806754                         0      1
   0.0070493193992894         0.024840298821836                         0      1
    0.022821527070857       -0.0026049493615004                         0      1
  -0.0054998505295465         0.021279617057165                        -0      1
    0.006446279027107         0.036731875313355                         0      1
     0.01265413887215         0.049731567341314                         0      1
   -0.012152589188317         0.020010763749635                        -0      1
   -0.022530977617041         0.011375309279206                        -0      1
    0.020695000427206        -0.013539573170189                         0      1
      0.0136670307372         0.018209377786487                         0      1
    0.017064399916998         0.033588673354272                         0      1
 -0.00058196169277932        -0.022297696079335                         0      1
  -0.0098143096522286         0.020812182819989                        -0      1
  -0.0081360086943313        -0.019135393103142                         0      1
   -0.026200346119838        0.0037521102823435                        -0      1
  -0.0017699390782521        -0.021519670154371                         0      1
   -0.021876701845142        -0.013477900972908                         0      1
   0.0093714645513385         0.030850438875245                         0      1
   0.0062023124948146         0.039453908760826                         0      1
    0.012184075173683         0.016823718722334                         0      1
   0.0036311531525323         0.017019144578619                         0      1
    0.022832930947408       -0.0095030121281976                         0      1
   0.0070475287427564         0.037858206157624                         0      1
    -0.00762683450043         0.020672762172213                        -0      1
    0.022052148681496       -0.0083114126882994                         0      1
   -0.022089777342259         0.012086027261177                        -0      1
   0.0067179072846726         0.025365903852559                         0      1
  0.00095873166337994         0.024963279087818                         0      1
  0.00032467612974756        -0.022270125262411                         0      1
   0.0018524046181173         0.026362123977806                         0      1
  0.00040801737524678         0.018487554475112                         0      1
    0.019144211937776          0.03742932770765                         0      1
     0.01729371057606         0.049200551525058                         0      1
  -0.0022780428960076        -0.022206076030692                         0      1
   0.0058865523961002         0.020613342370121                         0      1
    0.015000491924852         0.022644998823705                         0      1
  -0.0034768394332895        -0.021421834700088                         0      1
    0.020103017238071         0.040987201632701                         0      1
   0.0070372025699296         0.013972113937542                         0      1
   -0.020618233057899         0.014640184643298                        -0      1
   0.0058168328313399         0.025944900147385                         0      1
   0.0037763961647934         0.034302601983311                         0      1
    0.017270763902691          0.02951771635757                         0      1
    -0.02662714576107      -2.3562594607314E-06                         0      1
    0.011108493910178         0.050278208118389                         0      1
   0.0055298114848541         0.041539230103073                         0      1
   -0.002534469548484         0.022120768151519                        -0      1
     0.01482199337315         0.049129714972674                         0      1
  -0.0060715528738764         0.019372657928374                        -0      1
   -0.014393855842246         0.018976628252449                        -0      1
   0.0098134331035706         0.030319792950268                         0      1
    0.021995373885824        -0.011343780058515                         0      1
  -0.0090725984609023        -0.019130532545464                         0      1
   0.0066280396574558        -0.020868540920045                         0      1
  0.00089901806735404        -0.021521895766827                         0      1
   -0.025887594894127         0.007299936854182                        -0      1
    0.016318013721404         -0.01794391215341                         0      1
  -0.0036617370555269         0.021153495108055                        -0      1
    0.019180068471925         0.039639842164295                         0      1
   0.0061601703861387         0.043818789886327                         0      1
     0.01685371216705         0.016656615033752                         0      1
   -0.026264487383524       -0.0036613963094054                         0      1
   0.0061330773722871         0.025383716635659                         0      1
    -0.01064609613167        -0.020613426529205                         0      1
    0.020726239986521         0.048337307724234                         0      1
   0.0064637524825128         0.047578294760979                         0      1
   0.0040835013485799         0.035472102804097                         0      1
   0.0091059444026528         0.026431126653841                         0      1
    0.017049036156759        -0.016488920537444                         0      1
    0.021662742071347       -0.0030071439549619                         0      1
    0.014161487219064         0.047146687131175                         0      1
    0.022847410170339       -0.0034461018423173                         0      1
   0.0061117837837351         0.026484717404546                         0      1
   -0.026592736136009        0.0015245676922003                        -0      1
    0.012028404930617          0.02018028867369                         0      1
   0.0031146996446883          0.02099910193782                         0      1
    0.011034681029984         0.037403884280078                         0      1
  -0.0067583757908952         0.019484216245638                        -0      1
    0.016405994867494         0.028201491286357                         0      1
    0.010187830094211         0.017139506460311                         0      1
    0.010543701071041         0.030987458130764                         0      1
    0.018013352863124          0.03509670540497                         0      1
      0.0134301581863          0.02915756708283                         0      1
  -0.0011416207967343         0.022022425620769                        -0      1
    0.011882750589514        -0.019339594954707                         0      1
   0.0019388652239171        -0.022390772601247                         0      1
   -0.024910782854148       -0.0095066035337886                         0      1
    0.017075506577506         0.031373246772933                         0      1
   -0.024628253574064       -0.0082129753532771                         0      1
    0.013536796460298         0.047145802982194                         0      1
   0.0057784978277997          0.01475111164466                         0      1
    0.010669877281353         0.016559766455752                         0      1
     0.01970947827625         0.014448244060646                         0      1
   -0.026617078645101       -0.0015203729569108                         0      1
    0.020655743553628           0.0433352667223                         0      1
   -0.012938724705015        -0.019752307032691                         0      1
   -0.022445612596058          0.01279656729383                        -0      1
   0.0069974127917775         0.026935674635783                         0      1
  -0.0043428570927862        -0.021362754432511                         0      1
   -0.025510358344247       -0.0080514714402184                         0      1
   -0.018729805177123         0.016366103767869                        -0      1
   -0.025398206631836       -0.0066832384828493                         0      1
    0.016310283936317         0.025286404066887                         0      1
   -0.024455423707827        -0.010148774062602                         0      1
    0.011145225985665         0.015930362677718                         0      1
   0.0024345897171217         0.028761677718858                         0      1
    0.011121249329344         0.030275913850356                         0      1
    0.022886959646266       -0.0068790624072163                         0      1
    0.021577239348303         0.047019458115135                         0      1
    0.011438177278666         0.036665409562096                         0      1
    0.019823516353956         0.048095280931767                         0      1
 -0.00087247518997767         0.021504501225847                        -0      1
   0.0064634606055277         0.045309682687787                         0      1
    0.013093307832934         0.028564595069445                         0      1
    0.014916482812163        -0.018813051182876                         0      1
   -0.024757355498825        0.0092755741345704                        -0      1
   0.0061336374099561         0.015634898914401                         0      1
   0.0027807793834318          0.03013540486113                         0      1
   0.0056915642824847         0.016341124364763                         0      1
    0.014006922114779           0.0175554195149                         0      1
   0.0084785818840572         0.051394177555368                         0      1
   0.0028211544770979         0.028011541227074                         0      1
   0.0062686214903887          0.04676129006044                         0      1
    0.015178273885515         0.023210067857963                         0      1
   0.0072975863836199         0.027471856916725                         0      1
    0.018373647460799        -0.015714860260849                         0      1
   -0.025694870553054        0.0060055124033794                        -0      1
   0.0037465303421907         0.031968451296132                         0      1
     0.01582551086274         0.026020411870807                         0      1
    0.017880359197959         0.034145935459325                         0      1
    0.013492284465311         0.019477289824491                         0      1
   0.0095106432700616         0.027174708775891                         0      1
   -0.027137196576547        0.0027398760238415                        -0      1
    0.022190113926257        0.0038877755052459                         0      1
    0.011676175232286          0.03035809504607                         0      1
    0.013283038784885         0.049659262332878                         0      1
   0.0026845957243992        -0.021399272264663                         0      1
   -0.019095027880018        -0.015018848981913                         0      1
    0.022248479139214         0.013142687221397                         0      1
   -0.021773328680098         0.013474640979536                        -0      1
    0.012911603807266         0.028077015692495                         0      1
   0.0068247955509249         0.049320315851717                         0      1
    0.013433600753474        -0.019542207364996                         0      1
   -0.023179116286258         -0.01050224921127                         0      1
     0.02281568665403        0.0027174827026203                         0      1
    0.021048651378045         0.045191320762299                         0      1
    0.022931744013843      -0.00085125390189197                         0      1
    0.022942985164955       -0.0051834611608496                         0      1
 -0.00059747932867272         0.020990374067969                        -0      1
    0.021359259532416         0.011310439131765                         0      1
    0.018566928239304         0.016514432750058                         0      1
   0.0075937709537993          0.02802925566402                         0      1
   -0.015950293546054        -0.017405809527812                         0      1
  -0.0090166189658533        -0.021214526331503                         0      1
  -0.0081878358963773        -0.020416387062464                         0      1
   0.0056063225082314         0.037211995692958                         0      1
    0.013730957408904         0.020058816456861                         0      1
    0.010901316346174         0.015224085933519                         0      1
   0.0028552653743855         0.020514957855584                         0      1
    0.020278792255381        -0.014124967516726                         0      1
   -0.020626219901515        -0.013567090983916                         0      1
   0.0065666095731655         0.039011574508992                         0      1
   0.0074262600395107         0.051593922985209                         0      1
   -0.014566671004266        -0.018174465058351                         0      1
  -0.0051996582644786        -0.021283609091873                         0      1
   0.0016426230812471          0.02582907342845                         0      1
    0.021807286102137         0.048113202020018                         0      1
    0.011311393146362         0.050707291749979                         0      1
    0.017856087851535         0.049150072267581                         0      1
   -0.026716883919302        0.0049221969729452                        -0      1
 -6.7646358349552E-05         0.019728979014066                        -0      1
  0.00033471380484147         0.019242677288424                         0      1
    0.022198416750811        0.0082426059936591                         0      1
    0.018787048998602         0.037833191255691                         0      1
   -0.015084080469695         0.017845545637257                        -0      1
   0.0076145314242809         0.049593009464519                         0      1
   -0.019300916511023         0.014974412242259                        -0      1
   0.0077895752957743        -0.021542039965848                         0      1
    0.022105634446044        0.0006364238995709                         0      1
   -0.017308360108885        -0.016566498838064                         0      1
    0.022227915578665        0.0099543411488034                         0      1
    -0.01374587034222         0.019466780267404                        -0      1
   0.0078914212436181         0.028566811738364                         0      1
    0.012670034660607         0.029811437180065                         0      1
 -0.00027663290220041         0.020433586821111                        -0      1
    0.015511761853122          0.04972837476054                         0      1
   0.0053292321432359         0.041027531842196                         0      1
    0.014046393060021         0.020940228482878                         0      1
   -0.010005798476471         0.020130882737166                        -0      1
   -0.027097243138333        0.0035182735466031                        -0      1
  -0.0017007028736501         0.022052557619287                        -0      1
   0.0096802059652658         0.015036945958085                         0      1
     0.01216085479107         0.030454816973553                         0      1
    0.022122982849128         0.005478155638457                         0      1
    0.016952217366909         0.030405573665655                         0      1
   0.0040993936939291          0.03342148678024                         0      1
   0.0025996618358291         0.019581271250373                         0      1
    0.013116707627001         0.027166587961276                         0      1
    0.009513998926966        -0.020085837744423                         0      1
    0.019386242936351         0.040175879404343                         0      1
    0.019699044477046         0.041793042599047                         0      1
    0.020840430462144         0.044164911032848                         0      1
    0.003585736701461        -0.022246858636921                         0      1
  -0.0041483690576335         0.021065936195925                        -0      1
    -0.02573851429805       -0.0059584566743677                         0      1
   0.0059343411937913          0.04336759718571                         0      1
  -0.0061441613142618         0.021264687931716                        -0      1
   0.0086029912197634         0.027146319222833                         0      1
    0.022314274763525       -0.0030211542366686                         0      1
    0.012114777356092         0.050475425217104                         0      1
   0.0089328937615575         0.050706217407515                         0      1
   -0.012277510531032         0.019363678788478                        -0      1
    0.013645899301815         0.017002177264448                         0      1
   -0.026411213320978        0.0059866149732567                        -0      1
    0.008186940430483         0.029115413659241                         0      1
    0.015135345020158         0.018012652944311                         0      1
  0.00071503188350125         0.024433887366719                         0      1
   0.0094378685644277         0.014373962370627                         0      1
    0.011915203822856         0.037433799514481                         0      1
    0.016615258228271         0.026459327454154                         0      1
   -0.023586774546964        -0.011588398808936                         0      1
   0.0044204524917317         0.035102159060233                         0      1
     0.01663457775511         0.028712736826147                         0      1
   -0.016394355411043         0.017043345376306                        -0      1
    0.012358696755672          0.01972331674148                         0      1
   0.0041346944102481         0.031238133053648                         0      1
  -0.0026296038227448         0.022544351542989                        -0      1
    0.014243873153637         0.021326924207595                         0      1
   -0.011438263147307        -0.020490614004681                         0      1
  0.00010329357311322         0.017661644080066                         0      1
    0.022272152335408         -0.01078601343633                         0      1
  -0.0078450849496979         0.020074977705006                        -0      1
    0.019178914802428         0.015102313152006                         0      1
   0.0084189653178573         0.029706933882297                         0      1
    0.014472442237582         0.026112232788067                         0      1
   -0.026535944382283       -0.0030036960157293                         0      1
    0.013883147194099         0.046340336004028                         0      1
  -0.0074004845002802         0.019352575902752                        -0      1
   0.0084088798102165         0.019453297494973                         0      1
   0.0081194264718238         0.050311739467754                         0      1
    0.022127284835637        0.0067072102516923                         0      1
    0.013125755734751         0.029912809702304                         0      1
   0.0025995498679128         0.029599301110488                         0      1
    0.022324016963777       -0.0091233823006139                         0      1
    0.017951081233196         0.031900181611553                         0      1
    0.020922403251812         0.013598240744719                         0      1
   0.0051954030405913         0.040214585499236                         0      1
    0.015345111426363           0.0237498789122                         0      1
    0.016491711250065         0.017163534891867                         0      1
    0.002887947801847         0.018975145894657                         0      1
    0.013864720607129          0.04957756103554                         0      1
  -0.0059677787818002        -0.021231844958858                         0      1
   0.0081443714745878         0.030137408043765                         0      1
    0.009115299769969         0.013698583568232                         0      1
   0.0062741085329626         0.044769643496197                         0      1
   -0.022330111848619        -0.011959584225661                         0      1
    0.020372556165281          0.04803688636758                         0      1
    0.015044052241384         0.026128880563328                         0      1
    0.020865833205704           0.0461676648147                         0      1
    0.012608717860889         0.027765998365018                         0      1
    0.022537529928779        -0.011728883044191                         0      1
 Edges
 292
 1 248 1
 248 249 1
 249 250 1
 250 251 1
 251 252 1
 252 253 1
 253 254 1
 254 255 1
 255 256 1
 256 257 1
 257 258 1
 258 259 1
 259 2 1
 2 260 2
 260 261 2
 261 262 2
 262 263 2
 263 264 2
 264 265 2
 265 266 2
 266 267 2
 267 268 2
 268 269 2
 269 270 2
 270 271 2
 271 272 2
 272 273 2
 273 274 2
 274 275 2
 275 276 2
 276 277 2
 277 278 2
 278 279 2
 279 280 2
 280 281 2
 281 282 2
 282 283 2
 283 284 2
 284 285 2
 285 286 2
 286 287 2
 287 288 2
 288 289 2
 289 290 2
 290 291 2
 291 292 2
 292 293 2
 293 294 2
 294 295 2
 295 296 2
 296 297 2
 297 298 2
 298 299 2
 299 300 2
 300 301 2
 301 302 2
 302 303 2
 303 304 2
 304 305 2
 305 306 2
 306 13 2
 13 307 3
 307 308 3
 308 309 3
 309 310 3
 310 311 3
 311 312 3
 312 313 3
 313 314 3
 314 315 3
 315 316 3
 316 317 3
 317 318 3
 318 319 3
 319 320 3
 320 321 3
 321 322 3
 322 323 3
 323 324 3
 324 325 3
 325 326 3
 326 327 3
 327 328 3
 328 329 3
 329 330 3
 330 331 3
 331 14 3
 14 332 4
 332 333 4
 333 334 4
 334 335 4
 335 336 4
 336 337 4
 337 338 4
 338 339 4
 339 340 4
 340 341 4
 341 342 4
 342 343 4
 343 344 4
 344 345 4
 345 346 4
 346 347 4
 347 348 4
 348 349 4
 349 350 4
 350 351 4
 351 352 4
 352 353 4
 353 354 4
 354 355 4
 355 356 4
 356 357 4
 357 358 4
 358 359 4
 359 360 4
 360 361 4
 361 362 4
 362 363 4
 363 364 4
 364 365 4
 365 366 4
 366 367 4
 367 368 4
 368 369 4
 369 370 4
 370 371 4
 371 372 4
 372 373 4
 373 374 4
 374 375 4
 375 376 4
 376 377 4
 377 378 4
 378 3 4
 3 379 5
 379 380 5
 380 381 5
 381 382 5
 382 383 5
 383 384 5
 384 385 5
 385 386 5
 386 387 5
 387 388 5
 388 389 5
 389 390 5
 390 391 5
 391 4 5
 4 392 6
 392 393 6
 393 394 6
 394 395 6
 395 396 6
 396 397 6
 397 398 6
 398 399 6
 399 400 6
 400 401 6
 401 402 6
 402 5 6
 5 403 7
 403 404 7
 404 405 7
 405 406 7
 406 407 7
 407 408 7
 408 409 7
 409 410 7
 410 411 7
 411 6 7
 6 412 8
 412 413 8
 413 414 8
 414 415 8
 415 416 8
 416 417 8
 417 418 8
 418 419 8
 419 420 8
 420 421 8
 421 7 8
 7 422 9
 422 423 9
 423 424 9
 424 425 9
 425 426 9
 426 8 9
 8 427 10
 427 428 10
 428 429 10
 429 430 10
 430 431 10
 431 432 10
 432 433 10
 433 434 10
 434 435 10
 435 436 10
 436 9 10
 9 437 11
 437 438 11
 438 439 11
 439 440 11
 440 441 11
 441 442 11
 442 443 11
 443 444 11
 444 445 11
 445 10 11
 10 446 12
 446 447 12
 447 448 12
 448 449 12
 449 450 12
 450 451 12
 451 452 12
 452 453 12
 453 454 12
 454 455 12
 455 456 12
 456 11 12
 11 457 13
 457 458 13
 458 459 13
 459 460 13
 460 461 13
 461 462 13
 462 463 13
 463 464 13
 464 465 13
 465 466 13
 466 467 13
 467 468 13
 468 469 13
 469 470 13
 470 471 13
 471 472 13
 472 473 13
 473 474 13
 474 475 13
 475 476 13
 476 477 13
 477 478 13
 478 479 13
 479 480 13
 480 481 13
 481 482 13
 482 483 13
 483 484 13
 484 485 13
 485 486 13
 486 487 13
 487 488 13
 488 489 13
 489 490 13
 490 491 13
 491 492 13
 492 493 13
 493 494 13
 494 495 13
 495 496 13
 496 497 13
 497 12 13
 12 498 14
 498 499 14
 499 500 14
 500 501 14
 501 502 14
 502 503 14
 503 504 14
 504 505 14
 505 506 14
 506 507 14
 507 508 14
 508 509 14
 509 510 14
 510 511 14
 511 512 14
 512 513 14
 513 514 14
 514 515 14
 515 516 14
 516 517 14
 517 518 14
 518 519 14
 519 520 14
 520 521 14
 521 522 14
 522 523 14
 523 524 14
 524 525 14
 525 1 14
 Triangles
 8942
 525 2860 1734 1
 473 4465 472 1
 1690 3071 3069 1
 567 4727 3483 1
 2989 4626 2828 1
 531 2894 2893 1
 4262 4263 2280 1
 2874 2909 1933 1
 920 3341 2929 1
 480 4448 479 1
 3054 4377 2574 1
 1869 2903 2897 1
 2906 4758 4574 1
 2967 4346 781 1
 533 4487 3415 1
 2662 2993 2945 1
 286 3012 285 1
 1933 2908 2874 1
 2879 4775 2247 1
 2876 4448 1733 1
 4574 4758 2907 1
 3144 4425 2529 1
 1733 4447 2876 1
 1671 4716 2978 1
 2946 4675 1673 1
 2897 2903 2585 1
 337 2951 336 1
 2074 3058 2073 1
 1318 4553 4506 1
 4506 4553 3476 1
 748 2917 2880 1
 2945 4622 2662 1
 2261 4446 2930 1
 502 3440 554 1
 2283 4597 4583 1
 2860 2861 1734 1
 2880 2946 748 1
 759 4456 3136 1
 2529 4425 3011 1
 2959 4675 2946 1
 4583 4597 2867 1
 3085 4710 766 1
 3065 4629 2699 1
 3092 3093 1477 1
 3483 4421 567 1
 1852 2942 489 1
 2280 4458 4262 1
 2699 4629 2700 1
 2888 3011 1668 1
 2247 4744 2879 1
 3006 4477 3005 1
 2897 2904 1869 1
 2529 3011 2252 1
 1401 4472 4319 1
 1758 4630 2980 1
 531 2895 2894 1
 2642 4471 2864 1
 4319 4635 1401 1
 2204 4626 2989 1
 4428 4473 2808 1
 2939 2940 540 1
 2320 2959 2322 1
 2948 4457 745 1
 2938 2939 540 1
 489 2942 488 1
 1318 4506 2883 1
 452 3387 451 1
 378 3013 1155 1
 2955 4446 2261 1
 2883 4785 1318 1
 4431 4669 2849 1
 4519 4572 1713 1
 3447 4477 3006 1
 3122 4538 1745 1
 4471 4798 2864 1
 384 2953 383 1
 3045 4558 2597 1
 2980 4630 2981 1
 534 4427 478 1
 2073 3058 2589 1
 2574 4709 3054 1
 2288 2905 2897 1
 920 4833 3341 1
 541 2953 384 1
 3008 3447 3006 1
 478 4427 477 1
 766 4542 3085 1
 443 4048 442 1
 1155 3013 2915 1
 3076 4592 3199 1
 781 4346 2956 1
 838 2951 337 1
 1668 3010 2888 1
 3838 4561 1855 1
 2076 3447 3008 1
 2972 4667 4570 1
 2987 4480 2577 1
 2861 2960 1734 1
 2882 4607 4563 1
 3415 4725 533 1
 2978 4690 1671 1
 4563 4607 4230 1
 2918 2993 2633 1
 745 4615 2948 1
 285 3012 791 1
 2863 4638 4605 1
 3218 3219 684 1
 1155 2915 2911 1
 791 4669 4431 1
 4465 4790 472 1
 4605 4638 1661 1
 3233 4703 4541 1
 4314 4677 4658 1
 2974 4572 4519 1
 2288 4817 2905 1
 2994 3997 2641 1
 1811 4552 2890 1
 869 3456 3455 1
 1210 4668 3879 1
 331 3171 330 1
 3879 4694 1210 1
 3069 3074 1690 1
 4658 4677 17 1
 3483 4727 3598 1
 2989 4704 4678 1
 1852 4504 3818 1
 503 3440 502 1
 3075 4592 3076 1
 2954 4488 2644 1
 2899 4562 984 1
 4678 4704 2848 1
 339 4710 3086 1
 3086 4653 339 1
 4434 4566 2875 1
 1733 4448 480 1
 479 4448 534 1
 716 2998 2935 1
 451 3387 544 1
 4580 4733 302 1
 2252 3011 2888 1
 6 4482 538 1
 2661 4525 2931 1
 2995 2996 744 1
 1690 4749 3071 1
 684 4625 3218 1
 543 4769 4496 1
 559 4465 473 1
 498 2931 12 1
 2978 4716 2928 1
 4570 4667 2243 1
 1 2860 525 1
 2633 2993 2662 1
 3078 4377 3054 1
 16 4664 2896 1
 1668 3012 286 1
 2896 4697 16 1
 514 4732 4587 1
 1423 2993 2918 1
 2911 2947 1155 1
 1128 2974 1135 1
 921 4576 3443 1
 2882 4563 1754 1
 498 4848 2931 1
 4496 4769 3347 1
 2893 4551 531 1
 3136 4456 4066 1
 3309 4541 975 1
 4541 4703 975 1
 4092 4512 1823 1
 2906 4759 4758 1
 3051 4558 3045 1
 4616 4642 3954 1
 529 4587 3722 1
 734 2998 716 1
 4486 4538 3122 1
 4361 4647 4344 1
 4432 4513 3255 1
 2941 3997 2994 1
 1754 4800 2882 1
 2890 4484 1811 1
 2644 4488 4459 1
 2601 4425 3144 1
 2635 2959 2320 1
 2577 4480 4341 1
 2881 4733 4580 1
 527 4642 4616 1
 2941 4153 2043 1
 4435 4675 2856 1
 559 3980 3979 1
 3415 4487 3417 1
 15 4655 2869 1
 2808 4473 2936 1
 530 3381 3380 1
 256 4531 255 1
 1673 4675 4435 1
 4421 4627 567 1
 2869 4719 15 1
 1115 4634 2900 1
 2900 4778 1115 1
 1691 2945 810 1
 975 4581 3309 1
 760 2991 272 1
 4445 4525 2661 1
 331 4750 3171 1
 1823 4811 4092 1
 781 4756 2967 1
 4587 4732 2962 1
 3722 4766 529 1
 4667 4679 2243 1
 913 4494 2898 1
 789 4566 4434 1
 442 4048 2004 1
 1477 3094 3092 1
 3864 4156 568 1
 747 4654 4588 1
 272 2991 271 1
 2243 4679 2263 1
 528 4530 2924 1
 3092 4793 3093 1
 2322 2959 2880 1
 3341 4554 2929 1
 2015 4640 4601 1
 869 4734 3456 1
 1855 4631 3838 1
 3440 4612 554 1
 2641 2995 2994 1
 536 3000 2950 1
 3818 4656 1852 1
 3 3013 378 1
 3963 4627 4421 1
 2952 2953 541 1
 2613 4449 2971 1
 2903 2984 2585 1
 2861 4737 2960 1
 1740 4485 2895 1
 2958 4543 2278 1
 683 4647 4361 1
 807 2945 2944 1
 2926 4789 867 1
 2924 4611 528 1
 308 4458 307 1
 3053 4709 2286 1
 3005 4477 2044 1
 1050 4473 4428 1
 1736 2973 2972 1
 1135 2974 1736 1
 3340 4526 1746 1
 2951 4729 336 1
 2898 4585 913 1
 3048 3049 2638 1
 2286 4693 3053 1
 3136 4761 759 1
 810 2945 807 1
 2915 3013 2044 1
 2044 4477 2915 1
 1441 2958 2278 1
 1459 4798 4471 1
 3380 4651 530 1
 2863 4577 2923 1
 3086 4710 3085 1
 3581 4691 3582 1
 412 4482 6 1
 4674 4691 3581 1
 2892 4731 962 1
 2913 4745 2818 1
 2940 2994 1737 1
 538 4482 3234 1
 4718 4744 2248 1
 2818 4779 2913 1
 3864 4604 2004 1
 2863 4605 4577 1
 2796 4632 4573 1
 1746 4680 3340 1
 1675 4540 4453 1
 962 4808 2892 1
 568 4604 3864 1
 1879 4724 3573 1
 807 2944 777 1
 2910 4836 4507 1
 2918 2998 1423 1
 2074 4743 3058 1
 2004 4748 3864 1
 3255 4788 4432 1
 1810 2955 1725 1
 3573 4673 1879 1
 1377 4610 4578 1
 4273 4757 983 1
 2905 4618 2906 1
 443 4520 4048 1
 1140 4464 2921 1
 2399 4598 4582 1
 4493 4641 3980 1
 2984 4534 1749 1
 1676 2950 2943 1
 4026 4687 4676 1
 2943 2949 1676 1
 2945 2993 2944 1
 2923 4577 1185 1
 2885 4718 2248 1
 867 4579 2926 1
 2828 4626 2874 1
 3229 4637 922 1
 2939 4153 2941 1
 1810 4446 2955 1
 3443 4576 4191 1
 3309 4643 4476 1
 2202 4670 2854 1
 2278 4636 2672 1
 2887 4369 3072 1
 4676 4687 537 1
 983 4602 4273 1
 4469 4471 2642 1
 3008 4490 2076 1
 4581 4643 3309 1
 2202 4701 4670 1
 2043 3997 2941 1
 2956 4556 781 1
 3838 4661 4561 1
 282 3017 281 1
 2899 4631 4562 1
 4490 4521 2201 1
 2950 4735 536 1
 2885 4812 2992 1
 4684 4727 408 1
 4588 4654 2837 1
 677 2979 2879 1
 2904 4460 1869 1
 4464 4608 3002 1
 1051 4797 3097 1
 4601 4640 3383 1
 2921 4478 1140 1
 4284 4771 2089 1
 984 4681 2899 1
 2824 2825 535 1
 2641 2996 2995 1
 3097 4593 1051 1
 299 4789 2927 1
 4426 4427 534 1
 2895 4688 1740 1
 3008 4521 4490 1
 4491 4503 2812 1
 2813 4454 4451 1
 2589 3058 3056 1
 2089 4780 4284 1
 2932 4720 532 1
 1736 2974 2973 1
 559 4493 3980 1
 4540 4828 4453 1
 1166 2997 1080 1
 1691 4622 2945 1
 748 3017 2917 1
 744 4730 2995 1
 2007 2955 2261 1
 2971 4449 2091 1
 1755 4701 2202 1
 4263 4696 2280 1
 4636 4665 2672 1
 3218 4625 1670 1
 3382 4741 4502 1
 2992 4583 2885 1
 3089 4542 766 1
 4502 4742 3382 1
 3979 4465 559 1
 2903 4534 2984 1
 2927 4682 299 1
 4704 4706 2848 1
 1755 4728 4701 1
 1185 4840 2923 1
 3000 4511 2264 1
 2999 4227 2785 1
 2948 4615 2947 1
 2979 2986 2879 1
 922 4762 3229 1
 1852 4656 2942 1
 763 4513 4432 1
 2638 3050 3048 1
 983 4777 4602 1
 2824 2867 2825 1
 4263 4539 1132 1
 2972 2973 2970 1
 4458 4754 307 1
 2860 2929 2861 1
 3455 3457 869 1
 2848 4706 2921 1
 1725 2955 1724 1
 878 2964 898 1
 2924 4530 2925 1
 2905 4817 4618 1
 2 2824 535 1
 287 3010 1668 1
 4694 4722 1210 1
 2999 3000 2264 1
 3054 4709 3053 1
 3506 4621 4603 1
 1423 2998 734 1
 1072 4650 4628 1
 3011 3012 1668 1
 1737 4702 2940 1
 1670 4788 3218 1
 2873 4597 2283 1
 2268 2947 2911 1
 1859 4641 4493 1
 1210 4722 3434 1
 909 4531 256 1
 3598 4727 4684 1
 4603 4621 912 1
 2983 4660 4628 1
 2939 2941 2940 1
 2819 2972 2970 1
 4573 4632 782 1
 4507 4568 2910 1
 2909 2997 1933 1
 4602 4777 2933 1
 1447 1724 1446 1
 2930 4645 2261 1
 3012 4669 791 1
 532 4661 2932 1
 827 877 826 1
 838 3014 2951 1
 811 826 810 1
 4366 4655 15 1
 2270 2292 2064 1
 411 4515 410 1
 1442 2958 1441 1
 809 810 807 1
 2897 2905 2904 1
 3384 3385 939 1
 2008 2064 1810 1
 2935 4837 716 1
 2982 4660 2983 1
 2970 2971 2091 1
 4451 4781 2813 1
 2007 2261 2242 1
 4578 4610 3076 1
 1724 2955 2007 1
 1399 2992 1696 1
 3955 4599 3954 1
 570 4505 566 1
 4582 4598 3018 1
 2880 2959 2946 1
 2927 4789 2926 1
 1809 1810 1725 1
 760 4516 2991 1
 1674 3017 282 1
 281 3017 748 1
 806 807 777 1
 752 1423 734 1
 777 2944 752 1
 2268 2948 2947 1
 541 2954 2952 1
 4439 4440 1691 1
 1447 1725 1724 1
 826 4439 1691 1
 1444 1447 1446 1
 3383 4742 2668 1
 2248 4744 2247 1
 3049 4565 2638 1
 2930 4446 2293 1
 880 2964 878 1
 1745 4747 3122 1
 3089 4700 4542 1
 3014 3998 2795 1
 1444 1446 1442 1
 2922 4784 2935 1
 1933 2997 1166 1
 1080 2997 1082 1
 2905 2906 2904 1
 2895 3015 2894 1
 2970 2973 2971 1
 4165 4518 555 1
 1724 2007 1731 1
 827 878 877 1
 811 827 826 1
 1667 2987 2986 1
 809 811 810 1
 4503 4611 2812 1
 2292 2293 2064 1
 452 4683 3387 1
 2270 2968 2292 1
 2008 2270 2064 1
 826 1691 810 1
 1742 4510 4468 1
 2292 2968 2901 1
 3072 4606 2887 1
 4615 4804 2947 1
 2264 4227 2999 1
 2943 2999 2785 1
 806 809 807 1
 752 2944 1423 1
 15 4795 4366 1
 1809 2008 1810 1
 2971 4826 2613 1
 2957 4556 2956 1
 3443 4776 921 1
 3234 4501 538 1
 2851 4836 2910 1
 2827 2968 2270 1
 1733 4499 4447 1
 2901 4699 4671 1
 288 3010 287 1
 2961 4732 868 1
 2814 4377 3078 1
 4599 4616 3954 1
 2293 4446 2064 1
 2854 4670 4169 1
 4513 4524 4256 1
 3016 3822 2859 1
 1132 4696 4263 1
 2298 4440 4439 1
 677 2879 2850 1
 2968 4699 2901 1
 4500 4651 3380 1
 1666 4848 498 1
 1140 4608 4464 1
 2577 4815 2987 1
 3575 4790 4465 1
 2969 2970 2091 1
 2819 2970 2969 1
 809 4449 2613 1
 2964 4442 898 1
 2931 4848 2661 1
 913 4585 4502 1
 878 898 877 1
 2292 2900 2293 1
 1401 4635 2936 1
 4442 4479 4420 1
 1128 4572 2974 1
 3050 4813 2071 1
 2929 4726 920 1
 806 4449 809 1
 2801 4560 4546 1
 569 4547 1715 1
 2298 4439 899 1
 4425 4669 3012 1
 905 2963 880 1
 2497 4481 3015 1
 2791 4845 2928 1
 899 4439 877 1
 4375 4614 4589 1
 4586 4657 3457 1
 1724 1731 1446 1
 3020 4466 2678 1
 4315 4664 16 1
 2007 2242 2046 1
 2288 2897 2585 1
 2665 4613 4595 1
 2597 4783 3045 1
 4510 4751 4468 1
 1050 4428 2966 1
 2951 3014 2795 1
 2653 3998 3014 1
 2919 2998 2918 1
 2964 4479 4442 1
 1674 3018 3017 1
 4552 4792 2890 1
 566 4505 670 1
 2963 2964 880 1
 2950 2999 2943 1
 4495 4544 2800 1
 961 977 905 1
 3068 3074 3069 1
 1131 4729 2937 1
 3015 4481 3016 1
 2233 4657 4586 1
 1819 3822 3016 1
 2928 4716 2791 1
 4432 4788 1670 1
 1667 2986 2979 1
 1443 1444 1442 1
 2894 3016 2859 1
 877 4439 826 1
 260 2979 677 1
 1454 2992 1399 1
 4779 4805 2913 1
 4784 4837 2935 1
 2678 3022 3020 1
 3387 4569 544 1
 879 880 878 1
 1756 2988 2828 1
 4628 4650 2983 1
 1726 1809 1725 1
 2036 3026 2985 1
 875 4525 4445 1
 2271 2827 2270 1
 813 2969 2091 1
 2678 2984 1749 1
 1684 4784 2922 1
 904 905 880 1
 387 4459 386 1
 2944 2993 1423 1
 3068 3075 3074 1
 2941 2994 2940 1
 2851 2910 2222 1
 3022 4409 3020 1
 960 961 905 1
 778 806 777 1
 753 777 752 1
 735 752 734 1
 3001 4511 3000 1
 2913 4805 2297 1
 3382 4742 3383 1
 717 734 716 1
 4543 4636 2278 1
 1684 3009 556 1
 410 4515 1741 1
 1341 1442 1441 1
 1661 4638 3879 1
 2988 2989 2828 1
 1134 4544 4495 1
 2283 2992 1454 1
 1715 2977 571 1
 540 4644 2938 1
 2962 4732 2961 1
 1933 4841 2908 1
 4066 4456 1669 1
 4500 4816 4651 1
 2849 4717 4431 1
 898 899 877 1
 2929 4554 2861 1
 2985 3002 2036 1
 260 677 2 1
 1667 4422 2987 1
 2900 2902 2293 1
 2292 2901 2900 1
 2268 3004 2948 1
 714 3005 550 1
 1399 1696 1316 1
 2282 2283 1454 1
 16 4806 4315 1
 3011 4425 3012 1
 2007 2046 1731 1
 4597 4707 2825 1
 3573 4642 527 1
 2298 4475 4440 1
 813 2091 808 1
 985 4514 3449 1
 3879 4668 1661 1
 2935 2998 2919 1
 530 3382 3381 1
 2678 4466 2984 1
 1421 2988 1756 1
 2634 4444 2920 1
 2856 4782 4435 1
 560 1684 556 1
 670 716 565 1
 1441 2278 1445 1
 2194 4409 3022 1
 2634 2920 2919 1
 546 2975 1716 1
 2825 4707 4550 1
 437 962 9 1
 6 538 411 1
 536 3001 3000 1
 3456 4450 3635 1
 569 1715 571 1
 2290 2996 2641 1
 2746 2996 2290 1
 262 1667 261 1
 572 3026 2036 1
 763 4524 4513 1
 3132 4658 17 1
 2064 4446 1810 1
 2460 3035 2104 1
 4595 4613 1741 1
 961 978 977 1
 3022 3023 2194 1
 898 918 899 1
 977 2963 905 1
 2668 4601 3383 1
 263 4422 262 1
 4499 4672 4447 1
 4230 4607 2263 1
 4585 4742 4502 1
 552 714 550 1
 3023 4443 2194 1
 1863 3004 2052 1
 2052 3004 2268 1
 2994 2995 1737 1
 3075 3076 3074 1
 3094 3198 3092 1
 2636 3198 3094 1
 715 4483 4452 1
 3199 4578 3076 1
 2242 2644 2643 1
 1341 1443 1442 1
 3034 3035 2460 1
 2091 4449 808 1
 2960 4548 1734 1
 538 4515 411 1
 714 3006 3005 1
 2104 3035 2275 1
 1422 2969 813 1
 3003 4785 2883 1
 2942 4644 488 1
 262 4422 1667 1
 2950 3000 2999 1
 746 4422 263 1
 2586 3027 2062 1
 3382 3383 3381 1
 2278 2672 1445 1
 550 3005 548 1
 2817 2819 1857 1
 714 3009 3007 1
 571 2977 573 1
 1705 3037 2021 1
 2244 2586 2062 1
 978 981 977 1
 918 919 899 1
 1465 4685 3355 1
 4274 4757 4273 1
 2301 4409 1987 1
 2460 3036 3034 1
 577 4392 3026 1
 3019 4409 2301 1
 714 3007 3006 1
 3036 4423 4413 1
 837 4416 4386 1
 2021 3037 2460 1
 1598 3037 1705 1
 1863 4429 3004 1
 3015 3016 2894 1
 1446 2958 1442 1
 3026 4392 2985 1
 579 3025 581 1
 3037 4423 3036 1
 1987 4409 2194 1
 2071 4715 3050 1
 418 4757 4274 1
 3017 3018 2917 1
 577 3026 574 1
 939 4500 3384 1
 978 982 981 1
 3025 4416 837 1
 918 945 919 1
 919 2298 899 1
 3024 3025 579 1
 581 3025 837 1
 2908 3021 2600 1
 4531 4738 255 1
 2679 3024 1883 1
 2301 4416 3019 1
 3007 3008 3006 1
 4386 4416 2301 1
 3036 4424 3034 1
 2819 2969 1857 1
 2460 3037 3036 1
 1477 4441 3094 1
 2679 3025 3024 1
 1341 4467 1443 1
 2600 3021 1815 1
 1883 3024 575 1
 982 1043 981 1
 945 946 919 1
 918 2587 945 1
 1074 4438 961 1
 576 3024 579 1
 982 1044 1043 1
 1043 1678 981 1
 945 963 946 1
 2062 3027 2060 1
 4392 4394 2676 1
 1043 1999 1678 1
 982 1091 1044 1
 963 964 946 1
 3027 3039 2060 1
 2985 4392 2676 1
 3028 4394 4392 1
 3028 4392 577 1
 1999 2000 1678 1
 1091 1092 1044 1
 964 1034 946 1
 963 965 964 1
 578 3028 577 1
 4391 4394 3031 1
 3029 3030 2688 1
 620 3030 3029 1
 3027 4405 3039 1
 1092 1093 1044 1
 1091 1133 1092 1
 1999 2001 2000 1
 2000 2098 1678 1
 965 966 964 1
 963 1102 965 1
 2688 3031 3029 1
 3031 4394 3029 1
 620 3033 3030 1
 2676 4394 4391 1
 580 3033 620 1
 1092 1094 1093 1
 1091 2012 1133 1
 1999 2790 2001 1
 2001 2016 2000 1
 965 967 966 1
 2688 4206 3031 1
 3031 4206 1884 1
 2001 2017 2016 1
 1094 1095 1093 1
 2012 2013 1133 1
 967 986 966 1
 1469 4383 3033 1
 3033 4383 3030 1
 1884 4391 3031 1
 1469 3033 582 1
 1094 1096 1095 1
 2017 2032 2016 1
 2012 2215 2013 1
 967 987 986 1
 1073 4390 986 1
 3032 3041 585 1
 986 4390 966 1
 837 4386 3032 1
 3032 3063 3041 1
 583 3032 585 1
 2215 2216 2013 1
 2017 2033 2032 1
 2032 2599 2016 1
 1094 1665 1096 1
 1096 1097 1095 1
 2012 2799 2215 1
 987 1071 986 1
 967 1664 987 1
 2681 3042 2680 1
 2680 3042 3038 1
 2684 3042 2681 1
 3038 3042 1469 1
 584 3038 1469 1
 3063 4368 2789 1
 2216 2217 2013 1
 1097 1342 1095 1
 1096 1103 1097 1
 2017 2034 2033 1
 2033 2040 2032 1
 987 1072 1071 1
 1071 1073 986 1
 4379 4384 3192 1
 3041 3063 2789 1
 2300 4368 3063 1
 3042 4383 1469 1
 2033 2099 2040 1
 1103 1104 1097 1
 2216 2218 2217 1
 1072 1109 1071 1
 3038 3354 2680 1
 2060 3039 2058 1
 2058 3039 2302 1
 586 3354 3038 1
 3039 3040 2302 1
 1103 1105 1104 1
 2099 2100 2040 1
 2218 2219 2217 1
 1072 1110 1109 1
 711 3041 2789 1
 3060 3062 367 1
 1470 3078 3077 1
 587 3041 711 1
 1103 1371 1105 1
 2100 2632 2040 1
 2219 2575 2217 1
 2099 2253 2100 1
 1105 1106 1104 1
 762 3046 365 1
 1110 1167 1109 1
 361 3043 360 1
 680 3043 361 1
 790 3052 370 1
 364 1471 363 1
 3045 3131 3051 1
 680 3044 3043 1
 3048 3050 3047 1
 1470 3077 372 1
 762 3048 3046 1
 747 3055 357 1
 3051 3131 1471 1
 373 3061 1470 1
 3046 3048 3047 1
 2474 4354 4303 1
 4303 4354 2608 1
 369 1472 368 1
 374 3061 373 1
 790 3053 3052 1
 4345 4368 1986 1
 1471 3131 363 1
 4216 4362 2758 1
 372 3077 371 1
 1474 3064 359 1
 3066 4231 794 1
 355 4340 354 1
 356 1753 355 1
 367 3062 366 1
 358 747 357 1
 371 790 370 1
 3104 3396 3261 1
 790 3077 3054 1
 2693 3396 3104 1
 364 3046 1471 1
 365 3046 364 1
 1474 3065 3064 1
 3077 3078 3054 1
 1280 3401 3103 1
 2476 3593 3083 1
 3117 4353 2689 1
 2926 4303 2608 1
 4216 4334 2690 1
 3083 3593 3133 1
 369 3052 1472 1
 2690 4362 4216 1
 371 3077 790 1
 370 3052 369 1
 1472 3060 368 1
 368 3060 367 1
 3103 3401 3104 1
 366 762 365 1
 1677 4336 4324 1
 4325 4337 3150 1
 359 3064 358 1
 3261 3396 1995 1
 366 3062 762 1
 358 3064 747 1
 2690 4334 3083 1
 3090 3198 2303 1
 1106 2572 1104 1
 4317 4347 2630 1
 2253 2254 2100 1
 2219 2576 2575 1
 1105 1107 1106 1
 2099 2664 2253 1
 1110 1168 1167 1
 1167 1663 1109 1
 3104 3401 2693 1
 360 1474 359 1
 3082 4317 1995 1
 3116 3117 2689 1
 2689 4354 2474 1
 1481 3208 3114 1
 350 3146 349 1
 2691 4328 3214 1
 363 3131 362 1
 3046 3047 1471 1
 3082 4347 4317 1
 3073 4359 4231 1
 4353 4354 2689 1
 680 3045 3044 1
 3092 3198 3090 1
 4324 4336 3114 1
 1239 4343 3195 1
 3079 4345 2718 1
 2303 3211 3080 1
 1408 3117 1279 1
 3079 4368 4345 1
 1461 3215 3084 1
 3080 3090 2303 1
 357 3055 356 1
 4248 4287 2777 1
 762 3049 3048 1
 356 3055 1753 1
 1280 4351 1268 1
 2564 4287 4248 1
 2373 3211 3087 1
 334 3169 333 1
 1218 3181 1237 1
 1293 3112 1291 1
 1481 3114 3113 1
 3084 3214 1461 1
 3088 4077 1381 1
 3055 3056 1753 1
 1398 3116 3115 1
 2630 3124 3123 1
 375 745 374 1
 1231 3215 1229 1
 347 1477 346 1
 3150 4335 4325 1
 1398 3117 3116 1
 2331 4333 2332 1
 680 3131 3045 1
 3083 3133 2119 1
 3108 3111 1297 1
 342 3089 341 1
 3460 4360 4355 1
 745 3061 374 1
 790 3054 3053 1
 588 3354 586 1
 4310 4339 2734 1
 794 4340 3066 1
 2259 3196 2648 1
 3111 3112 1297 1
 2306 4245 4124 1
 1237 3181 3102 1
 1481 3113 2715 1
 1376 4090 1378 1
 1381 4288 3088 1
 4124 4245 4140 1
 1279 3117 1398 1
 4330 4371 2871 1
 2304 3211 2373 1
 1264 4357 4117 1
 2718 4362 3079 1
 1995 3396 3082 1
 1229 3215 1461 1
 3087 4258 3212 1
 3107 4082 3195 1
 2758 4362 2718 1
 3087 3212 2373 1
 1271 3120 1280 1
 3122 3366 3121 1
 1297 3112 1293 1
 362 3131 680 1
 1720 4282 2042 1
 1892 3095 2515 1
 2472 3116 2689 1
 3121 3366 2205 1
 3102 3105 1237 1
 360 3043 1474 1
 2068 3290 2070 1
 2695 4243 3252 1
 3479 4254 4217 1
 3106 4082 3107 1
 3360 3498 937 1
 937 3498 910 1
 3478 4254 3479 1
 3214 4328 1461 1
 3103 4351 1280 1
 2836 3290 2068 1
 3130 4297 2340 1
 1368 4063 1390 1
 3400 4244 2364 1
 1264 4339 4310 1
 1220 3181 1218 1
 3100 4336 1677 1
 2470 3116 2472 1
 2630 4347 3124 1
 1136 4302 1137 1
 1979 4349 4279 1
 1475 3150 3101 1
 751 3126 3125 1
 3105 4020 1237 1
 3151 4220 2708 1
 1753 4340 355 1
 1261 4117 1259 1
 3125 3583 751 1
 3206 3284 3231 1
 998 3499 938 1
 1239 4220 3151 1
 3115 3221 1398 1
 3110 3212 1887 1
 3120 3401 1280 1
 3210 4286 2776 1
 3129 3583 3125 1
 3115 3116 2470 1
 3441 4269 2334 1
 1297 3395 3108 1
 3083 4334 2476 1
 1565 3583 3129 1
 3252 4243 2364 1
 2648 3196 3113 1
 1321 3208 1481 1
 3544 4312 3545 1
 3360 4296 3359 1
 3151 4343 1239 1
 942 3141 3139 1
 2225 3164 1851 1
 2553 4138 3099 1
 4207 4270 3111 1
 751 3128 3126 1
 937 3499 3360 1
 3230 3348 3209 1
 767 3128 749 1
 354 4340 794 1
 3173 3174 2698 1
 2541 3105 3102 1
 2754 3144 2529 1
 2896 4248 2777 1
 1273 3120 1271 1
 3080 3211 2304 1
 907 4112 900 1
 872 4109 857 1
 3952 4116 1042 1
 1717 3149 2037 1
 2467 3115 2470 1
 3106 4205 1328 1
 2122 3173 2698 1
 2364 4244 3252 1
 2042 3196 2259 1
 2109 3211 2303 1
 3224 3927 3223 1
 4104 4267 3265 1
 3118 4319 2332 1
 3087 3211 2109 1
 3113 3196 2715 1
 3223 3927 2121 1
 3123 3124 2836 1
 3088 4287 2564 1
 2649 3085 2647 1
 2414 4103 2412 1
 4140 4245 2553 1
 3208 4324 3114 1
 2119 3133 589 1
 1411 4288 1375 1
 2630 3123 1891 1
 942 3142 3141 1
 2541 3102 2309 1
 1378 4090 3353 1
 3129 3584 1565 1
 3112 4123 1291 1
 2232 4337 4325 1
 2308 3518 3375 1
 3095 3478 2515 1
 2711 4297 3130 1
 4234 4305 2754 1
 2066 3123 2836 1
 3195 4343 3107 1
 857 3399 855 1
 1328 4082 3106 1
 876 3398 3155 1
 938 3499 937 1
 3165 4068 2344 1
 772 3293 754 1
 1231 4279 3215 1
 1323 3208 1321 1
 3212 4258 1887 1
 2037 3149 2640 1
 2374 3212 3110 1
 3096 4301 3097 1
 900 3142 886 1
 857 4109 3399 1
 3754 4188 708 1
 853 4036 851 1
 900 4112 3142 1
 1389 4063 1368 1
 1945 4298 4158 1
 3130 4032 2711 1
 749 3128 751 1
 2338 3230 3209 1
 2754 4305 3144 1
 2698 3276 2699 1
 4124 4270 2306 1
 1991 4338 1993 1
 2133 4233 3216 1
 1110 1169 1168 1
 2704 4299 4291 1
 1107 1108 1106 1
 2313 4348 4316 1
 4291 4299 2701 1
 3163 4280 2260 1
 2715 4225 1320 1
 1996 3182 2562 1
 3584 3813 2750 1
 2219 2577 2576 1
 2576 2578 2575 1
 2413 3132 2868 1
 2253 2255 2254 1
 2889 3135 2251 1
 3226 3353 2697 1
 910 3498 1042 1
 3109 3137 1988 1
 3105 4290 4021 1
 3181 4328 2691 1
 1761 3226 2117 1
 3197 3958 2333 1
 1167 1680 1663 1
 3099 4140 2553 1
 1277 4276 4122 1
 3206 3231 2350 1
 1455 3149 1717 1
 1743 3174 2333 1
 2042 4282 3196 1
 4021 4290 2706 1
 3184 3751 708 1
 3187 3189 1033 1
 1677 3164 3100 1
 2308 3375 2096 1
 1275 4102 1476 1
 851 3237 849 1
 1259 4117 3266 1
 2093 3174 1743 1
 851 4036 3237 1
 1381 4090 1376 1
 3498 3952 1042 1
 3189 3190 1033 1
 3112 4270 4123 1
 3147 3173 2122 1
 2232 4301 3096 1
 2306 4270 4207 1
 708 4188 3184 1
 756 3292 3134 1
 1137 4302 3550 1
 2709 3751 3184 1
 886 3142 942 1
 345 683 344 1
 2976 3158 2610 1
 3159 3161 1772 1
 2583 3222 2875 1
 3350 4242 3885 1
 855 3399 876 1
 2182 4068 3165 1
 1887 4207 3110 1
 1033 3887 3187 1
 3161 3531 1772 1
 3129 3813 3584 1
 3362 4327 4323 1
 3845 4204 2709 1
 3081 4280 3163 1
 762 3062 3049 1
 2787 4321 4283 1
 2225 3998 3164 1
 3153 3241 2707 1
 3227 3265 1203 1
 2049 3518 2105 1
 2691 3214 2310 1
 956 3194 980 1
 2344 4068 1902 1
 1298 3395 1295 1
 2398 4205 3106 1
 4122 4276 3109 1
 1214 3200 1226 1
 3231 3284 2334 1
 876 3399 3398 1
 2117 3226 2697 1
 1990 3109 1988 1
 1306 4254 3478 1
 2303 3198 2110 1
 3134 3669 756 1
 2716 3392 3207 1
 2693 3401 3119 1
 1021 3190 1019 1
 3265 4267 1192 1
 4077 4090 1381 1
 3187 3887 2710 1
 3176 3531 3161 1
 3121 4243 2695 1
 3047 3051 1471 1
 1983 3137 2174 1
 1419 3147 2122 1
 1223 3279 1205 1
 2010 4170 1698 1
 1264 4117 1261 1
 1851 3164 1468 1
 3216 4233 2542 1
 2716 3207 2856 1
 2093 3276 3174 1
 3099 4138 2025 1
 1306 4295 1307 1
 3133 3593 593 1
 1411 4286 3210 1
 2433 4069 3138 1
 2581 3222 2583 1
 3158 3285 2610 1
 2373 3212 2374 1
 1829 4258 3087 1
 3101 3149 1475 1
 874 3531 3176 1
 3176 3178 874 1
 3145 3613 1518 1
 1390 4063 1475 1
 3206 3227 1203 1
 1259 3266 1256 1
 3166 3270 1045 1
 772 4285 4281 1
 1779 4251 1896 1
 2434 4224 2431 1
 3056 3057 1753 1
 998 4115 3499 1
 2674 4087 3254 1
 2333 3174 3173 1
 3228 3346 3229 1
 980 3194 1045 1
 2363 3346 3228 1
 3511 3886 2454 1
 849 3237 1772 1
 2310 3214 2312 1
 2526 4214 2806 1
 1586 4282 1720 1
 3359 4296 2142 1
 3138 4089 2433 1
 1209 3200 1214 1
 1486 4080 3634 1
 4281 4285 2554 1
 4116 4200 3143 1
 704 3487 3148 1
 1856 4268 1723 1
 1398 3221 1397 1
 2041 4280 1721 1
 754 3293 756 1
 3210 4288 1411 1
 2712 3886 3511 1
 3542 4128 3543 1
 2837 3276 2093 1
 2542 4152 3216 1
 772 4281 3293 1
 1045 3270 1046 1
 1033 3190 1021 1
 3148 3620 704 1
 3139 4109 942 1
 1772 3237 3159 1
 1782 3302 3300 1
 1428 3792 1451 1
 1045 3194 3166 1
 3634 4080 2733 1
 1536 3348 3230 1
 2709 4204 3751 1
 1807 4133 1487 1
 2710 3887 3315 1
 3111 4270 3112 1
 4085 4140 3099 1
 3487 3613 3145 1
 2205 4243 3121 1
 1581 3624 3154 1
 942 4109 872 1
 3105 4021 4020 1
 3304 3792 1427 1
 1042 4112 907 1
 1295 3395 1297 1
 1142 4244 3400 1
 2187 3240 2568 1
 3545 4312 1643 1
 2714 3854 3271 1
 1203 3265 1194 1
 2206 3255 2602 1
 3350 3403 2548 1
 1142 4277 3152 1
 1289 4140 4085 1
 3148 3624 3620 1
 1587 3241 1305 1
 1305 3241 3153 1
 2340 4297 3230 1
 2707 3395 3153 1
 2251 3135 2094 1
 1278 4102 1275 1
 3201 3203 1831 1
 1891 3123 1854 1
 704 3613 3487 1
 3620 3624 1581 1
 2708 3250 2127 1
 3710 3821 3140 1
 2548 3403 2434 1
 3108 3395 2707 1
 1605 4240 4049 1
 1700 4108 1876 1
 1482 4269 3441 1
 1287 4221 4081 1
 2195 3217 2857 1
 1052 3313 1029 1
 1046 3270 1054 1
 3254 4087 1975 1
 876 4036 853 1
 3154 3718 1581 1
 2748 4267 4104 1
 3203 3719 1831 1
 1256 3266 1257 1
 1564 3362 1292 1
 4310 4357 1264 1
 1269 3213 1314 1
 2212 4219 4171 1
 2568 4356 4352 1
 767 4158 3128 1
 843 3685 835 1
 1415 3944 1396 1
 2462 3470 3204 1
 3185 3470 2362 1
 3357 3875 3204 1
 3134 4052 3669 1
 3168 3392 2716 1
 2708 3279 3250 1
 2776 4286 3165 1
 3197 4155 3958 1
 1425 3226 1761 1
 4123 4270 4124 1
 705 3718 3461 1
 2342 4077 3088 1
 3603 3900 3602 1
 3204 3470 2337 1
 2708 4220 3279 1
 1518 4052 3145 1
 1722 3241 1587 1
 2332 4333 3118 1
 2499 4200 4116 1
 2307 4077 2342 1
 1994 3261 1995 1
 2348 4107 4067 1
 1170 4043 1413 1
 3349 3363 2358 1
 2961 3238 2619 1
 3300 3596 1782 1
 3204 3875 2462 1
 1343 3307 1411 1
 3152 4244 1142 1
 3353 4090 2697 1
 1530 3900 3603 1
 2197 3878 2198 1
 2465 3221 3115 1
 1292 3362 1294 1
 2277 3802 3562 1
 2652 3085 2649 1
 3461 3718 3154 1
 3496 4050 3497 1
 2337 3470 3185 1
 973 4311 1643 1
 3191 4232 4074 1
 1241 4257 1310 1
 3155 4036 876 1
 378 1155 377 1
 1205 3279 1207 1
 2760 3259 1938 1
 3217 3218 2857 1
 2354 3363 3349 1
 1386 4300 1385 1
 3250 3279 1223 1
 4070 4265 4194 1
 2357 3298 3296 1
 3178 3685 874 1
 2548 4242 3350 1
 2198 3878 2666 1
 3437 4105 4002 1
 990 3875 3357 1
 3669 4052 1518 1
 3604 4175 3601 1
 2537 4127 4125 1
 3275 3599 1583 1
 2347 3205 1898 1
 956 4100 3194 1
 4081 4221 3268 1
 2362 3562 3185 1
 3543 4128 2682 1
 3311 3315 1086 1
 1217 3195 1219 1
 1427 3871 3304 1
 2189 3240 2187 1
 1086 3312 3311 1
 4095 4174 3202 1
 2912 3447 3446 1
 1433 3510 3277 1
 1984 4171 1989 1
 4063 4335 3150 1
 1172 4043 1170 1
 1224 4154 1394 1
 3191 4074 3190 1
 3209 3348 1281 1
 1905 3349 2358 1
 2710 3315 3311 1
 1262 3258 1277 1
 2155 4149 1930 1
 2347 3227 3205 1
 3238 3239 2619 1
 1877 3285 1875 1
 3346 3347 3229 1
 1686 3280 3264 1
 3431 3524 1835 1
 2210 4241 1825 1
 2912 3446 2256 1
 4067 4107 2527 1
 2105 3518 2808 1
 1203 3284 3206 1
 2022 4313 2224 1
 3432 4028 3796 1
 1406 3913 1404 1
 1177 3356 1748 1
 1309 3199 1374 1
 1981 3363 2354 1
 3277 3510 2721 1
 2423 3272 2353 1
 1782 3792 3302 1
 1069 4277 1142 1
 1981 3364 3363 1
 2087 4051 2345 1
 4074 4232 1031 1
 1042 4116 4112 1
 1397 3221 1467 1
 2532 3260 3259 1
 3499 4296 3360 1
 1385 4300 3552 1
 3403 4224 2434 1
 3274 3555 662 1
 1052 3486 3313 1
 1997 3261 1994 1
 3228 3562 2363 1
 3277 3278 1433 1
 2334 4269 3231 1
 1226 3200 1779 1
 1283 3209 1281 1
 1831 3685 3201 1
 1889 3821 3710 1
 3584 4188 3754 1
 2112 4271 2088 1
 3100 3998 2653 1
 1396 3944 1662 1
 2018 3217 2195 1
 3203 3987 3719 1
 2255 2842 2254 1
 2808 2936 2807 1
 2733 4195 3634 1
 3775 4206 4111 1
 1427 3792 1428 1
 1975 4005 3254 1
 3232 3308 2487 1
 3142 3143 3141 1
 1281 3348 1255 1
 1464 3596 1904 1
 3289 3838 2249 1
 2714 3271 3270 1
 3225 3246 669 1
 1988 3137 1983 1
 3278 3586 1433 1
 3264 3280 2616 1
 1971 3243 2299 1
 1974 4005 1975 1
 2256 3446 2053 1
 2610 3285 2199 1
 3246 3769 669 1
 3088 4288 4287 1
 2070 3290 2331 1
 1404 3913 1853 1
 2291 2308 2096 1
 2357 3596 3298 1
 2386 4052 2384 1
 1175 3356 1177 1
 3119 3120 1476 1
 1981 3393 3364 1
 3248 3769 3246 1
 1534 3781 3286 1
 590 3133 593 1
 1653 4238 4236 1
 2199 3285 1877 1
 2727 3976 2753 1
 2733 4266 4195 1
 3432 3972 1492 1
 1492 4028 3432 1
 3430 3431 1835 1
 2333 3958 1402 1
 4158 4298 3128 1
 3562 3802 3185 1
 3430 3972 3432 1
 2505 4205 2398 1
 3081 3091 3090 1
 2447 3798 3251 1
 830 3949 834 1
 3605 3990 1529 1
 1533 4014 3638 1
 2448 3769 3248 1
 2739 3721 3708 1
 3708 3721 2406 1
 3274 3599 3275 1
 1436 3391 3168 1
 2651 2652 2649 1
 3243 3244 2299 1
 2423 3273 3272 1
 3165 4223 2182 1
 1236 3970 2089 1
 3287 3621 1534 1
 2485 3232 2487 1
 1380 3353 1405 1
 3291 3798 2447 1
 3248 3286 2448 1
 4217 4218 3479 1
 1169 1170 1168 1
 3251 3798 1570 1
 2744 3291 2447 1
 702 3754 686 1
 2753 3976 3678 1
 1488 3788 3405 1
 4213 4252 3188 1
 2070 2246 2231 1
 2640 3149 3101 1
 3286 3287 1534 1
 3195 4082 1219 1
 3488 4084 2532 1
 3153 3395 1298 1
 1451 3792 1782 1
 3141 3710 3140 1
 3205 3227 3206 1
 3637 3830 3236 1
 1260 3258 1262 1
 3150 4337 3101 1
 1029 3313 1086 1
 2750 4188 3584 1
 3405 3788 3351 1
 4070 4084 3488 1
 1107 1129 1108 1
 1255 3348 1253 1
 2760 3877 3259 1
 1699 4108 1700 1
 3317 3621 3287 1
 890 3649 3262 1
 2127 3250 1391 1
 1432 4072 931 1
 954 4100 956 1
 1456 4304 1890 1
 2155 4050 3496 1
 3119 4103 2414 1
 1480 4275 3183 1
 3183 4305 1480 1
 4314 4333 2331 1
 2030 3884 2834 1
 1367 4304 1456 1
 1375 4288 1381 1
 822 3310 830 1
 874 3685 843 1
 3286 3781 2448 1
 3510 3852 2721 1
 3947 4106 3486 1
 924 3621 3317 1
 3646 4029 3647 1
 3081 3163 3091 1
 3934 4006 1932 1
 3458 3632 1574 1
 1680 1681 1663 1
 669 3632 3225 1
 842 3282 844 1
 2088 4051 2087 1
 3437 3501 2723 1
 667 3632 663 1
 3667 3805 1793 1
 2266 4182 3132 1
 2465 3115 2467 1
 3236 3830 3235 1
 3190 4074 1019 1
 2418 3339 2823 1
 600 3654 599 1
 1305 3153 1300 1
 835 3685 1831 1
 3310 3949 830 1
 2467 2470 2469 1
 1405 3353 3226 1
 2325 2398 2326 1
 2722 3829 3784 1
 3579 3580 2209 1
 2717 3280 3239 1
 3183 4275 4205 1
 2457 3899 3819 1
 3189 3191 3190 1
 2717 3239 3238 1
 2312 3214 3084 1
 3854 4002 3271 1
 3373 4011 3897 1
 3298 3596 3300 1
 3317 3319 924 1
 3897 4011 1031 1
 3584 3754 1565 1
 1595 3809 3235 1
 3174 3276 2698 1
 2576 2579 2578 1
 3580 3582 2831 1
 3511 4233 2133 1
 1385 4302 1136 1
 2531 4132 4131 1
 2622 3483 3482 1
 3259 3260 1938 1
 2511 4170 2010 1
 3936 4079 2762 1
 3355 3356 1175 1
 2037 2640 2639 1
 2487 3308 2504 1
 3223 4291 2701 1
 3194 4100 3167 1
 3369 3667 1793 1
 2208 3283 2809 1
 2591 3475 2791 1
 1247 3548 2711 1
 2467 2469 2468 1
 4171 4219 3220 1
 3270 3271 1054 1
 2214 4094 2031 1
 2136 3252 2751 1
 3577 3579 2209 1
 3784 3829 3256 1
 3164 3998 3100 1
 723 3625 725 1
 1835 3972 3430 1
 3296 3901 2357 1
 3492 3770 3294 1
 3857 3858 3856 1
 756 3293 3292 1
 1173 3355 1175 1
 3268 4157 4081 1
 721 3435 723 1
 3652 3765 3673 1
 1962 3872 1964 1
 3262 3282 890 1
 3264 3295 1686 1
 3056 3058 3057 1
 3256 3310 821 1
 821 3784 3256 1
 832 3638 3253 1
 2744 3433 3291 1
 3207 3392 2623 1
 1497 3576 1495 1
 1698 4170 1808 1
 2735 3928 3908 1
 599 3654 3653 1
 705 4239 3787 1
 890 3282 842 1
 3235 3830 1595 1
 2284 3367 2286 1
 3988 4071 3445 1
 1996 1997 1994 1
 2729 3337 3316 1
 3278 4069 3404 1
 3312 4106 3314 1
 2772 4204 3845 1
 821 3310 822 1
 3572 3574 2360 1
 3458 4152 2542 1
 3435 3625 723 1
 3257 3605 923 1
 1735 3081 3080 1
 1904 3596 2357 1
 3673 3713 3652 1
 2056 3192 2054 1
 4101 4136 3840 1
 2748 3200 1209 1
 4002 4105 3271 1
 603 3654 600 1
 3294 3770 993 1
 1932 4006 3272 1
 3466 4185 4135 1
 1206 3441 1202 1
 1965 3577 1963 1
 2793 2937 2795 1
 1476 4103 3119 1
 1570 3670 3251 1
 1614 3783 1686 1
 2616 3280 2717 1
 3368 3614 728 1
 1595 3847 3809 1
 3809 3847 3706 1
 662 3599 3274 1
 1875 3285 2262 1
 2721 3852 3692 1
 3342 3969 3444 1
 3948 3981 3708 1
 1144 3956 1412 1
 1582 3713 3673 1
 3404 3586 3278 1
 4205 4275 1328 1
 1458 3884 2030 1
 2729 3316 1616 1
 923 3402 3257 1
 2479 3877 3824 1
 3244 4087 2855 1
 4141 4213 3188 1
 2325 2399 2398 1
 3313 4106 3312 1
 2018 2019 1990 1
 2227 3574 2294 1
 1436 3168 2128 1
 1686 3783 3280 1
 1829 3087 2109 1
 2877 2886 2878 1
 3096 4337 2232 1
 1027 3315 1025 1
 3433 3829 2722 1
 3143 4200 3710 1
 3603 3967 1530 1
 1808 1984 1983 1
 2080 3577 1965 1
 2037 2639 2257 1
 2423 3555 3274 1
 2773 4177 2767 1
 3740 3964 3741 1
 1200 3441 2334 1
 3352 3713 1582 1
 2066 2068 2067 1
 3257 3990 3605 1
 3316 3782 1616 1
 2707 3241 2305 1
 2319 3168 2716 1
 2504 3308 2525 1
 1892 2515 1991 1
 1482 3441 1206 1
 2277 3562 3228 1
 2596 4013 3438 1
 2224 2225 1851 1
 3496 4149 2155 1
 4234 4266 1243 1
 2775 3258 1260 1
 1303 1305 1300 1
 4102 4103 1476 1
 2153 3947 1752 1
 4135 4185 2137 1
 3525 3973 1504 1
 2517 3109 1990 1
 3242 3281 2527 1
 2650 2651 2649 1
 2208 3816 3283 1
 2309 2691 2310 1
 2532 4084 3260 1
 1369 3208 1323 1
 1528 3770 3492 1
 2465 2467 2466 1
 1329 3586 1331 1
 1613 3295 1781 1
 2305 3241 1722 1
 1793 3614 3369 1
 2340 3230 2338 1
 1086 3315 1027 1
 1994 1995 1992 1
 3343 3372 3371 1
 2413 2868 2692 1
 2595 4030 3709 1
 3302 3792 3304 1
 2339 4167 2865 1
 1011 4093 1032 1
 1995 4317 1992 1
 3678 3840 2753 1
 3989 4045 3868 1
 1199 3434 1201 1
 1782 3596 1464 1
 3493 3615 1528 1
 2158 3872 1962 1
 2023 3703 3414 1
 4195 4266 2528 1
 3138 4069 2557 1
 728 3695 3368 1
 2170 3877 3465 1
 3478 4295 1306 1
 2295 4199 2296 1
 3205 3206 2350 1
 2685 4210 2687 1
 3638 4014 3253 1
 3489 4201 3983 1
 3755 3776 1787 1
 3375 3518 2049 1
 3254 3334 2371 1
 1874 3944 1415 1
 3571 3572 2360 1
 2622 3482 3481 1
 2682 4142 3543 1
 3436 3437 2723 1
 1582 3789 3352 1
 2680 3354 1885 1
 2070 2331 2246 1
 3492 3493 1528 1
 3414 3416 2023 1
 2173 4142 2682 1
 3136 4065 2511 1
 2598 3220 3219 1
 3369 3614 3368 1
 1397 1418 1278 1
 2412 3175 1849 1
 2445 3848 2410 1
 2421 3776 3755 1
 4131 4132 3523 1
 1986 4368 2300 1
 3291 3433 2722 1
 3495 3497 996 1
 1867 3576 1497 1
 2855 4087 2674 1
 3167 4100 4049 1
 3180 4000 3179 1
 607 3866 3789 1
 923 3700 3402 1
 1143 3937 1068 1
 4054 4060 2397 1
 2416 3339 2418 1
 2772 4237 4204 1
 1578 3918 1732 1
 1870 3376 2051 1
 3691 4107 2348 1
 3497 3623 996 1
 1709 3209 1283 1
 3647 4029 1566 1
 2603 2604 2207 1
 3668 3701 2453 1
 1198 3284 1196 1
 2483 3549 3388 1
 3239 3782 2619 1
 1798 3473 3472 1
 3464 3833 3408 1
 1565 3754 702 1
 3137 4215 2174 1
 3789 3866 3352 1
 908 3469 911 1
 2763 4201 3489 1
 3295 3901 3296 1
 3319 3435 924 1
 1487 4133 1270 1
 1384 4128 3542 1
 3574 3575 2294 1
 2312 3084 2694 1
 3343 3373 3372 1
 1225 4154 1224 1
 1227 4155 1225 1
 1568 3652 3651 1
 3376 3378 2051 1
 2370 3978 2124 1
 2723 3485 3436 1
 3414 3703 2747 1
 1216 4020 1211 1
 1968 4213 4141 1
 3416 3849 2023 1
 2371 3334 2138 1
 3311 3312 2346 1
 3361 3554 2732 1
 3486 4106 3313 1
 3437 4002 3501 1
 3706 3847 836 1
 3351 3788 1787 1
 3481 3746 2498 1
 1475 4063 3150 1
 2122 2698 2210 1
 3110 3111 3108 1
 1574 3632 667 1
 1249 4080 1486 1
 1392 3393 1431 1
 2045 3837 2289 1
 3316 3337 2365 1
 3305 3306 2540 1
 3519 3594 3412 1
 2408 3413 894 1
 1568 3765 3652 1
 2453 3805 3667 1
 1468 3164 1677 1
 2659 3222 2581 1
 3495 3615 3493 1
 3880 4175 3604 1
 1268 4351 1266 1
 1419 2122 1825 1
 3335 3338 2152 1
 3134 3292 2382 1
 3359 4299 2704 1
 3253 3848 832 1
 2842 2844 2254 1
 4049 4240 3167 1
 663 3632 669 1
 924 3435 721 1
 1438 3429 1448 1
 3295 3296 1781 1
 4184 4226 1798 1
 1972 3243 1971 1
 2110 2636 2226 1
 3767 3834 2730 1
 3402 3700 3651 1
 836 3981 3948 1
 996 3615 3495 1
 2470 2472 2471 1
 3201 3685 3178 1
 803 3425 820 1
 1838 3426 1579 1
 1751 3993 2249 1
 3281 3585 1098 1
 1915 3242 2527 1
 1989 4171 2598 1
 3173 3197 2333 1
 2835 3003 2883 1
 1248 3548 1247 1
 1367 1456 1389 1
 2024 2338 1709 1
 3651 3700 1568 1
 3667 3668 2453 1
 2524 3305 2540 1
 4142 4143 3543 1
 2249 3993 3289 1
 3344 3346 2363 1
 2413 2414 2412 1
 2831 3898 3580 1
 4279 4349 3215 1
 694 3718 692 1
 2412 4103 3175 1
 4069 4224 3404 1
 3709 4030 1934 1
 2153 4106 3947 1
 3580 3898 2209 1
 3782 3783 1616 1
 1787 3776 3351 1
 3899 3945 3263 1
 3303 4228 4198 1
 3568 3569 3567 1
 1431 3393 1981 1
 2005 3389 2101 1
 2499 4116 3952 1
 2802 3818 3817 1
 686 3754 708 1
 4001 4096 989 1
 1161 3946 3828 1
 1294 3362 1302 1
 2363 3562 2362 1
 3793 3916 3875 1
 2317 2708 2127 1
 3103 3104 2567 1
 2141 3901 2349 1
 2335 3311 2346 1
 3225 3632 3458 1
 3254 4005 3334 1
 3263 3945 3282 1
 596 3804 594 1
 3343 3371 1956 1
 2981 3207 2623 1
 1440 3429 1438 1
 2103 3442 2492 1
 2152 3337 3335 1
 2350 3231 2706 1
 1686 3295 1613 1
 1796 3816 2208 1
 2423 3274 3273 1
 3566 3568 3567 1
 3281 4067 2527 1
 4129 4222 2620 1
 3670 3848 3251 1
 3342 3444 3343 1
 1151 4118 4091 1
 2281 3971 1969 1
 2262 3285 3158 1
 3428 3746 3481 1
 1145 3956 1144 1
 1586 1720 1587 1
 2128 2319 2318 1
 2339 2340 2338 1
 1583 4060 3275 1
 1864 3803 1862 1
 2274 3442 2103 1
 2309 3102 2691 1
 3388 3550 2483 1
 3708 3981 2739 1
 3242 3585 3281 1
 3242 3656 3585 1
 3444 3969 1032 1
 1455 1717 1468 1
 3571 3576 1867 1
 2877 2878 2226 1
 2035 3391 1457 1
 3389 3390 2101 1
 3371 3372 2158 1
 3509 3627 2397 1
 1616 3783 1614 1
 2433 4089 2430 1
 2735 3908 3676 1
 1391 3250 1242 1
 1854 3123 2066 1
 2095 2251 2094 1
 2207 3186 2196 1
 2322 2880 2324 1
 1892 1893 1891 1
 3342 3343 1956 1
 3155 3398 2328 1
 3661 4145 4113 1
 3653 3804 599 1
 3625 3695 728 1
 3436 3485 1062 1
 4033 4064 3808 1
 725 3625 728 1
 834 3949 890 1
 894 3413 957 1
 3640 3843 955 1
 3200 4251 1779 1
 3819 3899 3263 1
 1720 2042 2041 1
 1467 1820 1685 1
 2087 2344 1902 1
 3294 3899 2457 1
 2728 3976 2727 1
 1275 1476 1273 1
 1798 3472 1656 1
 1890 1891 1854 1
 1880 3344 2363 1
 2360 3574 2227 1
 3896 3930 3826 1
 3567 3571 1867 1
 3428 3481 1942 1
 2153 3334 3314 1
 3069 3071 3070 1
 1332 3463 1330 1
 1894 3549 2483 1
 2128 3168 2319 1
 2365 3337 2151 1
 3349 4114 2758 1
 3406 3464 3408 1
 3412 3594 818 1
 1032 4093 3444 1
 3888 3960 1346 1
 1892 1991 1893 1
 2390 3487 2388 1
 3741 3964 3424 1
 2570 3240 2189 1
 2385 3450 2387 1
 3508 3565 2400 1
 2508 3692 2401 1
 3545 4311 4308 1
 3547 3985 3914 1
 3558 3846 3559 1
 1433 3586 1329 1
 3908 3928 1514 1
 1761 1888 1886 1
 2049 2105 2050 1
 3824 3877 2170 1
 3465 3877 2760 1
 993 3899 3294 1
 1129 1130 1108 1
 1179 3561 1181 1
 1680 1860 1681 1
 1789 3760 3735 1
 1900 2350 2114 1
 3273 4054 1931 1
 836 3948 3706 1
 3617 4072 1432 1
 1960 3371 2158 1
 2387 3450 2533 1
 3148 3487 2390 1
 3900 4050 3602 1
 1826 2038 1827 1
 1993 1994 1992 1
 2038 2071 2039 1
 2506 2560 2505 1
 2838 2839 2611 1
 3467 3522 994 1
 2289 3837 2899 1
 2307 2342 2341 1
 3991 4153 2804 1
 3612 3628 1038 1
 1279 1397 1278 1
 1646 4211 1842 1
 1900 3205 2350 1
 1526 3778 1523 1
 1886 4207 1887 1
 3412 3622 2372 1
 2598 4171 3220 1
 3373 3897 3372 1
 3477 3594 3519 1
 1113 3486 1052 1
 1597 3916 3793 1
 1898 3205 1900 1
 2636 2877 2226 1
 2891 3971 2281 1
 2619 3782 2367 1
 3873 4009 3331 1
 2603 4256 2606 1
 2605 2786 2604 1
 3701 4034 927 1
 2498 3746 1814 1
 2302 3192 2056 1
 3140 3812 2329 1
 2384 4052 3134 1
 2456 3925 3763 1
 3259 3877 2479 1
 2655 2881 2846 1
 911 3469 994 1
 1038 3629 3612 1
 1224 1393 1213 1
 2401 3480 2377 1
 3521 3750 2404 1
 3135 3136 2511 1
 2761 3522 3467 1
 839 3592 2172 1
 1202 3441 1200 1
 1213 3856 1208 1
 1214 1226 1225 1
 1829 2109 1856 1
 2343 3993 1950 1
 3379 3397 2051 1
 2195 2206 2196 1
 4065 4219 2212 1
 3096 3097 2798 1
 1169 1171 1170 1
 1191 1192 1189 1
 1190 2748 1209 1
 1201 1202 1200 1
 1240 4155 1227 1
 1425 1760 1426 1
 1896 4251 2347 1
 2072 2187 2186 1
 2206 2602 2207 1
 2857 3255 2206 1
 1257 3266 1912 1
 1343 1375 1344 1
 2174 4133 1807 1
 1830 3470 2462 1
 1903 2087 1902 1
 1954 3342 1956 1
 1984 1989 1988 1
 2564 2822 2563 1
 3335 3337 2729 1
 3418 3420 865 1
 865 3484 3418 1
 1196 3284 1203 1
 1204 1205 1202 1
 1217 1219 1218 1
 1234 1243 1235 1
 1249 1270 1250 1
 1284 1285 1283 1
 1284 4221 1287 1
 1294 1302 1296 1
 1723 3913 1406 1
 1769 3821 1889 1
 1873 3926 1872 1
 2737 3553 1935 1
 2262 3158 2820 1
 2880 2917 2324 1
 2330 3982 3876 1
 3425 3964 3740 1
 3657 3661 3658 1
 818 3622 3412 1
 1087 3755 1787 1
 1265 1267 1266 1
 1390 1475 1455 1
 1717 2037 2022 1
 1941 3451 1939 1
 2019 2517 1990 1
 2200 3452 2833 1
 3559 3846 3560 1
 3841 3933 3563 1
 3282 3945 844 1
 1295 1297 1293 1
 1456 1718 1389 1
 1743 2333 1402 1
 2042 2259 2258 1
 3272 4006 2353 1
 2539 4208 2538 1
 3425 3740 820 1
 1107 1689 1129 1
 1276 1279 1278 1
 2598 3217 2018 1
 2031 2229 2228 1
 2035 3392 3391 1
 2322 2324 2323 1
 2786 4289 2604 1
 3539 3762 3538 1
 1307 1322 1321 1
 3885 4242 1573 1
 2084 3817 2085 1
 2259 2646 2258 1
 3519 3776 2421 1
 2555 3277 2721 1
 3216 4237 2772 1
 692 3718 705 1
 890 3949 3649 1
 1098 3914 3281 1
 1322 1367 1323 1
 1467 1822 1820 1
 3180 3973 3525 1
 3525 4000 3180 1
 3591 3750 3521 1
 1581 3718 694 1
 832 3848 3670 1
 1284 1287 1286 1
 3796 4028 3405 1
 1586 1587 1305 1
 2128 2318 2317 1
 2581 2583 2582 1
 2609 2926 2608 1
 2980 2981 2623 1
 1057 3489 1056 1
 1067 3693 1535 1
 1685 3175 1418 1
 1529 3990 3721 1
 1822 2250 2096 1
 2213 3389 2005 1
 2011 2095 2094 1
 2024 4167 2339 1
 2793 2795 2225 1
 1692 3774 1513 1
 1604 3471 1608 1
 2567 3261 1997 1
 2252 2888 2251 1
 2319 2716 2635 1
 3442 3443 2492 1
 1209 1214 1213 1
 1274 1275 1273 1
 1435 3391 1436 1
 1821 2048 1849 1
 4003 4017 3629 1
 1331 3586 1794 1
 1484 3400 2364 1
 1876 4108 2526 1
 2083 3445 2027 1
 2671 3439 2081 1
 2085 3817 2241 1
 2250 2291 2096 1
 2374 2707 2305 1
 1150 3512 1010 1
 1182 3919 1180 1
 1343 1344 1311 1
 2372 3622 1785 1
 2454 3853 1833 1
 1996 2562 1998 1
 2345 2777 2776 1
 3668 4034 3701 1
 865 3425 803 1
 2778 4134 1659 1
 1723 4268 3913 1
 1770 3397 1768 1
 3338 3426 2152 1
 2416 2418 2417 1
 2734 3103 2567 1
 2731 3519 3412 1
 1517 3522 2761 1
 3736 4014 1533 1
 2092 3861 1739 1
 3861 3863 2272 1
 3497 4050 3900 1
 3607 4062 4035 1
 605 4016 603 1
 664 4037 1566 1
 779 3698 3557 1
 974 3894 895 1
 1001 3860 999 1
 1059 3436 1062 1
 1170 1413 1168 1
 1235 4279 1231 1
 1249 1486 1270 1
 1265 1266 1263 1
 1380 1403 1379 1
 1395 2176 1393 1
 1872 3926 3377 1
 2080 3578 3577 1
 3977 4015 2092 1
 2094 3135 2511 1
 2397 4060 3509 1
 2410 3848 3253 1
 3433 3839 2440 1
 3251 3848 2445 1
 2560 3183 2505 1
 2509 4029 3646 1
 4285 4294 2556 1
 3484 3553 2737 1
 3338 3844 3427 1
 1020 3523 1571 1
 3315 3887 1025 1
 1368 1369 1323 1
 1458 2028 1457 1
 2415 3731 1585 1
 3533 3760 1789 1
 1927 3627 1925 1
 3721 3990 2406 1
 2197 2198 1877 1
 908 3799 3469 1
 1060 3489 1057 1
 1287 1290 1288 1
 3264 3901 3295 1
 1090 3894 974 1
 1181 3561 1315 1
 1475 3149 1455 1
 1761 2117 1888 1
 2273 2747 1878 1
 2191 2570 2189 1
 2400 3627 3508 1
 2401 3692 3480 1
 3469 3799 3468 1
 3799 3880 3468 1
 2152 3426 1838 1
 2341 4138 2553 1
 2349 3901 3264 1
 2531 3459 2393 1
 2459 3551 2558 1
 3418 3484 2737 1
 2756 4078 4022 1
 3828 3946 2759 1
 603 4016 3654 1
 3538 3762 815 1
 1065 3693 1067 1
 1068 3937 1066 1
 1164 3510 1433 1
 2169 3777 1730 1
 2051 3397 1770 1
 2086 2802 2084 1
 2287 2573 2571 1
 3779 4013 2596 1
 3610 3628 3612 1
 1221 1222 1220 1
 1249 1250 1248 1
 1306 1307 1304 1
 1307 1321 1320 1
 1483 3616 3480 1
 1949 4172 1951 1
 3773 3833 2006 1
 2058 2302 2056 1
 3127 3544 2316 1
 4176 4179 2738 1
 3876 3982 2749 1
 2911 2915 2912 1
 3280 3783 3239 1
 3239 3783 3782 1
 599 3804 596 1
 3521 3866 607 1
 3585 3656 1084 1
 1299 1300 1298 1
 1370 3400 1484 1
 1505 3800 1503 1
 1602 3471 1604 1
 3803 4046 1862 1
 2732 3554 1916 1
 2052 2256 2053 1
 3312 3314 2346 1
 3508 3627 3509 1
 1040 3756 1575 1
 1425 1426 1406 1
 1656 3472 1658 1
 2328 3398 2327 1
 3145 4052 2386 1
 2744 3839 3433 1
 2763 4071 3988 1
 3453 3635 3452 1
 3505 3953 3912 1
 1158 3616 1483 1
 3438 4013 1383 1
 1456 1890 1854 1
 2399 2505 2398 1
 2627 2928 2628 1
 1885 3354 591 1
 1772 3531 847 1
 1848 3826 2181 1
 2346 4005 1974 1
 3827 3957 2178 1
 2422 3790 3595 1
 1205 1206 1202 1
 1219 1220 1218 1
 1367 1368 1323 1
 1698 1807 1487 1
 1615 3767 2730 1
 2723 3501 1909 1
 1964 3872 1976 1
 2128 2317 2127 1
 2528 2529 2252 1
 2287 2574 2573 1
 3756 3930 3896 1
 660 3738 656 1
 804 3683 866 1
 3420 3425 865 1
 1193 1195 1194 1
 1425 1761 1760 1
 1839 3762 3539 1
 3530 3677 1936 1
 2181 3826 2782 1
 3735 3760 2456 1
 1190 1209 1208 1
 1196 1203 1194 1
 1450 3869 1466 1
 2166 3488 2532 1
 2420 3628 3610 1
 2721 3692 2508 1
 2778 4161 4134 1
 1299 1301 1300 1
 1717 2022 1851 1
 2072 2188 2187 1
 2488 3232 2485 1
 3391 3392 3168 1
 594 3804 3592 1
 1935 3553 783 1
 870 3682 823 1
 1333 3885 1334 1
 1492 3972 1493 1
 1739 3861 1738 1
 2747 3778 1878 1
 2081 3439 2654 1
 2172 3592 2724 1
 2230 3448 2702 1
 2925 3442 2274 1
 2815 3415 3414 1
 3600 3604 3601 1
 3674 3758 3749 1
 592 3592 839 1
 968 3593 2476 1
 1010 3512 1012 1
 1018 3523 1020 1
 1210 3434 1199 1
 1376 1378 1377 1
 1683 3816 1796 1
 2002 3452 2200 1
 2006 3833 3464 1
 2192 2284 2193 1
 2295 2296 2199 1
 2537 4125 2236 1
 2373 2374 2305 1
 2312 2313 2311 1
 2745 4039 2746 1
 3570 3571 3567 1
 727 3614 730 1
 972 3547 1098 1
 994 3469 3467 1
 1390 1455 1416 1
 1513 3774 2006 1
 1527 3558 1952 1
 2330 3876 1910 1
 2492 3889 2020 1
 2802 3817 2084 1
 2150 3796 2424 1
 3372 3374 2158 1
 2858 2859 2211 1
 2383 3500 2516 1
 2420 3610 3608 1
 622 3700 626 1
 798 3594 3477 1
 3682 3683 823 1
 831 3719 829 1
 3761 3910 883 1
 1452 2495 1814 1
 3595 3790 1620 1
 2238 2463 1941 1
 1964 1965 1963 1
 2367 3316 2365 1
 2368 3458 2542 1
 1184 3907 1215 1
 1224 1394 1393 1
 1419 1825 1420 1
 1900 2114 1901 1
 1903 2111 2088 1
 2805 3878 2197 1
 3059 3067 3066 1
 1149 3657 1119 1
 1119 3657 1594 1
 1212 1239 1217 1
 1221 1328 1228 1
 1493 1495 1494 1
 1495 3576 1719 1
 1500 3524 1516 1
 1555 3772 1553 1
 2329 3812 1895 1
 1913 1915 1914 1
 1942 3966 1940 1
 2394 3624 2392 1
 2616 2717 2631 1
 3377 3385 3384 1
 3380 3381 3379 1
 3953 3955 3954 1
 3749 3758 1637 1
 3539 3541 1839 1
 2124 3978 2359 1
 2203 3365 2494 1
 2277 3228 2845 1
 3427 3843 3640 1
 3912 3953 3568 1
 1025 3887 1023 1
 1499 3566 1867 1
 1703 3918 1578 1
 2304 2305 1722 1
 1915 2154 2063 1
 3388 3549 2183 1
 3308 3309 2525 1
 617 3630 619 1
 928 3725 1790 1
 1592 3824 1647 1
 1719 2360 2227 1
 2137 3600 1778 1
 1909 3501 1911 1
 2235 2343 1950 1
 1984 1988 1983 1
 2206 2207 2196 1
 2229 2591 2590 1
 2911 2912 2256 1
 2327 3398 2703 1
 3376 3384 3378 1
 847 3531 845 1
 1576 3641 1099 1
 1153 3616 1158 1
 1913 1914 1440 1
 1466 3869 2014 1
 3480 3692 1483 1
 2053 2055 2054 1
 2367 3782 3316 1
 3516 3731 2415 1
 2581 2582 2580 1
 2627 2628 2626 1
 3228 3229 2845 1
 3274 3275 3273 1
 3393 3394 3364 1
 3581 3582 3580 1
 1727 3822 1657 1
 1732 3918 2077 1
 3296 3297 1781 1
 1826 2597 2038 1
 3528 3530 1936 1
 2374 3110 3108 1
 2507 2508 2401 1
 3298 3299 3297 1
 3569 3570 3567 1
 728 3614 727 1
 930 3725 928 1
 1045 1046 1041 1
 1129 1318 1130 1
 1233 1241 1240 1
 1241 1308 1240 1
 3692 3852 1483 1
 2336 2710 2335 1
 2379 2401 2377 1
 3658 4024 3660 1
 798 3477 797 1
 1528 3615 852 1
 903 3744 991 1
 1086 3313 3312 1
 1326 1934 1111 1
 1173 1174 1172 1
 1191 1193 1192 1
 1735 2304 1722 1
 1865 1866 1730 1
 2066 2836 2068 1
 2132 3511 2133 1
 4161 4176 2179 1
 3608 3696 2420 1
 2663 2933 2932 1
 3302 3304 3303 1
 3326 3730 3328 1
 1294 1295 1293 1
 1788 3644 3643 1
 2397 3627 1927 1
 2061 2062 2060 1
 2730 3335 2729 1
 2770 4076 3999 1
 2842 2982 2844 1
 3771 3844 3336 1
 3926 3927 3386 1
 3456 3635 3453 1
 1200 2334 1198 1
 2602 2603 2207 1
 2474 2655 2473 1
 3856 3858 1208 1
 1226 1227 1225 1
 1311 3199 1309 1
 3944 3992 1662 1
 1907 3485 2723 1
 1971 2281 1969 1
 2335 2346 1974 1
 3192 3803 2054 1
 2322 2323 2321 1
 2565 2734 2567 1
 2673 2801 2674 1
 3297 4045 3989 1
 3302 3303 3301 1
 1012 3512 1642 1
 3547 3914 1098 1
 1384 4121 3269 1
 3269 4128 1384 1
 1414 1755 1699 1
 1700 1874 1415 1
 1566 4037 3647 1
 1913 3242 1915 1
 2081 2082 2027 1
 3314 4106 2153 1
 2710 3311 2335 1
 2424 3796 3405 1
 3104 3261 2567 1
 3452 3635 2833 1
 3338 3427 3426 1
 3415 3417 3416 1
 3431 4174 4095 1
 3514 3834 3767 1
 1531 3679 737 1
 1181 1183 1182 1
 1183 1185 1184 1
 1230 4275 1480 1
 1250 1252 1251 1
 4124 4140 1289 1
 1334 3885 1337 1
 1579 3641 1576 1
 1960 1961 1959 1
 3154 3624 2394 1
 2654 2949 2943 1
 2739 3981 651 1
 1831 3719 831 1
 852 3615 854 1
 1024 3686 1151 1
 1171 1172 1170 1
 1175 1177 1176 1
 1335 3463 1332 1
 1878 3778 1526 1
 1573 4242 3245 1
 1657 3822 1819 1
 1778 3600 1924 1
 3406 3407 1824 1
 1913 3656 3242 1
 1925 3627 2400 1
 1974 1975 1972 1
 1978 3691 2348 1
 3378 3379 2051 1
 2316 3544 2184 1
 2296 2610 2199 1
 2769 3921 2376 1
 2418 2592 2419 1
 2426 3431 3430 1
 3551 3552 2558 1
 2654 2943 2785 1
 3617 3730 3329 1
 3377 3926 3386 1
 3410 3506 3504 1
 619 3630 1038 1
 656 3738 1583 1
 665 3507 671 1
 1230 1480 1234 1
 1257 1282 1281 1
 1600 3745 2480 1
 1808 2212 1984 1
 3445 4071 2169 1
 2192 2617 2284 1
 2526 2805 2197 1
 2289 2899 2673 1
 3565 3732 2400 1
 2618 2962 2961 1
 3840 4136 2753 1
 3491 3643 3591 1
 3507 3565 3508 1
 3530 3678 3677 1
 3643 3750 3591 1
 648 3618 647 1
 3555 3618 662 1
 704 3620 698 1
 1533 3638 703 1
 797 3477 863 1
 1007 3560 1005 1
 3560 3846 1037 1
 1189 1190 1188 1
 1242 3250 1223 1
 1310 1311 1309 1
 1382 1396 1347 1
 1382 1414 1396 1
 1410 3428 1942 1
 1414 1699 1415 1
 1687 2084 1688 1
 1755 1816 1699 1
 1936 3636 3528 1
 1953 3977 2092 1
 2110 3198 2636 1
 2229 2637 2591 1
 2417 3516 2415 1
 2422 3595 3555 1
 2428 3492 3294 1
 2485 2487 2486 1
 2551 3245 2549 1
 3655 3867 2740 1
 3530 3840 3678 1
 3536 3835 3540 1
 731 3626 815 1
 795 3698 779 1
 1313 1391 1242 1
 1292 1294 1293 1
 1349 1452 1348 1
 1363 1907 1478 1
 1517 2760 1938 1
 1598 1705 1599 1
 1612 1614 1613 1
 1634 3689 3588 1
 3588 3715 1634 1
 1977 3951 1795 1
 1825 4241 1826 1
 2026 2027 1866 1
 2079 2848 2656 1
 2241 2695 2136 1
 3235 3809 2490 1
 3558 3559 2501 1
 3502 3503 2520 1
 2534 2914 2913 1
 3143 3710 3141 1
 3642 3643 3491 1
 3698 3808 3557 1
 3639 3732 3565 1
 626 3700 923 1
 896 897 841 1
 863 2421 881 1
 889 3744 903 1
 1112 1326 1111 1
 1148 3851 1372 1
 1307 1320 1304 1
 1457 3391 1435 1
 1532 3995 3903 1
 1708 1882 1754 1
 1788 3643 3642 1
 1952 3558 2501 1
 1962 1964 1963 1
 2103 2492 2020 1
 2148 3707 2406 1
 2276 2858 2211 1
 2314 3952 2705 1
 3588 3689 2438 1
 3654 4016 2728 1
 1180 3919 1650 1
 1181 1315 1183 1
 2028 2035 1457 1
 1829 1856 1723 1
 698 3620 696 1
 1518 3613 706 1
 1014 1015 1013 1
 1138 3656 1387 1
 1501 3566 1499 1
 1519 3696 3608 1
 1909 1911 1910 1
 2024 2339 2338 1
 2620 2623 2035 1
 2241 3817 2826 1
 2516 3450 2385 1
 2557 3277 2555 1
 2759 3891 3828 1
 3424 4173 3741 1
 1568 3700 622 1
 706 3613 700 1
 738 3583 718 1
 1162 1163 1161 1
 1331 1332 1330 1
 1751 1752 1449 1
 1502 3525 1504 1
 1868 1881 1585 1
 1687 2086 2084 1
 1875 2262 1874 1
 2113 2314 2120 1
 2349 2615 2213 1
 2745 2746 2290 1
 2366 2367 2365 1
 2418 2823 2592 1
 2557 3278 3277 1
 2592 2594 2593 1
 3378 3380 3379 1
 3631 3786 3711 1
 3906 4013 3779 1
 3526 3636 618 1
 765 3681 1641 1
 1938 4088 1002 1
 1020 1021 1019 1
 1038 3630 3629 1
 1152 3616 1153 1
 1309 1374 1308 1
 1409 1683 1345 1
 1544 3490 1541 1
 1544 3642 3490 1
 1550 3671 1548 1
 1802 3824 1592 1
 1598 1599 1597 1
 1705 1711 1599 1
 1660 3549 1894 1
 2115 2116 1763 1
 2156 3855 1836 1
 1915 2527 2154 1
 3481 3482 1942 1
 2002 2200 2151 1
 2184 3544 2561 1
 2506 2849 2601 1
 2554 2556 2555 1
 2717 2813 2631 1
 2730 3834 3336 1
 2731 3776 3519 1
 3905 3923 3160 1
 3444 4093 3373 1
 3640 3641 3427 1
 690 3787 689 1
 740 3669 736 1
 1590 3639 840 1
 973 1643 971 1
 3357 4099 990 1
 1059 1061 1060 1
 1159 1388 1157 1
 1229 1461 1222 1
 1247 2711 1979 1
 1256 1257 1255 1
 1258 1259 1256 1
 1260 1261 1259 1
 1263 1264 1261 1
 1363 3485 1907 1
 1522 3554 1520 1
 2183 3549 1763 1
 1767 1769 1768 1
 1813 2205 2203 1
 2027 3445 1866 1
 1940 2237 1941 1
 2463 3451 1941 1
 1954 1956 1955 1
 1956 3371 1957 1
 1966 1968 1967 1
 2077 3452 2002 1
 2077 3454 3453 1
 2117 2307 2118 1
 2145 3707 2148 1
 2190 2191 2189 1
 2924 2925 2274 1
 2319 2635 2320 1
 2383 2384 2382 1
 2404 3866 3521 1
 2438 3689 2436 1
 3139 3141 3140 1
 3467 3469 3468 1
 3920 3939 3693 1
 3702 4091 4053 1
 595 3593 968 1
 650 3599 662 1
 666 672 665 1
 701 706 700 1
 871 888 870 1
 1146 1980 1152 1
 2375 3616 1152 1
 1412 3956 1949 1
 1593 3639 1590 1
 1833 3853 1606 1
 1830 2462 1712 1
 1720 2041 1721 1
 1894 2483 2459 1
 2525 3305 2524 1
 3427 3641 3426 1
 3490 3642 3491 1
 3528 3636 3526 1
 3540 3835 3806 1
 3578 3579 3577 1
 3630 3786 3631 1
 3655 3922 3859 1
 3520 3521 607 1
 1038 3628 624 1
 643 3696 1519 1
 655 3606 891 1
 668 3546 675 1
 3507 3508 671 1
 703 3638 719 1
 823 3683 804 1
 931 4072 933 1
 1039 4151 4130 1
 1114 1144 1113 1
 1176 3460 1238 1
 1699 1700 1415 1
 1757 3566 1501 1
 3426 3641 1579 1
 1637 3715 3663 1
 3663 3749 1637 1
 3517 3587 1651 1
 1719 2227 1850 1
 2143 2150 1785 1
 1813 2203 1812 1
 3407 3409 1824 1
 2014 2269 2234 1
 2059 2061 2060 1
 2085 2241 2136 1
 2259 2647 2646 1
 2262 2820 2411 1
 3674 3749 2444 1
 3203 4174 3987 1
 3330 3332 3329 1
 3343 3444 3373 1
 3377 3386 3385 1
 3591 3675 3491 1
 3579 3581 3580 1
 3633 4055 4007 1
 1537 3724 597 1
 742 743 733 1
 770 2453 780 1
 815 3699 3538 1
 947 3834 3514 1
 994 3522 995 1
 1151 3702 1026 1
 1035 3585 1084 1
 1100 3831 1088 1
 1144 1319 1113 1
 1236 1242 1223 1
 1436 2127 1391 1
 1729 1730 1407 1
 1462 2073 1743 1
 1705 2020 1711 1
 2451 2452 1714 1
 2079 2102 1759 1
 1841 3672 2168 1
 2272 2273 1878 1
 2327 2329 1895 1
 3727 3785 1943 1
 2141 2213 2005 1
 2337 3185 2123 1
 2184 2561 2183 1
 2615 2670 2213 1
 2255 2843 2842 1
 2458 3939 3920 1
 2483 3551 2459 1
 2521 3502 2520 1
 2524 2540 2530 1
 3703 3778 2747 1
 3439 3440 2949 1
 3332 3617 3329 1
 3534 3535 3533 1
 743 3556 733 1
 957 1078 1077 1
 999 3860 3361 1
 1372 3851 1708 1
 1493 1496 1495 1
 1506 1508 1507 1
 1609 3989 3868 1
 1647 3824 2170 1
 1757 3568 3566 1
 1911 3501 2129 1
 3589 3747 1946 1
 1968 1970 1969 1
 1971 2299 2281 1
 2208 2245 1978 1
 2045 2289 2138 1
 2290 2641 2063 1
 2336 3188 3187 1
 2435 2548 2434 1
 3550 3551 2483 1
 2593 2596 2595 1
 4111 4206 2687 1
 3334 4005 3314 1
 3336 3834 3771 1
 3595 3618 3555 1
 602 3520 607 1
 634 3605 1529 1
 1529 3697 638 1
 1790 3684 824 1
 995 999 998 1
 1012 1014 1013 1
 1055 1058 1057 1
 2762 2763 1060 1
 1118 1119 1090 1
 1319 3486 1113 1
 1148 1149 1119 1
 1147 3462 1145 1
 1165 3888 1346 1
 1214 1225 1224 1
 1750 1751 1449 1
 1498 1500 1499 1
 1498 3524 1500 1
 1500 1516 1502 1
 1504 1506 1505 1
 1600 2480 1602 1
 1842 3672 1841 1
 1964 1976 1966 1
 1973 1974 1972 1
 2289 2371 2138 1
 2359 3357 3204 1
 2383 2516 2385 1
 2392 3624 3148 1
 2393 3459 2395 1
 2484 3960 2463 1
 2579 2580 2578 1
 2665 3966 3597 1
 3592 3804 2724 1
 3304 4228 3303 1
 3318 3841 3563 1
 3471 4009 3873 1
 1207 1211 1206 1
 1228 1229 1222 1
 1267 1268 1266 1
 1296 1299 1298 1
 1697 2011 2010 1
 1710 2024 1709 1
 2625 2626 2584 1
 2603 2605 2604 1
 624 3628 628 1
 652 3599 650 1
 681 3564 672 1
 687 702 686 1
 703 718 702 1
 718 3583 1565 1
 756 3669 740 1
 757 2477 764 1
 774 3681 765 1
 784 786 785 1
 814 2432 2431 1
 3626 3699 815 1
 886 942 872 1
 931 932 930 1
 1845 3904 958 1
 1004 3860 1001 1
 1006 1008 1007 1
 1020 1571 1022 1
 2763 3489 1060 1
 1076 1120 1075 1
 1846 3657 1149 1
 1244 1245 1235 1
 1246 1247 1245 1
 1333 1334 1332 1
 1334 1336 1335 1
 1417 1707 1373 1
 1378 1380 1379 1
 1708 1754 1417 1
 1486 1697 1487 1
 1504 3973 1506 1
 1553 3772 3671 1
 1563 4186 4183 1
 1592 1647 1593 1
 2480 3471 1602 1
 1613 1781 1611 1
 1649 2779 2778 1
 1767 3821 1769 1
 1794 3404 3403 1
 1848 2180 2090 1
 2113 2120 1873 1
 1919 1921 1920 1
 1957 1959 1958 1
 2011 2094 2010 1
 2021 2103 2020 1
 2623 3392 2035 1
 2249 3837 2045 1
 2136 2751 2135 1
 2509 3646 2160 1
 2203 2494 2493 1
 2345 2776 2344 1
 3707 3708 2406 1
 2418 2419 2417 1
 2485 2486 2484 1
 2616 2631 2615 1
 3318 3563 3320 1
 3336 3844 3338 1
 3410 3504 3407 1
 3536 3539 3538 1
 662 3618 648 1
 665 671 660 1
 3546 3619 675 1
 697 698 696 1
 697 3753 699 1
 707 3633 1531 1
 820 3740 833 1
 936 941 940 1
 947 3514 941 1
 1154 3523 1018 1
 1024 1025 1023 1
 1040 1575 1099 1
 1153 1158 1157 1
 1431 1774 1430 1
 1509 3406 1507 1
 1560 3801 1828 1
 1832 1833 1606 1
 1608 3984 3933 1
 1644 2500 2175 1
 1862 4046 1681 1
 1701 1744 1702 1
 1905 1982 1805 1
 3541 3761 1839 1
 2049 2050 2048 1
 2510 2667 2078 1
 2621 2622 2498 1
 2714 3166 2713 1
 3179 4000 3202 1
 3275 4054 3273 1
 3296 3298 3297 1
 3324 3325 3322 1
 3328 3730 3370 1
 3535 3699 3537 1
 3704 3747 3589 1
 925 1935 783 1
 860 2408 894 1
 1084 1138 1136 1
 1138 1386 1385 1
 3777 3937 1143 1
 1410 1939 1335 1
 1337 1339 1338 1
 1479 1584 1364 1
 1380 1404 1403 1
 1467 1685 1418 1
 1914 2043 1440 1
 1545 3688 1547 1
 1612 3767 1615 1
 1615 2729 1616 1
 1649 3712 2779 1
 1949 1950 1750 1
 4190 4198 1790 1
 1806 2124 2123 1
 2495 2496 1814 1
 1917 1918 1916 1
 1924 3600 2140 1
 1928 1929 1927 1
 1930 1931 1929 1
 1932 3272 1931 1
 3451 3463 1939 1
 2057 2058 2056 1
 2077 3453 3452 1
 2157 2403 2402 1
 2235 2663 2343 1
 2258 3193 2260 1
 3432 3796 2425 1
 3736 4029 2509 1
 2519 2521 2520 1
 3363 3364 2543 1
 2618 3722 2962 1
 3166 3167 2713 1
 2738 3419 3418 1
 2870 2871 2821 1
 3322 3695 3321 1
 3483 3598 3597 1
 672 3507 665 1
 803 820 804 1
 820 833 823 1
 893 3682 870 1
 954 955 952 1
 1018 1019 1017 1
 1076 1121 1120 1
 3515 3986 1085 1
 1125 1127 1126 1
 1177 1178 1176 1
 1179 1180 1178 1
 1489 1490 1325 1
 1339 1349 1348 1
 1814 3746 1348 1
 1378 1379 1377 1
 1916 3554 1522 1
 1524 1526 1523 1
 1523 3778 1525 1
 1542 1543 1541 1
 1651 3587 1542 1
 1549 1550 1548 1
 1553 3671 1550 1
 1603 1605 1601 1
 1805 3517 1651 1
 2150 2372 1785 1
 1788 3671 3644 1
 1982 1985 1805 1
 1918 2732 1916 1
 1917 2023 1919 1
 1922 2142 1920 1
 1963 3577 2209 1
 2003 2276 2211 1
 2092 3862 3861 1
 2167 3488 2166 1
 2175 2534 2297 1
 2181 2782 2781 1
 2230 2702 2701 1
 2238 2464 2463 1
 2336 3187 2710 1
 2459 2502 2458 1
 2519 2520 2518 1
 2804 2938 2803 1
 3249 3286 3248 1
 3601 3603 3602 1
 623 3526 618 1
 643 1519 645 1
 1519 3606 645 1
 647 3618 1618 1
 687 703 702 1
 696 3620 1581 1
 697 699 698 1
 707 736 706 1
 719 739 738 1
 725 728 727 1
 751 3583 738 1
 832 3670 739 1
 771 841 743 1
 750 768 767 1
 771 3807 896 1
 776 3766 799 1
 799 800 798 1
 822 828 819 1
 822 829 828 1
 1785 3622 828 1
 830 831 829 1
 834 835 831 1
 842 843 835 1
 840 3639 3564 1
 846 847 845 1
 850 851 849 1
 850 1528 852 1
 854 855 853 1
 856 3623 858 1
 873 886 872 1
 897 3763 1944 1
 911 937 910 1
 995 998 938 1
 940 1610 1609 1
 954 956 955 1
 999 3361 998 1
 1003 1004 1001 1
 1005 1037 1004 1
 1046 1047 1041 1
 1055 1056 1048 1
 1127 1341 1340 1
 1490 3814 1325 1
 1424 3662 1350 1
 1356 3532 1354 1
 1384 3542 1357 1
 1409 2450 1714 1
 1701 1702 1424 1
 1437 1457 1435 1
 3554 3860 1520 1
 2449 3724 1537 1
 1549 3712 1649 1
 1881 2415 1585 1
 1711 1712 1599 1
 1619 2478 1617 1
 1618 3595 1620 1
 1621 3723 1619 1
 1777 1778 1648 1
 1819 3931 1655 1
 1693 1695 1694 1
 1693 1764 1695 1
 1744 1759 1702 1
 1818 1830 1712 1
 2452 3816 1714 1
 2003 2211 1727 1
 1986 1987 1775 1
 1795 3951 3831 1
 1904 2005 1817 1
 1880 2362 1830 1
 2743 3645 1837 1
 1924 1926 1925 1
 3763 3925 1944 1
 2356 2436 1948 1
 1952 2501 1954 1
 2003 2277 2276 1
 2021 2104 2103 1
 2021 2460 2104 1
 2357 3901 2141 1
 2387 2388 2386 1
 2388 3487 3145 1
 2395 2546 2545 1
 2841 3283 2452 1
 2801 2855 2674 1
 2725 3653 2728 1
 2804 2939 2938 1
 2893 2894 2859 1
 3402 3651 3650 1
 3467 3468 3466 1
 3496 3497 3495 1
 3538 3699 3535 1
 3707 3948 3708 1
 839 1885 591 1
 617 3786 3630 1
 628 2420 632 1
 671 3738 660 1
 730 3614 1793 1
 732 742 733 1
 742 769 743 1
 769 3557 771 1
 3557 3807 771 1
 873 887 886 1
 917 969 882 1
 887 901 900 1
 896 1845 958 1
 896 3807 1845 1
 901 908 907 1
 932 934 930 1
 955 3843 952 1
 958 3904 1079 1
 970 971 969 1
 1040 1099 979 1
 1003 1005 1004 1
 1032 3969 3794 1
 1082 1083 1081 1
 1116 1117 1083 1
 1085 1118 1090 1
 1089 1101 1100 1
 1345 3831 1100 1
 1138 1385 1136 1
 1148 1372 1149 1
 3686 4118 1151 1
 1285 1709 1283 1
 1324 3814 1409 1
 1488 1489 1325 1
 1338 3428 1336 1
 1350 3662 1351 1
 1351 1353 1352 1
 1365 1645 1366 1
 1387 3656 1913 1
 2043 3429 1440 1
 1489 1491 1490 1
 1529 3721 3697 1
 1558 1567 1561 1
 1894 2458 1584 1
 1658 3472 1806 1
 1701 2204 1744 1
 1759 1884 1702 1
 1705 2021 2020 1
 1738 2272 1878 1
 1909 1910 1908 1
 1911 2126 2125 1
 1915 2063 1914 1
 1926 1928 1927 1
 1957 1960 1959 1
 1960 1962 1961 1
 1975 3243 1972 1
 2028 2620 2035 1
 2053 3446 2055 1
 2104 2275 2274 1
 2223 2851 2222 1
 2327 2703 2329 1
 2359 3204 2337 1
 2349 3264 2616 1
 2368 2542 2361 1
 2833 3722 2366 1
 2383 2385 2384 1
 2427 2429 2428 1
 2429 3494 3493 1
 3491 3675 2449 1
 3914 3985 2455 1
 2464 2488 2485 1
 2519 2765 2521 1
 2682 2683 2681 1
 2683 2685 2684 1
 2719 3798 3291 1
 2724 3653 2725 1
 3318 3320 3319 1
 3321 3695 3625 1
 3361 3860 3554 1
 3451 3960 3888 1
 3466 4135 3465 1
 3933 3984 3563 1
 3570 3573 3572 1
 618 3636 614 1
 645 3606 655 1
 646 1534 710 1
 653 836 657 1
 731 815 729 1
 732 3805 742 1
 799 2719 816 1
 858 873 872 1
 887 1049 901 1
 894 957 895 1
 910 1042 907 1
 957 1077 974 1
 1029 1086 1027 1
 1028 1532 1030 1
 1028 3702 1532 1
 1158 1483 1160 1
 1165 1346 1163 1
 1164 1433 1329 1
 1644 1706 1166 1
 1181 1182 1180 1
 1187 1191 1189 1
 1199 1201 1200 1
 1326 3516 1934 1
 1683 1795 1345 1
 1410 1942 1940 1
 1450 1466 1429 1
 1448 1485 1439 1
 1458 2029 2028 1
 1687 1688 1485 1
 1835 3524 1498 1
 1500 1501 1499 1
 1503 1757 1501 1
 1504 1505 1503 1
 1503 3800 1757 1
 1506 1507 1505 1
 1509 3464 3406 1
 1514 1692 1513 1
 1556 1557 1555 1
 1558 3726 1567 1
 1592 1593 1590 1
 1610 1611 1609 1
 2084 2085 1688 1
 1777 2137 1778 1
 2441 3690 1800 1
 3542 3543 1804 1
 1821 2049 2048 1
 2038 2039 1827 1
 2306 4207 1886 1
 1952 1954 1953 1
 2059 2201 2061 1
 2111 2309 2112 1
 3716 3734 2149 1
 2284 2285 2193 1
 2735 2736 2328 1
 3474 3978 2370 1
 2387 2389 2388 1
 2496 3962 2621 1
 2622 3481 2498 1
 2591 2791 2612 1
 2611 2976 2610 1
 2685 2687 2686 1
 2741 3650 2742 1
 2741 3716 3650 1
 3165 4286 4223 1
 3177 3178 3176 1
 3263 3282 3262 1
 3520 3591 3521 1
 3537 3760 3533 1
 3541 3910 3761 1
 3630 3631 3629 1
 624 627 623 1
 661 666 665 1
 687 3619 1533 1
 699 3753 801 1
 3461 4239 705 1
 739 3670 750 1
 750 3670 1570 1
 797 863 862 1
 994 995 938 1
 979 3640 955 1
 1005 3560 1037 1
 1058 3436 1059 1
 1078 1111 1077 1
 1077 3515 1085 1
 1119 1594 1090 1
 1118 1383 1148 1
 1373 1846 1149 1
 1180 1650 1178 1
 1258 2775 1260 1
 1269 1314 1272 1
 1284 1286 1285 1
 1292 1293 1291 1
 1301 1303 1300 1
 1365 1366 1360 1
 1363 1478 1364 1
 1387 1913 1440 1
 1752 3947 1449 1
 1717 1851 1468 1
 1508 1509 1507 1
 1507 3406 1824 1
 1510 1511 1509 1
 1510 3757 1515 1
 1512 1513 1511 1
 1548 3671 1788 1
 1552 3726 1554 1
 1560 1652 1651 1
 1792 3759 1580 1
 1607 1832 1606 1
 1693 1694 1692 1
 1694 2510 2078 1
 1711 1818 1712 1
 1806 3472 2370 1
 1837 2156 1836 1
 1837 3645 2157 1
 1861 1863 1862 1
 1880 2363 2362 1
 1904 2357 2141 1
 1905 2358 1982 1
 1911 2125 1910 1
 2355 2356 1948 1
 1957 3371 1960 1
 1961 3898 1959 1
 1978 2348 1977 1
 2245 3691 1978 1
 2014 3869 2764 1
 2082 2083 2027 1
 2079 2656 2102 1
 2111 2541 2309 1
 2148 2406 2405 1
 2154 2745 2290 1
 2168 3672 2756 1
 2181 2780 2180 1
 2395 2396 2394 1
 3650 3716 2407 1
 2437 2720 2439 1
 2489 3809 3706 1
 2510 2668 2667 1
 2618 2961 2619 1
 2724 3804 3653 1
 2768 2773 2767 1
 3903 3995 2769 1
 2938 2942 2803 1
 2858 2893 2859 1
 3406 3408 3407 1
 3534 3536 3535 1
 3660 4064 4033 1
 3832 3833 3773 1
 593 594 592 1
 595 968 597 1
 608 926 605 1
 630 3605 634 1
 634 1529 638 1
 638 3697 641 1
 682 691 690 1
 705 3787 690 1
 707 737 736 1
 726 1839 724 1
 757 758 755 1
 780 796 795 1
 822 830 829 1
 896 958 897 1
 3677 3678 926 1
 944 949 948 1
 3909 4010 949 1
 957 3413 1078 1
 989 1075 988 1
 1023 1033 1021 1
 1022 1024 1023 1
 1022 3686 1024 1
 1059 1062 1061 1
 1062 3485 1064 1
 1065 1066 1063 1
 1120 1598 1597 1
 1125 1126 1123 1
 1124 1362 1125 1
 1127 1340 1126 1
 1427 1428 1327 1
 1336 3428 1410 1
 1341 1441 1340 1
 1392 1430 1362 1
 1387 1438 1386 1
 1451 1463 1450 1
 1464 1817 1463 1
 1513 2006 1511 1
 1524 3558 1527 1
 1525 1917 1916 1
 1541 3490 1539 1
 1836 3772 1555 1
 1660 1894 1584 1
 3657 3658 1594 1
 1604 1608 1607 1
 1618 3618 3595 1
 1619 3723 2478 1
 1624 3723 1621 1
 1629 3715 1637 1
 1652 1905 1805 1
 1656 1657 1655 1
 1763 3549 1660 1
 1683 1796 1795 1
 1694 2078 1692 1
 2078 3774 1692 1
 1765 1766 1695 1
 1728 2003 1727 1
 1750 3993 1751 1
 1762 3850 2749 1
 1767 1768 1766 1
 1769 1770 1768 1
 1771 1870 1770 1
 2354 2718 1786 1
 2362 3470 1830 1
 1872 3376 1870 1
 1876 2197 1877 1
 1951 2235 1950 1
 1960 2158 1962 1
 1963 2209 1961 1
 2006 3774 3773 1
 2132 2133 2131 1
 2168 2755 2461 1
 2315 3813 3129 1
 3139 3140 2329 1
 2731 3412 2372 1
 2381 2382 2380 1
 2595 3709 2419 1
 3664 3690 2441 1
 2482 2740 2443 1
 2490 3809 2489 1
 2514 4015 3977 1
 2556 2557 2555 1
 2596 3438 2595 1
 2654 3439 2949 1
 2848 2921 2656 1
 2898 2916 2669 1
 2735 3676 2736 1
 2766 2768 2767 1
 3157 3160 3159 1
 3370 3667 3369 1
 3540 3541 3539 1
 3658 3660 3659 1
 1437 1458 1457 1
 1860 1861 1681 1
 1863 2052 1864 1
 2262 2411 1874 1
 2059 2060 2058 1
 2246 2658 2231 1
 2666 2862 2295 1
 2374 3108 2707 1
 2869 2870 2821 1
 614 3636 612 1
 628 631 627 1
 643 645 644 1
 2448 3781 644 1
 645 655 654 1
 679 3619 687 1
 696 1581 694 1
 801 3633 701 1
 792 865 803 1
 834 842 835 1
 996 3623 856 1
 863 3477 2421 1
 888 893 870 1
 953 992 954 1
 1064 1070 1065 1
 1067 1535 1069 1
 1363 1364 1070 1
 1575 1576 1099 1
 1122 1124 1123 1
 1153 1156 1147 1
 1209 1213 1208 1
 1478 1479 1364 1
 1907 1908 1478 1
 1516 3525 1502 1
 1540 1542 1541 1
 1554 1556 1555 1
 1578 1579 1576 1
 1602 1603 1601 1
 1628 3733 1626 1
 1631 3733 1628 1
 1629 1637 1630 1
 1652 1805 1651 1
 1762 1763 1660 1
 1764 1906 1895 1
 1768 3397 2015 1
 1791 3811 2146 1
 2145 2147 1792 1
 1834 3768 1832 1
 1848 2181 2180 1
 1937 2353 2351 1
 1943 3785 3723 1
 2750 3813 2115 1
 2116 2184 2183 1
 2772 3845 2131 1
 2139 2368 2361 1
 2139 3768 2369 1
 2146 2489 2144 1
 2151 3337 2152 1
 2159 3646 2512 1
 2178 2518 2177 1
 2315 2316 2184 1
 2428 2457 2352 1
 3262 3649 2356 1
 2366 3722 2618 1
 3225 3458 2368 1
 3480 3616 2375 1
 2376 2378 2377 1
 2393 2394 2392 1
 3760 3925 2456 1
 2766 2767 2521 1
 2720 3310 3256 1
 3320 3322 3321 1
 3331 3333 3330 1
 3629 4017 3612 1
 3644 3750 3643 1
 3757 3923 3905 1
 613 614 612 1
 628 3628 2420 1
 646 3781 1534 1
 657 661 660 1
 659 664 663 1
 668 675 674 1
 1566 3546 668 1
 679 686 685 1
 840 3564 681 1
 764 765 758 1
 783 784 774 1
 802 3867 3655 1
 814 3739 2432 1
 885 1785 828 1
 839 2171 1885 1
 842 844 843 1
 844 846 845 1
 846 848 847 1
 848 3770 850 1
 917 970 969 1
 936 940 935 1
 949 950 948 1
 1087 1088 997 1
 1016 1018 1017 1
 1041 3756 1040 1
 1046 1054 1048 1
 1053 1114 1113 1
 1141 1143 1068 1
 1080 1082 1081 1
 1083 2456 1081 1
 1087 1787 1089 1
 1156 3462 1147 1
 1980 2375 1152 1
 1184 1215 1182 1
 1244 1246 1245 1
 1329 1331 1330 1
 1336 1410 1335 1
 1337 1573 1339 1
 1375 1376 1344 1
 1356 3720 3532 1
 1365 3687 1645 1
 1646 1840 1366 1
 1392 1431 1430 1
 1434 1729 1407 1
 1479 1660 1584 1
 1519 3607 3606 1
 1542 3587 1543 1
 1546 3642 1544 1
 1559 3717 1556 1
 1647 1648 1593 1
 1612 1615 1614 1
 1623 1625 1624 1
 1634 3715 1629 1
 1639 3674 1801 1
 1649 2778 1659 1
 1704 1848 1847 1
 1751 2249 2045 1
 1764 1895 1765 1
 1987 2194 1775 1
 2144 2145 1792 1
 2166 2479 1802 1
 1841 2162 1840 1
 1843 2165 2164 1
 1865 2026 1866 1
 1906 2327 1895 1
 1907 2723 1909 1
 2125 2330 1910 1
 1911 2129 2126 1
 1919 1920 1918 1
 1921 1922 1920 1
 2230 2701 1922 1
 1937 2422 2353 1
 2455 3951 1977 1
 2055 2057 2056 1
 2425 3796 2150 1
 2161 2409 2160 1
 2168 2756 2755 1
 2178 2519 2518 1
 2356 2437 2436 1
 2618 2619 2367 1
 2376 2377 2375 1
 2378 2379 2377 1
 3402 3650 2407 1
 2444 2445 2410 1
 2428 3294 2457 1
 2432 2434 2431 1
 2437 2439 2438 1
 2720 3256 2439 1
 2512 2513 2441 1
 3490 3491 2449 1
 2472 2474 2473 1
 2487 2503 2486 1
 3500 4053 2516 1
 2546 2547 2545 1
 2591 2612 2590 1
 2675 2985 2676 1
 2727 2752 2726 1
 3650 3651 2742 1
 3768 3823 3247 1
 3318 3319 3317 1
 3417 4040 3416 1
 3608 3610 3609 1
 604 606 605 1
 606 608 605 1
 608 3677 926 1
 615 617 614 1
 616 1568 622 1
 1139 3526 623 1
 626 629 625 1
 626 923 630 1
 630 633 629 1
 2420 3696 632 1
 636 642 639 1
 653 657 656 1
 674 3714 1574 1
 692 705 690 1
 693 1039 695 1
 707 1531 737 1
 713 3621 924 1
 719 3638 832 1
 732 733 731 1
 741 757 755 1
 769 771 743 1
 757 764 758 1
 773 783 774 1
 805 859 795 1
 845 874 843 1
 846 993 848 1
 883 3810 3748 1
 971 3764 969 1
 1116 1350 1117 1
 1139 3527 3526 1
 1144 1412 1319 1
 1146 1147 1145 1
 1158 1160 1159 1
 1160 1162 1161 1
 1162 1164 1163 1
 1357 3542 1359 1
 1370 1434 1407 1
 1484 1812 1434 1
 1485 1776 1439 1
 1515 3905 3676 1
 3693 3939 1535 1
 1539 2449 1537 1
 1543 1544 1541 1
 1543 1545 1544 1
 1543 3587 1563 1
 1545 1547 1546 1
 1788 3642 1546 1
 1549 1551 1550 1
 1552 1554 1553 1
 1554 1555 1553 1
 3859 3922 1572 1
 1589 1591 1590 1
 1648 3732 1593 1
 1618 1620 1619 1
 1923 3732 1648 1
 3532 3533 1789 1
 1796 2208 1978 1
 1801 2161 2160 1
 1803 2166 1802 1
 1803 3815 2544 1
 1894 2459 2458 1
 1907 1909 1908 1
 1925 2400 1923 1
 1924 2140 1926 1
 2179 2737 1935 1
 1980 2769 2376 1
 1980 3870 2769 1
 2133 2772 2131 1
 2137 3604 3600 1
 2402 2404 2156 1
 2157 3645 2741 1
 2165 3648 2164 1
 2164 2482 2443 1
 2179 2738 2737 1
 2241 2826 2696 1
 2369 3225 2368 1
 2403 3352 2402 1
 2742 3713 2403 1
 3257 3402 2407 1
 2446 2447 2445 1
 2482 3655 2740 1
 2535 3235 2490 1
 2491 2536 2535 1
 2765 2766 2521 1
 2725 2726 2539 1
 2702 3224 3223 1
 3398 3399 2703 1
 2743 3734 3645 1
 3177 3179 3178 1
 3249 3287 3286 1
 3320 3563 3323 1
 3408 3410 3407 1
 3497 3900 3623 1
 3520 3675 3591 1
 3532 3534 3533 1
 3610 3612 3611 1
 3645 3734 3716 1
 593 3593 595 1
 595 597 596 1
 597 3724 598 1
 968 1537 597 1
 601 3675 3520 1
 602 607 604 1
 606 1582 609 1
 609 3673 611 1
 1936 3677 610 1
 613 615 614 1
 616 621 615 1
 624 628 627 1
 629 1572 625 1
 626 630 629 1
 628 632 631 1
 1596 3780 631 1
 634 638 637 1
 636 643 642 1
 644 3781 642 1
 651 652 650 1
 653 656 652 1
 655 891 659 1
 661 665 660 1
 664 1566 668 1
 673 681 672 1
 685 688 678 1
 689 3787 1589 1
 736 1518 706 1
 713 924 721 1
 719 832 739 1
 722 883 720 1
 750 1570 768 1
 797 862 775 1
 799 816 800 1
 861 2163 859 1
 863 864 862 1
 958 959 897 1
 1049 3799 901 1
 916 3755 1087 1
 950 953 952 1
 1008 1009 1007 1
 1016 1154 1018 1
 1028 1029 1027 1
 1361 1424 1350 1
 1358 3720 1356 1
 1508 3757 1510 1
 1540 1541 1539 1
 3688 3712 1547 1
 1558 1559 1556 1
 1557 2743 1837 1
 1562 1580 1559 1
 1622 1635 1623 1
 1625 3747 3704 1
 1626 3733 1943 1
 1627 3704 1634 1
 1632 1638 1633 1
 1783 1946 1635 1
 1640 1844 1843 1
 1646 1841 1840 1
 1704 1847 1703 1
 1704 3826 1848 1
 1771 1871 1870 1
 1778 1924 1923 1
 1791 2144 1792 1
 1801 3674 2161 1
 1841 2168 2162 1
 2227 2265 1850 1
 1947 1948 1946 1
 2654 2785 2082 1
 2148 2405 2149 1
 2160 3646 2159 1
 2409 2509 2160 1
 2227 2294 2265 1
 2809 2876 2245 1
 2422 2423 2353 1
 2369 3247 3246 1
 2385 2387 2386 1
 2392 3148 2390 1
 3675 3724 2449 1
 2840 2841 2452 1
 2457 3819 3737 1
 3646 3647 2512 1
 2550 2551 2549 1
 2579 2581 2580 1
 2740 3785 3727 1
 3652 3713 2742 1
 3717 3759 2743 1
 3826 3930 2782 1
 3068 3069 3067 1
 3188 3189 3187 1
 3275 4060 4054 1
 3608 3609 3607 1
 595 596 594 1
 598 600 599 1
 606 609 608 1
 609 610 608 1
 1582 3673 609 1
 611 612 610 1
 611 613 612 1
 613 616 615 1
 617 618 614 1
 616 622 621 1
 617 619 618 1
 619 624 623 1
 622 625 621 1
 622 626 625 1
 627 1139 623 1
 1572 3711 625 1
 630 634 633 1
 923 3605 630 1
 635 1596 631 1
 632 3696 636 1
 637 802 633 1
 636 639 635 1
 641 649 648 1
 643 644 642 1
 650 662 648 1
 649 2739 651 1
 659 663 658 1
 664 667 663 1
 664 668 667 1
 678 3714 674 1
 688 3714 678 1
 679 687 686 1
 689 840 681 1
 685 3751 688 1
 701 3633 707 1
 718 1565 702 1
 703 719 718 1
 713 721 720 1
 719 738 718 1
 721 723 722 1
 723 725 724 1
 725 726 724 1
 725 727 726 1
 727 729 726 1
 727 730 729 1
 730 732 731 1
 733 3626 731 1
 739 749 738 1
 749 751 738 1
 750 767 749 1
 768 775 767 1
 770 779 769 1
 780 795 779 1
 792 793 788 1
 792 3484 865 1
 803 804 793 1
 817 818 800 1
 818 3594 800 1
 2719 2722 816 1
 829 885 828 1
 830 834 831 1
 1589 1590 840 1
 957 974 895 1
 901 3799 908 1
 908 911 910 1
 911 938 937 1
 925 2177 1935 1
 929 930 928 1
 929 1432 931 1
 944 948 947 1
 953 954 952 1
 980 1045 1041 1
 1517 1938 1002 1
 1006 1007 1005 1
 1047 3756 1041 1
 1064 3485 1363 1
 1111 3515 1077 1
 1078 1112 1111 1
 1372 1373 1149 1
 1706 1933 1166 1
 1211 1482 1206 1
 1250 1251 1248 1
 1252 1253 1251 1
 1296 1298 1295 1
 1324 1409 1345 1
 1351 3662 1588 1
 1359 1365 1360 1
 1359 1804 1365 1
 1360 3694 1569 1
 1804 3687 1365 1
 1840 3694 1366 1
 1426 1723 1406 1
 1479 3850 1762 1
 1506 1773 1508 1
 1540 1560 1542 1
 1545 1546 1544 1
 1548 1788 1546 1
 1549 1649 1551 1
 1552 1553 1550 1
 1556 3717 1557 1
 1558 1561 1559 1
 1561 1562 1559 1
 1580 3717 1559 1
 1562 1791 1580 1
 1591 1592 1590 1
 3471 3873 1608 1
 1615 2730 2729 1
 1618 1619 1617 1
 1620 1621 1619 1
 1620 3790 1622 1
 1623 1624 1621 1
 1622 1636 1635 1
 1625 1626 1624 1
 1626 1943 1624 1
 1943 3723 1624 1
 1625 1627 1626 1
 1625 3704 1627 1
 1627 1628 1626 1
 1629 1630 1628 1
 1630 1632 1631 1
 1638 1640 1633 1
 1640 1799 1633 1
 1799 3728 1633 1
 1639 1800 1638 1
 1638 3690 1640 1
 1639 1801 1800 1
 1646 1842 1841 1
 3503 4110 1659 1
 1751 2045 1752 1
 1762 2749 2115 1
 2116 2183 1763 1
 1769 1889 1771 1
 1870 2051 1770 1
 1783 1947 1946 1
 1843 2164 1799 1
 2164 2443 1799 1
 2159 2441 1800 1
 1985 3517 1805 1
 1806 2370 2124 1
 2139 2361 1833 1
 2162 2442 1840 1
 1844 3690 3664 1
 1866 3445 2169 1
 1896 1898 1897 1
 1898 1900 1899 1
 1921 3849 2624 1
 1937 3790 2422 1
 2501 3342 1954 1
 1964 1966 1965 1
 2009 3666 3665 1
 2134 2712 2132 1
 2695 3252 2136 1
 3600 3601 2140 1
 2145 2148 2147 1
 3705 3707 2145 1
 2146 2490 2489 1
 2149 3734 2147 1
 2150 2424 2372 1
 2157 2741 2403 1
 2159 2512 2441 1
 2161 2410 2409 1
 2161 2444 2410 1
 2168 2461 2162 1
 2162 3729 2442 1
 2164 3648 2482 1
 2172 2724 2539 1
 2789 3079 2185 1
 2205 3366 3365 1
 2670 3389 2213 1
 2358 2543 2522 1
 2381 3500 2383 1
 2393 2395 2394 1
 2741 2742 2403 1
 2403 3713 3352 1
 2424 3405 3351 1
 2440 3829 3433 1
 2513 3664 2441 1
 2444 2446 2445 1
 2446 3749 3663 1
 2477 3957 3827 1
 2491 2535 2490 1
 2558 2559 2502 1
 2504 2523 2503 1
 2767 3502 2521 1
 2724 2725 2539 1
 3544 3545 2561 1
 2683 3269 2685 1
 2705 3360 3359 1
 2717 3238 2813 1
 2725 2727 2726 1
 2725 2728 2727 1
 2727 2753 2752 1
 3653 3654 2728 1
 3651 3652 2742 1
 3691 4039 2745 1
 3162 3177 3176 1
 3288 3317 3287 1
 3323 3324 3322 1
 3327 3329 3326 1
 3328 3370 3369 1
 3377 3384 3376 1
 3527 3529 3528 1
 3529 3530 3528 1
 3536 3540 3539 1
 3810 3890 3748 1
 609 611 610 1
 612 1936 610 1
 612 3636 1936 1
 636 3696 643 1
 655 659 658 1
 666 673 672 1
 3508 3509 671 1
 691 692 690 1
 693 694 692 1
 1534 3621 710 1
 755 772 754 1
 758 3680 755 1
 765 1641 758 1
 773 925 783 1
 784 785 774 1
 786 814 785 1
 817 821 819 1
 834 890 842 1
 849 1772 847 1
 848 850 849 1
 993 3770 848 1
 852 854 853 1
 856 858 857 1
 936 943 941 1
 1600 1601 992 1
 1053 1113 1052 1
 1058 3437 3436 1
 1067 1068 1066 1
 1069 1141 1068 1
 1120 1597 1075 1
 1076 1122 1121 1
 1130 1347 1108 1
 1142 3400 1141 1
 1153 1157 1156 1
 1331 1794 1333 1
 1349 1653 1453 1
 1730 3777 1407 1
 1409 3814 2450 1
 1448 1687 1485 1
 1456 1854 1718 1
 1500 1502 1501 1
 1510 1512 1511 1
 1525 1916 1522 1
 1527 1739 1738 1
 1554 3726 1558 1
 1578 1732 1579 1
 1604 1607 1606 1
 1627 1629 1628 1
 1952 1953 1739 1
 1762 2115 1763 1
 1774 1986 1775 1
 2147 3759 1792 1
 3272 3273 1931 1
 1980 2376 2375 1
 2026 2671 2081 1
 2667 2669 2078 1
 2749 2750 2115 1
 2130 2134 2132 1
 2148 2149 2147 1
 2404 3855 2156 1
 2172 2538 2171 1
 2381 2383 2382 1
 2384 3134 2382 1
 2391 2392 2390 1
 2391 3865 2531 1
 2396 3461 3154 1
 2535 3236 3235 1
 2552 2783 2551 1
 2556 3138 2557 1
 2740 3867 3785 1
 3645 3716 2741 1
 3368 3695 3325 1
 3455 3456 3453 1
 3527 3528 3526 1
 3540 3929 3541 1
 598 599 596 1
 601 3724 3675 1
 602 604 603 1
 619 623 618 1
 625 3711 621 1
 631 3780 627 1
 654 2448 644 1
 700 704 698 1
 700 3613 704 1
 710 3621 713 1
 724 3761 722 1
 737 741 740 1
 737 3679 741 1
 800 3594 798 1
 817 3784 821 1
 858 1530 873 1
 863 881 864 1
 950 951 948 1
 980 1040 979 1
 980 1041 1040 1
 1012 1013 1011 1
 1026 3702 1028 1
 1158 1159 1157 1
 1441 1445 1340 1
 1359 3542 1804 1
 1645 1646 1366 1
 1519 3608 3607 1
 1554 1558 1556 1
 1557 1836 1555 1
 1557 3717 2743 1
 1562 3811 1791 1
 1797 3811 1562 1
 1791 1792 1580 1
 1580 3759 3717 1
 1633 3728 1631 1
 1634 3704 3689 1
 1861 1862 1681 1
 2443 3728 1799 1
 2005 2101 1817 1
 1822 2465 2250 1
 1832 2139 1833 1
 1837 2157 2156 1
 2442 3694 1840 1
 2180 2264 2090 1
 2157 2402 2156 1
 2617 3367 2284 1
 2349 2616 2615 1
 2427 2428 2352 1
 2355 3262 2356 1
 2391 2531 2393 1
 2395 2545 2396 1
 2740 3727 2443 1
 2444 3749 2446 1
 2550 2552 2551 1
 2667 2898 2669 1
 2683 2684 2681 1
 2685 2686 2684 1
 2688 3030 2686 1
 2719 3291 2722 1
 2738 3418 2737 1
 3179 3202 3201 1
 3321 3435 3319 1
 3320 3323 3322 1
 3325 3695 3322 1
 594 3592 592 1
 597 598 596 1
 604 605 603 1
 610 3677 608 1
 615 3786 617 1
 616 3765 1568 1
 638 640 637 1
 638 641 640 1
 647 1617 640 1
 646 710 709 1
 663 669 658 1
 661 1595 666 1
 674 1574 667 1
 682 690 689 1
 687 1533 703 1
 695 696 694 1
 699 700 698 1
 699 701 700 1
 710 713 712 1
 721 722 720 1
 737 740 736 1
 741 754 740 1
 779 3557 769 1
 804 866 793 1
 796 927 824 1
 833 870 823 1
 833 3740 906 1
 1944 3556 841 1
 889 902 888 1
 903 914 902 1
 903 991 915 1
 3740 3741 906 1
 915 988 914 1
 988 990 914 1
 925 2178 2177 1
 944 947 941 1
 958 1079 959 1
 1099 3640 979 1
 1020 1022 1021 1
 1024 1026 1025 1
 1055 1057 1056 1
 1062 1063 1061 1
 1079 1166 1080 1
 1934 3515 1111 1
 1351 1352 1117 1
 1257 1912 1282 1
 1353 1354 1352 1
 1355 1356 1354 1
 1361 1701 1424 1
 1372 1417 1373 1
 1387 1440 1438 1
 1405 1406 1404 1
 1466 1585 1429 1
 1496 1835 1498 1
 1517 2761 2760 1
 1521 1522 1520 1
 1523 1525 1522 1
 1738 1878 1526 1
 1527 1952 1739 1
 1560 1651 1542 1
 1557 1837 1836 1
 3658 3659 1594 1
 2478 3820 1617 1
 1622 1623 1621 1
 1636 1937 1784 1
 1800 3690 1638 1
 1640 3690 1844 1
 1643 4311 3545 1
 2450 2451 1714 1
 1744 2079 1759 1
 1981 2354 1786 1
 1928 2155 1930 1
 1930 4149 1932 1
 2358 2522 1982 1
 2154 2290 2063 1
 2116 2315 2184 1
 3185 3802 2123 1
 2125 2709 2330 1
 2139 2369 2368 1
 3601 3602 2140 1
 2407 3716 2149 1
 2161 3674 2444 1
 2255 2853 2843 1
 2275 2924 2274 1
 2284 2286 2285 1
 2315 3125 2316 1
 2389 2391 2390 1
 2391 2393 2392 1
 2396 3154 2394 1
 2446 3663 2744 1
 3283 3816 2452 1
 2489 3706 3705 1
 2552 2784 2783 1
 2637 3475 2591 1
 2675 3002 2985 1
 2696 3122 3121 1
 2761 3466 3465 1
 3249 3288 3287 1
 3329 3730 3326 1
 3416 4040 3849 1
 3536 3538 3535 1
 3610 3611 3609 1
 3851 4013 3906 1
 601 602 600 1
 3673 3765 611 1
 3711 3786 621 1
 634 637 633 1
 649 651 650 1
 651 653 652 1
 668 674 667 1
 679 685 678 1
 710 712 709 1
 729 3762 726 1
 796 824 805 1
 927 928 824 1
 1643 3764 971 1
 972 1035 973 1
 1035 1084 1036 1
 1046 1048 1047 1
 1062 1064 1063 1
 1351 1588 1353 1
 1360 1569 1358 1
 1366 3694 1360 1
 1510 1515 1512 1
 1543 1563 1545 1
 1547 3712 1549 1
 1561 1797 1562 1
 1602 1604 1603 1
 1604 1606 1603 1
 1630 1631 1628 1
 1632 1639 1638 1
 1640 1843 1799 1
 1658 1806 1728 1
 1791 2146 2144 1
 1801 2160 2159 1
 1834 3933 3841 1
 1836 3855 3772 1
 1905 4114 3349 1
 3260 4088 1938 1
 1959 3898 2267 1
 1966 1967 1965 1
 2026 2081 2027 1
 2124 2359 2337 1
 2129 2130 2126 1
 2134 2714 2713 1
 2143 2425 2150 1
 2144 3705 2145 1
 2405 2407 2149 1
 2173 2682 2681 1
 2178 3957 2519 1
 2229 2590 2228 1
 2369 3768 3247 1
 2405 3257 2407 1
 2410 3253 2409 1
 2424 3351 2731 1
 2687 2688 2686 1
 2730 3336 3335 1
 2736 3157 3156 1
 2736 3676 3157 1
 3288 3318 3317 1
 3324 3326 3325 1
 3324 3327 3326 1
 3541 3929 3910 1
 602 603 600 1
 632 636 635 1
 642 646 639 1
 646 709 639 1
 642 3781 646 1
 647 1618 1617 1
 656 1583 652 1
 655 658 654 1
 675 679 678 1
 693 695 694 1
 712 3748 2481 1
 1641 3680 758 1
 784 787 786 1
 814 2430 785 1
 786 3739 814 1
 855 876 853 1
 916 917 882 1
 885 2143 1785 1
 941 3514 940 1
 968 1538 1537 1
 968 2476 1538 1
 1088 2757 997 1
 1014 1016 1015 1
 1018 1020 1019 1
 1024 1151 1026 1
 1082 1116 1083 1
 1146 1152 1147 1
 1183 1184 1182 1
 1204 1236 1223 1
 1334 1337 1336 1
 1354 1789 1352 1
 1354 3532 1789 1
 1355 1384 1357 1
 1394 1419 1395 1
 1410 1940 1939 1
 3405 4028 1488 1
 1773 3757 1508 1
 1538 1540 1539 1
 1551 1552 1550 1
 1593 3732 3639 1
 1620 1622 1621 1
 1627 1634 1629 1
 1632 1633 1631 1
 1647 2170 1777 1
 1778 1923 1648 1
 2045 2138 1752 1
 1897 2182 1780 1
 2496 2498 1814 1
 2002 2151 1838 1
 1921 2624 2230 1
 1924 1925 1923 1
 1926 1927 1925 1
 2177 2179 1935 1
 1986 2300 1987 1
 2134 2713 2712 1
 2200 2365 2151 1
 2172 2539 2538 1
 2200 2366 2365 1
 2200 2833 2366 1
 2709 3184 2330 1
 2354 2758 2718 1
 3727 3728 2443 1
 2509 4014 3736 1
 2588 3341 3340 1
 3160 3162 3161 1
 3177 3180 3179 1
 3247 3249 3248 1
 3320 3321 3319 1
 3333 4010 3909 1
 3454 3455 3453 1
 4126 4172 3462 1
 3483 3597 3482 1
 3881 4180 4147 1
 590 593 592 1
 593 595 594 1
 598 601 600 1
 601 3520 602 1
 607 3789 604 1
 611 3765 613 1
 619 1038 624 1
 3509 3738 671 1
 672 3564 3507 1
 682 689 681 1
 682 3637 691 1
 689 1589 840 1
 701 707 706 1
 720 3748 712 1
 754 756 740 1
 741 755 754 1
 764 773 765 1
 773 774 765 1
 768 3766 776 1
 771 896 841 1
 773 3827 925 1
 787 792 788 1
 792 803 793 1
 833 871 870 1
 839 2172 2171 1
 860 3684 2408 1
 894 895 861 1
 871 889 888 1
 883 3910 3810 1
 889 903 902 1
 3743 3744 889 1
 903 915 914 1
 3741 3742 906 1
 911 994 938 1
 915 989 988 1
 916 997 917 1
 3764 3791 969 1
 972 1098 1035 1
 989 1076 1075 1
 995 1000 999 1
 1000 1002 1001 1
 1003 1006 1005 1
 1022 1023 1021 1
 1136 1137 1036 1
 1037 1521 1520 1
 1064 1065 1063 1
 1070 3693 1065 1
 1067 1069 1068 1
 1101 1324 1100 1
 1122 1123 1121 1
 1124 1125 1123 1
 1124 1392 1362 1
 1383 3851 1148 1
 1164 1329 1165 1
 1176 1238 1174 1
 1201 1204 1202 1
 1287 1288 1286 1
 1325 3814 1324 1
 1331 1333 1332 1
 1376 1377 1344 1
 1349 1453 1452 1
 1414 1415 1396 1
 1431 1981 1786 1
 1451 1464 1463 1
 1653 1654 1453 1
 1489 1492 1491 1
 1521 1523 1522 1
 3633 4007 1531 1
 3619 3736 1533 1
 1538 1539 1537 1
 1539 3490 2449 1
 1540 3801 1560 1
 1563 3688 1545 1
 1547 1549 1548 1
 1649 1659 1551 1
 1560 1828 1652 1
 1591 1802 1592 1
 1607 1834 1832 1
 1623 3747 1625 1
 1700 1875 1874 1
 2175 2297 1706 1
 1866 2169 1730 1
 1803 2544 2167 1
 1832 3768 2139 1
 1917 1919 1918 1
 1919 3849 1921 1
 1921 2230 1922 1
 1928 1930 1929 1
 1930 1932 1931 1
 2237 2238 1941 1
 1947 2355 1948 1
 1954 1955 1953 1
 2052 2268 2256 1
 2656 2675 2102 1
 3602 3795 2140 1
 2624 3448 2230 1
 2237 2665 2614 1
 2287 2571 2285 1
 2534 2913 2297 1
 2354 3349 2758 1
 2424 2731 2372 1
 2389 3865 2391 1
 3875 3916 2462 1
 2503 2759 2486 1
 2495 2497 2496 1
 3351 3776 2731 1
 2768 2774 2773 1
 3419 3420 3418 1
 3422 3423 3421 1
 3564 3639 3565 1
 3626 3842 3699 1
 604 3789 606 1
 709 3825 639 1
 641 648 647 1
 641 3697 649 1
 649 650 648 1
 649 3697 2739 1
 654 3769 2448 1
 657 660 656 1
 661 3847 1595 1
 675 3619 679 1
 691 693 692 1
 712 2481 709 1
 730 731 729 1
 739 750 749 1
 768 776 775 1
 776 798 797 1
 2453 3701 780 1
 787 3553 3484 1
 799 3766 2719 1
 816 817 800 1
 816 3784 817 1
 2722 3784 816 1
 817 819 818 1
 821 822 819 1
 829 3719 885 1
 844 845 843 1
 845 3531 874 1
 848 849 847 1
 850 3770 1528 1
 852 853 851 1
 854 996 856 1
 854 3615 996 1
 856 857 855 1
 858 872 857 1
 858 3623 1530 1
 887 900 886 1
 901 907 900 1
 908 910 907 1
 927 929 928 1
 929 931 930 1
 934 3725 930 1
 933 936 935 1
 1000 1517 1002 1
 1008 1150 1010 1
 1017 1031 1015 1
 1079 1644 1166 1
 1099 3641 3640 1
 1193 1661 1195 1
 1313 1435 1391 1
 1794 3350 1333 1
 1359 1360 1358 1
 1774 1775 1430 1
 1432 4023 3617 1
 1637 3758 1630 1
 3728 3733 1631 1
 1636 1783 1635 1
 1636 1784 1783 1
 1639 3758 3674 1
 1644 2175 1706 1
 1654 1656 1655 1
 1656 1658 1657 1
 1937 2351 1784 1
 1801 2159 1800 1
 1863 1864 1862 1
 1904 2141 2005 1
 1948 3589 1946 1
 2300 2301 1987 1
 2690 3083 2119 1
 2146 3811 2491 1
 2181 2781 2780 1
 2237 3966 2665 1
 2351 2427 2352 1
 2355 3263 3262 1
 2369 3246 3225 1
 2437 2438 2436 1
 2436 3689 3589 1
 2437 3649 2720 1
 2439 2440 2438 1
 2440 3839 3588 1
 2447 3251 2445 1
 2446 2744 2447 1
 2507 2554 2508 1
 2555 2721 2508 1
 2512 4073 2513 1
 2716 2856 2635 1
 2830 2892 2832 1
 3494 3495 3493 1
 3494 3496 3495 1
 3535 3537 3533 1
 3570 3572 3571 1
 3588 3839 3715 1
 3617 4023 3730 1
 3727 3733 3728 1
 598 3724 601 1
 613 3765 616 1
 621 3786 615 1
 632 635 631 1
 1617 3820 640 1
 711 2789 2185 1
 883 3748 720 1
 1839 3761 724 1
 815 3762 729 1
 1793 3805 732 1
 736 3669 1518 1
 841 3556 743 1
 755 3680 772 1
 1570 3766 768 1
 796 805 795 1
 796 3701 927 1
 805 860 859 1
 928 1790 824 1
 897 1944 841 1
 860 894 861 1
 864 1945 862 1
 959 3763 897 1
 915 4001 989 1
 916 1087 997 1
 933 935 932 1
 940 1609 935 1
 943 944 941 1
 953 1600 992 1
 1080 1081 959 1
 972 973 971 1
 1035 1036 973 1
 2757 3902 997 1
 1012 1642 1014 1
 1084 1136 1036 1
 1083 3735 2456 1
 1087 1089 1088 1
 1350 1351 1117 1
 1276 1408 1279 1
 1789 3735 1352 1
 1353 1355 1354 1
 1355 1357 1356 1
 1357 1359 1358 1
 1438 1448 1439 1
 1466 1868 1585 1
 1479 1762 1660 1
 1508 1510 1509 1
 1514 1693 1692 1
 1612 1613 1611 1
 1946 3747 1635 1
 1658 1728 1727 1
 2211 3822 1727 1
 1806 2123 1728 1
 1953 2092 1739 1
 1783 3737 1947 1
 1818 1880 1830 1
 1846 3661 3657 1
 2014 2234 1868 1
 1881 2588 2416 1
 2171 2173 1885 1
 1929 2397 1927 1
 1944 3842 3556 1
 2115 3813 2116 1
 2712 3511 2132 1
 2133 3216 2772 1
 3734 3759 2147 1
 2461 3729 2162 1
 2173 2681 2680 1
 2457 3737 2352 1
 2395 3459 2546 1
 3477 3519 2421 1
 2426 3430 2425 1
 3723 3785 2478 1
 2478 3867 3820 1
 2487 2504 2503 1
 3779 3942 2852 1
 3157 3159 3156 1
 3166 3194 3167 1
 3247 3823 3249 1
 3327 3330 3329 1
 3427 3844 3843 1
 3699 3842 3537 1
 1583 3599 652 1
 723 724 722 1
 722 3761 883 1
 3556 3626 733 1
 770 3805 2453 1
 776 797 775 1
 3655 3859 802 1
 820 823 804 1
 833 906 871 1
 850 852 851 1
 1008 1010 1009 1
 1061 2762 1060 1
 1064 1363 1070 1
 1138 1387 1386 1
 1197 1210 1199 1
 1327 3731 1326 1
 1338 3746 3428 1
 1372 1708 1417 1
 1374 1462 1402 1
 1438 1439 1386 1
 1451 1782 1464 1
 1484 1813 1812 1
 1719 1850 1494 1
 1499 1867 1497 1
 1521 1524 1523 1
 1547 1548 1546 1
 1658 1727 1657 1
 1882 2221 1754 1
 2352 3737 1784 1
 1794 3586 3404 1
 1845 4004 3904 1
 3566 3567 1867 1
 2234 3961 1868 1
 1871 2113 1873 1
 1881 2416 2415 1
 2173 2680 1885 1
 2142 3882 1920 1
 1943 3733 3727 1
 3737 3819 1947 1
 1968 1969 1967 1
 1970 1971 1969 1
 2068 2069 2067 1
 2085 2136 2135 1
 2105 2807 2106 1
 2113 2499 2314 1
 2117 2697 2307 1
 2314 2704 2120 1
 2124 2337 2123 1
 2130 2132 2131 1
 2561 3388 2183 1
 2588 3339 2416 1
 3430 3432 2425 1
 2427 4006 3934 1
 2429 3492 2428 1
 2435 2549 2548 1
 2451 2840 2452 1
 2492 3996 3889 1
 2504 2525 2524 1
 2743 3759 3734 1
 2761 3465 2760 1
 3160 3161 3159 1
 3162 3176 3161 1
 3179 3201 3178 1
 3202 3203 3201 1
 3564 3565 3507 1
 627 3780 1139 1
 641 647 640 1
 836 3847 657 1
 1595 3830 666 1
 695 697 696 1
 699 801 701 1
 787 788 786 1
 1609 3868 935 1
 1016 1017 1015 1
 1160 1161 1159 1
 1164 1165 1163 1
 1428 1429 1327 1
 1397 1467 1418 1
 1817 3938 1463 1
 1485 3924 1776 1
 1502 1504 1503 1
 1512 1514 1513 1
 1714 3816 1683 1
 1834 3823 3768 1
 1848 2090 1847 1
 2267 2830 2514 1
 2866 2960 2269 1
 2387 2533 2389 1
 2422 3555 2423 1
 2538 4143 4142 1
 2714 3270 3166 1
 4007 4055 2766 1
 3159 3237 3156 1
 802 3859 633 1
 635 3825 1596 1
 669 3769 658 1
 730 1793 732 1
 787 3484 792 1
 835 1831 831 1
 956 980 979 1
 2456 3763 1081 1
 1824 3800 1505 1
 1610 1612 1611 1
 3851 3906 1708 1
 1732 2002 1838 1
 1803 2167 2166 1
 2361 2454 1833 1
 2107 3344 1880 1
 1951 2537 2236 1
 2205 3365 2203 1
 2379 2507 2401 1
 2554 2555 2508 1
 3962 3963 2621 1
 3328 3368 3325 1
 3407 3504 3409 1
 645 654 644 1
 2481 3825 709 1
 742 770 769 1
 742 3805 770 1
 881 882 864 1
 931 933 932 1
 1079 1080 959 1
 970 972 971 1
 1037 1520 1004 1
 1571 3686 1022 1
 1026 1028 1027 1
 1324 1345 1100 1
 1101 1488 1325 1
 1118 1148 1119 1
 1212 1216 1211 1
 1234 1235 1231 1
 1254 1256 1255 1
 1337 3885 1573 1
 1357 1358 1356 1
 1825 1826 1420 1
 1431 1786 1774 1
 1464 1904 1817 1
 1507 1824 1505 1
 1514 3928 1693 1
 1600 1602 1601 1
 1732 2077 2002 1
 2266 2412 1849 1
 1860 2240 2239 1
 1888 2306 1886 1
 3516 3709 1934 1
 1940 3966 2237 1
 2436 3589 1948 1
 2081 2654 2082 1
 2489 3705 2144 1
 2208 2809 2245 1
 2312 2694 2313 1
 2314 2705 2704 1
 2315 3129 3125 1
 3125 3126 2316 1
 3126 3127 2316 1
 2703 3139 2329 1
 2356 3649 2437 1
 2382 3292 2380 1
 2385 2386 2384 1
 2461 3890 3810 1
 2468 2957 2956 1
 2830 2832 2514 1
 2524 2530 2523 1
 2761 3467 3466 1
 2797 2798 2796 1
 3147 3197 3173 1
 3504 3505 3409 1
 3423 4186 4181 1
 3671 3772 3644 1
 4023 4034 3668 1
 1860 2239 1861 1
 1876 1877 1875 1
 2310 2312 2311 1
 2820 2869 2821 1
 3217 3219 3218 1
 592 839 591 1
 629 3859 1572 1
 673 682 681 1
 925 3827 2178 1
 992 4100 954 1
 1010 1012 1011 1
 1026 1027 1025 1
 1089 1100 1088 1
 1114 1146 1145 1
 1370 1407 1143 1
 1162 3510 1164 1
 1197 1199 1198 1
 1312 1313 1242 1
 1267 3213 1269 1
 1795 3831 1345 1
 1394 1395 1393 1
 1419 1420 1395 1
 1409 1714 1683 1
 1577 1704 1703 1
 1591 3815 1803 1
 1659 4134 3503 1
 1764 1765 1695 1
 1884 3775 1702 1
 1729 1865 1730 1
 1769 1771 1770 1
 2110 2226 1856 1
 1949 1951 1950 1
 2146 2491 2490 1
 2195 2857 2206 1
 2345 4051 2896 1
 2674 3254 2371 1
 2482 3922 3655 1
 2506 2601 2560 1
 2596 3942 3779 1
 2648 2650 2649 1
 2666 2863 2862 1
 3160 3923 3162 1
 3419 3422 3421 1
 3505 3955 3953 1
 606 3789 1582 1
 658 3769 654 1
 675 678 674 1
 686 708 685 1
 713 720 712 1
 785 3681 774 1
 776 799 798 1
 783 3553 784 1
 1530 3967 873 1
 944 3909 949 1
 1002 1003 1001 1
 1594 3894 1090 1
 1112 1427 1327 1
 1141 1370 1143 1
 1329 1330 1165 1
 1412 1449 1319 1
 1337 1338 1336 1
 1339 1348 1338 1
 1434 3943 1729 1
 1484 2364 1813 1
 3694 3806 1569 1
 1647 1777 1648 1
 1654 1798 1656 1
 1729 2009 1865 1
 2351 2352 1784 1
 2203 2493 1812 1
 1901 1903 1902 1
 1906 3928 2735 1
 1970 1972 1971 1
 2348 2455 1977 1
 2141 2349 2213 1
 2166 2532 2479 1
 3186 4193 2196 1
 2223 3779 2852 1
 2736 3155 2328 1
 3472 3473 2370 1
 2378 2380 2379 1
 2388 3145 2386 1
 2431 2433 2430 1
 2440 3588 2438 1
 2461 3810 3729 1
 2494 2660 2493 1
 2504 2524 2523 1
 2728 4016 3976 1
 2749 3982 2750 1
 3247 3248 3246 1
 3298 3300 3299 1
 3321 3625 3435 1
 3327 3932 3331 1
 3394 4144 3364 1
 3419 3421 3420 1
 3660 4024 4004 1
 3862 3863 3861 1
 3937 4079 3936 1
 1114 1145 1144 1
 1130 1382 1347 1
 1152 1153 1147 1
 1195 1196 1194 1
 1197 1198 1196 1
 1232 3513 1233 1
 1303 1586 1305 1
 1374 1402 1308 1
 1321 1481 1320 1
 1462 1743 1402 1
 1495 1719 1494 1
 1820 1821 1685 1
 1700 1876 1875 1
 1896 1897 1780 1
 1796 1978 1977 1
 1898 1899 1897 1
 1900 1901 1899 1
 2113 3941 2499 1
 2377 3480 2375 1
 2620 2980 2623 1
 2815 3414 2747 1
 2870 2872 2871 1
 3370 3668 3667 1
 640 3820 637 1
 708 3751 685 1
 819 3622 818 1
 854 856 855 1
 940 3514 1610 1
 1011 1032 1009 1
 1028 1030 1029 1
 1058 1059 1057 1
 1177 1748 1179 1
 1185 1187 1186 1
 1187 1189 1188 1
 1193 1194 1192 1
 1199 1200 1198 1
 1226 1232 1227 1
 1241 1310 1309 1
 1569 3720 1358 1
 1404 1853 1403 1
 1405 1425 1406 1
 1493 1494 1491 1
 3806 3835 1569 1
 1577 1578 1576 1
 1589 3815 1591 1
 1614 1686 1613 1
 1635 3747 1623 1
 2090 2233 1847 1
 1903 2088 2087 1
 1973 2335 1974 1
 2111 2112 2088 1
 2309 2310 2112 1
 2188 2189 2187 1
 2336 4141 3188 1
 2454 3886 3853 1
 2755 3890 2461 1
 2759 3959 2486 1
 3766 3798 2719 1
 3326 3328 3325 1
 3546 3736 3619 1
 657 3847 661 1
 673 3637 682 1
 788 3739 786 1
 824 3684 805 1
 871 3743 889 1
 881 916 882 1
 1065 1067 1066 1
 1175 1176 1174 1
 1215 3919 1182 1
 1243 1244 1235 1
 1288 1289 1286 1
 1334 1335 1332 1
 1403 1690 1379 1
 1380 1405 1404 1
 1412 1750 1449 1
 1524 1527 1526 1
 1591 1803 1802 1
 2073 2093 1743 1
 1871 1873 1872 1
 1906 2735 2328 1
 1989 2018 1990 1
 2094 2511 2010 1
 2014 2764 2269 1
 2589 2837 2093 1
 2104 2274 2103 1
 2192 2193 2191 1
 2237 2614 2238 1
 2277 2845 2276 1
 2345 2896 2777 1
 2359 3358 3357 1
 2366 2618 2367 1
 2378 2381 2380 1
 2432 2435 2434 1
 2442 3806 3694 1
 3697 3721 2739 1
 2751 3152 2787 1
 3672 4078 2756 1
 3421 3964 3420 1
 3423 3424 3421 1
 3689 3704 3589 1
 639 3825 635 1
 637 3820 802 1
 1016 3881 1154 1
 1116 1361 1350 1
 1171 1173 1172 1
 1173 1175 1174 1
 1465 3355 1173 1
 1177 1179 1178 1
 1179 1181 1180 1
 1748 3561 1179 1
 1237 4020 1216 1
 1243 2733 1244 1
 1247 1979 1245 1
 1251 3548 1248 1
 1253 1536 1251 1
 1269 1272 1271 1
 1486 1487 1270 1
 1310 1343 1311 1
 1375 1381 1376 1
 1378 3353 1380 1
 1412 1949 1750 1
 1424 3775 3662 1
 3757 3905 1515 1
 1575 1577 1576 1
 1721 1722 1587 1
 1765 1767 1766 1
 2031 2228 2029 1
 2106 2792 2050 1
 2125 3845 2709 1
 2646 3193 2258 1
 2265 2771 2770 1
 2402 3866 2404 1
 3300 3301 3299 1
 2430 3681 785 1
 3820 3867 802 1
 814 2431 2430 1
 844 3945 846 1
 864 3791 1945 1
 950 952 951 1
 1000 3522 1517 1
 1030 1052 1029 1
 1352 3735 1117 1
 1205 1207 1206 1
 1207 1212 1211 1
 1219 1221 1220 1
 1221 1228 1222 1
 1226 1779 1232 1
 1232 1233 1227 1
 1233 1240 1227 1
 1228 1230 1229 1
 1230 1234 1231 1
 1246 1249 1248 1
 1254 1258 1256 1
 1257 1281 1255 1
 1258 1260 1259 1
 1260 1262 1261 1
 1262 1265 1263 1
 1272 1274 1273 1
 1282 1283 1281 1
 1285 1710 1709 1
 1290 1564 1292 1
 1326 3731 3516 1
 1496 1498 1497 1
 2138 2153 1752 1
 2400 3732 1923 1
 2140 3795 1926 1
 1967 2080 1965 1
 2003 3802 2277 1
 3374 3872 2158 1
 2604 3186 2207 1
 2764 2866 2269 1
 2776 3165 2344 1
 2435 2550 2549 1
 2532 3259 2479 1
 2624 3449 3448 1
 3097 3098 2798 1
 3081 3090 3080 1
 3202 4174 3203 1
 3327 3331 3330 1
 3529 3840 3530 1
 3715 3839 3663 1
 633 3859 629 1
 726 3762 1839 1
 860 861 859 1
 917 3902 970 1
 1520 3860 1004 1
 1117 3735 1083 1
 1141 3400 1370 1
 1204 1223 1205 1
 1239 3195 1217 1
 1236 1312 1242 1
 1254 1255 1253 1
 1262 1263 1261 1
 1282 1284 1283 1
 4217 4254 1299 1
 1370 1484 1434 1
 1405 3226 1425 1
 1657 1819 1655 1
 1768 2015 1766 1
 1882 2223 2222 1
 1996 1998 1997 1
 2018 2195 2019 1
 2070 2231 2069 1
 2105 2808 2807 1
 2116 3813 2315 1
 2273 2815 2747 1
 2324 2325 2323 1
 2592 2593 2419 1
 2439 3829 2440 1
 2832 4015 2514 1
 2705 3952 3498 1
 2777 3210 2776 1
 3127 4312 3544 1
 3300 3302 3301 1
 3644 3855 3750 1
 1212 1217 1216 1
 1236 2089 1312 1
 1300 3153 1298 1
 1313 1437 1435 1
 1854 2066 1718 1
 2883 4094 2214 1
 2590 2657 2228 1
 2320 2322 2321 1
 2603 2606 2605 1
 1435 1436 1391 1
 1458 2030 2029 1
 1570 3798 3766 1
 1732 1838 1579 1
 3738 4060 1583 1
 2338 3209 1709 1
 1821 3375 2049 1
 1940 1941 1939 1
 2030 2214 2031 1
 2055 2056 2054 1
 2111 4212 2541 1
 2130 2131 2126 1
 2143 2426 2425 1
 2888 2889 2251 1
 2358 3363 2543 1
 2389 2390 2388 1
 2464 2485 2484 1
 2486 3959 2484 1
 2528 2754 2529 1
 2579 2659 2581 1
 3328 3369 3368 1
 3420 3964 3425 1
 2477 3827 764 1
 866 3797 793 1
 953 3745 1600 1
 1085 1090 974 1
 1000 1001 999 1
 1069 1142 1141 1
 1367 1389 1368 1
 1392 4019 3393 1
 1436 2128 2127 1
 1466 2014 1868 1
 1525 3703 1917 1
 1527 1738 1526 1
 1720 1721 1587 1
 1794 3403 3350 1
 1872 3377 3376 1
 1920 3882 1918 1
 2009 3975 3666 1
 2240 2814 2239 1
 3750 3855 2404 1
 3679 3974 2477 1
 3488 4265 4070 1
 770 780 779 1
 906 3743 871 1
 970 3547 972 1
 3793 3875 990 1
 1112 1327 1326 1
 1301 1306 1304 1
 1383 3986 3438 1
 1428 1451 1450 1
 1654 1655 1453 1
 3787 3815 1589 1
 1721 1735 1722 1
 1735 3080 2304 1
 2048 2266 1849 1
 1947 3819 2355 1
 2131 3845 2126 1
 2859 3822 2211 1
 2834 2835 2214 1
 2267 2831 2830 1
 2429 3493 3492 1
 3249 3823 3288 1
 4022 4078 3527 1
 3797 4008 3892 1
 784 3553 787 1
 4027 4031 943 1
 1059 1060 1057 1
 1101 1325 1324 1
 1122 4096 4019 1
 1702 3775 1424 1
 1492 1493 1491 1
 1821 1849 1685 1
 1687 3991 2086 1
 1882 2222 2221 1
 1957 1958 1955 1
 1962 1963 1961 1
 2675 2676 2102 1
 2339 2865 2788 1
 2663 2932 2343 1
 3256 3829 2439 1
 2442 3929 3806 1
 2696 3121 2695 1
 2705 3498 3360 1
 2736 3156 3155 1
 3663 3839 2744 1
 3394 4096 4001 1
 3423 4181 3424 1
 3532 3720 3534 1
 3534 3835 3536 1
 3557 3808 3807 1
 1077 1085 974 1
 1053 3870 1114 1
 1194 3265 1192 1
 1452 1814 1348 1
 1463 3869 1450 1
 1498 1499 1497 1
 1502 1503 1501 1
 1796 1977 1795 1
 2052 2053 1864 1
 2120 2121 1873 1
 1951 2236 2235 1
 3289 3993 2343 1
 2355 3819 3263 1
 3352 3866 2402 1
 2459 2558 2502 1
 3870 3903 2769 1
 3408 3411 3410 1
 3794 3969 3559 1
 666 3830 673 1
 3742 3743 906 1
 997 3902 917 1
 1112 3871 1427 1
 1162 3852 3510 1
 1343 1411 1375 1
 1496 1497 1495 1
 1818 2107 1880 1
 1822 2096 1820 1
 1871 1872 1870 1
 1906 2328 2327 1
 1959 2267 1958 1
 2494 2661 2660 1
 3324 3932 3327 1
 3386 3387 3385 1
 673 3830 3637 1
 1010 1011 1009 1
 1538 3801 1540 1
 1630 3758 1632 1
 1893 2630 1891 1
 1956 1957 1955 1
 2185 2690 2119 1
 2163 3808 3698 1
 2223 2852 2851 1
 2593 2595 2419 1
 2427 3934 2429 1
 3443 3996 2492 1
 2868 3082 2692 1
 2702 3223 2701 1
 4018 4177 2773 1
 3806 3929 3540 1
 3648 4003 3965 1
 741 3679 757 1
 764 3827 773 1
 1081 3763 959 1
 1023 3887 1033 1
 1151 4091 3702 1
 3463 3888 1330 1
 3429 3991 1448 1
 3756 3896 1575 1
 1632 3758 1639 1
 1729 3943 2009 1
 2479 3824 1802 1
 2265 2770 1850 1
 1973 2336 2335 1
 2083 3988 3445 1
 2202 2854 2847 1
 4261 4309 2475 1
 2660 3975 2493 1
 3415 3416 3414 1
 3772 3855 3644 1
 943 3909 944 1
 1037 3846 1521 1
 1346 3960 3959 1
 1812 3943 1434 1
 1577 1703 1578 1
 2458 3920 1584 1
 1784 3737 1783 1
 2053 2054 1864 1
 2009 3665 1865 1
 1917 3703 2023 1
 1926 3795 1928 1
 2165 4017 4003 1
 2241 2696 2695 1
 3785 3867 2478 1
 4035 4062 2513 1
 2627 2978 2928 1
 3162 3911 3177 1
 3331 4009 3333 1
 3336 3338 3335 1
 1396 1662 1347 1
 1896 2347 1898 1
 2565 2567 1997 1
 780 3701 796 1
 1030 1053 1052 1
 1084 3656 1138 1
 3676 3908 1515 1
 2085 2135 1688 1
 1764 3928 1906 1
 2209 3898 1961 1
 2249 3838 3837 1
 2376 3921 2378 1
 3559 3969 2501 1
 4008 4097 2552 1
 2755 3940 3890 1
 3817 3818 2826 1
 3059 3068 3067 1
 3140 3821 3812 1
 828 3622 819 1
 3361 4115 998 1
 1007 3794 3560 1
 1049 3880 3799 1
 1230 1231 1229 1
 1294 1296 1295 1
 2476 3801 1538 1
 1808 1983 1807 1
 2023 3849 1919 1
 1970 1973 1972 1
 2107 3345 3344 1
 3473 3474 2370 1
 2464 2484 2463 1
 2491 3874 2536 1
 2583 2625 2584 1
 2705 3359 2704 1
 3157 3905 3160 1
 3515 4030 3986 1
 3556 3842 3626 1
 3661 4024 3658 1
 4148 4202 4178 1
 1039 3752 695 1
 935 3868 932 1
 956 979 955 1
 1190 1208 1188 1
 1195 1197 1196 1
 3552 4302 1385 1
 1462 2074 2073 1
 1681 4046 1663 1
 2135 3924 1688 1
 1797 3874 3811 1
 2770 3999 1850 1
 2126 3845 2125 1
 2187 2568 2186 1
 2360 3576 3571 1
 2673 2674 2371 1
 2477 3974 3957 1
 4065 4170 2511 1
 3676 3905 3157 1
 788 3797 3739 1
 1364 3920 1070 1
 1088 3831 2757 1
 1163 3946 1161 1
 1569 3835 3720 1
 1622 3790 1636 1
 1694 3950 2510 1
 2022 2224 1851 1
 4053 4091 2516 1
 993 3945 3899 1
 1478 3850 1479 1
 1738 3861 2272 1
 1998 2566 2565 1
 2109 2303 2110 1
 2273 2816 2815 1
 3745 4010 2480 1
 3890 3940 2481 1
 3649 3949 2720 1
 3059 3066 3057 1
 3880 4185 3468 1
 3797 3892 3739 1
 4012 4022 3780 1
 3752 3753 697 1
 757 3679 2477 1
 1056 3895 1048 1
 4018 4146 1797 1
 2202 2847 1816 1
 2198 2199 1877 1
 2129 4002 3854 1
 2176 3857 3856 1
 2198 2295 2199 1
 2299 2890 2281 1
 3862 3864 3863 1
 895 3894 3893 1
 1079 3904 1644 1
 1429 3731 1327 1
 3350 3885 1333 1
 1615 1616 1614 1
 1834 3841 3823 1
 2073 2589 2093 1
 2751 2787 2135 1
 2188 2638 2190 1
 2289 2673 2371 1
 2533 3865 2389 1
 2463 3960 3451 1
 2496 2621 2498 1
 3764 3968 3791 1
 793 3797 788 1
 859 3698 795 1
 1160 3852 1162 1
 1246 1248 1247 1
 1536 3548 1251 1
 1252 1254 1253 1
 1272 1273 1271 1
 1290 1292 1291 1
 3213 4278 1314 1
 1348 3746 1338 1
 1636 3790 1937 1
 1928 3795 2155 1
 2057 2059 2058 1
 2342 2563 2341 1
 3648 3922 2482 1
 2588 3340 3339 1
 3431 4095 3524 1
 970 3902 3547 1
 1276 1278 1275 1
 1310 4257 3307 1
 2030 2031 2029 1
 2055 2076 2057 1
 3865 4132 2531 1
 2916 3832 3773 1
 3720 3835 3534 1
 1187 1188 1186 1
 1214 1224 1213 1
 1779 1896 1780 1
 805 3684 860 1
 1098 3585 1035 1
 1597 3793 1075 1
 1114 3870 1146 1
 1483 3852 1160 1
 1271 1280 1268 1
 1697 2010 1698 1
 2123 3802 1728 1
 2086 2803 2802 1
 2086 3991 2804 1
 2129 3854 2130 1
 2614 4192 2238 1
 2268 2911 2256 1
 3748 3890 2481 1
 3537 3925 3760 1
 887 3967 1049 1
 995 3522 1000 1
 1009 3794 1007 1
 1390 1416 1369 1
 1394 3147 1419 1
 1426 1829 1723 1
 1531 3974 3679 1
 2030 2834 2214 1
 2134 3854 2714 1
 2431 4224 2433 1
 3811 3874 2491 1
 2601 3144 2560 1
 2863 2923 2862 1
 882 3791 864 1
 881 3755 916 1
 1728 3802 2003 1
 1822 3221 2465 1
 2583 2875 2625 1
 3177 3911 3180 1
 3408 3833 3411 1
 3601 4175 3603 1
 3810 3910 3729 1
 933 4027 936 1
 951 3844 3771 1
 988 3793 990 1
 1601 4049 992 1
 1054 1055 1048 1
 1787 3788 1089 1
 3623 3900 1530 1
 1918 3882 2732 1
 3482 3966 1942 1
 2071 2072 2039 1
 2072 2186 2039 1
 2229 4094 2637 1
 2406 3990 2405 1
 2416 2417 2415 1
 2891 4025 3971 1
 3372 3897 3374 1
 926 4016 605 1
 1048 3895 1047 1
 1070 3920 3693 1
 1185 1186 1184 1
 1428 1450 1429 1
 1585 3731 1429 1
 1488 4028 1489 1
 3999 4076 1490 1
 1572 3965 3711 1
 1969 3971 1967 1
 2435 3892 2550 1
 2519 3957 2765 1
 4139 4146 2774 1
 3953 3954 3569 1
 3672 4101 4078 1
 591 3354 588 1
 873 3967 887 1
 949 4010 3745 1
 1939 3463 1335 1
 3825 3940 1596 1
 2311 4271 2112 1
 2267 3898 2831 1
 2398 3106 2326 1
 2783 4226 4184 1
 3842 3925 3537 1
 3965 4003 3631 1
 659 4037 664 1
 1217 1218 1216 1
 1561 4018 1797 1
 3889 3996 2107 1
 1146 3870 1980 1
 1290 1291 1288 1
 1584 3920 1364 1
 1908 3850 1478 1
 2821 3992 2411 1
 2502 3939 2458 1
 2568 2569 2186 1
 969 3791 882 1
 1532 3903 1030 1
 3462 3956 1145 1
 1154 4147 4131 1
 2006 3464 1511 1
 2267 2514 1958 1
 1989 1990 1988 1
 2188 2190 2189 1
 2481 3940 3825 1
 3959 3960 2484 1
 2554 4285 2556 1
 4236 4238 3245 1
 3910 3929 3729 1
 1171 1465 1173 1
 1225 4155 4154 1
 2151 2152 1838 1
 1944 3925 3842 1
 4138 4307 2025 1
 2260 4280 2041 1
 2190 2192 2191 1
 2625 2627 2626 1
 2782 3983 2781 1
 651 3981 653 1
 695 3752 697 1
 952 3843 951 1
 1014 3881 1016 1
 1139 4022 3527 1
 3314 4005 2346 1
 3729 3929 2442 1
 3071 3072 3070 1
 3331 3932 3873 1
 927 4034 929 1
 1031 4011 1015 1
 1161 3828 1159 1
 1950 3993 1750 1
 1842 4101 3672 1
 2642 2864 2257 1
 2313 2965 2311 1
 2499 3952 2314 1
 2381 3921 3500 1
 2417 3709 3516 1
 2429 3934 3494 1
 2497 3962 2496 1
 2503 3891 2759 1
 2334 3284 1198 1
 1596 4012 3780 1
 1991 1993 1992 1
 3323 3932 3324 1
 3607 4035 3606 1
 3271 4105 1054 1
 1218 1237 1216 1
 2086 2804 2803 1
 3288 3841 3318 1
 590 592 591 1
 861 3893 2163 1
 1032 3794 1009 1
 1031 4232 3897 1
 1101 3788 1488 1
 1407 3777 1143 1
 1211 4020 1482 1
 1688 3924 1485 1
 3873 3984 1608 1
 2807 3118 2106 1
 2121 3927 3926 1
 2764 3994 2866 1
 2804 4153 2939 1
 2888 3010 2889 1
 1818 3889 2107 1
 2122 2210 1825 1
 2083 4197 4163 1
 2095 2252 2251 1
 2198 2666 2295 1
 2517 4122 3109 1
 3711 3965 3631 1
 4110 4187 3726 1
 990 4099 914 1
 3678 3976 926 1
 949 3745 950 1
 1346 3946 1163 1
 1773 3923 3757 1
 2890 2891 2281 1
 2378 3921 2381 1
 2501 3969 3342 1
 3438 4030 2595 1
 3188 4252 3189 1
 3370 4023 3668 1
 2526 2806 2805 1
 2791 2990 2612 1
 1931 4054 1929 1
 3791 3968 1945 1
 2720 3949 3310 1
 3358 4099 3357 1
 653 3981 836 1
 846 3945 993 1
 1156 4126 3462 1
 1241 1309 1308 1
 2121 4291 3223 1
 2235 3590 2663 1
 2353 4006 2351 1
 4125 4127 2530 1
 2557 4069 3278 1
 2703 4109 3139 1
 3332 4031 4027 1
 4001 4144 3394 1
 4019 4096 3394 1
 2163 3698 859 1
 895 3893 861 1
 1269 1271 1268 1
 1432 4034 4023 1
 1525 3778 3703 1
 1719 3576 2360 1
 1983 2174 1807 1
 3409 3800 1824 1
 1865 3665 2026 1
 1871 3941 2113 1
 2121 3926 1873 1
 3943 3975 2009 1
 2026 3665 2671 1
 2130 3854 2134 1
 1085 3986 1118 1
 1655 3931 1453 1
 1606 3853 1603 1
 1695 3950 1694 1
 2669 3774 2078 1
 2787 3924 2135 1
 2419 3709 2417 1
 2547 4249 2545 1
 1118 3986 1383 1
 1506 3973 1773 1
 1532 4053 3995 1
 1535 3939 3915 1
 2876 4039 2245 1
 2359 3978 3358 1
 2640 3101 2797 1
 2751 4244 3152 1
 3546 4029 3736 1
 3843 3844 951 1
 1603 3853 1605 1
 1644 3904 2500 1
 1693 3928 1764 1
 1704 3896 3826 1
 3800 3912 1757 1
 2641 3997 2063 1
 2932 3289 2343 1
 3451 3888 3463 1
 3568 3953 3569 1
 4056 4061 3611 1
 3705 3948 3707 1
 2421 3755 881 1
 1766 3950 1695 1
 2559 3915 2502 1
 4113 4145 2534 1
 1322 1323 1321 1
 1826 1827 1420 1
 2031 4094 2229 1
 3465 4135 2170 1
 2657 4222 4129 1
 3850 3876 2749 1
 3393 4019 3394 1
 3454 3918 3917 1
 1122 4019 1124 1
 3245 4238 1573 1
 1607 3933 1834 1
 2066 2067 1718 1
 2165 4003 3648 1
 2325 2326 2323 1
 2488 3234 3233 1
 2588 3961 3341 1
 2606 2607 2605 1
 2990 2991 2612 1
 3333 4031 3330 1
 3902 3985 3547 1
 711 2185 2119 1
 932 3868 934 1
 1053 3903 3870 1
 3828 3891 1388 1
 1889 3941 1771 1
 1843 4056 2165 1
 1844 4061 4056 1
 2042 2258 2041 1
 3979 3980 2771 1
 3823 3841 3288 1
 1002 4088 1003 1
 1013 4093 1011 1
 1448 3991 1687 1
 2296 2838 2611 1
 2583 2584 2582 1
 866 4008 3797 1
 1066 3937 3936 1
 1511 3464 1509 1
 3892 4008 2550 1
 2637 3476 3475 1
 1075 3793 988 1
 1463 3938 3869 1
 3922 3965 1572 1
 1577 3896 1704 1
 2138 3334 2153 1
 2756 4022 4012 1
 3243 4087 3244 1
 951 3771 948 1
 1453 3931 1452 1
 2195 2196 2019 1
 2307 2341 2118 1
 2245 4039 3691 1
 4024 4113 2500 1
 3424 3964 3421 1
 1642 3881 1014 1
 1452 3931 2495 1
 1849 3175 1685 1
 1895 3812 1765 1
 1910 3876 1908 1
 2137 4185 3604 1
 2409 4014 2509 1
 2432 3892 2435 1
 3849 4040 2624 1
 991 4001 915 1
 3771 3834 947 1
 950 3745 953 1
 1262 1277 1265 1
 1467 3221 1822 1
 1480 4305 4234 1
 1524 3846 3558 1
 3659 3894 1594 1
 3853 3886 1605 1
 1842 4136 4101 1
 1934 4030 3515 1
 2430 4089 3681 1
 4104 4251 2748 1
 3869 3938 2764 1
 2087 2345 2344 1
 2342 2564 2563 1
 2020 3889 1711 1
 2462 3916 1712 1
 1998 2565 1997 1
 3162 3923 3911 1
 3648 3965 3922 1
 1015 4011 1013 1
 1030 3903 1053 1
 1901 1902 1899 1
 1955 3977 1953 1
 2077 3918 3454 1
 3390 3994 2101 1
 2774 4146 2773 1
 3072 3073 3070 1
 3373 4093 4011 1
 3411 3833 3832 1
 3706 3948 3705 1
 3932 3984 3873 1
 3637 4151 691 1
 1608 3933 1607 1
 1868 3961 1881 1
 3909 4031 3333 1
 4160 4203 893 1
 1575 3896 1577 1
 2117 2118 1888 1
 2143 3987 2426 1
 3904 4004 2500 1
 4283 4321 2559 1
 2757 3985 3902 1
 2766 4055 2768 1
 3236 4151 3637 1
 1771 3941 1871 1
 2101 3938 1817 1
 2163 4033 3808 1
 3911 3973 3180 1
 3604 4185 3880 1
 1089 3788 1101 1
 1234 4234 1243 1
 2177 4161 2179 1
 2294 3979 2265 1
 2493 3975 3943 1
 3983 4201 2781 1
 3597 3966 3482 1
 3560 3794 3559 1
 948 3771 947 1
 3886 4240 1605 1
 1710 4085 3099 1
 1765 3812 1767 1
 2015 3950 1766 1
 3911 3923 1773 1
 2286 2287 2285 1
 4047 4048 2816 1
 866 4097 4008 1
 1711 3889 1818 1
 1755 2202 1816 1
 3971 4025 2080 1
 3501 4002 2129 1
 3863 4047 2272 1
 2774 4083 4044 1
 3631 4003 3629 1
 4044 4083 3753 1
 1642 4180 3881 1
 3665 4057 2671 1
 1721 4280 1735 1
 2054 3803 1864 1
 2350 2706 2114 1
 2405 3990 3257 1
 1054 4105 1055 1
 2814 2829 2239 1
 2488 3233 3232 1
 2782 3930 3895 1
 3130 4348 4032 1
 3563 3984 3323 1
 3184 3982 2330 1
 3957 3974 2765 1
 4000 4095 3202 1
 1157 3883 1156 1
 1310 3307 1343 1
 1455 1468 1416 1
 4020 4021 1482 1
 1876 2526 2197 1
 1993 1996 1994 1
 2296 2611 2610 1
 2472 2689 2474 1
 2655 2846 2473 1
 2756 4012 2755 1
 2769 3995 3921 1
 3069 3070 3067 1
 1330 3888 1165 1
 1521 3846 1524 1
 1659 4110 1551 1
 1574 4152 3458 1
 1846 4145 3661 1
 3808 4064 3807 1
 1757 3912 3568 1
 1881 3961 2588 1
 1967 3971 2080 1
 2107 3996 3345 1
 2652 3086 3085 1
 3831 3951 2757 1
 888 4160 893 1
 1058 4105 3437 1
 1078 3871 1112 1
 3881 4147 1154 1
 1489 4028 1492 1
 4076 4098 2450 1
 2513 4073 4035 1
 2687 4210 4111 1
 1124 4019 1392 1
 2176 3856 1393 1
 1599 3916 1597 1
 1652 4114 1905 1
 2351 4006 2427 1
 2296 4199 2838 1
 943 4031 3909 1
 1610 3767 1612 1
 1847 3917 1703 1
 2450 4098 2451 1
 3814 4076 2450 1
 3719 3987 885 1
 4088 4119 1006 1
 1512 3908 1514 1
 1515 3908 1512 1
 1773 3973 3911 1
 2063 3997 1914 1
 2916 3773 2669 1
 3505 3912 3409 1
 3975 4059 3666 1
 3514 3767 1610 1
 2320 2321 2318 1
 3503 4134 2520 1
 3323 3984 3932 1
 3893 3894 3659 1
 4307 4315 4167 1
 2514 3977 1958 1
 2779 4179 4176 1
 3330 4031 3332 1
 3940 4012 1596 1
 2493 3943 1812 1
 1914 3997 2043 1
 1567 4018 1561 1
 2028 4129 2620 1
 2699 2700 2210 1
 2820 2821 2411 1
 2683 4128 3269 1
 4130 4151 3236 1
 2660 4059 3975 1
 2755 4012 3940 1
 3358 4160 4099 1
 3612 4017 3611 1
 3739 3892 2432 1
 2480 4009 3471 1
 2982 2983 2844 1
 1253 3348 1536 1
 3253 4014 2409 1
 2732 4115 3361 1
 3279 4220 1207 1
 2341 2553 2118 1
 3606 4035 891 1
 3664 4061 1844 1
 2080 4025 3578 1
 2171 4142 2173 1
 3106 3107 2326 1
 3987 4174 2426 1
 3780 4022 1139 1
 1355 4121 1384 1
 3812 3821 1767 1
 1845 4064 4004 1
 2342 3088 2564 1
 2640 2796 2639 1
 3773 3774 2669 1
 3609 4062 3607 1
 373 1470 372 1
 1233 4257 1241 1
 3917 3918 1703 1
 1708 3906 1882 1
 2092 4015 3862 1
 3882 4115 2732 1
 3946 3959 2759 1
 3938 3994 2764 1
 3429 4153 3991 1
 3661 4113 4024 1
 3857 3907 3858 1
 2773 4146 4018 1
 2797 3096 2798 1
 3091 3092 3090 1
 3995 4053 3500 1
 885 3987 2143 1
 3489 3983 1056 1
 1154 4131 3523 1
 1552 4110 3726 1
 3602 4050 3795 1
 1061 3936 2762 1
 1159 3828 1388 1
 1779 1780 1232 1
 1322 4304 1367 1
 1761 1886 1760 1
 2212 4171 1984 1
 2101 3994 3938 1
 2223 3906 3779 1
 2788 3130 2340 1
 3915 3939 2502 1
 3156 4036 3155 1
 3775 4111 3662 1
 891 4037 659 1
 1566 4029 3546 1
 2711 4032 1979 1
 2467 2468 2466 1
 2550 4008 2552 1
 775 4158 767 1
 1150 4084 4070 1
 1291 4123 1288 1
 1588 4210 4121 1
 2533 4120 3865 1
 2762 4079 4071 1
 1697 1698 1487 1
 2258 2260 2041 1
 3058 3059 3057 1
 1698 1808 1807 1
 2594 4165 4164 1
 2606 2608 2607 1
 2768 4083 2774 1
 1047 3930 3756 1
 1204 3970 1236 1
 1491 3999 1490 1
 2259 2648 2647 1
 929 4034 1432 1
 1301 1304 1303 1
 1307 4295 1322 1
 1886 1887 1760 1
 1908 3876 3850 1
 3893 4033 2163 1
 2454 4233 3511 1
 2738 4179 3419 1
 3213 4320 4293 1
 936 4027 943 1
 1066 3936 1063 1
 1267 1269 1268 1
 1476 3120 1273 1
 2319 2320 2318 1
 2530 4038 2523 1
 4004 4064 3660 1
 1388 3883 1157 1
 4041 4043 1172 1
 2536 4130 2535 1
 2624 4040 3449 1
 3895 3983 2782 1
 1274 1276 1275 1
 3524 4095 1516 1
 1710 2025 2024 1
 3660 4033 3659 1
 1019 4074 1017 1
 4162 4168 2522 1
 989 4096 1076 1
 3258 4276 1277 1
 1279 1398 1397 1
 1531 4007 3974 1
 2037 2257 2022 1
 2165 4056 4017 1
 3647 4073 2512 1
 3267 3268 1912 1
 2640 2797 2796 1
 1150 4070 3512 1
 2236 3590 2235 1
 4009 4010 3333 1
 3730 4023 3370 1
 2265 3979 2771 1
 4215 4276 3258 1
 3413 3871 1078 1
 1393 3856 1213 1
 1605 4049 1601 1
 2745 4107 3691 1
 4255 4289 2786 1
 3752 4044 3753 1
 891 4073 4037 1
 1178 3460 1176 1
 3297 3989 1781 1
 2224 2794 2793 1
 3245 4242 2549 1
 1958 3977 1955 1
 2273 4047 2816 1
 2317 3151 2708 1
 3358 4203 4160 1
 3702 4053 1532 1
 2109 2110 1856 1
 2413 2692 2414 1
 4055 4083 2768 1
 3712 4189 2779 1
 4091 4118 3450 1
 801 4055 3633 1
 3976 4016 926 1
 3543 4143 1804 1
 2835 2883 2214 1
 3260 4119 4088 1
 4025 4026 3578 1
 1346 3959 3946 1
 1588 4121 1353 1
 2096 3375 1820 1
 2556 4294 3138 1
 1270 3935 1250 1
 2233 3917 1847 1
 2348 4067 2455 1
 2480 4010 4009 1
 2536 4139 4086 1
 3659 4033 3893 1
 1516 4000 3525 1
 1798 4226 3473 1
 2552 4097 2784 1
 4037 4073 3647 1
 693 4151 1039 1
 2055 3446 2076 1
 2310 2311 2112 1
 2565 4310 2734 1
 2778 4176 4161 1
 3424 4181 4173 1
 4150 4190 3725 1
 1951 4172 2537 1
 3795 4050 2155 1
 3299 4045 3297 1
 1929 4054 2397 1
 3446 3447 2076 1
 2291 2966 2308 1
 2593 3942 2596 1
 3303 4198 4190 1
 1063 3936 1061 1
 1712 3916 1599 1
 1710 3099 2025 1
 2170 4135 1777 1
 2560 4305 3183 1
 2594 3942 2593 1
 2706 4269 4021 1
 3332 4072 3617 1
 4183 4186 3423 1
 3666 4057 3665 1
 1490 4076 3814 1
 1186 3907 1184 1
 1844 4056 1843 1
 2411 3992 3944 1
 2805 3879 3878 1
 2697 4077 2307 1
 3921 3995 3500 1
 2513 4062 3664 1
 4126 4127 2537 1
 3237 4036 3156 1
 3986 4030 3438 1
 1945 4158 862 1
 1890 1892 1891 1
 2196 4193 2019 1
 2339 2788 2340 1
 2767 4177 3502 1
 3611 4061 3609 1
 3874 4146 4139 1
 2598 3219 3217 1
 2648 3113 2650 1
 3409 3912 3800 1
 2698 2699 2210 1
 3967 4175 1049 1
 2522 4168 1982 1
 3509 4060 3738 1
 3742 4168 4162 1
 1003 4088 1006 1
 2500 4113 2175 1
 2547 4265 4249 1
 2523 3891 2503 1
 3666 4058 4057 1
 2694 4348 2313 1
 2455 3985 3951 1
 3266 3267 1912 1
 933 4072 4027 1
 3478 3479 2515 1
 914 4099 902 1
 1437 4169 3884 1
 2174 4235 4133 1
 1221 4082 1328 1
 1493 3972 1496 1
 3872 4264 1976 1
 2765 4007 2766 1
 3914 4067 3281 1
 3868 4045 934 1
 2226 4268 1856 1
 2712 4240 3886 1
 1903 4212 2111 1
 3527 4078 3529 1
 3895 3930 1047 1
 1373 4166 1846 1
 4098 4137 2451 1
 3450 4118 2533 1
 3753 4083 801 1
 1932 4149 3934 1
 3874 4139 2536 1
 3871 4228 3304 1
 1056 3983 3895 1
 3587 4186 1563 1
 1882 3906 2223 1
 3968 4298 1945 1
 1776 4322 4300 1
 1650 3460 1178 1
 2224 2793 2225 1
 2472 2473 2471 1
 3681 4089 1641 1
 3974 4007 2765 1
 4017 4056 3611 1
 2272 4047 2273 1
 1008 4119 1150 1
 3951 3985 2757 1
 3301 4190 4150 1
 1150 4119 4084 1
 1368 1390 1369 1
 2304 2373 2305 1
 3742 4162 3743 1
 3807 4064 1845 1
 2451 4137 2840 1
 4078 4101 3529 1
 1437 3884 1458 1
 1884 4206 3775 1
 3503 4187 4110 1
 2433 4224 4069 1
 4086 4130 2536 1
 3142 4112 3143 1
 1850 3999 1494 1
 3956 4172 1949 1
 2537 4172 4126 1
 2771 4098 2770 1
 4086 4139 4044 1
 1842 4211 4136 1
 4061 4062 3609 1
 2538 4208 4143 1
 3502 4187 3503 1
 3664 4062 4061 1
 1571 4120 3686 1
 2693 3119 2414 1
 3988 4201 2763 1
 801 4083 4055 1
 1076 4096 1122 1
 1611 3989 1609 1
 2039 4253 1827 1
 2455 4067 3914 1
 2531 4131 3459 1
 4049 4100 992 1
 4114 4216 2758 1
 3934 4149 3494 1
 3603 4175 3967 1
 3891 4038 1388 1
 1494 3999 1491 1
 4004 4024 2500 1
 2770 4098 4076 1
 1383 4013 3851 1
 1006 4119 1008 1
 3512 4194 1642 1
 1653 4184 1654 1
 2700 4241 2210 1
 2862 4199 2295 1
 3982 4188 2750 1
 1017 4074 1031 1
 3399 4109 2703 1
 1188 3858 1186 1
 2639 2642 2257 1
 3683 4097 866 1
 1827 4253 4247 1
 1349 4238 1653 1
 2175 4113 2534 1
 4177 4187 3502 1
 4035 4073 891 1
 1551 4110 1552 1
 1790 4198 3684 1
 3529 4101 3840 1
 1966 4213 1968 1
 4120 4132 3865 1
 2886 2887 2878 1
 1486 3634 1697 1
 1989 2598 2018 1
 2331 2332 2246 1
 1496 3972 1835 1
 3666 4059 4058 1
 3883 4126 1156 1
 1192 4267 1189 1
 2470 2471 2469 1
 1270 4133 3935 1
 3183 4205 2505 1
 1388 4038 3883 1
 2527 4107 2154 1
 1208 3858 1188 1
 2399 2506 2505 1
 3119 3401 3120 1
 1250 3935 1252 1
 1282 4221 1284 1
 1781 3989 1611 1
 3113 3114 2650 1
 1055 4105 1058 1
 4121 4210 3269 1
 934 4150 3725 1
 3662 4111 1588 1
 3364 4144 2543 1
 4027 4072 3332 1
 1353 4121 1355 1
 2783 4236 2551 1
 4163 4197 2780 1
 1468 1677 1416 1
 2182 3513 1780 1
 4123 4124 1289 1
 1313 4169 1437 1
 3523 4132 1571 1
 4215 4235 2174 1
 1481 2715 1320 1
 1828 4114 1652 1
 2105 2106 2050 1
 3459 4147 2546 1
 3958 4155 1240 1
 1991 1992 1893 1
 2068 2070 2069 1
 2095 2528 2252 1
 2465 2466 2250 1
 4011 4093 1013 1
 1039 4086 3752 1
 1816 4108 1699 1
 4194 4265 2547 1
 4084 4119 3260 1
 1573 4238 1339 1
 1820 3375 1821 1
 2682 4128 2683 1
 3136 4066 4065 1
 4152 4237 3216 1
 2713 4240 2712 1
 3227 4104 3265 1
 4250 4281 2507 1
 4159 4162 2522 1
 3269 4210 2685 1
 1707 4166 1373 1
 4144 4159 2543 1
 4278 4289 1314 1
 2266 2413 2412 1
 2516 4091 3450 1
 3714 4152 1574 1
 3126 4298 3127 1
 1890 3095 1892 1
 2520 4134 2518 1
 4099 4160 902 1
 1319 3947 3486 1
 2651 3100 2653 1
 3744 4159 991 1
 1246 4080 1249 1
 1993 3182 1996 1
 2361 4233 2454 1
 2648 2649 2647 1
 2726 4208 2539 1
 4209 4211 1645 1
 2082 4197 2083 1
 2543 4159 2522 1
 991 4159 4144 1
 1449 3947 1319 1
 1860 3836 2240 1
 1975 4087 3243 1
 2594 4164 3942 1
 1516 4095 4000 1
 2523 4038 3891 1
 2771 4137 4098 1
 4131 4147 3459 1
 1976 4252 4213 1
 1976 4264 4252 1
 2651 2653 2652 1
 2753 4136 2752 1
 2762 4071 2763 1
 862 4158 775 1
 902 4160 888 1
 1645 4211 1646 1
 2538 4142 2171 1
 4147 4180 2546 1
 3980 4137 2771 1
 1804 4143 3687 1
 1642 4194 4180 1
 1797 4146 3874 1
 4108 4214 2526 1
 4097 4148 2784 1
 691 4151 693 1
 2231 4301 2232 1
 3306 4196 2540 1
 3687 4209 1645 1
 2535 4130 3236 1
 3293 4250 3292 1
 589 3133 590 1
 3413 4228 3871 1
 3550 4308 1137 1
 3710 4200 1889 1
 4134 4161 2518 1
 2534 4145 2914 1
 2606 2609 2608 1
 2518 4161 2177 1
 1777 4135 2137 1
 1982 4168 1985 1
 2154 4107 2745 1
 4071 4079 2169 1
 2692 2693 2414 1
 3102 3181 2691 1
 3942 4164 2852 1
 2546 4180 2547 1
 3744 4162 4159 1
 3474 4203 3978 1
 1258 4075 2775 1
 2609 2927 2926 1
 1813 4243 2205 1
 3686 4120 4118 1
 590 591 588 1
 1174 4041 1172 1
 2545 4246 2396 1
 3494 4149 3496 1
 3682 4202 4148 1
 711 2119 589 1
 3127 4298 3968 1
 3743 4162 3744 1
 3787 4239 3815 1
 991 4144 4001 1
 1680 3836 1860 1
 1238 4042 4041 1
 2169 4079 3777 1
 3301 4150 3299 1
 3682 4148 3683 1
 1846 4166 4145 1
 2530 4127 4038 1
 2871 3992 2821 1
 2426 4174 3431 1
 2779 4176 2778 1
 3752 4086 4044 1
 2780 4227 2180 1
 4323 4327 2562 1
 3882 4296 4115 1
 1889 4200 3941 1
 2019 4193 2517 1
 3862 4156 3864 1
 4075 4235 2775 1
 1535 4277 1069 1
 2266 3132 2413 1
 2471 2475 2469 1
 1049 4175 3880 1
 3186 4289 4278 1
 1985 4181 3517 1
 2025 4167 2024 1
 2313 4316 2965 1
 2540 4125 2530 1
 3468 4185 3466 1
 2563 4138 2341 1
 3725 4190 1790 1
 3419 4179 3422 1
 2179 4176 2738 1
 4044 4139 2774 1
 2043 4153 3429 1
 3303 4190 3301 1
 2411 3944 1874 1
 1993 4338 3182 1
 2541 4290 3105 1
 4178 4202 3474 1
 2120 4291 2121 1
 2832 4156 4015 1
 4260 4261 2475 1
 4223 4286 3307 1
 4181 4186 3517 1
 1288 4123 1289 1
 1480 4234 1234 1
 1244 4080 1246 1
 1973 4141 2336 1
 2468 2956 2466 1
 3858 3907 1186 1
 2236 4196 3590 1
 2779 4189 4179 1
 2180 4227 2264 1
 1563 4183 3688 1
 2606 4256 2609 1
 2937 2951 2795 1
 2781 4163 2780 1
 3422 4183 3423 1
 3683 4148 4097 1
 1039 4130 4086 1
 1394 4154 3147 1
 1968 4141 1970 1
 2231 2232 2069 1
 2088 4271 4051 1
 2048 4182 2266 1
 3978 4203 3358 1
 3473 4178 3474 1
 4118 4120 2533 1
 3688 4189 3712 1
 2754 4266 4234 1
 3741 4173 3742 1
 2142 4299 3359 1
 3726 4187 1567 1
 4198 4228 2408 1
 1567 4187 4177 1
 3292 4250 2380 1
 3517 4186 3587 1
 4168 4173 1985 1
 2083 4163 3988 1
 3941 4200 2499 1
 1780 3513 1232 1
 4331 4332 3857 1
 4112 4116 3143 1
 4352 4356 3919 1
 2291 2967 2966 1
 1902 4068 1899 1
 2775 4215 3258 1
 1571 4132 4120 1
 3684 4198 2408 1
 2238 4192 2464 1
 4183 4189 3688 1
 1707 4230 4229 1
 3434 3970 1201 1
 3462 4172 3956 1
 1567 4177 4018 1
 3184 4188 3982 1
 1654 4184 1798 1
 3422 4189 4183 1
 4184 4236 2783 1
 4173 4181 1985 1
 3777 4079 3937 1
 1238 4041 1174 1
 4125 4196 2236 1
 2785 4197 2082 1
 4148 4178 2784 1
 2095 4195 2528 1
 1826 4241 2597 1
 1219 4082 1221 1
 4308 4311 1137 1
 2687 4206 2688 1
 3742 4173 4168 1
 2752 4211 4209 1
 1970 4141 1973 1
 4180 4194 2547 1
 893 4202 3682 1
 3443 4191 3996 1
 3751 4204 688 1
 2752 4209 2726 1
 3252 4244 2751 1
 4015 4156 3862 1
 4038 4127 3883 1
 4045 4150 934 1
 1912 4221 1282 1
 1922 4299 2142 1
 2795 3998 2225 1
 2379 4250 2507 1
 2715 4282 4225 1
 2733 4080 1244 1
 2475 4309 2469 1
 2822 4315 4307 1
 1285 4085 1710 1
 2464 4192 2488 1
 2657 4129 2228 1
 2186 4253 2039 1
 3883 4127 4126 1
 4260 4262 4261 1
 3084 4349 2694 1
 1653 4236 4184 1
 2488 4192 3234 1
 3266 4117 3267 1
 2276 4092 2858 1
 2528 4266 2754 1
 3299 4150 4045 1
 3306 4274 4273 1
 3935 4235 4075 1
 1697 3634 2011 1
 2011 4195 2095 1
 1314 4255 1272 1
 4154 4155 3197 1
 3714 4237 4152 1
 1277 4320 1265 1
 4204 4237 688 1
 3067 4231 3066 1
 3147 4154 3197 1
 3293 4281 4250 1
 3935 4075 1252 1
 2748 4251 3200 1
 4115 4296 3499 1
 2845 4092 2276 1
 3388 4308 3550 1
 3551 4302 3552 1
 1320 4225 1304 1
 2408 4228 3413 1
 4202 4203 3474 1
 4355 4360 2570 1
 2224 4313 2794 1
 4145 4166 2914 1
 1976 4213 1966 1
 2694 4349 4032 1
 1207 4220 1212 1
 3137 4276 4215 1
 3307 4286 1411 1
 2784 4226 2783 1
 3404 4224 3403 1
 2029 4129 2028 1
 4070 4194 3512 1
 1243 4266 2733 1
 2787 4283 3924 1
 4197 4227 2780 1
 4260 4263 4262 1
 1339 4238 1349 1
 2620 4222 2980 1
 2564 4248 2822 1
 4032 4348 2694 1
 1312 4169 1313 1
 3170 3172 3171 1
 3996 4191 3345 1
 1201 3970 1204 1
 4157 4350 4342 1
 2542 4233 2361 1
 4179 4189 3422 1
 1735 4280 3081 1
 1439 4300 1386 1
 4111 4210 1588 1
 3167 4240 2713 1
 2549 4242 2548 1
 2551 4236 3245 1
 4143 4208 3687 1
 4259 4260 2475 1
 1254 4075 1258 1
 2364 4243 1813 1
 2540 4196 4125 1
 3189 4252 3191 1
 3268 4221 1912 1
 4239 4246 2544 1
 3461 4246 4239 1
 2257 4313 2022 1
 2212 4170 4065 1
 3815 4239 2544 1
 3307 4257 4223 1
 688 4237 3714 1
 1897 4068 2182 1
 3545 4308 2561 1
 1245 4279 1235 1
 1252 4075 1254 1
 4021 4269 1482 1
 1828 4216 4114 1
 2887 4292 2878 1
 1328 4275 1228 1
 2602 4256 2603 1
 2228 4129 2029 1
 4136 4211 2752 1
 1418 4102 1278 1
 4212 4290 2541 1
 1228 4275 1230 1
 2182 4223 3513 1
 4178 4226 2784 1
 2544 4249 2167 1
 2726 4209 4208 1
 4208 4209 3687 1
 3213 4293 4278 1
 3473 4226 4178 1
 1212 4220 1239 1
 1888 4245 2306 1
 1220 4328 3181 1
 2396 4246 3461 1
 2545 4249 4246 1
 1289 4085 1286 1
 1808 4170 2212 1
 3764 4312 3968 1
 3968 4312 3127 1
 3897 4232 3374 1
 2781 4201 4163 1
 3306 4273 4196 1
 2515 4338 1991 1
 4223 4257 3513 1
 893 4203 4202 1
 1036 4311 973 1
 1827 4247 1420 1
 1707 4229 4166 1
 4066 4219 4065 1
 4089 4294 1641 1
 4253 4331 4247 1
 3138 4294 4089 1
 3070 4231 3067 1
 2380 4250 2379 1
 2965 4271 2311 1
 2347 4104 3227 1
 3513 4257 1233 1
 1287 4081 1290 1
 4163 4201 3988 1
 1979 4279 1245 1
 3362 4323 1302 1
 4300 4322 3552 1
 2775 4235 4215 1
 3152 4321 2787 1
 4255 4326 1274 1
 2317 4272 3151 1
 4081 4157 1564 1
 2785 4227 4197 1
 2471 4259 2475 1
 1899 4068 1897 1
 2558 4322 2559 1
 3128 4298 3126 1
 3073 4231 3070 1
 2167 4265 3488 1
 3231 4269 2706 1
 3191 4264 4232 1
 4133 4235 3935 1
 1901 4212 1903 1
 3110 4207 3111 1
 4231 4359 794 1
 1314 4289 4255 1
 4166 4229 2914 1
 4249 4265 2167 1
 4252 4264 3191 1
 2473 4259 2471 1
 3634 4195 2011 1
 2734 4351 3103 1
 3924 4283 1776 1
 2318 4272 2317 1
 2118 4245 1888 1
 2114 4212 1901 1
 1308 3958 1240 1
 1286 4085 1285 1
 1426 4258 1829 1
 3374 4264 3872 1
 2846 4259 2473 1
 4295 4304 1322 1
 3680 4285 772 1
 3915 4277 1535 1
 4196 4273 3590 1
 2658 4301 2231 1
 1402 3958 1308 1
 3680 4294 4285 1
 2507 4281 2554 1
 2604 4289 3186 1
 2553 4245 2118 1
 3175 4102 1418 1
 1266 4339 1263 1
 1662 4371 4365 1
 2786 4326 4255 1
 4316 4348 2788 1
 4032 4349 1979 1
 4232 4264 3374 1
 4246 4249 2544 1
 4214 4284 2806 1
 2878 4292 4268 1
 3109 4276 3137 1
 3182 4323 2562 1
 4122 4320 1277 1
 2706 4290 2114 1
 1272 4255 1274 1
 2476 4334 3801 1
 1222 4328 1220 1
 4268 4292 3913 1
 2569 4253 2186 1
 3175 4103 4102 1
 2347 4251 4104 1
 2025 4307 4167 1
 1887 4258 1760 1
 2114 4290 4212 1
 2704 4291 2120 1
 3230 4297 1536 1
 3913 4292 1853 1
 2563 4307 4138 1
 4325 4335 2067 1
 2321 4272 2318 1
 1641 4294 3680 1
 3548 4297 2711 1
 1420 4247 1395 1
 3186 4278 4193 1
 2822 4307 2563 1
 2469 4309 2468 1
 1290 4081 1564 1
 2701 4299 1922 1
 1395 4247 2176 1
 2697 4090 4077 1
 1564 4327 3362 1
 2577 4341 2576 1
 2572 4371 4330 1
 2865 4316 2788 1
 2142 4296 3882 1
 1776 4300 1439 1
 1760 4258 1426 1
 3550 4302 3551 1
 1828 4334 4216 1
 2561 4308 3388 1
 1267 4320 3213 1
 1774 4345 1986 1
 2847 4214 1816 1
 4218 4338 3479 1
 1265 4320 1267 1
 2718 4345 1786 1
 4225 4282 1586 1
 4278 4293 4193 1
 2569 4332 4331 1
 4326 4329 1408 1
 2474 4303 2655 1
 3107 4306 2326 1
 2576 4341 2579 1
 2777 4287 3210 1
 2878 4268 2226 1
 2321 4306 4272 1
 3144 4305 2560 1
 2559 4322 4283 1
 1137 4311 1036 1
 1274 4326 1276 1
 1276 4326 1408 1
 587 711 589 1
 589 590 588 1
 1643 4312 3764 1
 4277 4321 3152 1
 1536 4297 3548 1
 1302 4218 4217 1
 2250 4346 2291 1
 3479 4338 2515 1
 3057 4340 1753 1
 3915 4321 4277 1
 2323 4306 2321 1
 2176 4331 3857 1
 4167 4315 2865 1
 3240 4356 2568 1
 4283 4322 1776 1
 4247 4331 2176 1
 3907 4332 1215 1
 1816 4214 4108 1
 3552 4322 2558 1
 1302 4323 4218 1
 362 680 361 1
 2326 4306 2323 1
 4157 4327 1564 1
 3460 4355 1238 1
 2847 4284 4214 1
 2562 4342 1998 1
 2607 4329 2605 1
 2566 4310 2565 1
 1389 4335 4063 1
 1718 4335 1389 1
 2559 4321 3915 1
 4293 4320 4122 1
 4287 4288 3210 1
 2864 4313 2257 1
 3857 4332 3907 1
 1461 4328 1222 1
 1408 4353 3117 1
 1992 4317 1893 1
 2291 4346 2967 1
 1215 4352 3919 1
 4193 4293 2517 1
 2872 4330 2871 1
 1189 4267 1190 1
 4306 4343 4272 1
 2468 4309 2957 1
 1296 4217 1299 1
 2786 4329 4326 1
 3801 4334 1828 1
 2792 4333 4314 1
 2568 4352 2569 1
 4342 4350 2566 1
 2797 4337 3096 1
 1263 4339 1264 1
 3082 3396 2692 1
 3170 3171 2279 1
 1677 4324 1416 1
 4339 4351 2734 1
 2792 4182 2050 1
 1190 4267 2748 1
 3268 4350 4157 1
 2246 4318 2658 1
 2067 4335 1718 1
 4218 4323 3182 1
 1302 4217 1296 1
 2605 4329 2786 1
 3215 4349 3084 1
 3095 4295 3478 1
 3066 4340 3057 1
 2692 3396 2693 1
 2579 4341 2659 1
 4327 4342 2562 1
 1890 4304 3095 1
 2569 4331 4253 1
 2050 4182 2048 1
 1416 4324 1369 1
 2332 4319 4318 1
 3182 4338 4218 1
 1893 4317 2630 1
 3107 4343 4306 1
 2466 4346 2250 1
 1369 4324 3208 1
 2607 4354 4353 1
 2260 4344 3163 1
 4272 4343 3151 1
 2517 4293 4122 1
 1786 4345 1774 1
 1303 4225 1586 1
 3101 4337 2797 1
 3079 4362 2185 1
 3196 4282 2715 1
 1299 4254 1301 1
 4157 4342 4327 1
 2788 4348 3130 1
 1998 4342 2566 1
 3290 4314 2331 1
 2106 4333 2792 1
 2569 4352 4332 1
 1304 4225 1303 1
 353 4359 352 1
 3267 4350 3268 1
 2332 4318 2246 1
 4117 4357 3267 1
 3193 4344 2260 1
 2651 4336 3100 1
 1301 4254 1306 1
 3073 4369 4358 1
 2956 4346 2466 1
 4358 4359 3073 1
 2868 4347 3082 1
 1106 4365 2572 1
 1650 4360 3460 1
 1266 4351 4339 1
 2608 4354 2607 1
 3114 4336 2650 1
 2607 4353 4329 1
 3095 4304 4295 1
 2069 4325 2067 1
 2650 4336 2651 1
 352 4358 351 1
 2191 4363 2570 1
 4329 4353 1408 1
 1108 4365 1106 1
 4332 4352 1215 1
 1662 4365 1347 1
 3118 4333 2106 1
 2664 4366 2253 1
 2232 4325 2069 1
 2571 4364 2285 1
 1238 4355 4042 1
 3919 4356 1650 1
 2253 4366 2255 1
 4367 4372 4043 1
 4363 4364 4042 1
 2566 4357 4310 1
 4365 4371 2572 1
 4041 4367 4043 1
 2871 4371 3992 1
 2570 4360 3240 1
 2185 4362 2690 1
 344 4361 343 1
 4358 4369 1682 1
 587 589 588 1
 1168 4370 1167 1
 4350 4357 2566 1
 2570 4363 4355 1
 1167 4370 1680 1
 4370 4373 3836 1
 3267 4357 4350 1
 2193 4364 4363 1
 2193 4363 2191 1
 4356 4360 1650 1
 3240 4360 4356 1
 2571 4367 4364 1
 4355 4363 4042 1
 2285 4364 2193 1
 4043 4372 1413 1
 1347 4365 1108 1
 1680 4370 3836 1
 2571 4372 4367 1
 2255 4366 2853 1
 2789 4368 3079 1
 349 761 348 1
 4042 4367 4041 1
 335 1131 334 1
 3072 4369 3073 1
 3992 4371 1662 1
 1413 4370 1168 1
 341 766 340 1
 343 1473 342 1
 2573 4372 2571 1
 349 3146 761 1
 3169 3170 2279 1
 4364 4367 4042 1
 1131 3169 334 1
 351 1682 350 1
 354 794 353 1
 333 2279 332 1
 1473 3089 342 1
 338 838 337 1
 346 3093 345 1
 341 3089 766 1
 2100 4375 2632 1
 1413 4373 4370 1
 1682 3146 350 1
 1371 4376 1105 1
 794 4359 353 1
 1477 3093 346 1
 343 4361 1473 1
 683 4361 344 1
 333 3169 2279 1
 351 4358 1682 1
 345 3093 683 1
 352 4359 4358 1
 2254 4375 2100 1
 1105 4376 1107 1
 585 3041 587 1
 587 588 586 1
 2574 4374 2573 1
 4372 4373 1413 1
 2574 4377 4374 1
 2573 4373 4372 1
 4373 4374 3836 1
 3836 4374 2240 1
 2844 4375 2254 1
 1107 4376 1689 1
 2573 4374 4373 1
 4374 4377 2240 1
 2240 4377 2814 1
 2218 4378 2219 1
 2219 4378 2577 1
 1073 4384 4379 1
 585 587 586 1
 586 3038 584 1
 4046 4384 4380 1
 4330 4385 4382 1
 2302 4379 3192 1
 585 586 584 1
 3040 4379 2302 1
 2013 4389 1133 1
 1071 4380 1073 1
 2034 4381 2033 1
 1097 4382 1342 1
 4046 4380 1663 1
 4330 4382 2572 1
 1109 4380 1071 1
 2033 4381 2099 1
 1104 4382 1097 1
 2684 4383 3042 1
 2686 4383 2684 1
 3192 4384 3803 1
 4380 4384 1073 1
 4382 4385 1342 1
 584 1469 582 1
 583 585 584 1
 837 3032 583 1
 1663 4380 1109 1
 2099 4381 2664 1
 2572 4382 1104 1
 3030 4383 2686 1
 3803 4384 4046 1
 2872 4385 4330 1
 2032 4388 2599 1
 1665 4387 1096 1
 1096 4387 1103 1
 2040 4388 2032 1
 3063 4386 2300 1
 3032 4386 3063 1
 581 837 583 1
 583 584 582 1
 2300 4386 2301 1
 1103 4387 1371 1
 2632 4388 2040 1
 2217 4389 2013 1
 4379 4390 1073 1
 620 3029 3028 1
 582 3033 580 1
 581 583 582 1
 1759 4391 1884 1
 2676 4391 2102 1
 2575 4389 2217 1
 3040 4390 4379 1
 2102 4391 1759 1
 620 3028 578 1
 581 582 580 1
 2108 3020 3019 1
 2790 4393 2001 1
 2001 4393 2017 1
 2108 3019 2679 1
 579 581 580 1
 580 620 578 1
 2017 4393 2034 1
 1102 4395 965 1
 2000 4396 2098 1
 965 4395 967 1
 2016 4396 2000 1
 3029 4394 3028 1
 2108 2679 1883 1
 2288 2585 2097 1
 579 580 578 1
 1133 4397 1092 1
 1092 4397 1094 1
 967 4395 1664 1
 1094 4397 1665 1
 2599 4396 2016 1
 4389 4397 1133 1
 2578 4398 2575 1
 2580 4400 2578 1
 4397 4398 1665 1
 964 4399 1034 1
 4389 4398 4397 1
 3040 4399 4390 1
 966 4399 964 1
 2580 4401 4400 1
 2575 4398 4389 1
 2097 2108 1883 1
 576 579 578 1
 892 2288 2097 1
 4403 4404 2626 1
 2582 4401 2580 1
 2874 2908 2600 1
 1858 2818 2817 1
 2578 4400 4398 1
 2582 4402 4401 1
 4390 4399 966 1
 1665 4400 4387 1
 4398 4400 1665 1
 2584 4402 2582 1
 4400 4401 4387 1
 3039 4405 3040 1
 2584 4404 4402 1
 1689 4404 4403 1
 4387 4401 1371 1
 978 4408 982 1
 2626 4404 2584 1
 4401 4402 1371 1
 1371 4402 4376 1
 2628 4403 2626 1
 4402 4404 4376 1
 4376 4404 1689 1
 576 578 577 1
 892 2097 1883 1
 2828 2874 2600 1
 1858 2817 1857 1
 1815 3021 1858 1
 3040 4405 4399 1
 4399 4405 1034 1
 575 3024 576 1
 576 577 574 1
 892 1883 575 1
 1044 4406 1043 1
 1756 2828 2600 1
 1815 1858 1857 1
 1043 4406 1999 1
 1999 4406 2790 1
 1093 4406 1044 1
 1342 4407 1095 1
 4385 4411 1342 1
 4406 4407 2790 1
 2587 4410 945 1
 1093 4407 4406 1
 2012 4408 2799 1
 982 4408 1091 1
 945 4410 963 1
 4385 4412 4411 1
 1095 4407 1093 1
 575 576 574 1
 573 892 575 1
 1126 4413 1123 1
 2872 4412 4385 1
 1815 1857 1422 1
 1756 2600 1815 1
 1342 4411 4407 1
 2872 4414 4412 1
 1091 4408 2012 1
 3020 4409 3019 1
 963 4410 1102 1
 2790 4411 4393 1
 3019 4416 2679 1
 2870 4414 2872 1
 4407 4411 2790 1
 2853 4418 2843 1
 4411 4412 4393 1
 2611 4417 2976 1
 2870 4415 4414 1
 4393 4412 2034 1
 2869 4415 2870 1
 1123 4413 1121 1
 4412 4414 2034 1
 2034 4414 4381 1
 919 4419 2298 1
 4414 4415 4381 1
 2677 3023 3022 1
 4381 4415 2664 1
 946 4419 919 1
 2679 4416 3025 1
 1126 4424 4413 1
 4417 4418 2853 1
 2622 4421 3483 1
 3963 4421 2621 1
 2839 4417 2611 1
 574 3026 572 1
 573 575 574 1
 3034 4424 1445 1
 1598 4423 3037 1
 1120 4423 1598 1
 4413 4424 3036 1
 1445 4424 1340 1
 546 1716 549 1
 548 3005 2044 1
 549 550 548 1
 961 4438 978 1
 1756 1815 1422 1
 1857 2969 1422 1
 4413 4423 1121 1
 1034 4419 946 1
 2839 4418 4417 1
 2036 4505 570 1
 4396 4420 2098 1
 2621 4421 2622 1
 3283 4426 2809 1
 573 2977 892 1
 2966 4428 2308 1
 3518 4428 2808 1
 1861 4429 1863 1
 2829 4429 2239 1
 735 4478 753 1
 1121 4423 1120 1
 1340 4424 1126 1
 898 4442 918 1
 2841 4427 4426 1
 404 1740 403 1
 445 533 444 1
 442 2004 441 1
 407 567 406 1
 440 568 439 1
 410 1741 409 1
 2677 3022 2678 1
 2586 4437 3027 1
 3027 4437 4405 1
 2996 4672 744 1
 2672 3035 3034 1
 2867 4597 2825 1
 2902 2930 2293 1
 347 4441 1477 1
 761 4441 348 1
 2587 4442 4420 1
 2841 4426 3283 1
 1430 4443 1362 1
 2194 4443 1775 1
 2308 4428 3518 1
 892 2977 2288 1
 1034 4437 4419 1
 1696 4544 1316 1
 2239 4429 1861 1
 573 574 572 1
 978 4438 4408 1
 546 549 548 1
 548 2044 545 1
 2047 2988 1421 1
 1421 1756 1422 1
 3365 4445 2494 1
 2876 4447 4039 1
 918 4442 2587 1
 1447 1726 1725 1
 4405 4437 1034 1
 4408 4438 2799 1
 4274 4801 418 1
 3169 4455 3170 1
 348 4441 347 1
 1443 4467 2677 1
 1775 4443 1430 1
 4443 4462 1362 1
 287 1668 286 1
 290 759 289 1
 292 1669 291 1
 293 4430 292 1
 297 4432 296 1
 284 4431 283 1
 283 1674 282 1
 298 763 297 1
 285 791 284 1
 294 684 293 1
 265 4433 264 1
 304 1132 303 1
 296 1670 295 1
 301 867 300 1
 273 760 272 1
 268 789 267 1
 306 2280 305 1
 279 1673 278 1
 264 746 263 1
 266 1672 265 1
 277 676 276 1
 275 1758 274 1
 274 4436 273 1
 270 1671 269 1
 267 4434 266 1
 278 4435 277 1
 281 748 280 1
 2933 4720 2932 1
 977 4461 2963 1
 2494 4445 2661 1
 4039 4447 2746 1
 2098 4461 1678 1
 2909 4529 2997 1
 981 4461 977 1
 3023 4462 4443 1
 1125 4462 1127 1
 2677 2678 1749 1
 1443 1749 1444 1
 3004 4457 2948 1
 2672 3034 1445 1
 2921 4464 2656 1
 2675 4464 3002 1
 2294 4465 3979 1
 2902 2953 2952 1
 2061 2065 2062 1
 827 879 878 1
 809 2613 811 1
 1131 4455 3169 1
 2201 4444 2061 1
 2829 4457 4429 1
 2585 4466 2097 1
 2108 4466 3020 1
 1127 4467 1341 1
 3448 4468 2702 1
 3581 4676 537 1
 4459 4591 2644 1
 292 4430 1669 1
 684 4430 293 1
 791 4431 284 1
 763 4432 297 1
 296 4432 1670 1
 283 4431 1674 1
 264 4433 746 1
 1672 4433 265 1
 1673 4435 278 1
 789 4434 267 1
 273 4436 760 1
 266 4434 1672 1
 1758 4436 274 1
 277 4435 676 1
 4685 4712 3355 1
 572 2036 570 1
 571 573 572 1
 2065 2244 2062 1
 4429 4457 3004 1
 2910 4550 2222 1
 2008 2271 2270 1
 546 548 545 1
 526 2975 546 1
 4419 4475 2298 1
 812 2047 1421 1
 1421 1422 813 1
 2936 4773 1401 1
 291 4456 290 1
 12 2931 497 1
 459 913 458 1
 466 912 465 1
 469 527 468 1
 471 1879 470 1
 463 542 462 1
 474 559 473 1
 461 1747 460 1
 476 1859 475 1
 479 534 478 1
 481 1733 480 1
 483 744 482 1
 485 1737 484 1
 487 540 486 1
 496 875 495 1
 490 1852 489 1
 492 564 491 1
 494 1745 493 1
 512 4450 511 1
 518 4451 517 1
 513 529 512 1
 522 4452 521 1
 519 539 518 1
 521 1675 520 1
 525 1734 524 1
 520 4453 519 1
 523 715 522 1
 516 868 515 1
 517 4454 516 1
 499 1666 498 1
 510 869 509 1
 502 554 501 1
 505 1676 504 1
 507 536 506 1
 4462 4467 1127 1
 2973 4519 2971 1
 290 4456 759 1
 1669 4456 291 1
 552 3009 714 1
 1678 4461 981 1
 2525 4476 3305 1
 2922 4746 1684 1
 2915 4477 2912 1
 1362 4462 1125 1
 3098 4797 324 1
 3016 4481 1819 1
 2819 4667 2972 1
 2700 4629 3044 1
 2656 4464 2675 1
 2495 4481 2497 1
 1819 4481 3931 1
 3575 4465 2294 1
 4420 4479 2098 1
 2061 4444 2065 1
 2984 4466 2585 1
 2247 4378 2218 1
 3994 4483 2866 1
 2586 4475 4437 1
 2972 4570 1736 1
 2097 4466 2108 1
 2299 4484 2890 1
 3023 4467 4462 1
 2826 4486 2696 1
 879 904 880 1
 2677 4467 3023 1
 261 2979 260 1
 2909 4545 4529 1
 2702 4468 3224 1
 2937 4763 1131 1
 2242 2643 2046 1
 904 960 905 1
 960 1074 961 1
 2282 2873 2283 1
 2059 4490 2201 1
 2076 4490 2057 1
 4427 4765 477 1
 11 530 456 1
 393 921 392 1
 454 939 453 1
 396 543 395 1
 451 544 450 1
 399 922 398 1
 449 1742 448 1
 401 1823 400 1
 5 531 402 1
 447 985 446 1
 2642 4573 4469 1
 2271 2907 2827 1
 4437 4475 4419 1
 4341 4623 2659 1
 778 808 806 1
 753 778 777 1
 735 753 752 1
 717 735 734 1
 4396 4489 4420 1
 4420 4489 2587 1
 2963 4479 2964 1
 1726 1869 1809 1
 539 4451 518 1
 4451 4454 517 1
 715 4452 522 1
 519 4453 539 1
 521 4452 1675 1
 1675 4453 520 1
 529 4450 512 1
 516 4454 868 1
 254 555 253 1
 252 1746 251 1
 250 920 249 1
 248 2860 1 1
 3346 4496 3347 1
 3345 4496 3344 1
 17 4824 3132 1
 3097 4797 3098 1
 3015 4485 2497 1
 3074 4610 1690 1
 3384 4500 3378 1
 4589 4614 1664 1
 4169 4829 2854 1
 2497 4485 3962 1
 2098 4479 4461 1
 3722 4587 2962 1
 670 717 716 1
 549 551 550 1
 4192 4501 3234 1
 4484 4555 1811 1
 1716 4463 549 1
 2920 2922 2919 1
 527 4673 3573 1
 2906 4574 2904 1
 3309 4476 2525 1
 388 884 387 1
 2883 4506 4094 1
 2637 4506 3476 1
 4480 4623 4341 1
 2912 4477 3447 1
 2090 4511 2233 1
 2978 4566 789 1
 1443 2677 1749 1
 2602 4513 4256 1
 677 2850 2824 1
 2997 4529 1082 1
 1140 4478 735 1
 4059 4818 4058 1
 2590 4516 2657 1
 2991 4516 2612 1
 2823 4518 2592 1
 2594 4518 4165 1
 385 541 384 1
 1749 4534 1444 1
 551 552 550 1
 808 4449 806 1
 2586 4528 4475 1
 4461 4479 2963 1
 4523 4820 4680 1
 4422 4480 2987 1
 4256 4524 2609 1
 1869 4460 1809 1
 2216 2220 2218 1
 326 782 325 1
 321 1679 320 1
 329 1459 328 1
 323 1051 322 1
 313 781 312 1
 328 4471 327 1
 320 4472 319 1
 322 4470 321 1
 327 4469 326 1
 310 1460 309 1
 316 1050 315 1
 319 1401 318 1
 317 4473 316 1
 545 3013 3 1
 2840 4527 2841 1
 3014 4497 2653 1
 3355 4712 3356 1
 2902 2952 2930 1
 1082 4529 1116 1
 3931 4481 2495 1
 10 4487 445 1
 746 4480 4422 1
 2653 4497 2652 1
 3955 4603 912 1
 2215 4474 2216 1
 2631 4532 2615 1
 2074 4592 3075 1
 2044 3013 545 1
 3009 4522 3007 1
 4618 4817 1715 1
 3390 4483 3994 1
 2220 2247 2218 1
 3244 4484 2299 1
 2895 4485 3015 1
 1684 4522 3009 1
 2799 2800 2215 1
 2846 4539 4259 1
 4260 4539 4263 1
 3389 4540 3390 1
 2599 4489 4396 1
 2696 4486 3122 1
 4523 4680 1746 1
 2652 4497 3086 1
 1051 4593 4470 1
 4458 4652 4262 1
 3233 4541 3232 1
 3308 4541 3309 1
 571 572 570 1
 2974 4519 2973 1
 3085 4542 2647 1
 2587 4489 4410 1
 3575 4724 1879 1
 1701 4545 2204 1
 2057 4490 2059 1
 526 546 545 1
 3076 4610 3074 1
 2864 4549 4313 1
 499 4498 1666 1
 1809 4460 2008 1
 3455 4586 3457 1
 812 1421 813 1
 4475 4528 4440 1
 4712 4739 3356 1
 17 4677 3124 1
 3347 4637 3229 1
 1129 4553 1318 1
 4403 4553 1689 1
 3961 4554 3341 1
 2065 4444 2634 1
 1672 4711 4433 1
 2008 4460 2271 1
 4618 4759 2906 1
 556 3009 552 1
 838 4497 3014 1
 2818 4745 4692 1
 379 526 3 1
 382 1115 381 1
 2981 4630 676 1
 391 528 390 1
 555 4738 4165 1
 3344 4496 3346 1
 4058 4818 4498 1
 1731 2958 1446 1
 2597 4558 2038 1
 4048 4520 2816 1
 549 4463 551 1
 2840 4641 4527 1
 4483 4760 4452 1
 3378 4500 3380 1
 462 4492 461 1
 1472 4693 3367 1
 475 4493 474 1
 1669 4646 4066 1
 460 4494 459 1
 1707 4563 4230 1
 1754 4563 1417 1
 2192 4565 2617 1
 2638 4565 2190 1
 2614 4501 4192 1
 2992 4812 1696 1
 2613 4536 811 1
 445 4487 533 1
 500 4498 499 1
 2627 4566 2978 1
 2875 4566 2625 1
 16 4697 2965 1
 482 4499 481 1
 531 4688 2895 1
 1447 4534 1726 1
 3224 4569 3927 1
 3386 4569 3387 1
 4450 4766 3635 1
 2263 4692 4230 1
 2850 2867 2824 1
 1667 2979 261 1
 2796 4573 2639 1
 2065 2633 2244 1
 257 909 256 1
 2874 4626 2909 1
 2937 4729 2951 1
 3044 4783 2700 1
 4094 4506 2637 1
 258 4507 257 1
 2940 4702 540 1
 2599 4537 4489 1
 2264 4511 2090 1
 458 4502 457 1
 526 545 3 1
 497 4525 496 1
 3385 4683 939 1
 414 975 413 1
 435 537 434 1
 417 558 416 1
 432 976 431 1
 430 1811 429 1
 420 983 419 1
 428 547 427 1
 3255 4513 2602 1
 533 4520 444 1
 4489 4537 4410 1
 2 535 259 1
 2612 4516 2590 1
 1185 4577 1187 1
 4519 4826 2971 1
 491 4504 490 1
 1377 4578 1344 1
 1311 4578 3199 1
 2926 4579 4303 1
 2655 4579 2881 1
 4438 4495 2799 1
 2592 4518 2594 1
 3056 4588 2589 1
 2633 2662 2244 1
 569 571 570 1
 2065 2634 2633 1
 542 4492 462 1
 461 4492 1747 1
 474 4493 559 1
 1859 4493 475 1
 1747 4494 460 1
 459 4494 913 1
 1473 4700 3089 1
 1734 4548 524 1
 523 4548 715 1
 2282 2882 2873 1
 2399 4582 2506 1
 321 4470 1679 1
 1459 4471 328 1
 326 4469 782 1
 1051 4470 322 1
 1679 4472 320 1
 327 4471 4469 1
 319 4472 1401 1
 316 4473 1050 1
 2662 4528 2244 1
 3007 4521 3008 1
 303 4580 302 1
 3457 4590 869 1
 405 4535 404 1
 812 4575 2047 1
 1128 1134 1074 1
 444 4520 443 1
 495 4517 494 1
 4403 4822 4553 1
 553 556 552 1
 2667 4585 2898 1
 827 4536 879 1
 481 4499 1733 1
 2977 4817 2288 1
 812 813 808 1
 551 825 553 1
 744 4499 482 1
 2947 4804 1155 1
 450 4510 449 1
 400 4512 399 1
 2609 4524 2927 1
 716 4837 565 1
 3356 4739 1748 1
 2216 4474 2220 1
 2989 4678 2204 1
 1134 4495 1074 1
 1135 1316 1134 1
 1317 1399 1316 1
 448 4514 447 1
 1400 1454 1399 1
 2075 2282 1454 1
 3454 4586 3455 1
 2233 4586 3917 1
 4593 4723 4470 1
 1444 4534 1447 1
 747 4588 3055 1
 2841 4527 4427 1
 912 4599 3955 1
 1116 4529 1361 1
 1673 4832 2946 1
 2946 4832 748 1
 2244 4528 2586 1
 2220 2884 2248 1
 3007 4522 4521 1
 3234 4482 3233 1
 913 4502 458 1
 4504 4713 3818 1
 563 569 566 1
 557 2629 561 1
 3199 4592 1374 1
 1462 4592 2074 1
 2243 2263 2075 1
 386 4488 385 1
 496 4525 875 1
 557 560 556 1
 561 562 560 1
 563 565 562 1
 566 670 565 1
 2634 2919 2918 1
 4301 4593 3097 1
 490 4504 1852 1
 551 553 552 1
 2988 4704 2989 1
 564 4504 491 1
 3078 4617 2814 1
 1400 2243 2075 1
 3018 4598 2917 1
 1135 1736 1317 1
 2800 4474 2215 1
 2325 4598 2399 1
 2917 4598 2324 1
 3124 4824 17 1
 2991 4807 271 1
 253 4523 252 1
 2965 4806 16 1
 2510 4601 2668 1
 2015 4601 3950 1
 389 4491 388 1
 514 4587 513 1
 2812 2934 2811 1
 2615 4532 2670 1
 380 4508 379 1
 2931 4525 497 1
 381 4509 380 1
 2881 4846 2846 1
 2663 4602 2933 1
 4273 4602 3590 1
 3505 4603 3955 1
 3506 4603 3504 1
 2220 2248 2247 1
 494 4517 1745 1
 1193 4605 1661 1
 2887 4606 4292 1
 251 4526 250 1
 463 4533 542 1
 875 4517 495 1
 677 2824 2 1
 2643 2810 2645 1
 551 4463 825 1
 1379 4610 1377 1
 4388 4537 2599 1
 3439 4612 3440 1
 4057 4612 2671 1
 3597 4613 2665 1
 2844 4614 4375 1
 717 1140 735 1
 375 4615 745 1
 4529 4545 1361 1
 4739 4770 1748 1
 3002 4505 2036 1
 962 4731 3582 1
 3366 4596 3365 1
 2966 4620 1050 1
 811 4536 827 1
 404 4535 1740 1
 4165 4531 4164 1
 422 532 7 1
 426 984 425 1
 424 1855 423 1
 1465 4660 2982 1
 4410 4537 1102 1
 1074 4495 4438 1
 464 4533 463 1
 2900 4634 2902 1
 2986 4775 2879 1
 324 4755 3098 1
 4547 4618 1715 1
 960 1128 1074 1
 4259 4539 4260 1
 778 812 808 1
 868 4721 2961 1
 2670 4540 3389 1
 2949 4695 1676 1
 884 4459 387 1
 3071 4606 3072 1
 879 1713 904 1
 15 4719 2976 1
 2643 2645 2046 1
 676 4782 2981 1
 492 4538 564 1
 2813 4781 2631 1
 390 4503 389 1
 1726 2903 1869 1
 1745 4538 493 1
 3232 4541 3308 1
 3410 4624 3506 1
 2810 2812 2811 1
 493 4538 492 1
 2922 2935 2919 1
 4554 4737 2861 1
 2904 4574 4460 1
 2647 4542 2646 1
 4527 4641 1859 1
 3075 4743 2074 1
 1672 4835 4711 1
 1072 4628 1110 1
 3044 4629 3043 1
 1474 4629 3065 1
 3838 4631 3837 1
 544 4510 450 1
 1879 4790 3575 1
 2798 4632 2796 1
 4468 4751 3224 1
 449 4510 1742 1
 399 4512 922 1
 1823 4512 400 1
 4 4530 391 1
 569 570 566 1
 1726 4534 2903 1
 1742 4514 448 1
 2799 4495 2800 1
 4459 4488 386 1
 447 4514 985 1
 1361 4545 1701 1
 529 4766 4450 1
 4501 4515 538 1
 2936 4635 2807 1
 3118 4635 4319 1
 3383 4640 3381 1
 2875 4835 4434 1
 1696 4662 4544 1
 3879 4638 3878 1
 2666 4638 2863 1
 2660 4639 4059 1
 3381 4640 3379 1
 3397 4640 2015 1
 2982 4685 1465 1
 3980 4641 4137 1
 3570 4642 3573 1
 3954 4642 3569 1
 789 4690 2978 1
 869 4590 509 1
 759 4619 289 1
 4066 4646 4219 1
 4344 4647 3163 1
 4313 4549 2794 1
 4579 4733 2881 1
 1128 1135 1134 1
 2634 2918 2633 1
 2812 4611 2934 1
 1135 1317 1316 1
 1317 1400 1399 1
 1400 2075 1454 1
 294 4625 684 1
 1670 4625 295 1
 553 557 556 1
 3094 4633 2636 1
 2852 4648 2851 1
 275 4630 1758 1
 676 4630 276 1
 557 561 560 1
 561 563 562 1
 563 566 565 1
 2826 4713 4486 1
 2884 2885 2248 1
 439 4584 438 1
 2220 4474 2884 1
 2924 4819 4611 1
 3064 4654 747 1
 332 4750 14 1
 4388 4567 4537 1
 2810 2811 2645 1
 2976 4795 15 1
 2664 4655 4366 1
 524 4548 523 1
 879 4536 1713 1
 14 4750 331 1
 2802 4656 3818 1
 2942 4656 2803 1
 555 4523 253 1
 2869 4655 4415 1
 252 4523 1746 1
 4487 4559 3417 1
 4314 4658 2792 1
 4182 4658 3132 1
 554 4609 501 1
 1171 4660 1465 1
 1746 4526 251 1
 4537 4567 1102 1
 2932 4661 3289 1
 4441 4633 3094 1
 250 4526 920 1
 2896 4664 4248 1
 2822 4664 4315 1
 1689 4553 1129 1
 1470 4617 3078 1
 1748 4770 3561 1
 2234 4554 3961 1
 2818 4692 4679 1
 4522 4746 4663 1
 4484 4649 4555 1
 1661 4668 1195 1
 1197 4668 1210 1
 537 4674 3581 1
 541 4488 2954 1
 4476 4714 3305 1
 4433 4623 746 1
 4553 4822 3476 1
 402 4551 401 1
 4169 4670 3884 1
 3390 4760 4483 1
 781 4556 312 1
 526 4508 2975 1
 4522 4663 4521 1
 3002 4608 4505 1
 2614 4595 4501 1
 1676 4735 2950 1
 259 4568 258 1
 3579 4676 3581 1
 4026 4676 3578 1
 401 4551 1823 1
 564 4538 4486 1
 427 4546 8 1
 531 4551 402 1
 3290 4677 4314 1
 3124 4677 2836 1
 2079 4678 2848 1
 2204 4678 1744 1
 4048 4748 2004 1
 1674 4717 3018 1
 3340 4680 3339 1
 13 4754 306 1
 3146 4834 2886 1
 307 4754 13 1
 4501 4595 4515 1
 310 4564 1460 1
 2038 4558 2071 1
 2004 4604 441 1
 2629 4759 4618 1
 2842 4685 2982 1
 440 4604 568 1
 3052 4693 1472 1
 2805 4694 3879 1
 10 4559 4487 1
 4447 4672 2746 1
 4770 4802 3561 1
 4051 4697 2896 1
 2965 4697 4271 1
 535 4803 4568 1
 985 4559 446 1
 4482 4703 3233 1
 1417 4563 1707 1
 2190 4565 2192 1
 2876 4786 4448 1
 3060 4705 3062 1
 2812 4794 4491 1
 2222 4550 2221 1
 466 4599 912 1
 309 4652 308 1
 4637 4769 397 1
 536 4659 3001 1
 4486 4713 564 1
 1316 4544 1134 1
 3068 4743 3075 1
 558 4714 4476 1
 2632 4567 4388 1
 2286 4709 2287 1
 340 4710 339 1
 3306 4714 4274 1
 312 4556 311 1
 1473 4842 4700 1
 2261 4791 2242 1
 567 4627 406 1
 2672 4825 3035 1
 2976 4719 3158 1
 2820 4719 2869 1
 393 4576 921 1
 268 4690 789 1
 1671 4690 269 1
 2625 4566 2627 1
 1102 4567 4395 1
 4580 4846 2881 1
 2887 4834 4369 1
 3573 4724 3572 1
 3574 4724 3575 1
 507 4659 536 1
 2815 4725 3415 1
 2589 4588 2837 1
 4025 4689 4026 1
 527 4616 468 1
 1400 4570 2243 1
 335 4729 1131 1
 3927 4569 3386 1
 2953 4814 383 1
 304 4696 1132 1
 2280 4696 305 1
 446 4559 10 1
 2046 4543 1731 1
 2638 4813 3050 1
 431 4552 430 1
 3582 4731 2831 1
 2830 4731 2892 1
 1382 4785 3003 1
 379 4508 526 1
 1115 4509 381 1
 2960 4737 2269 1
 429 4555 428 1
 2639 4573 2642 1
 3058 4743 3059 1
 500 4609 4498 1
 2801 4681 4560 1
 1671 4807 2990 1
 2914 4745 2913 1
 912 4621 465 1
 3170 4827 3172 1
 3864 4748 3863 1
 4047 4748 4048 1
 1731 4543 2958 1
 1403 4749 1690 1
 298 4682 763 1
 2221 4800 1754 1
 563 4547 569 1
 311 4564 310 1
 3367 4830 1472 1
 302 4733 301 1
 3135 4761 3136 1
 3229 4762 2845 1
 398 4637 397 1
 2794 4763 2793 1
 1414 4847 1755 1
 2833 4766 3722 1
 2899 4681 2673 1
 3171 4750 2279 1
 2892 4843 2832 1
 2847 4771 4284 1
 2809 4786 2876 1
 560 4784 1684 1
 1183 4840 1185 1
 3442 4776 3443 1
 308 4652 4458 1
 1858 4779 2818 1
 2981 4782 3207 1
 2700 4783 4241 1
 1130 4785 1382 1
 3218 4788 2857 1
 1682 4834 3146 1
 4366 4795 2853 1
 2849 4669 2601 1
 3132 4824 2868 1
 4347 4824 3124 1
 2923 4821 2862 1
 1155 4804 377 1
 4316 4806 2965 1
 4315 4806 2865 1
 2071 4813 2072 1
 2188 4813 2638 1
 4092 4811 2858 1
 2601 4669 4425 1
 4736 4772 4463 1
 4417 4795 2976 1
 4473 4773 2936 1
 543 4594 395 1
 4455 4763 2794 1
 557 4557 2629 1
 515 4732 514 1
 909 4648 4531 1
 339 4653 338 1
 3449 4767 985 1
 3561 4802 1315 1
 904 4572 960 1
 3506 4624 4533 1
 3045 4783 3044 1
 300 4789 299 1
 385 4488 541 1
 4057 4831 4612 1
 2632 4589 4567 1
 1187 4577 1191 1
 405 4627 4535 1
 391 4530 528 1
 4530 4600 2925 1
 2657 4666 4222 1
 4498 4609 4058 1
 388 4491 884 1
 1344 4578 1311 1
 4303 4579 2655 1
 380 4509 4508 1
 4567 4589 4395 1
 1664 4650 987 1
 3047 4715 3051 1
 2855 4649 3244 1
 921 4600 392 1
 279 4832 1673 1
 748 4832 280 1
 270 4807 1671 1
 1716 4736 4463 1
 1050 4620 315 1
 528 4503 390 1
 2271 4574 2907 1
 2629 4547 561 1
 1132 4580 303 1
 2967 4620 2966 1
 394 4576 393 1
 2506 4582 2849 1
 2282 4607 2882 1
 4515 4595 1741 1
 1740 4688 403 1
 4460 4574 2271 1
 4469 4573 782 1
 8 4560 426 1
 423 4561 422 1
 425 4562 424 1
 4802 4821 1315 1
 433 4571 432 1
 4450 4734 511 1
 510 4734 869 1
 505 4735 1676 1
 536 4735 506 1
 3582 4691 962 1
 4531 4648 4164 1
 288 4619 3010 1
 568 4584 439 1
 3962 4764 3963 1
 469 4673 527 1
 1879 4673 470 1
 2668 4585 2667 1
 3091 4793 3092 1
 4584 4808 438 1
 4040 4767 3449 1
 2645 4543 2046 1
 4514 4740 3449 1
 3010 4619 2889 1
 4535 4627 3963 1
 408 4727 407 1
 3071 4749 4606 1
 670 4608 717 1
 3917 4586 3454 1
 4556 4564 311 1
 4375 4589 2632 1
 4577 4605 1191 1
 530 4651 456 1
 1713 4572 904 1
 960 4572 1128 1
 2643 4591 2810 1
 3055 4588 3056 1
 257 4507 909 1
 3367 4693 2286 1
 2923 4840 4821 1
 4395 4589 1664 1
 3365 4596 4445 1
 4378 4815 2577 1
 3456 4734 4450 1
 825 4557 553 1
 4568 4803 2910 1
 3122 4747 3366 1
 4551 4811 1823 1
 2201 4663 4444 1
 4483 4768 2866 1
 485 4702 1737 1
 540 4702 486 1
 2860 4726 2929 1
 5 4688 531 1
 4445 4596 875 1
 1374 4592 1462 1
 324 4797 323 1
 2961 4721 3238 1
 867 4733 4579 1
 2283 4583 2992 1
 488 4644 487 1
 3476 4822 3475 1
 2658 4593 4301 1
 415 4581 414 1
 509 4590 508 1
 763 4682 4524 1
 2995 4730 1737 1
 2665 4595 2614 1
 2263 4607 2075 1
 513 4587 529 1
 3061 4617 1470 1
 825 4772 4758 1
 561 4547 563 1
 1676 4695 504 1
 1736 4570 1317 1
 392 4600 4 1
 2644 4591 2643 1
 3172 4827 4549 1
 483 4730 744 1
 2324 4598 2325 1
 389 4503 4491 1
 1737 4730 484 1
 4565 4705 2617 1
 464 4621 4533 1
 939 4683 453 1
 4505 4608 670 1
 962 4691 9 1
 4542 4700 2646 1
 3950 4601 2510 1
 4435 4782 676 1
 395 4594 394 1
 476 4765 1859 1
 2893 4811 4551 1
 778 4575 812 1
 4822 4845 3475 1
 3590 4602 2663 1
 3504 4603 3505 1
 467 4599 466 1
 4453 4828 539 1
 471 4790 1879 1
 1191 4605 1193 1
 530 4741 3382 1
 4292 4606 1853 1
 258 4568 4507 1
 441 4604 440 1
 2644 4791 2954 1
 1317 4570 1400 1
 4720 4777 421 1
 533 4725 4520 1
 535 4568 259 1
 4478 4575 753 1
 753 4575 778 1
 884 4591 4459 1
 1690 4610 1379 1
 2671 4612 3439 1
 4533 4621 3506 1
 553 4557 557 1
 976 4552 431 1
 3598 4613 3597 1
 430 4552 1811 1
 2983 4614 2844 1
 715 4768 4483 1
 376 4615 375 1
 1811 4555 429 1
 428 4555 547 1
 4 4600 4530 1
 4092 4762 4512 1
 547 4546 427 1
 11 4741 530 1
 2886 4834 2887 1
 2814 4617 2829 1
 501 4609 500 1
 4430 4646 1669 1
 2635 4675 2959 1
 4520 4725 2816 1
 2957 4564 4556 1
 503 4695 3440 1
 3387 4683 3385 1
 4652 4844 4262 1
 468 4616 467 1
 4584 4843 2892 1
 413 4703 412 1
 4516 4666 2657 1
 313 4756 781 1
 4521 4663 2201 1
 2902 4634 2953 1
 4546 4823 2801 1
 987 4650 1072 1
 432 4571 976 1
 3963 4764 4535 1
 2892 4808 4584 1
 1401 4773 318 1
 317 4773 4473 1
 2990 4807 2991 1
 2954 4645 2952 1
 396 4769 543 1
 3475 4845 2791 1
 4545 4626 2204 1
 1472 4830 3060 1
 487 4644 540 1
 2234 4737 4554 1
 3171 4708 330 1
 289 4619 288 1
 920 4726 249 1
 248 4726 2860 1
 7 4720 421 1
 4457 4753 745 1
 454 4816 939 1
 4502 4741 457 1
 3347 4769 4637 1
 414 4581 975 1
 254 4738 555 1
 3051 4715 4558 1
 3411 4624 3410 1
 465 4621 464 1
 437 4808 962 1
 2636 4633 2877 1
 338 4653 838 1
 4261 4698 4309 1
 539 4828 4532 1
 394 4594 4576 1
 759 4761 4619 1
 1741 4684 409 1
 4434 4835 1672 1
 295 4625 294 1
 1110 4628 1169 1
 406 4627 405 1
 3043 4629 1474 1
 1459 4708 3172 1
 3837 4631 2899 1
 3098 4632 2798 1
 4624 4686 542 1
 2670 4828 4540 1
 276 4630 275 1
 4666 4810 4222 1
 761 4633 4441 1
 315 4620 314 1
 4533 4624 542 1
 4444 4663 2920 1
 3449 4740 3448 1
 1859 4765 4527 1
 2807 4635 3118 1
 4665 4825 2672 1
 419 4757 418 1
 875 4596 4517 1
 4590 4659 508 1
 3878 4638 2666 1
 2661 4639 2660 1
 3379 4640 3397 1
 2280 4754 4458 1
 4440 4622 1691 1
 4137 4641 2840 1
 3569 4642 3570 1
 467 4616 4599 1
 3244 4649 4484 1
 4309 4698 2957 1
 409 4684 408 1
 4165 4738 4531 1
 412 4703 4482 1
 2901 4778 2900 1
 4219 4646 3220 1
 2827 4736 2968 1
 3163 4647 3091 1
 4026 4689 4571 1
 418 4801 417 1
 3345 4799 4496 1
 746 4623 4480 1
 4612 4831 554 1
 4628 4660 1169 1
 717 4608 1140 1
 4576 4594 4191 1
 426 4560 984 1
 422 4561 532 1
 1855 4561 423 1
 984 4562 425 1
 424 4562 1855 1
 939 4816 4500 1
 1755 4847 4728 1
 2938 4644 2942 1
 1131 4763 4455 1
 2075 4607 2282 1
 4546 4560 8 1
 4714 4801 4274 1
 2645 4636 4543 1
 4164 4648 2852 1
 2658 4723 4593 1
 4671 4699 2975 1
 760 4666 4516 1
 3060 4830 4705 1
 2629 4618 4547 1
 2990 4716 1671 1
 558 4643 416 1
 4476 4643 558 1
 3065 4654 3064 1
 922 4637 398 1
 4344 4842 4361 1
 4758 4772 2907 1
 3411 4686 4624 1
 838 4653 4497 1
 4415 4655 2664 1
 2803 4656 2802 1
 4511 4657 2233 1
 456 4651 455 1
 3061 4753 4617 1
 2792 4658 4182 1
 4645 4791 2261 1
 330 4708 329 1
 3018 4717 4582 1
 1169 4660 1171 1
 3049 4705 4565 1
 4614 4650 1664 1
 382 4814 1115 1
 4361 4842 1473 1
 3289 4661 3838 1
 4430 4787 4646 1
 4248 4664 2822 1
 416 4643 415 1
 2867 4718 4583 1
 435 4674 537 1
 508 4659 507 1
 1706 4841 1933 1
 4512 4762 922 1
 2967 4756 4620 1
 1740 4764 4485 1
 3434 4780 3970 1
 4606 4749 1853 1
 2811 4636 2645 1
 4470 4723 1679 1
 2952 4645 2930 1
 1195 4668 1197 1
 2673 4681 2801 1
 4448 4786 534 1
 4663 4746 2920 1
 537 4687 434 1
 2746 4672 2996 1
 2791 4716 2990 1
 4436 4666 760 1
 4497 4653 3086 1
 2047 4706 4704 1
 2837 4809 3276 1
 2909 4626 4545 1
 329 4708 1459 1
 4723 4838 1679 1
 4496 4799 543 1
 4617 4753 2829 1
 782 4755 325 1
 3884 4670 2834 1
 4528 4622 4440 1
 2817 4667 2819 1
 2662 4622 4528 1
 4230 4692 4229 1
 1460 4652 309 1
 4544 4662 2800 1
 1696 4812 4662 1
 2810 4794 2812 1
 2856 4675 2635 1
 3578 4676 3579 1
 299 4682 298 1
 2980 4810 1758 1
 2800 4662 4474 1
 376 4804 4615 1
 2975 4699 1716 1
 528 4611 4503 1
 2836 4677 3290 1
 2817 4679 4667 1
 1744 4678 2079 1
 504 4695 503 1
 2818 4679 2817 1
 3093 4793 683 1
 3339 4680 2823 1
 4633 4774 2877 1
 470 4673 469 1
 3366 4747 4596 1
 3448 4740 4468 1
 403 4688 5 1
 761 4774 4633 1
 2891 4689 4025 1
 539 4781 4451 1
 2699 4809 3065 1
 2910 4803 4550 1
 4680 4820 2823 1
 534 4786 4426 1
 4670 4701 2834 1
 2843 4685 2842 1
 3832 4686 3411 1
 4575 4706 2047 1
 2934 4665 2811 1
 4261 4844 4698 1
 420 4777 983 1
 3053 4693 3052 1
 453 4683 452 1
 2668 4742 4585 1
 3001 4657 4511 1
 269 4690 268 1
 2242 4791 2644 1
 4646 4787 3220 1
 2879 4744 2850 1
 4468 4740 1742 1
 2850 4718 2867 1
 2806 4694 2805 1
 3238 4721 2813 1
 3219 4787 684 1
 2811 4665 4636 1
 2801 4823 2855 1
 4271 4697 4051 1
 4433 4711 4623 1
 2843 4712 4685 1
 305 4696 304 1
 744 4672 4499 1
 2646 4700 3193 1
 2834 4701 2835 1
 436 4674 435 1
 3970 4780 2089 1
 4527 4765 4427 1
 3440 4695 2949 1
 3050 4715 3047 1
 542 4686 4492 1
 1713 4826 4519 1
 415 4643 4581 1
 2855 4823 4649 1
 3062 4705 3049 1
 2047 4704 2988 1
 486 4702 485 1
 2933 4777 4720 1
 2806 4722 4694 1
 2813 4721 4454 1
 4494 4839 2898 1
 2089 4829 1312 1
 2287 4709 2574 1
 766 4710 340 1
 2659 4711 3222 1
 4562 4631 1855 1
 4222 4810 2980 1
 4701 4728 2835 1
 3818 4713 2826 1
 3305 4714 3306 1
 4418 4712 2843 1
 1312 4829 4169 1
 434 4687 433 1
 2864 4798 4549 1
 2916 4752 3832 1
 2886 4774 3146 1
 4532 4781 539 1
 4620 4756 314 1
 433 4687 4571 1
 9 4691 436 1
 3158 4719 2820 1
 2920 4746 2922 1
 4436 4810 4666 1
 3172 4708 3171 1
 325 4755 324 1
 4284 4722 2806 1
 4191 4799 3345 1
 4318 4723 2658 1
 3572 4724 3574 1
 2816 4725 2815 1
 4431 4717 1674 1
 3172 4798 1459 1
 4156 4843 568 1
 2957 4698 4564 1
 4613 4684 1741 1
 4418 4739 4712 1
 2835 4728 3003 1
 336 4729 335 1
 1715 4817 2977 1
 407 4727 567 1
 3276 4809 2699 1
 2794 4827 4455 1
 4819 4825 2934 1
 4524 4682 2927 1
 4508 4671 2975 1
 4474 4662 2884 1
 4509 4671 4508 1
 4619 4761 2889 1
 2866 4768 2960 1
 2831 4731 2830 1
 2890 4792 2891 1
 2827 4772 4736 1
 484 4730 483 1
 3224 4751 4569 1
 2269 4737 2234 1
 249 4726 248 1
 4454 4721 868 1
 2839 4739 4418 1
 745 4753 3061 1
 4700 4842 3193 1
 4536 4826 1713 1
 3059 4743 3068 1
 255 4738 254 1
 457 4741 11 1
 301 4733 867 1
 2987 4815 2986 1
 4564 4698 1460 1
 511 4734 510 1
 2661 4848 4639 1
 506 4735 505 1
 4561 4661 532 1
 4229 4745 2914 1
 4711 4835 3222 1
 4555 4649 547 1
 868 4732 515 1
 3863 4748 4047 1
 3417 4767 4040 1
 4692 4745 4229 1
 2839 4770 4739 1
 921 4776 4600 1
 1853 4749 1403 1
 4463 4772 825 1
 4540 4760 3390 1
 2921 4706 4478 1
 4318 4838 4723 1
 4262 4844 4261 1
 2889 4761 3135 1
 2845 4762 4092 1
 2983 4650 4614 1
 1115 4814 4634 1
 2793 4763 2937 1
 2907 4772 2827 1
 4058 4831 4057 1
 684 4787 4430 1
 3635 4766 2833 1
 975 4703 413 1
 4639 4818 4059 1
 4651 4816 455 1
 2279 4750 332 1
 2850 4744 4718 1
 4698 4844 1460 1
 2838 4770 2839 1
 2877 4774 2886 1
 2854 4771 2847 1
 4686 4752 4492 1
 2829 4753 4457 1
 4657 4796 3457 1
 477 4765 476 1
 4648 4836 2851 1
 3146 4774 761 1
 2631 4781 4532 1
 2925 4776 3442 1
 3021 4779 1858 1
 2297 4841 1706 1
 3207 4782 2856 1
 4452 4760 1675 1
 306 4754 2280 1
 4241 4783 2597 1
 1318 4785 1130 1
 2898 4839 2916 1
 2838 4802 4770 1
 4571 4687 4026 1
 4426 4786 2809 1
 564 4713 4504 1
 3220 4787 3219 1
 2857 4788 3255 1
 397 4769 396 1
 3021 4805 4779 1
 4518 4820 555 1
 4662 4812 2884 1
 314 4756 313 1
 4590 4796 4659 1
 2916 4839 4752 1
 2853 4795 4417 1
 3003 4847 1382 1
 867 4789 300 1
 4548 4768 715 1
 562 4837 4784 1
 4199 4802 2838 1
 562 4784 560 1
 472 4790 471 1
 2908 4805 3021 1
 377 4804 376 1
 2865 4806 4316 1
 4632 4755 782 1
 318 4773 317 1
 4199 4821 4802 1
 438 4808 437 1
 2825 4803 535 1
 2858 4811 2893 1
 2072 4813 2188 1
 271 4807 270 1
 4582 4717 2849 1
 2823 4820 4518 1
 2275 4819 2924 1
 4596 4747 4517 1
 2862 4821 4199 1
 3035 4825 2275 1
 2628 4822 4403 1
 2868 4824 4347 1
 4455 4827 3170 1
 3832 4752 4686 1
 4549 4798 3172 1
 2846 4846 4539 1
 2617 4830 3367 1
 4472 4838 4319 1
 4485 4764 3962 1
 3341 4833 3340 1
 2628 4845 4822 1
 4509 4778 4671 1
 4369 4834 1682 1
 3222 4835 2875 1
 4319 4838 4318 1
 2247 4775 4378 1
 1315 4840 1183 1
 4535 4764 1740 1
 3193 4842 4344 1
 436 4691 4674 1
 2832 4843 4156 1
 2928 4845 2628 1
 1382 4847 1414 1
 4549 4827 2794 1
 1758 4810 4436 1
 280 4832 279 1
 555 4820 4523 1
 4583 4718 2885 1
 3340 4833 4526 1
 2275 4825 4819 1
 4558 4715 2071 1
 532 4720 7 1
 565 4837 562 1
 4649 4823 547 1
 2891 4792 4689 1
 421 4777 420 1
 455 4816 454 1
 2882 4800 2873 1
 4571 4689 976 1
 554 4831 4609 1
 3598 4684 4613 1
 4492 4752 1747 1
 4591 4794 2810 1
 4752 4839 1747 1
 4550 4707 2221 1
 4654 4809 2837 1
 4671 4778 2901 1
 4689 4792 976 1
 1742 4740 4514 1
 4517 4747 1745 1
 4560 4681 984 1
 4478 4706 4575 1
 4557 4759 2629 1
 4498 4818 1666 1
 1679 4838 4472 1
 2613 4826 4536 1
 683 4793 4647 1
 1675 4760 4540 1
 323 4797 1051 1
 2960 4768 4548 1
 383 4814 382 1
 983 4757 419 1
 544 4751 4510 1
 4550 4803 2825 1
 985 4767 4559 1
 4623 4711 2659 1
 4821 4840 1315 1
 1684 4746 4522 1
 4539 4846 1132 1
 4569 4751 544 1
 4600 4776 2925 1
 568 4843 4584 1
 4705 4830 2617 1
 543 4799 4594 1
 4722 4780 3434 1
 417 4801 558 1
 558 4801 4714 1
 884 4794 4591 1
 4594 4799 4191 1
 2884 4812 2885 1
 4559 4767 3417 1
 4526 4833 920 1
 1747 4839 4494 1
 4679 4692 2263 1
 3457 4796 4590 1
 2873 4707 4597 1
 1115 4778 4509 1
 825 4758 4557 1
 4532 4828 2670 1
 4634 4814 2953 1
 4491 4794 884 1
 2968 4736 4699 1
 1132 4846 4580 1
 4507 4836 909 1
 2934 4825 4665 1
 4609 4831 4058 1
 976 4792 4552 1
 3098 4755 4632 1
 4699 4736 1716 1
 2954 4791 4645 1
 4611 4819 2934 1
 4771 4829 2089 1
 4659 4796 3001 1
 547 4823 4546 1
 909 4836 4648 1
 4647 4793 3091 1
 1666 4818 4639 1
 3001 4796 4657 1
 3065 4809 4654 1
 2873 4800 4707 1
 4284 4780 4722 1
 4639 4848 1666 1
 4758 4759 4557 1
 4707 4800 2221 1
 1460 4844 4652 1
 4805 4841 2297 1
 4728 4847 3003 1
 2986 4815 4775 1
 4775 4815 4378 1
 2854 4829 4771 1
 2908 4841 4805 1
 End
